X,Y,P27_001,P27_002,P27_003,P27_004,P27_005,P27_006,P27_007,P27_008,P27_009
130.88215,33.128275,44204,3,03002,03002,地底博物館鯛生金山,中津江村合瀬3750,4,2,1983
130.933871,33.318913,44204,3,03002,03002,日田市立博物館,三本松1-11-24,3,2,1960
130.941652,33.323809,44204,3,03003,03003,日田市立淡窓図書館,上城内町1-72,3,-99,9999
130.951208,33.319028,44204,3,99999,03109,日田市総合体育館,田島3-29,3,-99,9999
130.951137,33.318849,44204,3,99999,03112,日田市総合体育館,田島3-29,3,-99,9999
130.95103,33.31867,44204,3,99999,03120,日田市総合体育館,田島3-29,3,-99,9999
130.94014,33.324748,44204,3,99999,03109,日田市中城体育館,中城町1-66,3,-99,9999
130.940104,33.324629,44204,3,99999,03110,日田市中城体育館,中城町1-66,3,-99,9999
130.940282,33.324698,44204,3,99999,03111,日田市中城体育館,中城町1-66,3,-99,9999
130.940247,33.324589,44204,3,99999,03120,日田市中城体育館,中城町1-66,3,-99,9999
130.96983546415,33.2577523735288,44204,3,99999,03109,日田市大山Ｂ＆Ｇ海洋センター,大山町西大山3616-1,4,-99,9999
130.970002116037,33.2573446262435,44204,3,99999,03105,日田市大山Ｂ＆Ｇ海洋センター,大山町西大山3616-1,4,-99,9999
130.906625,33.136395,44204,3,99999,03109,日田市中津江Ｂ＆Ｇ海洋センター,中津江村合瀬1936-28,4,-99,9999
130.906637,33.136275,44204,3,99999,03112,日田市中津江Ｂ＆Ｇ海洋センター,中津江村合瀬1936-28,4,-99,9999
130.906185,33.136365,44204,3,99999,03105,日田市中津江Ｂ＆Ｇ海洋センター,中津江村合瀬1936-28,4,-99,9999
130.950502,33.319686,44204,3,99999,03115,日田市大原公園テニスコート,田島3-29,3,-99,9999
130.949598,33.321692,44204,3,99999,03101,日田市陸上競技場,田島613-2,3,-99,9999
130.941542,33.324162,44204,3,99999,03129,日田市総合保健福祉センター（ウエルピア）,上城内町1-8,3,-99,9999
130.94134,33.324182,44204,3,99999,03105,日田市総合保健福祉センター（ウエルピア）,上城内町1-8,3,-99,9999
130.990376454281,33.4382723277326,44203,3,99999,03106,山国川源流河川プール,山国町草本841,3,-99,9999
130.940467,33.325139,44204,3,99999,03104,中城グラウンド,中城町225,3,-99,9999
130.896177,33.327687,44204,3,99999,03102,光岡スポーツ広場,大字友田2483-3,3,-99,9999
130.937033,33.351403,44204,3,99999,03104,三和スポーツ広場,大字三和1833-1,3,-99,9999
130.890942,33.370786,44204,3,99999,03104,大鶴スポーツ広場,大字大肥（大鶴本町）884-1,3,-99,9999
130.969541,33.256974,44204,3,99999,03104,大山グラウンド,大山町西大山3604,3,-99,9999
130.979264,33.093107,44204,3,99999,03104,上津江グラウンド,上津江町川原2458-3,3,-99,9999
130.965196,33.12455,44204,3,99999,03104,広川運動広場,上津江町川原9-1地先,3,-99,9999
130.986211,33.088687,44204,3,99999,03138,上野田多目的スポーツ広場,上津江町上野田68-2,3,-99,9999
130.916225,33.331072,44204,3,99999,03102,朝日ヶ丘球場,大字友田（北友田1）1544-3,3,-99,9999
130.906063,33.295479,44204,3,99999,03102,平野球場,大字小山字平野（小山町）479-1,3,-99,9999
130.939413245757,33.3087758974495,44204,3,99999,03118,相撲場,若宮町1233-4,3,-99,9999
130.940251,33.307926,44204,3,99999,03106,日田市営プール,若宮町1233-4,3,-99,9999
130.9071,33.137609,44204,3,99999,03103,鯛生スポーツセンター,中津江村合瀬1936-6,3,-99,9999
130.905425,33.137738,44204,3,99999,03122,鯛生スポーツセンター,中津江村合瀬1936-6,3,-99,9999
130.968073,33.330653,44204,3,99999,03104,有田小学校,大字東有田（諸留町）2687-1,3,-99,9999
130.930994,33.307213,44204,3,99999,03104,南部中学校,大字高瀬（銭渕町）288,3,-99,9999
130.915377,33.315164,44204,3,99999,03104,三隈中学校,大字庄手（亀川町）402-1,3,-99,9999
130.882554,33.364667,44204,3,99999,03104,大明中学校,大字大肥（大肥本町）1701,3,-99,9999
130.976703,33.243927,44204,3,99999,03104,大山中学校,大山町西大山4267,3,-99,9999
130.972244,33.139702,44204,3,99999,03104,津江中学校,中津江村栃野4341,3,-99,9999
130.854390607552,33.3312119945542,44204,3,99999,03137,夜明トレーニングセンター,大字夜明字杷木山（夜明中町）2294,3,-99,9999
130.854403071701,33.3311727091364,44204,3,99999,03129,夜明トレーニングセンター,大字夜明字杷木山（夜明中町）2294,3,-99,9999
130.950422,33.319417,44204,3,99999,03115,大原公園テニスコート,大字求来里（田島3）29,3,-99,9999
130.939799,33.308512,44204,3,99999,03115,竹田テニスコート,若宮町1233-4,3,-99,9999
130.969645,33.257511,44204,3,99999,03115,大山テニスコート,大山町西大山3615-1,3,-99,9999
130.945084,33.319193,44204,3,99999,03121,弓道場,大字田島（田島町）197,3,-99,9999
130.919208300486,33.2093651709384,44204,3,99999,03112,前津江町柔剣道場,前津江町大野2179-2,3,-99,9999
130.949628,33.322024,44204,3,99999,03101,陸上競技場,大字田島（田島3）613-2,3,-99,9999
130.950150723589,33.1301719154743,44204,3,99999,03109,川辺体育館,中津江村栃野2311-2,3,-99,9999
130.950092,33.130262,44204,3,99999,03111,川辺体育館,中津江村栃野2311-2,3,-99,9999
130.97653020471,33.0950267785191,44204,3,99999,03109,上津江体育館,上津江町川原2710,3,-99,9999
130.895855,33.328538,44204,3,99999,03122,アーチェリー場,大字友田字穴原2484-1,3,-99,9999
130.666443,33.024868,43208,3,03002,03002,山鹿市立博物館,鍋田2085,3,-99,1978
130.748347,33.006145,43208,3,03002,03002,清浦記念館,鹿本町来民1000-2,3,1,1992
130.740016,33.001296,43208,3,03003,03003,山鹿市鹿本図書館,鹿本町来民686-1,3,-99,9999
130.541768,33.061333,43367,3,03003,03003,南関町立図書館,大字関町1319,3,-99,9999
130.821842,33.090545,43208,3,99999,03142,奥矢谷渓谷キャンプ場,菊鹿町矢谷1164,4,-99,9999
130.817465,33.08708,43208,3,99999,03142,矢谷渓谷キャンプ場,菊鹿町上内田2005-2,4,-99,9999
130.764084,33.109962,43208,3,99999,03142,岳間渓谷キャンプ場,鹿北町多久3529-5,4,-99,9999
130.852126679252,33.0464928915204,43210,3,99999,03129,菊池市斑蛇口湖艇庫研修センター,班蛇口525-5,3,-99,9999
130.851954,33.047628,43210,3,99999,03137,菊池市斑蛇口湖艇庫研修センター,班蛇口525-5,3,-99,9999
130.814274303776,33.0288442939116,43210,3,99999,03109,菊池市立小木体育館,小木1631-10,3,-99,9999
130.814277303776,33.0287972939116,43210,3,99999,03120,菊池市立小木体育館,小木1631-10,3,-99,9999
130.896542,33.017967,43210,3,99999,03109,菊池市立水迫体育館,原4283,3,-99,9999
130.896536,33.017914,43210,3,99999,03120,菊池市立水迫体育館,原4283,3,-99,9999
130.868831099066,33.0594087220552,43210,3,99999,03109,菊池市立やまびこ体育館,斑蛇口1390,3,-99,9999
130.868831099066,33.0593437220552,43210,3,99999,03120,菊池市立やまびこ体育館,斑蛇口1390,3,-99,9999
130.85228,33.011962,43210,3,99999,03104,菊池市営重味グラウンド,重味1362-1,3,-99,9999
130.816231,33.02471,43210,3,99999,03104,菊池市営小木グラウンド,小木1643,3,-99,9999
130.896257,33.016573,43210,3,99999,03104,菊池市営水迫グラウンド,原4284-1,3,-99,9999
130.868507,33.060104,43210,3,99999,03104,菊池市営やまびこグラウンド,斑蛇口1391-1,3,-99,9999
130.550082375477,33.0678459181664,43367,3,99999,03109,南関町Ｂ＆Ｇ海洋センター,大字関東934-2,3,-99,9999
130.549037,33.068344,43367,3,99999,03104,南関町Ｂ＆Ｇ海洋センター,大字関東934-2,3,-99,9999
130.549749303776,33.0681053686112,43367,3,99999,03105,南関町Ｂ＆Ｇ海洋センター,大字関東934-2,3,-99,9999
130.558178,33.050235,43367,3,99999,03102,南関町農村広場,大字小原1857,3,-99,9999
130.558868,33.051077,43367,3,99999,03115,南関町農村広場,大字小原1857,3,-99,9999
130.558303,33.051366,43367,3,99999,03121,南関町農村広場,大字小原1857,3,-99,9999
130.614069,33.035902,43369,3,99999,03109,和水町スカイドーム２０００,大田黒964,3,-99,9999
130.614069,33.035817,43369,3,99999,03129,和水町スカイドーム２０００,大田黒964,3,-99,9999
130.614378,33.036769,43369,3,99999,03115,和水町テニスコート,大田黒964,3,-99,9999
130.611879,33.037231,43369,3,99999,03104,和水町三加和グラウンド,大田黒1000,3,-99,9999
130.611879,33.037127,43369,3,99999,03102,和水町三加和グラウンド,大田黒1000,3,-99,9999
130.600753,33.076922,43369,3,99999,03104,和水町春富グラウンド,東吉地1044,3,-99,9999
130.622284,33.065225,43369,3,99999,03104,和水町多目的広場,板楠70,3,-99,9999
130.299948,33.244576,41201,3,03001,03001,佐賀県立美術館,城内1-15-23,2,2,1983
130.014797,33.184492,41206,3,03001,03001,陽光美術館,武雄町武雄4075-3,4,1,1996
130.302756,33.245345,41201,3,03002,03002,佐賀県立佐賀城本丸歴史館,城内2-18-1,2,-99,2004
130.299948,33.244576,41201,3,03002,03002,佐賀県立博物館,城内1-15-23,2,3,1970
130.308831,33.247958,41201,3,03002,03002,佐賀市大隈記念館,水ケ江2-11-11,3,2,1966
130.28232,33.239353,41201,3,03002,03002,佐賀市文化財資料館,本庄町大字本庄1121,3,-99,9999
130.306611,33.254088,41201,3,03002,03002,佐賀市歴史民俗館,柳町2-9,3,-99,9999
130.308151,33.329917,41201,3,03002,03002,徐福長寿館,金立町大字金立1197-166,3,1,1989
130.301389,33.251503,41201,3,03002,03002,徴古館,松原2-5-22,4,-99,1998
130.510751,33.397805,41203,3,03002,03002,中冨記念くすり博物館,神辺町288-1,4,2,1995
130.10109,33.271521,41204,3,03002,03002,多久市郷土資料館,多久町1975,3,-99,1980
130.035288,33.179121,41206,3,03002,03002,佐賀県立宇宙科学館,武雄町大字永島16351,2,3,1999
130.023507,33.189095,41206,3,03002,03002,武雄市歴史資料館,武雄町大字武雄5304-1,3,2,2000
130.109664,33.073947,41207,3,03002,03002,祐徳博物館,古枝乙1686（祐徳稲荷神社外苑）,4,1,1955
130.198562,33.288492,41208,3,03002,03002,小城市立歴史資料館・小城市立中林梧竹記念館,小城町158-4,3,2,1999
130.052876,33.131017,41209,3,03002,03002,嬉野市歴史民俗資料館,塩田町大字馬場下甲1782,3,2,1987
130.339533,33.208031,41201,3,03002,03002,佐野常民記念館,川副町大字早津江津446-1,3,-99,2004
130.422926,33.320123,41345,3,03002,03002,上峰町郷土資料館,大字坊所606,3,2,1993
130.157361,33.220439,41424,3,03002,03002,江北町郷土資料館,大字山口1651-1,3,-99,9999
130.179724,33.019803,41441,3,03002,03002,太良町歴史民俗資料館,大字多良1-11,3,2,1982
130.301113,33.249898,41201,3,03003,03003,佐賀県立図書館,城内2-1-41,2,-99,9999
130.290338,33.259603,41201,3,03003,03003,佐賀市立図書館,天神3-2-15,3,-99,9999
130.277598,33.311175,41201,3,03003,03003,佐賀市立図書館大和館,大和町大字尼寺1875,3,-99,9999
130.010735,33.351998,41202,3,03003,03003,唐津市相知図書館,相知町相知1959-5,3,-99,9999
130.502099,33.373896,41203,3,03003,03003,鳥栖市立図書館,布津原町11-21,3,-99,9999
130.109572,33.287697,41204,3,03003,03003,多久市立図書館,北多久町大字小侍7-1,3,-99,9999
130.023529,33.189098,41206,3,03003,03003,武雄市図書館・歴史資料館,武雄町大字武雄5304-1,3,-99,9999
130.098936,33.105416,41207,3,03003,03003,鹿島市民図書館,大字納富分2700-1,3,-99,9999
130.221684,33.273423,41208,3,03003,03003,小城市民図書館三日月館,三日月町長神田1845,3,-99,9999
130.198565,33.288451,41208,3,03003,03003,小城市民図書館小城館,小城町158-4,3,-99,9999
130.052876,33.131017,41209,3,03003,03003,嬉野市塩田図書館,塩田町大字馬場下甲1782,3,-99,9999
130.287678,33.208189,41201,3,03003,03003,佐賀市立図書館東与賀館,東与賀町大字下古賀1228-3,3,-99,9999
130.526631,33.422212,41341,3,03003,03003,基山町立図書館,大字宮浦350-6,3,-99,9999
130.422944,33.320112,41345,3,03003,03003,上峰町図書館,大字坊所606,3,-99,9999
130.440379,33.345218,41346,3,03003,03003,みやき町立図書館,大字原古賀1043,3,-99,9999
130.189255,33.180736,41425,3,03003,03003,ゆうあい図書館,福富3535-1,3,-99,9999
130.137551,33.185117,41425,3,03003,03003,弥栄郷土図書館(併稱・山口良忠判事記念図書館),大字福田2014-2,4,-99,9999
130.181029,33.01954,41441,3,03003,03003,大橋記念図書館,大字多良1-17,3,-99,9999
130.372402,33.313093,41210,3,99999,03003,神埼市立図書館,神埼町鶴3388-5,3,-99,9999
130.37388,33.273985,41210,3,99999,03003,神埼市立図書館千代田分館,千代田町直鳥166-1,3,-99,9999
130.327301,33.37825,41210,3,99999,03003,神埼市立図書館脊振分館,脊振町広滝593-3,3,-99,9999
130.352532,33.224648,41201,3,99999,03003,佐賀市立図書館諸富館,諸富町大字諸富津7,3,-99,9999
130.206078,33.373856,41201,3,99999,03003,佐賀市立図書館富士館,富士町大字古湯2624,3,-99,9999
130.278835,33.431777,41201,3,99999,03003,佐賀市立図書館三瀬館,三瀬村三瀬2762-2,3,-99,9999
130.320669280683,33.1893657548042,41201,3,99999,03003,佐賀市立図書館川副館,川副町鹿江422-1,3,-99,9999
130.294147,33.258493,41201,3,99999,03003,佐賀県立点字図書館,天神1-4-16,2,-99,9999
130.283564,33.272124,41201,3,99999,03003,西九州大学短期大学部附属図書館,神園3-18-15,4,-99,9999
130.287765,33.246858,41201,3,99999,03003,佐賀女子短期大学図書館,本庄町大字本庄1313,4,-99,9999
130.291167,33.241467,41201,3,99999,03003,佐賀大学附属図書館,本庄町1,0,-99,9999
130.264619,33.284211,41201,3,99999,03003,佐賀大学附属図書館医学分館,鍋島5-1-1,0,-99,9999
130.023684,33.189077,41206,3,99999,03003,武雄市図書館,武雄町大字武雄5304-1,3,-99,9999
130.348673,33.328885,41210,3,99999,03003,西九州大学附属図書館,神埼町尾崎4490-9,4,-99,9999
130.477164,33.361726,41203,3,99999,03003,九州龍谷短期大学図書館,村田町岩井手1350,4,-99,9999
130.280296,33.247082,41201,3,99999,03109,（株）リョーユースポーツプラザ,末広1-9-38,4,3,9999
130.280296,33.247041,41201,3,99999,03105,（株）リョーユースポーツプラザ,末広1-9-38,4,3,9999
130.280296,33.247001,41201,3,99999,03129,（株）リョーユースポーツプラザ,末広1-9-38,4,3,9999
130.280296,33.246965,41201,3,99999,03132,（株）リョーユースポーツプラザ,末広1-9-38,4,3,9999
130.280295,33.24693,41201,3,99999,03116,（株）リョーユースポーツプラザ,末広1-9-38,4,3,9999
130.280295,33.246889,41201,3,99999,03139,（株）リョーユースポーツプラザ,末広1-9-38,4,3,9999
130.291726,33.250174,41201,3,99999,03129,疾病予防運動施設／メディカルフィットネス信愛,川原町4-8,4,-99,9999
130.291725,33.250121,41201,3,99999,03132,疾病予防運動施設／メディカルフィットネス信愛,川原町4-8,4,-99,9999
130.29385,33.298401,41201,3,99999,03129,佐賀市健康運動センター,高木瀬町大字長瀬2553,4,-99,9999
130.29385,33.298326,41201,3,99999,03132,佐賀市健康運動センター,高木瀬町大字長瀬2553,4,-99,9999
130.29385,33.298252,41201,3,99999,03105,佐賀市健康運動センター,高木瀬町大字長瀬2553,4,-99,9999
130.29385,33.298182,41201,3,99999,03107,佐賀市健康運動センター,高木瀬町大字長瀬2553,4,-99,9999
130.295484,33.298436,41201,3,99999,03102,佐賀市健康運動センター,高木瀬町大字長瀬2553,4,-99,9999
130.295484,33.298311,41201,3,99999,03103,佐賀市健康運動センター,高木瀬町大字長瀬2553,4,-99,9999
130.295484,33.298192,41201,3,99999,03104,佐賀市健康運動センター,高木瀬町大字長瀬2553,4,-99,9999
130.208417,33.373815,41201,3,99999,03129,佐賀市富士保健運動センター,富士町大字古湯2685,3,-99,9999
130.303885,33.269179,41201,3,99999,03109,佐賀勤労者体育センター,兵庫北3-8-42,4,-99,9999
130.303891,33.269084,41201,3,99999,03120,佐賀勤労者体育センター,兵庫北3-8-42,4,-99,9999
130.292263,33.233237,41201,3,99999,03109,佐賀市立体育館,本庄町大字本庄299-3,4,-99,9999
130.292261,33.233204,41201,3,99999,03120,佐賀市立体育館,本庄町大字本庄299-3,4,-99,9999
130.292261,33.233176,41201,3,99999,03129,佐賀市立体育館,本庄町大字本庄299-3,4,-99,9999
130.29124,33.233393,41201,3,99999,03115,佐賀市立テニスコート,本庄町大字本庄299-3,4,-99,9999
130.354573,33.22168,41201,3,99999,03109,諸富文化体育館,諸富町大字諸富津52,4,-99,9999
130.354579,33.221596,41201,3,99999,03120,諸富文化体育館,諸富町大字諸富津52,4,-99,9999
130.354579,33.221501,41201,3,99999,03129,諸富文化体育館,諸富町大字諸富津52,4,-99,9999
130.355469,33.226531,41201,3,99999,03102,諸富公園体育施設,諸富町大字徳冨2093-1,4,-99,9999
130.355457,33.226407,41201,3,99999,03103,諸富公園体育施設,諸富町大字徳冨2093-1,4,-99,9999
130.355469,33.226298,41201,3,99999,03104,諸富公園体育施設,諸富町大字徳冨2093-1,4,-99,9999
130.354797,33.226382,41201,3,99999,03115,諸富公園体育施設,諸富町大字徳冨2093-1,4,-99,9999
130.257497,33.310305,41201,3,99999,03109,大和勤労者体育センター,大和町大字川上3294,4,-99,9999
130.257497,33.310211,41201,3,99999,03120,大和勤労者体育センター,大和町大字川上3294,4,-99,9999
130.255993,33.309431,41201,3,99999,03102,大和中央公園体育施設,大和町大字川上3294,4,-99,9999
130.256974,33.310107,41201,3,99999,03115,大和中央公園体育施設,大和町大字川上3294,4,-99,9999
130.286618,33.322484,41201,3,99999,03102,春日運動広場,大和町大字久池井ニ本松地内,3,-99,9999
130.286285,33.321888,41201,3,99999,03115,春日運動広場,大和町大字久池井ニ本松地内,3,-99,9999
130.279835,33.432528,41201,3,99999,03109,三瀬勤労者福祉センター,三瀬村三瀬2700-1,3,-99,9999
130.279832,33.432459,41201,3,99999,03120,三瀬勤労者福祉センター,三瀬村三瀬2700-1,3,-99,9999
130.279826,33.432407,41201,3,99999,03111,三瀬勤労者福祉センター,三瀬村三瀬2700-1,3,-99,9999
130.318195,33.193777,41201,3,99999,03102,スポーツパーク川副,川副町大字鹿江700,4,-99,9999
130.318189,33.193658,41201,3,99999,03103,スポーツパーク川副,川副町大字鹿江700,4,-99,9999
130.319211,33.192982,41201,3,99999,03129,スポーツパーク川副,川副町大字鹿江700,4,-99,9999
130.318337,33.192221,41201,3,99999,03112,スポーツパーク川副,川副町大字鹿江700,4,-99,9999
130.318331,33.192146,41201,3,99999,03121,スポーツパーク川副,川副町大字鹿江700,4,-99,9999
130.318771,33.192211,41201,3,99999,03106,スポーツパーク川副,川副町大字鹿江700,4,-99,9999
130.318225,33.192708,41201,3,99999,03109,スポーツパーク川副,川副町大字鹿江700,4,-99,9999
130.286822,33.210138,41201,3,99999,03102,東与賀運動公園,東与賀町大字田中327-1,3,-99,9999
130.28706,33.210712,41201,3,99999,03115,東与賀運動公園,東与賀町大字田中327-1,3,-99,9999
130.285776,33.210312,41201,3,99999,03109,東与賀運動公園,東与賀町大字田中327-1,3,-99,9999
130.285764,33.210208,41201,3,99999,03120,東与賀運動公園,東与賀町大字田中327-1,3,-99,9999
130.286769,33.210675,41201,3,99999,03138,東与賀運動公園,東与賀町大字田中327-1,3,-99,9999
130.291689,33.276684,41201,3,99999,03101,佐賀県総合運動場,日の出2-1-10,4,-99,9999
130.291653,33.275144,41201,3,99999,03106,佐賀県総合運動場,日の出2-1-10,4,-99,9999
130.291784,33.274612,41201,3,99999,03105,佐賀県総合運動場,日の出2-1-10,4,-99,9999
130.290286,33.278249,41201,3,99999,03115,佐賀県総合運動場,日の出2-1-10,4,-99,9999
130.289859,33.274891,41201,3,99999,03103,佐賀県総合運動場,日の出2-1-10,4,-99,9999
130.292271,33.274891,41201,3,99999,03133,佐賀県総合運動場,日の出2-1-10,4,-99,9999
130.287636,33.275522,41201,3,99999,03131,佐賀県総合運動場,日の出2-1-10,4,-99,9999
130.287612,33.276341,41201,3,99999,03104,佐賀県総合運動場,日の出2-1-10,4,-99,9999
130.288997,33.274444,41201,3,99999,03146,佐賀県総合運動場,日の出2-1-10,4,-99,9999
130.287624,33.276182,41201,3,99999,03123,佐賀県総合運動場,日の出2-1-10,4,-99,9999
130.294817,33.278659,41201,3,99999,03109,佐賀県総合体育館,日の出1-21-15,4,-99,9999
130.294817,33.278574,41201,3,99999,03116,佐賀県総合体育館,日の出1-21-15,4,-99,9999
130.294817,33.27849,41201,3,99999,03120,佐賀県総合体育館,日の出1-21-15,4,-99,9999
130.294817,33.278401,41201,3,99999,03112,佐賀県総合体育館,日の出1-21-15,4,-99,9999
130.294823,33.278321,41201,3,99999,03121,佐賀県総合体育館,日の出1-21-15,4,-99,9999
130.294318,33.278674,41201,3,99999,03118,佐賀県総合体育館,日の出1-21-15,4,-99,9999
130.294811,33.278232,41201,3,99999,03129,佐賀県総合体育館,日の出1-21-15,4,-99,9999
130.301916,33.249567,41201,3,99999,03109,市村記念体育館,城内2-1-35,4,4,1963
130.301916,33.249359,41201,3,99999,03116,市村記念体育館,城内2-1-35,4,4,1963
130.301922,33.249458,41201,3,99999,03120,市村記念体育館,城内2-1-35,4,4,1963
130.321954,33.262834,41201,3,99999,03102,市民運動広場,兵庫北3-1006-1,4,-99,9999
130.321954,33.262759,41201,3,99999,03103,市民運動広場,兵庫北3-1006-1,4,-99,9999
130.272805,33.225544,41201,3,99999,03102,野球場,西与賀町高太郎328,4,-99,9999
130.271736,33.226121,41201,3,99999,03121,弓道場,西与賀町高太郎328,3,-99,9999
130.284617,33.268975,41201,3,99999,03102,西神野運動広場,神園3-15-1,4,-99,9999
130.245336,33.268463,41201,3,99999,03102,嘉瀬川河川敷北グラウンド,鍋島町森田嘉瀬大橋北,3,-99,9999
130.208808,33.372958,41201,3,99999,03102,佐賀市立富士運動広場,富士町古湯2691,3,-99,9999
130.208538,33.373402,41201,3,99999,03118,佐賀市立富士運動広場,富士町古湯2691,3,-99,9999
130.232947,33.411121,41201,3,99999,03102,佐賀市立富士山村広場,富士町関屋2146-5,3,-99,9999
130.280523,33.432389,41201,3,99999,03102,佐賀市立三瀬グラウンド,三瀬村三瀬2719-1,3,-99,9999
130.348048,33.18019,41201,3,99999,03102,佐賀市立川副運動広場,川副町大詫間5633,4,-99,9999
130.348422,33.18103,41201,3,99999,03138,佐賀市立川副運動広場,川副町大詫間5633,4,-99,9999
130.237976,33.235765,41201,3,99999,03102,佐賀市立久保田グラウンド,久保田町徳万2522,3,-99,9999
130.300744,33.332562,41201,3,99999,03142,金立キャンプ場,金立町大字金立3412-3,3,-99,9999
130.246954,33.430152,41201,3,99999,03142,北山キャンプ場,富士町関屋,3,-99,9999
130.318819018394,33.4420445356478,41201,3,99999,03142,吉野山キャンプ場,三瀬村藤原井出野,3,-99,9999
130.292283,33.45092,41201,3,99999,03142,山中キャンプ場,三瀬村三瀬993,3,-99,9999
130.267661,33.294494,41201,3,99999,03134,嘉瀬川リバーサイドゴルフ場,鍋島町大字蜥久字岸川地先,4,-99,9999
130.240934,33.356437,41201,3,99999,03134,フジカントリークラブ,富士町上熊川691,4,-99,9999
130.268349,33.432399,41201,3,99999,03134,北山カントリー倶楽部,三瀬村杠609,4,-99,9999
130.250319,33.322625,41201,3,99999,03134,大和不動カントリー倶楽部,大和町川上5576,4,-99,9999
130.037104,33.450873,41202,3,99999,03118,唐津市浜玉相撲場,浜玉町浜崎1669-2,3,-99,9999
130.065835,33.316914,41202,3,99999,03118,唐津市厳木相撲場,厳木町牧瀬364-1,3,-99,9999
130.036066,33.322836,41202,3,99999,03106,唐津市厳木岩屋プール,厳木町岩屋1053-1,3,-99,9999
130.009787,33.426547,41202,3,99999,03109,鏡山小学校,鏡1231,3,-99,9999
130.009086,33.425768,41202,3,99999,03104,鏡山小学校,鏡1231,3,-99,9999
130.007741,33.42476,41202,3,99999,03109,鏡中学校,鏡1136,3,-99,9999
130.045852,33.45074,41202,3,99999,03109,浜玉中学校,浜玉町大江6-1,3,-99,9999
130.046078,33.449774,41202,3,99999,03104,浜玉中学校,浜玉町大江6-1,3,-99,9999
130.045442,33.450572,41202,3,99999,03115,浜玉中学校,浜玉町大江6-1,3,-99,9999
130.041506,33.444441,41202,3,99999,03109,浜崎小学校,浜玉町浜崎451,3,-99,9999
130.041209,33.443534,41202,3,99999,03104,浜崎小学校,浜玉町浜崎451,3,-99,9999
130.06564,33.444164,41202,3,99999,03109,玉島小学校,浜玉町五反田823,3,-99,9999
130.065575,33.443222,41202,3,99999,03104,玉島小学校,浜玉町五反田823,3,-99,9999
130.078943,33.423793,41202,3,99999,03109,平原小学校,浜玉町平原,3,-99,9999
130.065705,33.31644,41202,3,99999,03109,厳木中学校,厳木町牧瀬328-1,3,-99,9999
130.065604,33.315239,41202,3,99999,03104,厳木中学校,厳木町牧瀬328-1,3,-99,9999
130.06561,33.31505,41202,3,99999,03115,厳木中学校,厳木町牧瀬328-1,3,-99,9999
130.07043,33.314435,41202,3,99999,03109,厳木小学校,厳木町牧瀬44-1,3,-99,9999
130.069961,33.314306,41202,3,99999,03104,厳木小学校,厳木町牧瀬44-1,3,-99,9999
130.048905,33.324556,41202,3,99999,03109,箞木小学校,厳木町箞木306,3,-99,9999
130.048192,33.324248,41202,3,99999,03104,箞木小学校,厳木町箞木306,3,-99,9999
130.037184,33.330271,41202,3,99999,03109,本山小学校,厳木町本山235-1,3,-99,9999
130.036922,33.329605,41202,3,99999,03104,本山小学校,厳木町本山235-1,3,-99,9999
130.134193,33.356223,41202,3,99999,03109,天川分校,厳木町広川,3,-99,9999
130.099908,33.365276,41202,3,99999,03109,広川分校,厳木町広川,3,-99,9999
130.008747,33.349292,41202,3,99999,03109,相知中学校,相知町相知2482,3,-99,9999
130.008159,33.348746,41202,3,99999,03104,相知中学校,相知町相知2482,3,-99,9999
130.00927,33.349103,41202,3,99999,03112,相知中学校,相知町相知2482,3,-99,9999
130.010618,33.348878,41202,3,99999,03109,相知小学校,相知町相知1810-1,3,-99,9999
130.009941,33.349107,41202,3,99999,03104,相知小学校,相知町相知1810-1,3,-99,9999
130.040901,33.338243,41202,3,99999,03109,田頭小学校,相知町田頭472-2,3,-99,9999
130.03985,33.338174,41202,3,99999,03104,田頭小学校,相知町田頭472-2,3,-99,9999
130.012286,33.364703,41202,3,99999,03109,伊岐佐小学校,相知町伊岐佐甲60,3,-99,9999
130.011195,33.364589,41202,3,99999,03104,伊岐佐小学校,相知町伊岐佐甲60,3,-99,9999
130.038466,33.450054,41202,3,99999,03109,唐津市浜玉社会体育館,浜玉町浜崎1151-1,3,-99,9999
130.002399,33.347417,41202,3,99999,03109,唐津市相知天徳の丘運動公園社会体育館,相知町相知2406-4,3,-99,9999
130.011842,33.3513,41202,3,99999,03109,唐津市相知浦の川スポーツセンター,相知町相知2055-5,3,-99,9999
130.021867,33.307318,41202,3,99999,03109,唐津市相知平山体育館,相知町平山上乙1300,3,-99,9999
130.00139,33.345817,41202,3,99999,03115,唐津市相知天徳の丘運動公園硬式庭球場,相知町相知2530-12,3,-99,9999
130.007559,33.348183,41202,3,99999,03115,唐津市相知軟式庭球場,相知町相知2441-3,3,-99,9999
130.119145,33.442107,41202,3,99999,03115,唐津市七山鳴神の丘運動公園テニスコート,七山滝川1046,3,-99,9999
130.004445,33.347074,41202,3,99999,03121,唐津市相知天徳の丘運動公園弓道場,相知町相知2406-6,3,-99,9999
130.526637,33.348207,41203,3,99999,03129,カーサ・デラ・ヴィータ,高田町203-1,4,-99,9999
130.526637,33.348098,41203,3,99999,03132,カーサ・デラ・ヴィータ,高田町203-1,4,-99,9999
130.526637,33.347999,41203,3,99999,03105,カーサ・デラ・ヴィータ,高田町203-1,4,-99,9999
130.503858,33.372174,41203,3,99999,03109,鳥栖市民体育館,宿町927?,3,-99,9999
130.503858,33.372065,41203,3,99999,03120,鳥栖市民体育館,宿町927?,3,-99,9999
130.503856,33.371779,41203,3,99999,03109,勤労青少年ホーム多目的ホール,宿町927,3,-99,9999
130.503856,33.371715,41203,3,99999,03129,勤労青少年ホーム多目的ホール,宿町927,3,-99,9999
130.503856,33.371645,41203,3,99999,03112,勤労青少年ホーム多目的ホール,宿町927,3,-99,9999
130.494786,33.351479,41203,3,99999,03115,鳥栖市民庭球場,儀徳町2677,3,-99,9999
130.504713,33.370212,41203,3,99999,03115,鳥栖市民公園庭球場,宿町918-1,3,-99,9999
130.530598,33.376058,41203,3,99999,03109,鳥栖市民体育センター,曽根崎地1353-4,3,-99,9999
130.530604,33.375984,41203,3,99999,03120,鳥栖市民体育センター,曽根崎地1353-4,3,-99,9999
130.520248,33.371703,41203,3,99999,03103,ベストアメニティスタジアム,京町812,3,-99,9999
130.516736,33.40492,41203,3,99999,03103,北部グラウンド,弥生が丘5-374,3,-99,9999
130.503662,33.370713,41203,3,99999,03102,市民球場,宿町918-1,3,-99,9999
130.496871,33.370918,41203,3,99999,03101,陸上競技場,蔵上町148-1,3,-99,9999
130.50024,33.370194,41203,3,99999,03121,市民弓道場,詳細住所不明,3,-99,9999
130.485983,33.391033,41203,3,99999,03122,市民アーチェリー場,牛原町1198,3,-99,9999
130.502221,33.370324,41203,3,99999,03105,市民プール,宿町893-1,3,-99,9999
130.499315,33.372707,41203,3,99999,03118,市民相撲場,宿町721-30,3,-99,9999
130.510611,33.371727,41203,3,99999,03102,元町運動広場,元町1227,3,-99,9999
130.510599,33.371638,41203,3,99999,03138,元町運動広場,元町1227,3,-99,9999
130.490616,33.355055,41203,3,99999,03102,儀徳町運動広場,儀徳町3155-2,3,-99,9999
130.500036,33.328542,41203,3,99999,03104,下野町運動広場,下野町1906-1,3,-99,9999
130.541142,33.38719,41203,3,99999,03102,飯田町運動広場,飯田町294-1,3,-99,9999
130.521612,33.345407,41203,3,99999,03102,市民運動広場,安楽寺町759-1,3,-99,9999
130.530839,33.37523,41203,3,99999,03102,基里運動広場,曽根崎町1093-1,3,-99,9999
130.530833,33.375146,41203,3,99999,03103,基里運動広場,曽根崎町1093-1,3,-99,9999
130.519639,33.391098,41203,3,99999,03104,田代小学校運動場（夜間利用）,田代大官町1958,3,-99,9999
130.482601,33.375181,41203,3,99999,03104,麓小学校運動場（夜間利用）,山浦町2253-1,3,-99,9999
130.456632,33.384455,41203,3,99999,03142,御手洗の滝キャンプ場,立石町,3,-99,9999
130.479469,33.391445,41203,3,99999,03149,四阿屋遊泳場（牛原町）,牛原町,3,-99,9999
130.457987,33.376213,41203,3,99999,03149,河内河川プール（立石町）,立石町,3,-99,9999
130.483364,33.410917,41203,3,99999,03149,河内河川プール（河内町）,河内町,3,-99,9999
130.099501,33.291634,41204,3,99999,03109,多久市体育センター,北多久町大字小侍1119-90,3,-99,9999
130.099501,33.291545,41204,3,99999,03120,多久市体育センター,北多久町大字小侍1119-90,3,-99,9999
130.099756,33.291341,41204,3,99999,03129,ゆめひろば健康づくりルーム,北多久町大字小侍1119-90,3,-99,9999
130.058224,33.263425,41204,3,99999,03109,多久市西多久社会体育館,西多久町大字板屋7775-9,3,-99,9999
130.100793,33.294568,41204,3,99999,03101,多久市中央公園,北多久町小侍286-24,4,-99,9999
130.098333,33.29278,41204,3,99999,03102,多久市中央公園,北多久町小侍286-24,4,-99,9999
130.097062,33.292502,41204,3,99999,03115,多久市中央公園,北多久町小侍286-24,4,-99,9999
130.09951,33.291598,41204,3,99999,03109,多久市中央公園,北多久町小侍286-24,4,-99,9999
130.101875,33.294687,41204,3,99999,03122,多久市中央公園,北多久町小侍286-24,4,-99,9999
130.142369,33.285796,41204,3,99999,03138,東部ふれあい運動広場,東多久町大字別府5232-1,3,-99,9999
130.108428,33.285612,41204,3,99999,03102,北多久運動広場,北多久町大字小侍48,3,-99,9999
130.150479,33.283787,41204,3,99999,03104,東部中学校,東多久町大字別府3182,3,-99,9999
130.08978,33.260403,41204,3,99999,03104,西渓中学校,多久町1789-4,3,-99,9999
130.095848,33.291052,41204,3,99999,03104,緑が丘小学校,北多久町大字小侍1119,3,-99,9999
130.060012,33.28902,41204,3,99999,03142,船山キャンプ場,西多久町大字板屋10230-7,3,-99,9999
130.029124,33.189506,41206,3,99999,03101,白岩競技場,武雄町大字永島15057-2,4,-99,9999
130.02924,33.191785,41206,3,99999,03109,白岩体育館,武雄町大字武雄4814,4,-99,9999
130.02924,33.191691,41206,3,99999,03120,白岩体育館,武雄町大字武雄4814,4,-99,9999
130.030425,33.192282,41206,3,99999,03102,白岩球場,武雄町大字武雄4866,4,-99,9999
130.03061,33.188695,41206,3,99999,03102,白岩運動広場,武雄町大字永島15057,4,-99,9999
130.029213,33.188308,41206,3,99999,03118,白岩相撲場,武雄町大字永島15057-2,4,-99,9999
130.026671,33.195095,41206,3,99999,03115,天神崎公園テニスコート,武雄町大字昭和221,4,-99,9999
130.029525,33.192188,41206,3,99999,03121,白岩弓道場,武雄町大字武雄4814,4,-99,9999
130.028552,33.19132,41206,3,99999,03104,白岩軽運動場,武雄町大字武雄4768,4,-99,9999
130.031523,33.192036,41206,3,99999,03138,白岩ゲートボール場,武雄町大字武雄4847-2,4,-99,9999
130.068847,33.219016,41206,3,99999,03102,北方グラウンド,北方町大字志久1610-1,3,-99,9999
130.06229,33.222417,41206,3,99999,03115,北方運動公園テニスコート,北方町大字志久2227-2,4,-99,9999
130.061629,33.2227,41206,3,99999,03106,北方運動公園プール,北方町大字大崎2244-1,4,-99,9999
130.060867,33.221616,41206,3,99999,03118,北方運動公園相撲場,北方町大字大崎2201-1,4,-99,9999
130.061434,33.221397,41206,3,99999,03102,北方運動公園運動場,北方町大字大崎2229-1,4,-99,9999
130.061435,33.221274,41206,3,99999,03103,北方運動公園運動場,北方町大字大崎2229-1,4,-99,9999
130.087901,33.20518,41206,3,99999,03102,北方東運動場,北方町大字大渡3656,3,-99,9999
130.088531,33.205349,41206,3,99999,03109,北方東体育館,北方町大字大渡3656,3,-99,9999
130.059116,33.221377,41206,3,99999,03109,北方西体育館,北方町大字大崎2117,4,-99,9999
130.059116,33.221327,41206,3,99999,03111,北方西体育館,北方町大字大崎2117,4,-99,9999
130.06001,33.223745,41206,3,99999,03102,サンスポーツランド北方,北方町大字大崎2248,4,-99,9999
130.06001,33.223631,41206,3,99999,03138,サンスポーツランド北方,北方町大字大崎2248,4,-99,9999
130.060835,33.221212,41206,3,99999,03109,北方スポーツセンター,北方町大字大崎2229-2,4,-99,9999
130.060835,33.22116,41206,3,99999,03120,北方スポーツセンター,北方町大字大崎2229-2,4,-99,9999
130.095597,33.101782,41207,3,99999,03109,鹿島市民体育館,大字高津原253,3,-99,9999
130.095248,33.107077,41207,3,99999,03112,鹿島市民武道館,大字高津原城内561-1,3,-99,9999
130.098478,33.103037,41207,3,99999,03104,中川公園運動広場,大字納富分字新道地内,3,-99,9999
130.092535,33.100714,41207,3,99999,03104,横田運動広場,大字高津原362,3,-99,9999
130.108046,33.081567,41207,3,99999,03104,祐徳運動広場,古枝甲1501-2,3,-99,9999
130.091638,33.113245,41207,3,99999,03115,北公園テニスコート,高津原3806-7,3,-99,1999
130.084745,33.096224,41207,3,99999,03101,鹿島市陸上競技場,大字高津原納豊分5900,3,-99,1999
130.083068,33.094947,41207,3,99999,03102,鹿島市民球場,高津原2441,3,-99,9999
130.084365,33.098215,41207,3,99999,03104,鹿島市陸上競技場サブグラウンド,大字高津原納豊分5900,3,-99,9999
130.084266,33.087847,41207,3,99999,03109,鹿島市のごみふれあい楽習館体育館,山浦2151,3,-99,9999
130.109139,33.080507,41207,3,99999,03109,鹿島市林業体育館,古枝甲1465-2,3,-99,9999
130.118843,33.089489,41207,3,99999,03109,鹿島市臥竜ヶ岡体育館,浜町甲4401-2,3,-99,9999
130.103366,33.123455,41207,3,99999,03109,鹿島市北鹿島体育館,井手1529-1,3,-99,9999
130.145491,33.075738,41207,3,99999,03109,鹿島市七浦海浜スポーツ公園体育館,大字音成大宮田尾4427-5,4,-99,9999
130.064774,33.076503,41207,3,99999,03104,西三河内運動広場,大字三河内丙377,3,-99,9999
130.130374,33.083975,41207,3,99999,03104,母ヶ浦運動広場,大字音成丙454-1,3,-99,9999
130.154773,33.063928,41207,3,99999,03104,龍宿浦運動広場,大字飯田丙1221,3,-99,9999
130.159054,33.055066,41207,3,99999,03104,飯田運動広場,大字飯田乙3309,3,-99,9999
130.095586,33.102189,41207,3,99999,03109,鹿島小学校,大字高津原231-イ,3,-99,9999
130.104224,33.098475,41207,3,99999,03109,明倫小学校,大字納富分甲59,3,-99,9999
130.082374,33.087972,41207,3,99999,03109,能古見小学校,大字山浦甲2246,3,-99,9999
130.109998,33.082608,41207,3,99999,03109,古枝小学校,古枝甲1248-2,3,-99,9999
130.116306,33.093548,41207,3,99999,03109,浜小学校,浜町1239,3,-99,9999
130.101955,33.120292,41207,3,99999,03109,北鹿島小学校,大字常広420,3,-99,9999
130.15279,33.064962,41207,3,99999,03109,七浦小学校,大字音成戊1563,3,-99,9999
130.095763,33.098809,41207,3,99999,03109,西部中学校,大字納富分1435,3,-99,9999
130.113129,33.089775,41207,3,99999,03109,東部中学校,浜町甲4020,3,-99,9999
130.207638,33.300821,41208,3,99999,03132,ＶＩＶＯビレッジ健康村,小城町786-1,4,-99,9999
130.207632,33.300766,41208,3,99999,03129,ＶＩＶＯビレッジ健康村,小城町786-1,4,-99,9999
130.207632,33.300712,41208,3,99999,03105,ＶＩＶＯビレッジ健康村,小城町786-1,4,-99,9999
130.189115,33.251838,41208,3,99999,03102,牛津総合公園,牛津町勝1136-1,3,-99,9999
130.189103,33.251724,41208,3,99999,03103,牛津総合公園,牛津町勝1136-1,3,-99,9999
130.18981,33.251838,41208,3,99999,03146,牛津総合公園,牛津町勝1136-1,3,-99,9999
130.207564,33.224034,41208,3,99999,03146,三王崎地区農村公園,芦刈町三王崎1494,3,-99,9999
130.207113,33.223567,41208,3,99999,03138,三王崎地区農村公園,芦刈町三王崎1494,3,-99,9999
130.207101,33.224019,41208,3,99999,03103,三王崎地区農村公園,芦刈町三王崎1494,3,-99,9999
130.195147,33.288777,41208,3,99999,03115,小城公園庭球場,小城町185,4,-99,9999
130.195159,33.288275,41208,3,99999,03102,小城公園グラウンド,小城町185,3,-99,9999
130.195159,33.288126,41208,3,99999,03103,小城公園グラウンド,小城町185,3,-99,9999
130.187306,33.291142,41208,3,99999,03109,小城体育センター,小城町畑田98-1,4,-99,9999
130.1873,33.291052,41208,3,99999,03120,小城体育センター,小城町畑田98-1,4,-99,9999
130.221008,33.273332,41208,3,99999,03109,三日月体育館,三日月町長神田1848-9,4,2,9999
130.219917,33.28591,41208,3,99999,03102,三日月グラウンド,三日月町長神田339-1,4,-99,9999
130.220003,33.286561,41208,3,99999,03138,三日月グラウンド,三日月町長神田339-1,4,-99,9999
130.222324,33.272556,41208,3,99999,03115,三日月町ふれあい公園テニスコート,三日月町樋口1221,3,-99,9999
130.20106,33.25043,41208,3,99999,03109,牛津体育センター,牛津町柿樋瀬1100-2,4,-99,9999
130.20106,33.250336,41208,3,99999,03120,牛津体育センター,牛津町柿樋瀬1100-2,4,-99,9999
130.204568,33.246596,41208,3,99999,03112,牛津武道館（津武館）,牛津町牛津556-1,4,2,9999
130.204568,33.246559,41208,3,99999,03113,牛津武道館（津武館）,牛津町牛津556-1,4,2,9999
130.181963,33.228901,41208,3,99999,03102,牛津運動公園,牛津町下砥川659-2,4,-99,9999
130.211282,33.222743,41208,3,99999,03115,芦刈運動公園,芦刈町三王崎172-1,4,-99,9999
130.211104,33.223473,41208,3,99999,03109,芦刈文化体育館,芦刈町三王崎172-1,4,-99,9999
130.211104,33.223404,41208,3,99999,03120,芦刈文化体育館,芦刈町三王崎172-1,4,-99,9999
130.211104,33.223334,41208,3,99999,03129,芦刈文化体育館,芦刈町三王崎172-1,4,-99,9999
130.211098,33.223265,41208,3,99999,03110,芦刈文化体育館,芦刈町三王崎172-1,4,-99,9999
130.191425,33.251233,41208,3,99999,03105,牛津保健福祉センター「アイル」,牛津町勝1221-1,4,-99,9999
130.191425,33.251173,41208,3,99999,03129,牛津保健福祉センター「アイル」,牛津町勝1221-1,4,-99,9999
130.191425,33.251124,41208,3,99999,03132,牛津保健福祉センター「アイル」,牛津町勝1221-1,4,-99,9999
130.218528,33.273801,41208,3,99999,03129,三日月保健福祉センター「ゆめりあ」,三日月町長神田2312-3,4,-99,9999
130.218522,33.273726,41208,3,99999,03132,三日月保健福祉センター「ゆめりあ」,三日月町長神田2312-3,4,-99,9999
130.020018,33.03011,41209,3,99999,03142,広川原キャンプ場,嬉野町大字吉田広川原丙595-6,3,-99,9999
130.062334,33.130881,41209,3,99999,03104,塩田中央公園,塩田町大字五町田甲667,3,-99,9999
130.063011,33.131478,41209,3,99999,03115,塩田中央公園,塩田町大字五町田甲667,3,-99,9999
130.057011,33.148852,41209,3,99999,03102,北部公園野球場,塩田町大字久間乙1893,3,-99,9999
130.063115,33.11605,41209,3,99999,03104,五町田小学校運動場,塩田町大字五町田甲3717,3,-99,9999
130.018327,33.080182,41209,3,99999,03104,吉田中学校運動場夜間,嬉野町大字吉田丙3016,3,-99,9999
130.048021,33.123771,41209,3,99999,03137,嬉野市Ｂ＆Ｇ海洋クラブ艇庫,塩田町大字五町田甲271,4,-99,9999
130.030768,33.075343,41209,3,99999,03104,吉田地区運動公園,嬉野町大字吉田甲4031,3,-99,9999
130.372007,33.308038,41210,3,99999,03109,神埼勤労者体育館,神埼町神埼454-3,3,-99,9999
130.372007,33.307953,41210,3,99999,03120,神埼勤労者体育館,神埼町神埼454-3,3,-99,9999
130.352242,33.329045,41210,3,99999,03109,神埼市Ｂ＆Ｇ海洋センター体育館,神埼町尾崎4390-2,4,-99,9999
130.352242,33.328985,41210,3,99999,03120,神埼市Ｂ＆Ｇ海洋センター体育館,神埼町尾崎4390-2,4,-99,9999
130.351683,33.328866,41210,3,99999,03137,神埼市Ｂ＆Ｇ海洋センター体育館,神埼町尾崎4390-2,4,-99,9999
130.370197,33.313487,41210,3,99999,03109,神埼中央公園体育館,神埼町鶴3886,3,-99,9999
130.370185,33.313398,41210,3,99999,03112,神埼中央公園体育館,神埼町鶴3886,3,-99,9999
130.374336,33.273257,41210,3,99999,03109,次郎体育館,千代田町直鳥166-2,3,-99,9999
130.374336,33.273202,41210,3,99999,03120,次郎体育館,千代田町直鳥166-2,3,-99,9999
130.327908,33.3782,41210,3,99999,03109,脊振勤労者体育館,脊振町広滝592-2,3,-99,9999
130.327908,33.37811,41210,3,99999,03120,脊振勤労者体育館,脊振町広滝592-2,3,-99,9999
130.371258,33.314687,41210,3,99999,03115,神埼中央公園テニスコート,神埼町鶴3377,3,-99,9999
130.373897,33.27325,41210,3,99999,03115,千代田テニスコート,千代田町直鳥166-1,3,-99,9999
130.334357,33.370923,41210,3,99999,03115,脊振山村広場テニスコート,脊振町広滝1405,3,-99,9999
130.328284,33.376997,41210,3,99999,03106,脊振観光プール,脊振町広滝573,3,-99,9999
130.353689,33.32861,41210,3,99999,03104,日の隈公園グラウンド,神埼町尾崎4390-2,4,-99,9999
130.370235,33.28412,41210,3,99999,03102,千代田グラウンド,千代田町姉1231-1,3,-99,9999
130.370235,33.283971,41210,3,99999,03138,千代田グラウンド,千代田町姉1231-1,3,-99,9999
130.318261,33.374854,41210,3,99999,03102,脊振グラウンド,脊振町広滝79-160,3,-99,9999
130.318255,33.374685,41210,3,99999,03138,脊振グラウンド,脊振町広滝79-160,3,-99,9999
130.3717,33.313552,41210,3,99999,03104,神埼中央公園,神埼町鶴3456-1,3,-99,9999
130.373545494804,33.2681141997325,41210,3,99999,03112,千代田武道館,千代田町直鳥942-3,3,-99,9999
130.334362,33.371001,41210,3,99999,03115,高取山公園,脊振町広滝1472,3,-99,9999
130.408834196844,33.2511437672008,41210,3,99999,03102,筑後川運動公園,千代田町迎島2765地先,3,-99,9999
130.40951505205,33.2512074847587,41210,3,99999,03138,筑後川運動公園,千代田町迎島2765地先,3,-99,9999
130.404637893448,33.2505215287731,41210,3,99999,03104,筑後川運動公園,千代田町迎島2765地先,3,-99,9999
130.36289,33.354728,41210,3,99999,03142,仁比山キャンプ場,神埼町城原3711-1,3,-99,9999
130.35538,33.416837,41210,3,99999,03142,脊振久保山キャンプ場ロッジ,脊振町服巻1_511-18,3,-99,9999
130.397829,33.35247,41327,3,99999,03129,吉野ヶ里町東脊振健康福祉センター「きらら館」,三津775,3,-99,9999
130.399078,33.314304,41327,3,99999,03129,吉野ヶ里町三田川健康福祉センター「ふれあい館」,豆だ1790,3,-99,9999
130.399428,33.320815,41327,3,99999,03105,吉野ヶ里町町民温水プール,吉田317-1,3,-99,9999
130.399428,33.320741,41327,3,99999,03129,吉野ヶ里町町民温水プール,吉田317-1,3,-99,9999
130.402672,33.314356,41327,3,99999,03115,吉野ヶ里町三田川中央公園テニスコート,豆田1792-1,3,-99,9999
130.398053,33.350944,41327,3,99999,03115,吉野ヶ里町東脊振運動公園テニス場,三津777,3,-99,9999
130.399185,33.320291,41327,3,99999,03109,吉野ヶ里町児童体育館,吉田310,3,-99,9999
130.39555,33.321594,41327,3,99999,03109,三田川小学校体育館,吉田63,3,-99,9999
130.399328,33.349552,41327,3,99999,03109,東脊振小学校体育館,三津733,3,-99,9999
130.400891,33.350398,41327,3,99999,03109,東脊振中学校体育館,吉田303,3,-99,9999
130.401109,33.314076,41327,3,99999,03102,三田川中央公園野球場,吉田1792-1,3,-99,9999
130.404774,33.357701,41327,3,99999,03102,丸山球場,石動2376,3,-99,9999
130.4011,33.314252,41327,3,99999,03102,三田川中央公園多目的広場,豆田1798-1,3,-99,9999
130.401683,33.313358,41327,3,99999,03103,三田川中央公園多目的広場,豆田1798-1,3,-99,9999
130.397417,33.351356,41327,3,99999,03109,農村環境改善センター,三津777,3,-99,9999
130.398354,33.321744,41327,3,99999,03112,三田川武道館,吉田283-2,3,2,9999
130.398354,33.32168,41327,3,99999,03111,三田川武道館,吉田283-2,3,2,9999
130.39926,33.351723,41327,3,99999,03112,さざんか武道館,石動2768-6,3,2,9999
130.399254,33.351653,41327,3,99999,03111,さざんか武道館,石動2768-6,3,2,9999
130.524093,33.427966,41341,3,99999,03109,基山町総合体育館,大字宮浦666,3,2,9999
130.524093,33.427877,41341,3,99999,03112,基山町総合体育館,大字宮浦666,3,2,9999
130.524093,33.427768,41341,3,99999,03129,基山町総合体育館,大字宮浦666,3,2,9999
130.514029,33.416635,41341,3,99999,03115,基山町営テニスコート,大字園部2562-1,3,-99,9999
130.524194,33.429752,41341,3,99999,03104,総合運動公園（多目的運動場）,大字宮浦666,3,-99,9999
130.521569,33.443851,41341,3,99999,03142,基山町キャンプ場,大字小倉2141-1,3,-99,9999
130.513085,33.416466,41341,3,99999,03102,基山町営球場,大字園部2562-1,3,-99,9999
130.527166,33.420396,41341,3,99999,03109,基山小学校,大字宮浦41,3,-99,9999
130.526174,33.420644,41341,3,99999,03104,基山小学校,大字宮浦41,3,-99,9999
130.529188,33.431373,41341,3,99999,03109,若基小学校,けやき台2-2,3,-99,9999
130.529539,33.430461,41341,3,99999,03104,若基小学校,けやき台2-2,3,-99,9999
130.523924,33.421926,41341,3,99999,03109,基山中学校,大字宮浦941,3,-99,9999
130.420581,33.323798,41345,3,99999,03109,上峰町体育センター,大字坊所2650-2,3,-99,9999
130.420581,33.323738,41345,3,99999,03120,上峰町体育センター,大字坊所2650-2,3,-99,9999
130.42039,33.324215,41345,3,99999,03115,上峰町社会体育施設,大字坊所2646-1,3,-99,9999
130.420199213773,33.3234509988465,41345,3,99999,03112,上峰町社会体育施設,大字坊所2646-1,3,-99,9999
130.425077,33.310804,41345,3,99999,03102,上峰町中央公園,大字前牟田96-1,3,-99,9999
130.425071,33.31063,41345,3,99999,03103,上峰町中央公園,大字前牟田96-1,3,-99,9999
130.421995,33.321879,41345,3,99999,03106,上峰町民プール,大字坊所741-2,3,-99,9999
130.424294,33.31914,41345,3,99999,03138,すぱーく上峰,大字前牟田107-2,4,-99,9999
130.423076,33.317494,41345,3,99999,03109,上峰小学校,大字坊所651,3,-99,9999
130.423759,33.317653,41345,3,99999,03104,上峰小学校,大字坊所651,3,-99,9999
130.421798,33.32351,41345,3,99999,03109,上峰中学校,大字坊所2659,3,-99,9999
130.421495,33.322353,41345,3,99999,03104,上峰中学校,大字坊所2659,3,-99,9999
130.444056,33.345804,41346,3,99999,03109,中原体育館,大字簑原1003-1,3,-99,9999
130.444062,33.345705,41346,3,99999,03120,中原体育館,大字簑原1003-1,3,-99,9999
130.458996,33.30646,41346,3,99999,03109,北茂安体育館,大字江口5128-2,3,-99,9999
130.458993,33.306401,41346,3,99999,03120,北茂安体育館,大字江口5128-2,3,-99,9999
130.431098,33.298954,41346,3,99999,03109,三根体育館,大字市武1278-1,3,-99,9999
130.444811,33.344995,41346,3,99999,03115,中原テニスコート,大字簑原1003-1,3,-99,9999
130.460238,33.30764,41346,3,99999,03115,北茂安テニスコート,大字江口5128-1,3,-99,9999
130.432119,33.299072,41346,3,99999,03115,三根テニスコート,大字市武1286-6,3,-99,9999
130.475391,33.326263,41346,3,99999,03105,北茂安Ｂ＆Ｇ海洋センター,大字白壁1074-9,4,-99,9999
130.42993,33.333202,41346,3,99999,03102,中原公園野球場,大字原古賀5905-1,3,-99,9999
130.460006,33.306865,41346,3,99999,03104,北茂安運動場,大字江口5128-1,3,-99,9999
130.431038,33.297736,41346,3,99999,03104,三根運動場,大字市武1286-6,3,-99,9999
130.430114,33.334339,41346,3,99999,03104,中原公園多目的広場,大字原古賀5905-1,3,-99,9999
130.475219,33.326653,41346,3,99999,03104,北茂安運動広場,大字白壁1074-3,3,-99,9999
130.461973,33.306045,41346,3,99999,03104,北茂安河川敷グラウンド,大字江口5010-1,3,-99,9999
130.444873,33.34536,41346,3,99999,03112,中原武道館,大字簑原1003-1,3,-99,9999
130.457145,33.325468,41346,3,99999,03112,北茂安武道館,大字東尾420-1,3,-99,9999
130.108169,33.216686,41423,3,99999,03115,オリオンプラザ,大字福母2465,3,-99,9999
130.108175,33.216616,41423,3,99999,03114,オリオンプラザ,大字福母2465,3,-99,9999
130.111142,33.21199,41423,3,99999,03109,大町町スポーツセンター,大字福母158-1,3,-99,9999
130.119269,33.214343,41423,3,99999,03109,大町小学校,大字5753,3,-99,9999
130.118262,33.214617,41423,3,99999,03109,大町中学校,大字5427,3,-99,9999
130.134451,33.234829,41424,3,99999,03102,江北町花山球場,上小田,3,-99,9999
130.167882,33.223153,41424,3,99999,03104,江北町高砂運動場,詳細住所不明,3,-99,9999
130.185276,33.206519,41424,3,99999,03102,江北町鳴江河畔公園,下惣,3,-99,9999
130.160544,33.213788,41424,3,99999,03109,江北町さわやかスポーツセンター,大字山口405-2,3,-99,9999
130.149982,33.217713,41424,3,99999,03104,江北町Ｂ＆Ｇ海洋センター,山口2637-2,4,-99,9999
130.149762,33.21742,41424,3,99999,03106,江北町Ｂ＆Ｇ海洋センター,山口2637-2,4,-99,9999
130.149206,33.21704,41424,3,99999,03129,江北町Ｂ＆Ｇ海洋センター,山口2637-2,4,-99,9999
130.149963,33.216844,41424,3,99999,03115,江北町営テニスコート,大字山口2603-1,3,-99,9999
130.133137,33.241646,41424,3,99999,03142,白木パノラマ孔園,白木,4,-99,9999
130.159268,33.215248,41424,3,99999,03109,江北町立江北小学校,山口1128,3,-99,9999
130.158662,33.2149,41424,3,99999,03104,江北町立江北小学校,山口1128,3,-99,9999
130.158983,33.213445,41424,3,99999,03109,江北町立江北中学校,山口412?,3,-99,9999
130.159298,33.212729,41424,3,99999,03104,江北町立江北中学校,山口412?,3,-99,9999
130.134458,33.175055,41425,3,99999,03109,白石社会体育館,大字遠江75-1,3,-99,9999
130.19094,33.182608,41425,3,99999,03109,福富社会体育館,大字福富3508-2,3,-99,1972
130.122728,33.146708,41425,3,99999,03109,有明社会体育館,大字坂田281,3,-99,9999
130.143531,33.180418,41425,3,99999,03138,白石中央公園ゲートボール場,福田,3,-99,9999
130.144452,33.180557,41425,3,99999,03115,白石中央公園ゲートボール場,福田,3,-99,9999
130.206359,33.171926,41425,3,99999,03102,福富多目的運動広場,大字八平432,3,-99,9999
130.206371,33.171718,41425,3,99999,03103,福富多目的運動広場,大字八平432,3,-99,9999
130.198073,33.191937,41425,3,99999,03115,福富ふれあい広場,大字福富下分2387-1,3,-99,9999
130.187087,33.202211,41425,3,99999,03104,河口堰運動広場,大字福富2863,3,-99,9999
130.123079,33.144073,41425,3,99999,03102,有明ふれあい運動公園,大字坂田327,3,-99,9999
130.156038,33.143103,41425,3,99999,03102,新明グラウンド,大字新明2812,3,-99,9999
130.18645,33.151545,41425,3,99999,03137,白石遊水池公園カヌー競技場,大字新拓2480,3,-99,9999
130.156826,33.144056,41425,3,99999,03134,むつごろうカントリークラブ,大字新明2811,4,-99,9999
130.142815,33.183467,41425,3,99999,03101,白石中央公園多目的運動広場（白石町総合運動場）,大字福田1420,3,-99,9999
130.142809,33.183303,41425,3,99999,03102,白石中央公園多目的運動広場（白石町総合運動場）,大字福田1420,3,-99,9999
130.122929,33.147649,41425,3,99999,03115,有明テニスコート,大字坂田270,3,-99,9999
130.123553,33.147465,41425,3,99999,03121,有明弓道場,大字坂田270,3,-99,9999
130.102592,33.16527,41425,3,99999,03102,稲佐山運動公園,大字辺田稲佐神社境内,3,-99,9999
130.125307,33.144674,41425,3,99999,03105,有明スカイパークふれあい郷,大字戸ヶ里3211,4,-99,9999
130.125301,33.144574,41425,3,99999,03129,有明スカイパークふれあい郷,大字戸ヶ里3211,4,-99,9999
130.180785,33.020237,41441,3,99999,03121,健康広場,大字多良1-17,3,-99,9999
130.179846,33.018842,41441,3,99999,03138,健康広場,大字多良1-17,3,-99,9999
130.179846,33.018722,41441,3,99999,03102,健康広場,大字多良1-17,3,-99,9999
130.181076,33.01897,41441,3,99999,03105,健康広場,大字多良1-17,3,-99,9999
130.179674,33.020695,41441,3,99999,03115,健康広場,大字多良1-17,3,-99,9999
130.179846,33.018608,41441,3,99999,03103,健康広場,大字多良1-17,3,-99,9999
130.180324,33.020261,41441,3,99999,03109,Ｂ＆Ｇ海洋センター体育館,大字多良1-6,4,-99,9999
130.179961,33.020236,41441,3,99999,03112,Ｂ＆Ｇ海洋センター第２体育館,大字多良1-6,4,-99,9999
130.175322,33.023723,41441,3,99999,03109,多良小学校,大字多良1264,3,-99,9999
130.174573,33.02262,41441,3,99999,03109,多良中学校（休館中）,大字多良1284,3,-99,9999
130.147305,33.353581,41201,3,99999,03141,（株）天山リゾート,富士町市川2338-6,4,-99,9999
130.147079,33.354306,41201,3,99999,03115,（株）天山リゾート,富士町市川2338-6,4,-99,9999
130.14273,33.357284,41201,3,99999,03103,（株）天山リゾート,富士町市川2338-6,4,-99,9999
130.965276,33.94891,40101,3,03001,03001,出光美術館・出光美術館（門司）,東港町2-3,4,-99,2000
130.82649,33.869781,40105,3,03001,03001,北九州市立美術館,西鞘ケ谷町21-1,3,4,1974
130.87526,33.885906,40106,3,03001,03001,北九州市立美術館分館,室町1-1-1（リバーウォーク北九州5階）,3,-99,2003
130.445426,33.669739,40131,3,03001,03001,九州産業大学美術館,松香台2-3-1,4,3,2002
130.405817,33.594969,40132,3,03001,03001,福岡アジア美術館,下川端町3-1（リバレインセンタービル7・8階）,3,-99,1999
130.398732,33.597265,40133,3,03001,03001,福岡県立美術館,天神5-2-1,2,7,1964
130.379741,33.58386,40133,3,03001,03001,福岡市美術館,大濠公園1-6,3,2,1979
130.530375,33.312064,40203,3,03001,03001,石橋財団・石橋美術館,野中町1015,4,2,1956
130.806318,33.643974,40206,3,03001,03001,田川市美術館,新町11-56,3,2,1991
130.204713,33.560563,40230,3,03001,03001,糸島市立伊都郷土美術館,前原東2-2-8,3,2,1986
130.700872,33.470322,40228,3,03001,03001,秋月美術館,秋月野鳥堅小路695-1,4,-99,1989
130.666467,33.899882,40381,3,03001,03001,多賀谷美術館,山鹿21-12,4,-99,1974
130.875242,33.884429,40106,3,03002,03002,北九州市立小倉城庭園,城内1-2,3,1,1998
130.872602,33.883705,40106,3,03002,03002,北九州市立松本清張記念館,城内2-3,3,-99,1998
130.780883,33.864795,40108,3,03002,03002,北九州市立児童文化科学館,桃園3-1-5,3,4,1960
130.808287,33.869153,40108,3,03002,03002,北九州市立自然史・歴史博物館（いのちのたび博物館）,東田2-4-1,3,-99,2002
130.719543,33.77861,40109,3,03002,03002,北九州市立長崎街道木屋瀬宿記念館,木屋瀬3-16-26,3,2,2001
130.290729,33.683896,40131,3,03002,03002,しかのしま資料館,大字勝馬1803-1,2,1,1971
130.420159,33.606483,40132,3,03002,03002,元寇史料館,東公園7-11（日蓮聖人銅像護持教会内）,4,-99,1985
130.462501,33.555478,40132,3,03002,03002,福岡市埋蔵文化財センター,井相田2-1-94,3,3,1982
130.396043,33.578213,40133,3,03002,03002,九州エネルギー館,薬院4-13-55,4,2,1982
130.389967,33.59212,40133,3,03002,03002,福岡市立少年科学文化会館,舞鶴2-5-27,3,6,1971
130.308057,33.614172,40135,3,03002,03002,亀陽文庫・能古博物館,能古522-2,4,-99,1989
130.35334,33.590001,40137,3,03002,03002,福岡市博物館,百道浜3-1-1,3,3,1988
130.424355,33.031073,40202,3,03002,03002,大牟田市石炭産業科学館,岬町6-23,3,1,1995
130.443671,33.0234,40202,3,03002,03002,大牟田市立三池カルタ記念館,宝坂町2-2-3,3,3,1991
130.496332,33.318247,40203,3,03002,03002,真木和泉守顕彰記念館,瀬下町265-1,4,2,1971
130.528239,33.318224,40203,3,03002,03002,福岡県青少年科学館,東櫛原町1713（中央公園内）,2,5,1990
130.725849,33.743021,40204,3,03002,03002,直方市石炭記念館,大字直方692-4,3,2,1971
130.696712,33.642843,40205,3,03002,03002,飯塚市歴史資料館,大字柏の森959-1,3,3,1981
130.813868,33.640888,40206,3,03002,03002,田川市石炭・歴史資料館,大字伊田2734-1（石炭記念公園内）,3,2,1983
130.552316,33.229018,40210,3,03002,03002,岩戸山歴史資料館,大字吉田1396-1,3,3,1984
130.383763,33.192607,40212,3,03002,03002,古賀政男音楽博物館分館古賀政男記念館,大字三丸844,4,1,1982
130.98105,33.727404,40213,3,03002,03002,行橋市歴史資料館,中央1-9-3,3,-99,1990
130.51925,33.490747,40217,3,03002,03002,筑紫野市歴史博物館（ふるさと館ちくしの）,二日市南1-9-1,3,-99,1998
130.451837,33.538067,40218,3,03002,03002,春日市奴国の丘歴史資料館,岡本3-57,3,-99,1998
130.478489,33.536173,40219,3,03002,03002,大野城市歴史資料展示室,曙町2-2-1,3,3,1990
130.529253,33.878474,40220,3,03002,03002,宗像市民俗資料館,鐘崎776-4,3,-99,9999
130.513115,33.831222,40220,3,03002,03002,宗像大社神宝館,田島2331,4,3,1980
130.522271,33.514934,40221,3,03002,03002,観世音寺収蔵庫,観世音寺5-6-1,4,-99,1959
130.537758,33.51601,40221,3,03002,03002,九州歴史資料館,石坂4-7-1,2,3,1972
130.509447,33.520172,40221,3,03002,03002,太宰府市文化ふれあい館,国分4-9-1,3,2,1996
130.534828,33.521493,40221,3,03002,03002,太宰府天満宮宝物殿,宰府4-7-1,4,2,1992
130.516086,33.513761,40221,3,03002,03002,太宰府展示館,観世音寺4-6-1,3,-99,1980
130.538382,33.518158,40221,3,03002,03002,独立行政法人国立博物館・九州国立博物館,石坂4-7-2,0,5,2005
130.251445,33.536327,40230,3,03002,03002,糸島市立伊都国歴史博物館,井原916,3,-99,2004
130.251445,33.536327,40230,3,03002,03002,伊都民俗資料館,大字井原916,3,-99,9999
130.210329,33.557416,40230,3,03002,03002,福岡県立糸島高等学校郷土博物館,前原南2-21-1,4,-99,1955
130.4873215,33.7794000394438,40224,3,03002,03002,宮地嶽神社民家村自然広苑,宮司元町7-1,4,-99,1974
130.450357,33.790214,40224,3,03002,03002,東郷神社宝物館,渡1815-1,4,1,1970
130.659904,33.41423,40228,3,03002,03002,甘木歴史資料館,甘木216-2,2,2,1985
130.694095,33.469117,40228,3,03002,03002,秋月郷土館,大字野鳥532-2,4,-99,1965
130.50896,33.569694,40341,3,03002,03002,宇美町立歴史民俗資料館,宇美1-1-22,3,2,1980
130.508522,33.570543,40341,3,03002,03002,宇美八幡宮宝物殿,宇美1-1-1,4,-99,1956
130.479053,33.592274,40343,3,03002,03002,志免町歴史資料室,志免中央1-2-1,3,-99,1991
130.524475,33.59187,40344,3,03002,03002,須惠町立歴史民俗資料館,大字上須惠21-3,3,2,1974
130.448259,33.705482,40345,3,03002,03002,新宮町立歴史資料館,大字下府425-1（シーオーレ新宮4階）,3,5,1994
130.667223,33.899311,40381,3,03002,03002,芦屋町歴史民俗資料館,山鹿1200,3,-99,2004
130.692455,33.792023,40402,3,03002,03002,鞍手町歴史民俗資料館,大字小牧2097,3,-99,1985
130.662603,33.589672,40421,3,03002,03002,王塚装飾古墳館,大字寿命376,3,2,1994
130.186548,33.58302,40230,3,03002,03002,志摩歴史資料館,志摩初1,3,2,1996
130.476382,33.153788,40229,3,03002,03002,瀬高町歴史資料館,大字下庄800-1,3,-99,1998
130.9100433,33.4855519,40602,3,03002,03002,英彦山修験道館,英彦山665-1,4,-99,1988
130.970595,33.671015,40625,3,03002,03002,みやこ町歴史民俗博物館,豊津1122-13,3,1,1994
130.963698,33.947956,40101,3,03003,03003,北九州市立国際友好記念図書館,東港町1-12,3,-99,9999
130.970391,33.947096,40101,3,03003,03003,北九州市立門司図書館,老松町3-3,3,-99,9999
130.9356791,33.89998953,40101,3,03003,03003,北九州市立門司図書館大里分館,高田2-2-18,3,-99,9999
130.808283,33.901551,40103,3,03003,03003,北九州市立若松図書館,本町3-11-1,3,-99,9999
130.736353,33.893232,40103,3,03003,03003,北九州市立若松図書館島郷分館,鴨生田2-1-1,3,-99,9999
130.828155,33.893571,40105,3,03003,03003,北九州市立戸畑図書館,浅生2-2-1,3,-99,9999
130.831566,33.883833,40105,3,03003,03003,北九州市立戸畑図書館戸畑分館,観音寺町3-1,3,-99,9999
130.872566,33.881975,40106,3,03003,03003,北九州市立中央図書館,城内4-1,3,-99,9999
130.872566,33.881975,40106,3,03003,03003,北九州市立中央図書館勝山分館,城内4-1,3,-99,9999
130.884454,33.845653,40107,3,03003,03003,北九州市立中央図書館企救分館,若園5-1-5,3,-99,9999
130.940068,33.830157,40107,3,03003,03003,北九州市立中央図書館曽根分館,下曽根4-22-1,3,-99,9999
130.79577,33.865268,40108,3,03003,03003,北九州市立八幡図書館,尾倉2-6-2,3,-99,9999
130.811391,33.86284,40108,3,03003,03003,北九州市立八幡図書館八幡東分館,西丸山町2-1,3,-99,9999
130.713314,33.863675,40109,3,03003,03003,北九州市立八幡図書館折尾分館,北鷹見町13-10,3,-99,9999
130.744778,33.796358,40109,3,03003,03003,北九州市立八幡図書館八幡南分館,茶屋の原1-6-1,3,-99,9999
130.42137,33.616207,40131,3,03003,03003,福岡県立図書館,箱崎1-41-12,2,-99,9999
130.43723,33.666818,40131,3,03003,03003,福岡市東図書館,香住丘1-12-1,3,-99,9999
130.439963,33.69824,40131,3,03003,03003,福岡市和白図書館,和白丘1-22-27,3,-99,9999
130.433787,33.582439,40132,3,03003,03003,福岡市博多図書館,山王1-13-10,3,-99,9999
130.461029,33.546964,40132,3,03003,03003,福岡市博多南図書館,南本町2-3-1,3,-99,9999
130.388582,33.5862,40133,3,03003,03003,福岡市中央図書館,赤坂2-5-8,3,-99,9999
130.423768,33.564756,40134,3,03003,03003,福岡市南図書館,塩原2-8-2,3,-99,9999
130.322023,33.582993,40135,3,03003,03003,福岡市西図書館,内浜1-4-39,3,-99,9999
130.36784,33.551319,40136,3,03003,03003,福岡市城南図書館,片江5-3-25,3,-99,9999
130.347511,33.581649,40137,3,03003,03003,福岡市早良図書館,百道2-2-1,3,-99,9999
130.351253,33.590188,40137,3,03003,03003,福岡市総合図書館,百道浜3-7-1,3,-99,9999
130.443671,33.0234,40202,3,03003,03003,大牟田市立図書館,宝坂町2-2-3,3,-99,9999
130.465318,33.2522,40203,3,03003,03003,久留米市立三潴図書館,三潴町玉満2949-1,3,-99,9999
130.427677,33.252948,40203,3,03003,03003,久留米市立城島図書館,城島町楢津1-1,3,-99,9999
130.531167,33.312442,40203,3,03003,03003,久留米市立中央図書館,野中町970-1,3,-99,9999
130.686219,33.33878,40203,3,03003,03003,久留米市立田主丸図書館,田主丸町田主丸770-1,3,-99,9999
130.5847394,33.34438147,40203,3,03003,03003,久留米市立北野図書館,北野町中3253,3,-99,9999
130.723297,33.749444,40204,3,03003,03003,直方市立図書館,大字山部301-11（ユメニティのおがた内）,3,-99,9999
130.729604,33.636823,40205,3,03003,03003,飯塚市立庄内図書館,綱分792-5,3,-99,9999
130.646857,33.571386,40205,3,03003,03003,飯塚市立ちくほ図書館,長尾1390-1,3,-99,9999
130.684943,33.63606,40205,3,03003,03003,飯塚市立飯塚図書館,飯塚14-67,3,-99,9999
130.805851,33.643596,40206,3,03003,03003,田川市立図書館（休館中）,新町11-61,3,-99,9999
130.433181,33.133258,40207,3,03003,03003,柳川市立雲龍図書館,大和町鷹ノ尾151-2,3,-99,9999
130.434291,33.165339,40207,3,03003,03003,柳川市立三橋図書館,三橋町正行431-2,3,-99,2004
130.408704,33.164287,40207,3,03003,03003,柳川市立図書館,一新町3-1,3,-99,9999
130.417021,33.183697,40207,3,03003,03003,柳川市立図書館蒲池分館,矢加部245-1,3,-99,2004
130.379889,33.169664,40207,3,03003,03003,柳川市立図書館昭代分館,久々原126-1,3,-99,1999
130.394114,33.130429,40207,3,03003,03003,柳川市立図書館両開分館,有明町1490,3,-99,1995
130.556087,33.210932,40210,3,03003,03003,八女市立図書館本館,本町536-3,3,-99,9999
130.385747,33.201555,40212,3,03003,03003,大川市立図書館,大字上巻272-2,3,-99,9999
130.98105,33.727404,40213,3,03003,03003,行橋市図書館,中央1-9-3,3,-99,9999
130.715859,33.826831,40215,3,03003,03003,中間市民図書館,蓮花寺3-1-2,3,-99,2012
130.562551,33.397368,40216,3,03003,03003,小郡市立図書館,大板井136-1,3,-99,9999
130.519814,33.49085,40217,3,03003,03003,筑紫野市民図書館,二日市南1-9-2,3,-99,9999
130.456215,33.527747,40218,3,03003,03003,春日市民図書館,大谷6-24,3,-99,9999
130.479316,33.535489,40219,3,03003,03003,大野城まどかぴあ図書館（休館中）,曙町2-3-1,3,-99,9999
130.511158,33.833422,40220,3,03003,03003,宗像市民図書館深田分館,深田588,3,-99,9999
130.561678,33.810356,40220,3,03003,03003,宗像市民図書館須恵分館,須恵348-2,3,-99,9999
130.549548,33.792938,40220,3,03003,03003,宗像市民図書館中央館,久原400,3,-99,9999
130.522437,33.511875,40221,3,03003,03003,太宰府市民図書館,観世音寺1-3-1,3,-99,9999
130.470662,33.731639,40223,3,03003,03003,古賀市立図書館,中央2-13-1,3,-99,9999
130.490767,33.76605,40224,3,03003,03003,福津市立図書館,中央1-1-2,3,-99,9999
130.708062,33.561327,40227,3,03003,03003,嘉麻市立碓井図書館,上臼井767,3,-99,9999
130.742199,33.54377,40227,3,03003,03003,嘉麻市立嘉穂図書館,大隈町1228-1,3,-99,9999
130.761558,33.5635,40227,3,03003,03003,嘉麻市立山田図書館,上山田1347-10,3,-99,9999
130.65996,33.414785,40228,3,03003,03003,朝倉市中央図書館,甘木198-1,3,-99,9999
130.720935,33.386294,40228,3,03003,03003,朝倉市あさくら図書館,宮野1997,3,-99,9999
130.4285263,33.50728693,40305,3,03003,03003,那珂川町図書館,仲2-5-1,3,-99,9999
130.524904,33.625091,40342,3,03003,03003,篠栗町立図書館,大字尾仲47-1,3,-99,9999
130.480084,33.592446,40343,3,03003,03003,志免町立町民図書館（休館中）,志免中央1-3-1,3,-99,9999
130.508865,33.586945,40344,3,03003,03003,須恵町立図書館,大字上須恵1167-1,3,-99,9999
130.448219,33.705473,40345,3,03003,03003,新宮町立図書館,大字下府425-1,3,-99,9999
130.506621,33.646069,40348,3,03003,03003,久山町民図書館,大字久原2603-1,3,-99,9999
130.4760684,33.61377659,40349,3,03003,03003,粕屋町立図書館,若宮1-1-1,3,-99,9999
130.665306,33.893448,40381,3,03003,03003,芦屋町図書館,中ノ浜4-4,3,-99,9999
130.69216,33.863222,40382,3,03003,03003,水巻町図書館,古賀3-18-1,3,-99,9999
130.611293,33.851515,40383,3,03003,03003,岡垣サンリーアイ図書館,野間1-2-1,3,-99,9999
130.66848,33.847904,40384,3,03003,03003,遠賀町立図書館,大字今古賀513,3,-99,9999
130.678764,33.579937,40421,3,03003,03003,桂川町立図書館,大字土居420-2,3,-99,9999
130.634596,33.433901,40447,3,03003,03003,筑前町めくばーる図書館,久光951-1,3,-99,9999
130.595192,33.457029,40447,3,03003,03003,筑前町図書館,篠隈373,3,-99,9999
130.621685,33.372038,40503,3,03003,03003,大刀洗町立図書館,大字冨多819,3,-99,9999
130.476382,33.153788,40229,3,03003,03003,みやま市立図書館,瀬高町下庄800-1,3,-99,9999
130.856815,33.570306,40602,3,03003,03003,添田町立図書館,大字添田1202,3,-99,9999
130.779577,33.653637,40604,3,03003,03003,糸田町図書館,2023-1（糸田町町民会館内）,3,-99,9999
130.823473,33.5966,40605,3,03003,03003,川崎町立図書館,大字川崎425-2,3,-99,1997
130.794801,33.686262,40610,3,03003,03003,方城町立図書館,大字伊方4480,3,-99,9999
130.978618,33.776365,40621,3,03003,03003,苅田町立図書館,富久町1-17-8,3,-99,9999
130.947452,33.648087,40625,3,03003,03003,みやこ町犀川図書館,犀川古川50,3,-99,9999
130.92132,33.700177,40625,3,03003,03003,みやこ町勝山図書館,勝山黒田86-1,3,-99,9999
130.973656,33.671729,40625,3,03003,03003,みやこ町中央図書館,豊津1122-12,3,-99,9999
130.36335,33.661407,40131,3,03004,03004,海の中道海洋生態科学館（マリンワールド海の中道）,大字西戸崎18-28,4,4,1989
130.846413,33.874253,40106,3,03005,03005,到津の森公園,上到津4-1-8,3,-99,2002
130.433125,33.667321,40131,3,03005,03005,香椎花園,香住ケ丘7-2-1,4,-99,1964
130.390456,33.57228,40133,3,03005,03005,福岡市動植物園,南公園1-1,3,-99,1953
130.444022,33.020306,40202,3,03005,03005,大牟田市動物園,昭和町163,3,-99,1941
130.4251438,33.62240304,40131,3,99999,03002,九州大学総合研究博物館,箱崎6-10-1,0,-99,2000
130.8150422,33.3641293,40228,3,99999,03003,朝倉市はき図書館,杷木池田483-1,3,-99,9999
130.6762478,33.61940088,40205,3,99999,03003,飯塚市立穂波図書館,秋松407-1,3,-99,9999
130.7218811,33.68066172,40205,3,99999,03003,飯塚市立頴田図書館,勢田1129-1,3,-99,9999
130.204215,33.561234,40230,3,99999,03003,糸島市図書館,前原東2-2-11,3,2,2005
130.1456471,33.51735049,40230,3,99999,03003,糸島市図書館二丈館,二丈深江1360,3,-99,2011
130.1833601,33.5830908,40230,3,99999,03003,糸島市図書館志摩館,志摩初30,3,-99,2011
130.7930708,33.33234043,40225,3,99999,03003,うきは市立図書館,浮羽町朝田582-1,3,-99,9999
130.7172431,33.59834851,40227,3,99999,03003,嘉麻市立稲築図書館,岩崎1141,3,-99,9999
130.9711609,33.87037927,40101,3,99999,03003,北九州市立門司図書館新門司分館,吉志新町2-1-1,3,-99,9999
130.5118284,33.31359376,40203,3,99999,03003,久留米市立六ツ門図書館,六ツ門町3-11,3,-99,2010
130.5027549,33.21194791,40211,3,99999,03003,筑後市立図書館,大字山ノ井899,3,-99,9999
130.2603642,33.57725114,40135,3,99999,03003,福岡市西部図書館,女原607-1,3,-99,9999
130.5160234,33.12217588,40229,3,99999,03003,みやま市立山川市民センター図書館,山川町尾野1706-2,3,3,2004
130.4550527,33.10037245,40229,3,99999,03003,みやま市立まいピア高田図書館,高田町濃施14,3,-99,2004
130.6680745,33.72355344,40226,3,99999,03003,宮若市立図書館,宮田6-1,3,-99,9999
130.6276144,33.73161648,40226,3,99999,03003,宮若市立図書館ハートフル分,福丸272-1,3,-99,9999
130.6435541,33.23729358,40210,3,99999,03003,八女市立図書館上陽分館,上陽町北川内483-1,3,-99,9999
130.6671058,33.21080431,40210,3,99999,03003,八女市立図書館黒木分館,黒木町桑原212,3,-99,9999
130.5925467,33.20216534,40210,3,99999,03003,八女市立図書館立花分館,立花町谷川1111,3,-99,9999
130.8159485,33.152608,40210,3,99999,03003,八女市立図書館矢部分館,矢部村北矢部10977-1,3,-99,9999
130.7637403,33.24978922,40210,3,99999,03003,八女市立図書館星野分館,星野村12050,3,-99,9999
130.5153622,33.57293864,40341,3,99999,03003,宇美町立図書館,平和1-1-2,3,-99,9999
130.4403912,33.21038346,40522,3,99999,03003,大木町図書・情報センター,大字八町牟田255-1,3,-99,9999
130.7436054,33.84627005,40109,3,99999,03003,北九州市立点字図書館,若葉1-8-1,3,-99,9999
130.3512551,33.59027999,40137,3,99999,03003,福岡市立点字図書館,百道浜3-7-1,4,-99,9999
130.469062,33.534187,40218,3,99999,03003,福岡点字図書館,原町3-1-7（クローバープラザ内）,3,-99,9999
130.4595279,33.14107075,40229,3,99999,03003,保健医療経営大学図書館,瀬高町高柳960-4,4,-99,9999
130.5376885,33.26639891,40203,3,99999,03003,久留米工業大学図書館,上津町2228-66,4,-99,9999
130.5459486,33.30839755,40203,3,99999,03003,久留米大学御井図書館,御井町1635,4,-99,9999
130.7648424,33.86149377,40109,3,99999,03003,北九州市立八幡西図書館,岸の浦2-2-1,3,-99,9999
130.8401071,33.89397517,40105,3,99999,03003,九州工業大学附属図書館,仙水町1-1,0,-99,9999
130.7058196,33.87121831,40109,3,99999,03003,九州共立大学附属図書館,自由ケ丘1-8,4,-99,9999
130.7072455,33.86933935,40109,3,99999,03003,九州女子大学・九州女子短期大学附属図書館,自由ヶ丘1-1,4,-99,9999
130.8789452,33.84483209,40107,3,99999,03003,北九州市立大学図書館,北方4-2-1,0,-99,9999
130.7921359,33.86210767,40108,3,99999,03003,九州国際大学図書館,平野1-6-1,4,-99,9999
130.4732379,33.741238,40223,3,99999,03003,福岡女学院看護大学図書館,千鳥1-1-7,4,-99,9999
130.3803481,33.20342892,40212,3,99999,03003,国際医療福祉大学福岡リハビリテーション学部図書館,榎津137-1,4,-99,9999
130.5362181,33.51372775,40221,3,99999,03003,筑紫女学園大学・短期大学部附属図書館,石坂2-12-1,4,-99,9999
130.6097749,33.79648156,40220,3,99999,03003,日本赤十字九州国際看護大学図書館,アスティ1-1,4,-99,9999
130.5938612,33.81252043,40220,3,99999,03003,福岡教育大学附属図書館（休館中）,赤間文教町1-5,0,-99,9999
130.4764284,33.5218895,40218,3,99999,03003,九州大学附属図書館筑紫図書館,春日公園6-1,0,-99,9999
130.8156407,33.64860389,40206,3,99999,03003,福岡県立大学附属図書館,伊田4395,0,-99,9999
130.8138017,33.65006305,40206,3,99999,03003,福岡県立大学附属図書館看護学部分館,伊田4395,0,-99,9999
130.446689435851,33.6687604956535,40131,3,99999,03003,九州造形短期大学図書館,松香台2-3-2,4,-99,9999
130.4394083,33.69546568,40131,3,99999,03003,福岡工業大学・福岡工業大学短期大学部附属図書館,和白東3-30-1,4,-99,9999
130.4424495,33.53297528,40134,3,99999,03003,福岡女学院大学徳永ヨシ記念図書館,曰佐3-42-1,4,-99,1989
130.367537,33.597931,40133,3,99999,03003,西日本短期大学図書館,福浜1-3-1,4,-99,9999
130.4536671,33.54648629,40132,3,99999,03003,精華女子短期大学附属図書館,南八幡町2-12-1,4,-99,9999
130.4437271,33.67023468,40131,3,99999,03003,九州産業大学図書館,松香台2-3-1,4,-99,9999
130.4379736,33.66564643,40131,3,99999,03003,福岡女子大学附属図書館,香住ヶ丘1-1-1,0,-99,9999
130.4303441,33.56066761,40134,3,99999,03003,九州大学附属図書館芸術工学図書館,塩原4-9-1,0,-99,9999
130.4147713,33.61016083,40131,3,99999,03003,九州大学附属図書館医学図書館,馬出3-1-1,0,-99,9999
130.3646535,33.54881162,40136,3,99999,03003,福岡大学図書館,七隈8-19-1,4,-99,9999
130.35819,33.54672619,40136,3,99999,03003,福岡大学図書館医学部分館,七隈7-45-1,4,-99,9999
130.2178404,33.59588443,40135,3,99999,03003,九州大学附属図書館伊都図書館,元岡744,0,-99,9999
130.4258004,33.62691798,40131,3,99999,03003,九州大学附属図書館中央図書館,箱崎6-10-1,0,-99,9999
130.505780587738,33.2413739650208,40211,3,99999,03003,九州大谷短期大学図書館,蔵数495-1,4,-99,9999
130.973558324523,33.7532139719651,40621,3,99999,03003,西日本工業大学図書館,新津1-1,4,-99,9999
130.6724681,33.65313035,40205,3,99999,03003,九州工業大学附属図書館情報工学部分館,大字川津680-4,0,-99,9999
130.691213683963,33.6286163176406,40205,3,99999,03003,近畿大学九州短期大学図書館,菰田東1-5-30,4,-99,9999
130.715586638206,33.6447074710166,40205,3,99999,03003,近畿大学産業理工学部図書館,柏の森11-6,4,-99,9999
130.507185,33.328247,40203,3,99999,03002,有馬記念館,篠山町444,4,-99,1960
130.6354757,33.31929897,40203,3,99999,03002,久留米市立草野歴史資料館,草野町草野411-1,3,-99,1984
130.6921587,33.86309853,40382,3,99999,03002,水巻町歴史資料館,古賀3-18-1,3,-99,2000
130.394129,33.158547,40207,3,99999,03002,柳川市立歴史民俗資料館,矢留本町40-11,3,-99,1985
130.3778537,33.58728979,40133,3,99999,03146,大濠公園,大濠公園1-2,4,-99,9999
130.7594563,33.67776575,40610,3,99999,03105,Ｂ＆Ｇ海洋センター,神崎1089-80,4,-99,9999
130.5105557,33.5866414,40344,3,99999,03109,あおば会館,上須恵1167-1,3,-99,9999
130.655909262729,33.8934772032617,40381,3,99999,03106,アクアシアン,1455-284,3,-99,9999
130.880661071701,33.8178147827482,40107,3,99999,03107,アドベンチャープール,志井公園2-1,4,-99,9999
130.6037459,33.81712144,40220,3,99999,03135,アメリカンゴルフプラザ宗像,武丸2207,4,-99,9999
130.4222087,33.57758609,40132,3,99999,03135,アメリカンゴルフプラザ美野島,美野島4-1-86,4,-99,9999
130.4929292,33.83116431,40224,3,99999,03102,あんずの里運動公園,勝浦1706-1,4,-99,9999
130.4913308,33.83108039,40224,3,99999,03115,あんずの里運動公園,勝浦1706-1,4,-99,9999
130.4932204,33.82990566,40224,3,99999,03103,あんずの里運動公園,勝浦1706-1,4,-99,9999
130.4932204,33.82998957,40224,3,99999,03104,あんずの里運動公園,勝浦1706-1,4,-99,9999
130.4948901,33.83038937,40224,3,99999,03147,あんずの里運動公園,勝浦1706-1,4,-99,9999
130.480054,33.47052895,40219,3,99999,03142,いこいの森キャンプ場,大字牛頸667-58,4,-99,9999
130.7246029,33.60447841,40227,3,99999,03115,稲築鴨生公園内テニスコート,鴨生418-6,3,-99,9999
130.7242048,33.60513661,40227,3,99999,03104,稲築鴨生公園内運動場,鴨生418-6,3,-99,9999
130.3195917,33.56116186,40135,3,99999,03135,ウエストサイドゴルフ,橋本1-16-1,4,-99,9999
130.6976323,33.86490098,40109,3,99999,03135,ウエストヒルズ折尾,浅川942-30,4,-99,9999
130.7860142,33.33923446,40225,3,99999,03105,うきはアリーナ,浮羽町朝田215,4,-99,9999
130.7870481,33.33944792,40225,3,99999,03109,うきはアリーナ,浮羽町朝田215,4,-99,9999
130.7870481,33.33936849,40225,3,99999,03129,うきはアリーナ,浮羽町朝田215,4,-99,9999
130.786376683963,33.3395223802503,40225,3,99999,03110,うきはアリーナ,浮羽町朝田215,4,-99,9999
130.7863767,33.33959684,40225,3,99999,03111,うきはアリーナ,浮羽町朝田215,4,-99,9999
130.7682946,33.36145083,40225,3,99999,03102,うきは市スポーツアイランド,吉井町千年1166,3,-99,9999
130.7669161,33.36128707,40225,3,99999,03115,うきは市スポーツアイランド,吉井町千年1166,3,-99,9999
130.7670824,33.36214563,40225,3,99999,03104,うきは市スポーツアイランド,吉井町千年1166,3,-99,9999
130.7556141,33.3458702,40225,3,99999,03109,うきは市吉井体育センター,吉井町983-120,3,-99,9999
130.7558993,33.34714089,40225,3,99999,03115,うきは市吉井体育センター,吉井町983-120,3,-99,9999
130.7232705,33.35200104,40225,3,99999,03104,うきは市船越運動公園,吉井町長栖18-1,3,-99,9999
130.8274891,33.34060731,40225,3,99999,03112,うきは市大春トリムセンター,浮羽町山北783,3,-99,9999
130.8271385,33.34085551,40225,3,99999,03104,うきは市大春トリムセンター,浮羽町山北783,3,-99,9999
130.7900132,33.33082352,40225,3,99999,03102,うきは市浮羽体育センター,浮羽町朝田421-1,3,-99,9999
130.7900547,33.33012344,40225,3,99999,03115,うきは市浮羽体育センター,浮羽町朝田421-1,3,-99,9999
130.5231633,33.30576131,40203,3,99999,03109,えーるピア久留米体育館,諏訪野町1830-6,3,4,9999
130.5231663,33.30568434,40203,3,99999,03120,えーるピア久留米体育館,諏訪野町1830-6,3,4,9999
130.524801,33.62598469,40342,3,99999,03129,オアシス篠栗,大字田中1-1,4,2,9999
130.524801,33.625861,40342,3,99999,03132,オアシス篠栗,大字田中1-1,4,2,9999
130.8444321,33.74158712,40107,3,99999,03109,かぐめよし自然の家,大字頂吉451-1,4,-99,1972
130.8439865,33.74198241,40107,3,99999,03128,かぐめよし自然の家,大字頂吉451-1,4,-99,1972
130.4932045,33.84542745,40220,3,99999,03123,カナディアンキャンプ乗馬クラブ,神湊44-1,4,-99,9999
130.5195598,33.61168787,40342,3,99999,03104,カブトの森公園,大字若杉1091,3,-99,9999
130.5195598,33.61153943,40342,3,99999,03103,カブトの森公園,大字若杉1091,3,-99,9999
130.5195598,33.6112623,40342,3,99999,03138,カブトの森公園,大字若杉1091,3,-99,9999
130.5195598,33.61111387,40342,3,99999,03146,カブトの森公園,大字若杉1091,3,-99,9999
130.5195598,33.61140086,40342,3,99999,03101,カブトの森公園,大字若杉1091,3,-99,9999
130.5166483,33.61069819,40342,3,99999,03115,カブトの森公園,大字若杉1091,3,-99,9999
130.5176703,33.61142067,40342,3,99999,03102,カブトの森公園,大字若杉1091,3,-99,9999
130.7372401,33.22387218,40210,3,99999,03142,きのこ村キャンプ場,黒木町笠原8858-1,3,-99,9999
130.6822568,33.1824542,40210,3,99999,03115,くつろぎの森・グリーンピア八女,黒木町木屋10905,4,-99,9999
130.6814605,33.1828023,40210,3,99999,03104,くつろぎの森・グリーンピア八女,黒木町木屋10905,4,-99,9999
130.6814683,33.18266929,40210,3,99999,03102,くつろぎの森・グリーンピア八女,黒木町木屋10905,4,-99,9999
130.6792814,33.18294929,40210,3,99999,03103,くつろぎの森・グリーンピア八女,黒木町木屋10905,4,-99,9999
130.6814724,33.1825437,40210,3,99999,03138,くつろぎの森・グリーンピア八女,黒木町木屋10905,4,-99,9999
130.6808901,33.18447321,40210,3,99999,03109,くつろぎの森・グリーンピア八女,黒木町木屋10905,4,-99,9999
130.6808901,33.18439364,40210,3,99999,03120,くつろぎの森・グリーンピア八女,黒木町木屋10905,4,-99,9999
130.6791313,33.1825437,40210,3,99999,03107,くつろぎの森・グリーンピア八女,黒木町木屋10905,4,-99,9999
130.6817279,33.18131036,40210,3,99999,03143,くつろぎの森・グリーンピア八女,黒木町木屋10905,4,-99,9999
130.6825242,33.1817231,40210,3,99999,03127,くつろぎの森・グリーンピア八女,黒木町木屋10905,4,-99,9999
130.682625147178,33.1810765762695,40210,3,99999,03121,くつろぎの森・グリーンピア八女,黒木町木屋10905,4,-99,9999
130.4832557,33.6431806,40131,3,99999,03102,クリーンパーク・東部運動広場,蒲田1-23,3,-99,9999
130.4832557,33.64307179,40131,3,99999,03104,クリーンパーク・東部運動広場,蒲田1-23,3,-99,9999
130.4851042,33.64410862,40131,3,99999,03115,クリーンパーク・東部余熱利用センターテニスコート,蒲田5-11-1,3,-99,9999
130.4188822,33.63775552,40131,3,99999,03102,クリーンパーク・臨海運動広場,箱崎ふ頭4-13-42,3,-99,9999
130.4189475,33.63868556,40131,3,99999,03146,クリーンパーク・臨海運動広場,箱崎ふ頭4-13-42,3,-99,9999
130.4277629,33.42974954,40305,3,99999,03142,グリーンピアなかがわ,大字五ケ山870-2,4,-99,9999
130.6881875,33.57200575,40421,3,99999,03138,ゲートボール場,大字土師2003,3,-99,9999
130.9208396,33.69887127,40625,3,99999,03138,ゲートボール場,勝山上田976,3,-99,9999
130.680519,33.84567607,40384,3,99999,03138,ゲートボール場（総合運動公園）,大字広渡23-6,3,-99,9999
130.44014,33.69851027,40131,3,99999,03109,コミセンわじろ,和白丘1-22-27,4,5,9999
130.44014,33.698446,40131,3,99999,03129,コミセンわじろ,和白丘1-22-27,4,5,9999
130.4388395,33.67816829,40131,3,99999,03120,ゴルフレンジカクショー,唐原4-8-20,4,-99,9999
130.4388217,33.67844025,40131,3,99999,03135,ゴルフレンジカクショー,唐原4-8-20,4,-99,9999
130.205243,33.534643,40230,3,99999,03134,ザ・クイーンズヒルゴルフクラブ,富838,4,-99,1992
130.2032049,33.53436068,40230,3,99999,03135,ザ・クイーンズヒルゴルフクラブ,富838,4,-99,1992
130.6808594,33.36042573,40225,3,99999,03144,サイクリングロード,吉井町桜井～合川町,3,-99,9999
130.2603642,33.57742441,40135,3,99999,03109,さいとぴあ（福岡市西部地域交流センター）,大字女原607-1,4,3,9999
130.2603642,33.5773353,40135,3,99999,03129,さいとぴあ（福岡市西部地域交流センター）,大字女原607-1,4,3,9999
130.7153837,33.85350218,40109,3,99999,03104,さつき台中央公園,大字折尾,3,-99,9999
130.4215612,33.65333713,40131,3,99999,03101,さわやかスポーツ広場,香椎浜ふ頭1-2-2（香椎パークポート緑地内）,4,-99,9999
130.4509387,33.05515068,40202,3,99999,03109,サン・アビリティーズおおむた,大字手鎌1380-3,4,-99,9999
130.4509387,33.05510088,40202,3,99999,03120,サン・アビリティーズおおむた,大字手鎌1380-3,4,-99,9999
130.4509387,33.0550461,40202,3,99999,03132,サン・アビリティーズおおむた,大字手鎌1380-3,4,-99,9999
130.4509387,33.05500127,40202,3,99999,03111,サン・アビリティーズおおむた,大字手鎌1380-3,4,-99,9999
130.4509387,33.05495147,40202,3,99999,03113,サン・アビリティーズおおむた,大字手鎌1380-3,4,-99,9999
130.4749993,33.77107736,40224,3,99999,03109,サンピア福岡,西福間4-4-1,4,-99,9999
130.4759441,33.77206029,40224,3,99999,03102,サンピア福岡,西福間4-4-1,4,-99,9999
130.4749993,33.77101809,40224,3,99999,03120,サンピア福岡,西福間4-4-1,4,-99,9999
130.4750053,33.77018828,40224,3,99999,03115,サンピア福岡,西福間4-4-1,4,-99,9999
130.4760154,33.77013889,40224,3,99999,03135,サンピア福岡,西福間4-4-1,4,-99,9999
130.473632644336,33.7701685310607,40224,3,99999,03107,サンピア福岡,西福間4-4-1,4,-99,9999
130.474108,33.77181826,40224,3,99999,03104,サンピア福岡,西福間4-4-1,4,-99,9999
130.5241151,33.30568803,40203,3,99999,03129,サンライフ久留米,諏訪野町2363-9,4,-99,9999
130.4810013,33.60964839,40349,3,99999,03132,サンレイクかすや（粕屋町立生涯学習センター）,駕与丁1-6-1,3,-99,9999
130.4801101,33.60902486,40349,3,99999,03115,サンレイクかすや（粕屋町立生涯学習センター）,駕与丁1-6-1,3,-99,9999
130.3532537,33.5949794,40133,3,99999,03148,シーサイドももち海浜公園,地行浜2～4、福岡市早良区百道浜2～4,3,-99,9999
130.4874623,33.59110586,40343,3,99999,03103,シーメイト,大字志免451-1,3,-99,2004
130.4874623,33.59104868,40343,3,99999,03102,シーメイト,大字志免451-1,3,-99,2004
130.4874637,33.59097995,40343,3,99999,03138,シーメイト,大字志免451-1,3,-99,2004
130.4874637,33.59091561,40343,3,99999,03104,シーメイト,大字志免451-1,3,-99,2004
130.7117686,33.81269509,40215,3,99999,03115,ジョイパルなかま庭球場,中間2-3433-1,3,-99,9999
130.2633065,33.58212994,40135,3,99999,03136,スポルト福岡,横浜1-43,4,-99,9999
130.6098354,33.50487918,40217,3,99999,03134,セントラル福岡ゴルフ倶楽部,山家屏風谷429-9,4,-99,9999
130.847709,33.57502676,40602,3,99999,03102,そえだサンスポーツランド,大字庄952,3,-99,9999
130.8482557,33.57400692,40602,3,99999,03104,そえだサンスポーツランド,大字庄952,3,-99,9999
130.8482557,33.57407622,40602,3,99999,03101,そえだサンスポーツランド,大字庄952,3,-99,9999
130.8485456,33.57358983,40602,3,99999,03109,そえだドーム,大字庄942-9,3,-99,9999
130.8485456,33.57352052,40602,3,99999,03116,そえだドーム,大字庄942-9,3,-99,9999
130.8485456,33.57345121,40602,3,99999,03138,そえだドーム,大字庄942-9,3,-99,9999
130.8020177,33.80500681,40108,3,99999,03109,たしろ少年自然の家,田代町9-30,3,-99,1976
130.8023564,33.80520924,40108,3,99999,03128,たしろ少年自然の家,田代町9-30,3,-99,1976
130.5624012,33.38782592,40216,3,99999,03104,たなばた地域運動広場,大崎145,3,-99,9999
130.5623952,33.38771677,40216,3,99999,03102,たなばた地域運動広場,大崎145,3,-99,9999
130.5623893,33.38760266,40216,3,99999,03103,たなばた地域運動広場,大崎145,3,-99,9999
130.4804956,33.49667468,40219,3,99999,03104,つつじヶ丘近隣公園（多目的グラウンド）,つつじヶ丘3,4,-99,9999
130.8487738,33.42494569,40448,3,99999,03142,つづみの里・ポーン太の森キャンプ場,大字小石原鼓1633,3,-99,9999
130.5093728,33.75264098,40224,3,99999,03138,なまずの郷（福津市総合運動公園）,上西郷779-1,4,-99,9999
130.5099075,33.75261876,40224,3,99999,03115,なまずの郷（福津市総合運動公園）,上西郷779-1,4,-99,9999
130.5109177,33.75353274,40224,3,99999,03102,なまずの郷（福津市総合運動公園）,上西郷779-1,4,-99,9999
130.5098303,33.75209506,40224,3,99999,03118,なまずの郷（福津市総合運動公園）,上西郷779-1,4,-99,9999
130.5094025,33.75245077,40224,3,99999,03117,なまずの郷（福津市総合運動公園）,上西郷779-1,4,-99,9999
130.5112682,33.75507414,40224,3,99999,03103,なまずの郷（福津市総合運動公園）,上西郷779-1,4,-99,9999
130.5091291,33.75219881,40224,3,99999,03121,なまずの郷（福津市総合運動公園）,上西郷779-1,4,-99,9999
130.5085468,33.7524557,40224,3,99999,03122,なまずの郷（福津市総合運動公園）,上西郷779-1,4,-99,9999
130.5112564,33.75490617,40224,3,99999,03104,なまずの郷（福津市総合運動公園）,上西郷779-1,4,-99,9999
130.5101868,33.75525198,40224,3,99999,03146,なまずの郷（福津市総合運動公園）,上西郷779-1,4,-99,9999
130.5372322,33.48629727,40217,3,99999,03136,ナムコワンダーボウル筑紫野店,針摺東3-1-8（ゆめタウン筑紫野新館2F）,4,-99,9999
130.300799,33.63393701,40135,3,99999,03102,のこのしまアイランドパーク,能古島,4,-99,9999
130.300799,33.63384302,40135,3,99999,03103,のこのしまアイランドパーク,能古島,4,-99,9999
130.300799,33.63376386,40135,3,99999,03104,のこのしまアイランドパーク,能古島,4,-99,9999
130.5456629,33.43790485,40216,3,99999,03109,のぞみが丘小学校,希みが丘5-2-17,3,-99,9999
130.5461739,33.43753297,40216,3,99999,03104,のぞみが丘小学校,希みが丘5-2-17,3,-99,9999
130.4171519,33.60142559,40132,3,99999,03120,パピオボウル,千代1-15-30（パピオ内）,4,4,9999
130.4171519,33.60134641,40132,3,99999,03136,パピオボウル,千代1-15-30（パピオ内）,4,4,9999
130.4171519,33.60127217,40132,3,99999,03124,パピオボウル,千代1-15-30（パピオ内）,4,4,9999
130.383928,33.52356901,40134,3,99999,03143,ビートルズトレイル（自然観察の森連絡遊歩道）,桧原,3,-99,9999
130.7846166,33.92136948,40103,3,99999,03104,ひびきコスモス運動場,向洋町15-1,4,-99,9999
130.705469,33.888994,40103,3,99999,03104,ひびきの南公園,小敷ひびきの3-1,3,-99,9999
130.7304024,33.92980842,40103,3,99999,03138,ひびき海の公園,安屋3710,3,-99,9999
130.3591965,33.59492723,40133,3,99999,03105,ヒルトン福岡シーホーク,地行浜2-2-3,4,-99,9999
130.3591965,33.59484804,40133,3,99999,03129,ヒルトン福岡シーホーク,地行浜2-2-3,4,-99,9999
130.4562471,33.52669578,40218,3,99999,03105,プール,大谷6-28,4,-99,9999
130.1576504,33.48087045,40230,3,99999,03147,フォレストアドベンチャー・糸島,二丈一貴山312-390（樋の口ハイランド内）,4,-99,9999
130.4642548,33.54539243,40132,3,99999,03136,フラワーボウル,銀天町3-5-15,4,-99,9999
130.7615349,33.67913776,40610,3,99999,03104,ふれあいスポーツ公園多目的広場,神崎1098-1,3,-99,9999
130.761523,33.67904066,40610,3,99999,03103,ふれあいスポーツ公園多目的広場,神崎1098-1,3,-99,9999
130.573274,33.87562,40383,3,99999,03102,ふれあいスポーツ広場,大字原870,3,-99,9999
130.552172,33.83150136,40220,3,99999,03102,ふれあいの森総合公園,山田1619-8,4,-99,9999
130.5521601,33.83133354,40220,3,99999,03103,ふれあいの森総合公園,山田1619-8,4,-99,9999
130.5508053,33.83120522,40220,3,99999,03143,ふれあいの森総合公園,山田1619-8,4,-99,9999
130.5521601,33.83115584,40220,3,99999,03104,ふれあいの森総合公園,山田1619-8,4,-99,9999
130.5508291,33.83088932,40220,3,99999,03147,ふれあいの森総合公園,山田1619-8,4,-99,9999
130.4668089,33.78763045,40224,3,99999,03138,ふれあいの里・シルバーパーク（宮の元公園）,津屋崎3-4-1,4,-99,9999
130.4672605,33.78792675,40224,3,99999,03117,ふれあいの里・シルバーパーク（宮の元公園）,津屋崎3-4-1,4,-99,9999
130.5217833,33.1231496,40229,3,99999,03104,ふれあい公園,山川町立山1444-6,3,-99,9999
130.4021408,33.60731202,40132,3,99999,03109,マリンメッセ福岡,沖浜町7-1,4,4,9999
130.5198794,33.76513157,40224,3,99999,03115,みずがめの郷（久末総合公園）,久末86-6,4,-99,9999
130.5190178,33.76621831,40224,3,99999,03102,みずがめの郷（久末総合公園）,久末86-6,4,-99,9999
130.5202002,33.76660854,40224,3,99999,03146,みずがめの郷（久末総合公園）,久末86-6,4,-99,9999
130.4669436,33.25186499,40203,3,99999,03109,みづま総合体育館,三潴町玉満2593-1,4,2,9999
130.4669436,33.25180536,40203,3,99999,03120,みづま総合体育館,三潴町玉満2593-1,4,2,9999
130.4669436,33.25173579,40203,3,99999,03129,みづま総合体育館,三潴町玉満2593-1,4,-99,9999
130.95621,33.50935609,40625,3,99999,03142,みやこ町営蛇渕キャンプ場,犀川帆柱969-1,4,-99,9999
130.9538625,33.64342929,40625,3,99999,03105,みやこ町犀川Ｂ＆Ｇ海洋センター,犀川末江255-1,4,-99,9999
130.9532504,33.6433452,40625,3,99999,03109,みやこ町犀川Ｂ＆Ｇ海洋センター,犀川末江255-1,4,-99,9999
130.940391,33.64752443,40625,3,99999,03106,みやこ町犀川プール,犀川本庄258-1,3,-99,9999
130.9526956,33.64549334,40625,3,99999,03104,みやこ町犀川運動公園,犀川末江500-3,3,-99,9999
130.9526897,33.64539441,40625,3,99999,03103,みやこ町犀川運動公園,犀川末江500-3,3,-99,9999
130.9526897,33.64529548,40625,3,99999,03102,みやこ町犀川運動公園,犀川末江500-3,3,-99,9999
130.953287,33.644242,40625,3,99999,03102,みやこ町犀川運動公園野球場,犀川末江259,3,-99,9999
130.9431245,33.64849503,40625,3,99999,03109,みやこ町犀川体育館,犀川本庄641-1,3,-99,9999
130.9431245,33.648406,40625,3,99999,03129,みやこ町犀川体育館,犀川本庄641-1,3,-99,9999
130.941018,33.642808,40625,3,99999,03104,みやこ町犀川本庄グラウンド,犀川本庄1095,3,-99,9999
130.8939896,33.70324639,40625,3,99999,03102,みやこ町勝山運動公園,勝山宮原378-1,3,-99,9999
130.8950116,33.70282621,40625,3,99999,03115,みやこ町勝山運動公園,勝山宮原378-1,3,-99,9999
130.9212911,33.69942989,40625,3,99999,03109,みやこ町勝山体育館,勝山上田976,3,2,9999
130.9212911,33.69932113,40625,3,99999,03112,みやこ町勝山体育館,勝山上田976,3,2,9999
130.9789595,33.6840085,40625,3,99999,03105,みやこ町豊津Ｂ＆Ｇ海洋センター,国分636,4,-99,9999
130.9793694,33.68416178,40625,3,99999,03109,みやこ町豊津Ｂ＆Ｇ海洋センター,国分636,4,-99,9999
130.9793694,33.68408761,40625,3,99999,03115,みやこ町豊津Ｂ＆Ｇ海洋センター,国分636,4,-99,9999
130.972481,33.670979,40625,3,99999,03102,みやこ町豊津グラウンド,豊津1113,3,-99,9999
130.978748919813,33.6841561115421,40625,3,99999,03129,みやこ町豊津運動公園トレーニングセンター,国分652-1,3,-99,9999
130.9745563,33.67062763,40625,3,99999,03109,みやこ町豊津体育館,豊津1099-1,3,-99,9999
130.9745563,33.6705584,40625,3,99999,03120,みやこ町豊津体育館,豊津1099-1,3,-99,9999
130.977641,33.683202,40625,3,99999,03101,みやこ町豊津陸上競技場,国分1205,3,-99,9999
130.4297355,33.50716555,40305,3,99999,03105,ミリカローデン那珂川,仲2-5-1,4,-99,9999
130.4297355,33.50710114,40305,3,99999,03129,ミリカローデン那珂川,仲2-5-1,4,-99,9999
130.4297355,33.50703673,40305,3,99999,03132,ミリカローデン那珂川,仲2-5-1,4,-99,9999
130.6537361,33.77252661,40402,3,99999,03134,ムーンレイクゴルフクラブ（鞍手コース）,八尋1331,4,-99,9999
130.3476832,33.58223128,40137,3,99999,03109,ももち体育館,百道2-3-15,4,-99,9999
130.3476832,33.58217684,40137,3,99999,03110,ももち体育館,百道2-3-15,4,-99,9999
130.3476832,33.58213229,40137,3,99999,03111,ももち体育館,百道2-3-15,4,-99,9999
130.3476832,33.58208278,40137,3,99999,03113,ももち体育館,百道2-3-15,4,-99,9999
130.3476832,33.58203328,40137,3,99999,03132,ももち体育館,百道2-3-15,4,-99,9999
130.3475703,33.58216198,40137,3,99999,03129,ももち体育館,百道2-3-15,4,-99,9999
130.3475703,33.58210258,40137,3,99999,03120,ももち体育館,百道2-3-15,4,-99,9999
130.3475703,33.58204318,40137,3,99999,03121,ももち体育館,百道2-3-15,4,-99,9999
130.3968088,33.5894135,40133,3,99999,03136,ラウンドワン福岡天神店,天神2-6-12,4,-99,9999
130.5157554,33.33058633,40203,3,99999,03102,リバーサイドパークソフトボール場,東櫛原町,4,-99,9999
130.4683502,33.30342934,40203,3,99999,03103,リバーサイドパーク多目的広場（安武）,安武町武島字ホロメカシ2239-1地先,4,-99,9999
130.4723313,33.30313137,40203,3,99999,03104,リバーサイドパーク多目的広場（安武）,安武町武島字ホロメカシ2239-1地先,4,-99,9999
130.5170088,33.33025805,40203,3,99999,03102,リバーサイドパーク多目的広場（東櫛原）,東櫛原町字こくう蔵2840-1地先,4,-99,9999
130.5257317,33.32706079,40203,3,99999,03103,リバーサイドパーク多目的広場（東櫛原）,東櫛原町字こくう蔵2840-1地先,4,-99,9999
130.5136338,33.33091332,40203,3,99999,03104,リバーサイドパーク多目的広場（東櫛原）,東櫛原町字こくう蔵2840-1地先,4,-99,9999
130.4817672,33.30321083,40203,3,99999,03102,リバーサイドパーク多目的広場（梅満）,安武町武島字ホロメカシ2239-1地先,4,-99,9999
130.4817434,33.30302213,40203,3,99999,03104,リバーサイドパーク多目的広場（梅満）,安武町武島字ホロメカシ2239-1地先,4,-99,9999
130.535035,33.074178,40202,3,99999,03109,リフレスおおむた,大字四ケ1221,4,2,9999
130.5353262,33.07364522,40202,3,99999,03142,リフレスおおむた,大字四ケ1221,4,2,9999
130.4933461,33.77316682,40224,3,99999,03147,わかたけ広場,手光2320,4,-99,9999
130.4933729,33.77254941,40224,3,99999,03127,わかたけ広場,手光2320,4,-99,9999
130.4926242,33.77364099,40224,3,99999,03142,わかたけ広場キャンプ場,手光2320,4,-99,9999
130.3335709,33.5962152,40135,3,99999,03104,愛宕浜中央公園,愛宕浜3,4,-99,9999
130.3335709,33.59615088,40135,3,99999,03102,愛宕浜中央公園,愛宕浜3,4,-99,9999
130.3334372,33.59551983,40135,3,99999,03103,愛宕浜中央公園,愛宕浜3,4,-99,9999
130.3334402,33.59546044,40135,3,99999,03138,愛宕浜中央公園,愛宕浜3,4,-99,9999
130.4835965,33.51087529,40219,3,99999,03115,旭ヶ丘テニスコート,旭ケ丘1-12-27,4,-99,9999
130.5115563,33.32414353,40203,3,99999,03115,旭町テニスコート,小森野町2551-5(東櫛原町),4,-99,9999
130.659905,33.89199489,40381,3,99999,03121,芦屋町弓道場,大字芦屋3786,3,-99,9999
130.6664505,33.89227374,40381,3,99999,03109,芦屋町小体育館,中ノ浜12-23,3,-99,9999
130.6762266,33.90063882,40381,3,99999,03104,芦屋町総合運動公園,山鹿239,3,-99,9999
130.6762266,33.90054018,40381,3,99999,03103,芦屋町総合運動公園,山鹿239,3,-99,9999
130.6762266,33.90044645,40381,3,99999,03102,芦屋町総合運動公園,山鹿239,3,-99,9999
130.6768029,33.90202957,40381,3,99999,03109,芦屋町総合運動公園,山鹿239,3,-99,9999
130.6768029,33.90196051,40381,3,99999,03129,芦屋町総合運動公園,山鹿239,3,-99,9999
130.6768029,33.90189148,40381,3,99999,03120,芦屋町総合運動公園,山鹿239,3,-99,9999
130.6768029,33.90181751,40381,3,99999,03132,芦屋町総合運動公園,山鹿239,3,-99,9999
130.6756443,33.89793123,40381,3,99999,03115,芦屋町総合運動公園,山鹿239,3,-99,9999
130.6665252,33.89282254,40381,3,99999,03112,芦屋町武道館,中ノ浜10-13,3,-99,9999
130.5928383,33.46032941,40447,3,99999,03138,安の里公園,篠隈673-1,3,-99,9999
130.6694949,33.45111982,40228,3,99999,03104,安川体育センター,楢原22,3,-99,9999
130.4318348,33.49552682,40305,3,99999,03115,安徳テニスコート,上梶原1-2-1,3,-99,9999
130.4311604,33.51776294,40305,3,99999,03104,安徳公園,今光4,3,-99,9999
130.4323801,33.50998387,40305,3,99999,03109,安徳小学校,松木2-134,3,-99,9999
130.4324751,33.51050407,40305,3,99999,03104,安徳小学校,松木2-134,3,-99,9999
130.4339937,33.49596928,40305,3,99999,03109,安徳南小学校,上梶原1-1-1,3,-99,9999
130.4335778,33.49623686,40305,3,99999,03104,安徳南小学校,上梶原1-1-1,3,-99,9999
130.4284282,33.51433472,40305,3,99999,03109,安徳北小学校,五郎丸1-11,3,-99,9999
130.4291293,33.51389877,40305,3,99999,03104,安徳北小学校,五郎丸1-11,3,-99,9999
130.4765517,33.29211998,40203,3,99999,03104,安武小学校,安武町武島776-1,3,-99,9999
130.4772172,33.29228389,40203,3,99999,03109,安武小学校,安武町武島776-1,3,-99,9999
130.693197850467,33.7923611902975,40402,3,99999,03106,鞍手総合プール,大字小牧2099-2,3,-99,9999
130.6923652,33.79112821,40402,3,99999,03104,鞍手町民グラウンド,大字小牧2226,3,-99,9999
130.6923652,33.79103932,40402,3,99999,03102,鞍手町民グラウンド,大字小牧2226,3,-99,9999
130.6923652,33.79095043,40402,3,99999,03103,鞍手町民グラウンド,大字小牧2226,3,-99,9999
130.6916581,33.79072822,40402,3,99999,03115,鞍手町立テニス場,大字小牧2226,3,-99,9999
130.6941413,33.7913479,40402,3,99999,03121,鞍手町立弓道場,大字小牧2104-2,3,-99,9999
130.6935947,33.79122444,40402,3,99999,03109,鞍手町立体育館,大字小牧2104-1,3,-99,9999
130.6935947,33.79114049,40402,3,99999,03120,鞍手町立体育館,大字小牧2104-1,3,-99,9999
130.6744563,33.81932167,40402,3,99999,03102,鞍手町立浮洲公園,大字木月578,3,-99,9999
130.6744504,33.8191637,40402,3,99999,03104,鞍手町立浮洲公園,大字木月578,3,-99,9999
130.6939837,33.79168351,40402,3,99999,03110,鞍手町立武道館,大字小牧2105,3,-99,9999
130.6939837,33.79163412,40402,3,99999,03111,鞍手町立武道館,大字小牧2105,3,-99,9999
130.6939837,33.79157487,40402,3,99999,03132,鞍手町立武道館,大字小牧2105,3,-99,9999
130.690941,33.79190814,40402,3,99999,03102,鞍手町立野球場,小牧2226,3,-99,9999
130.1782584,33.48250846,40230,3,99999,03142,伊都乃国白糸ファミリーオートキャンプ場,白糸257-113,4,-99,9999
130.2048769,33.56101022,40230,3,99999,03109,伊都文化会館,前原東2-2-7,4,-99,9999
130.2048769,33.56095576,40230,3,99999,03132,伊都文化会館,前原東2-2-7,4,-99,9999
130.2048769,33.56090129,40230,3,99999,03120,伊都文化会館,前原東2-2-7,4,-99,9999
130.2048769,33.56084187,40230,3,99999,03110,伊都文化会館,前原東2-2-7,4,-99,9999
130.9521052,33.56004227,40625,3,99999,03106,伊良原河川プール,犀川伊良原2076-2,3,-99,9999
130.4709639,33.51488589,40218,3,99999,03104,位瀬（くらいせ）多目的広場,春日5-67,3,-99,9999
130.4709758,33.51471743,40218,3,99999,03102,位瀬（くらいせ）多目的広場,春日5-67,3,-99,9999
130.2916478,33.68045568,40131,3,99999,03102,一般財団法人休暇村協会休暇村志賀島,青葉4地内,4,-99,9999
130.291737,33.68119242,40131,3,99999,03115,一般財団法人休暇村協会休暇村志賀島,青葉4地内,4,-99,9999
130.2887969,33.68065248,40131,3,99999,03104,一般財団法人休暇村協会休暇村志賀島,青葉4地内,4,-99,9999
130.291649,33.68032019,40131,3,99999,03103,一般財団法人休暇村協会休暇村志賀島,青葉4地内,4,-99,9999
130.2890155,33.68250371,40131,3,99999,03107,一般財団法人休暇村協会休暇村志賀島,青葉4地内,4,-99,9999
130.2881706,33.68214376,40131,3,99999,03148,一般財団法人休暇村協会休暇村志賀島,青葉4地内,4,-99,9999
130.290078,33.68290024,40131,3,99999,03143,一般財団法人休暇村協会休暇村志賀島,青葉4地内,4,-99,9999
130.7149487,33.60096656,40227,3,99999,03106,稲築プール,口春645,3,-99,9999
130.7289226,33.59065191,40227,3,99999,03103,稲築屋内球技場,岩崎65,3,-99,9999
130.7088395,33.60887456,40227,3,99999,03115,稲築山野運動公園内テニスコート,山野2009-1,3,-99,9999
130.7083285,33.60738004,40227,3,99999,03102,稲築山野運動公園内野球場,山野2009-1,3,-99,9999
130.7187885,33.59870346,40227,3,99999,03104,稲築多目的運動広場,岩崎1152-2,3,-99,9999
130.7382812,33.59721464,40227,3,99999,03104,稲築町制４０周年記念運動公園,岩崎65,3,-99,9999
130.1429752,33.56619753,40230,3,99999,03115,引津運動公園,志摩御床2211,3,-99,9999
130.1427257,33.56565785,40230,3,99999,03102,引津運動公園,志摩御床2211,3,-99,9999
130.1422206,33.56602919,40230,3,99999,03117,引津運動公園,志摩御床2211,3,-99,9999
130.524802,33.567734,40341,3,99999,03109,宇美勤労者体育センター,若草2-1-2,3,-99,9999
130.5397472,33.56278743,40341,3,99999,03102,宇美町原の前スポーツ公園,障子岳南2-20-1,3,-99,9999
130.5404662,33.56197046,40341,3,99999,03104,宇美町原の前スポーツ公園,障子岳南2-20-1,3,-99,9999
130.5409059,33.56172783,40341,3,99999,03138,宇美町原の前スポーツ公園,障子岳南2-20-1,3,-99,9999
130.5146851,33.57284341,40341,3,99999,03109,宇美町住民福祉センター,平和1-1-1,3,-99,9999
130.5146851,33.57275925,40341,3,99999,03120,宇美町住民福祉センター,平和1-1-1,3,-99,9999
130.5289136,33.55704801,40341,3,99999,03101,宇美町総合スポーツ公園,ゆりが丘1-2-1,3,-99,9999
130.51309,33.56706866,40341,3,99999,03110,宇美町立武道館,宇美5-7-1,3,-99,9999
130.51309,33.56699934,40341,3,99999,03111,宇美町立武道館,宇美5-7-1,3,-99,9999
130.5155757,33.57393594,40341,3,99999,03104,宇美町林崎運動公園,平和2-17-1,3,-99,9999
130.515344,33.57476269,40341,3,99999,03115,宇美町林崎運動公園,平和2-17-1,3,-99,9999
130.5279844,33.55596043,40341,3,99999,03109,宇美南町民センター,ゆりが丘1-3-1,3,2,9999
130.7034349,33.57387926,40227,3,99999,03104,碓井グラウンド,下臼井1041,3,-99,9999
130.7138776,33.55322881,40227,3,99999,03138,碓井屋内ゲートボール場,光代1097,3,-99,9999
130.5392662,33.28274645,40203,3,99999,03102,浦山公園グラウンド,上津町池田1320-58,4,-99,9999
130.5392657,33.28263797,40203,3,99999,03104,浦山公園グラウンド,上津町池田1320-58,4,-99,9999
130.617589,33.39268951,40503,3,99999,03104,運動公園,大字本郷4120-1,3,-99,9999
130.6161731,33.39275409,40503,3,99999,03115,運動公園,大字本郷4120-1,3,-99,9999
130.6175831,33.39259018,40503,3,99999,03102,運動公園,大字本郷4120-1,3,-99,9999
130.6164289,33.39207358,40503,3,99999,03138,運動公園,大字本郷4120-1,3,-99,9999
130.6998873,33.69832539,40401,3,99999,03104,運動公園グランド,大字勝野1757-1,3,-99,9999
130.7214912,33.83900436,40109,3,99999,03104,永犬丸の森公園,永犬丸,3,-99,9999
130.7342847,33.84431499,40109,3,99999,03104,永犬丸中央公園,北筑1,3,-99,9999
130.7233954,33.67742141,40205,3,99999,03102,頴田グラウンド,鹿毛馬2288,3,-99,9999
130.7225288,33.67790192,40205,3,99999,03115,頴田テニスコート,鹿毛馬2288,3,-99,9999
130.723153,33.678725,40205,3,99999,03102,頴田野球場,鹿毛馬2323-1,3,-99,9999
130.9079903,33.48930243,40602,3,99999,03115,英彦山レクリエーションセンターテニスコート,大字英彦山127,3,-99,9999
130.9087146,33.49056618,40602,3,99999,03109,英彦山勤労者体育館,大字英彦山233-5,4,-99,9999
130.9237599,33.48882867,40602,3,99999,03109,英彦山青年の家体育館,大字英彦山32-18,4,3,9999
130.9137885,33.48849256,40602,3,99999,03142,英彦山野営場,大字英彦山32-16,4,-99,9999
130.438002,33.600394,40132,3,99999,03102,榎田中央公園野球場,大字堅粕字坪ノ口,4,-99,9999
130.906544,33.89376589,40106,3,99999,03104,延命寺臨海公園,赤坂海岸1,3,-99,9999
130.6483703,33.88965424,40220,3,99999,03144,遠賀宗像自転車道,から芦屋町,3,-99,9999
130.7078,33.815542,40215,3,99999,03104,遠賀川河川敷グランド,中間,3,-99,9999
130.6881606,33.64471921,40205,3,99999,03144,遠賀川河川敷サイクリング道路飯塚直方自転車,新立岩,3,-99,9999
130.686074,33.650387,40205,3,99999,03104,遠賀川河川敷運動広場,立岩585,3,-99,9999
130.7306138,33.73976083,40205,3,99999,03144,遠賀川河川敷公園サイクリングロード,新立岩～直方市溝堀,3,-99,9999
130.676132,33.866848,40384,3,99999,03137,遠賀川漕艇場,大字島津339-1,3,-99,9999
130.679814,33.84746234,40384,3,99999,03104,遠賀総合運動公園,大字広渡23-6,4,-99,9999
130.677663,33.84668259,40384,3,99999,03115,遠賀総合運動公園,大字広渡23-6,4,-99,9999
130.6784117,33.84709712,40384,3,99999,03118,遠賀総合運動公園,大字広渡23-6,4,-99,9999
130.6807529,33.84573507,40384,3,99999,03138,遠賀総合運動公園,大字広渡23-6,4,-99,9999
130.6807648,33.84607065,40384,3,99999,03121,遠賀総合運動公園,大字広渡23-6,4,-99,9999
130.679814,33.84729451,40384,3,99999,03102,遠賀総合運動公園,大字広渡23-6,4,-99,9999
130.6798972,33.84474804,40384,3,99999,03103,遠賀総合運動公園,大字広渡23-6,4,-99,9999
130.6807369,33.8465519,40384,3,99999,03109,遠賀体育センター,大字広渡1412-2,4,-99,9999
130.680731,33.84647293,40384,3,99999,03120,遠賀体育センター,大字広渡1412-2,4,-99,9999
130.680731,33.84638904,40384,3,99999,03129,遠賀体育センター,大字広渡1412-2,4,-99,9999
130.6566768,33.84851354,40384,3,99999,03109,遠賀第一町民体育館,大字別府50-2,3,-99,9999
130.6555258,33.8564898,40384,3,99999,03109,遠賀第二町民体育館,大字尾崎1440-1,3,-99,9999
130.6655522,33.83278788,40384,3,99999,03138,遠賀町ふれあいの里,浅木2-31-1,3,-99,9999
130.6655522,33.83297051,40384,3,99999,03104,遠賀町ふれあいの里,浅木2-31-1,3,-99,9999
130.6655462,33.83284711,40384,3,99999,03116,遠賀町ふれあいの里,浅木2-31-1,3,-99,9999
130.6655462,33.83291128,40384,3,99999,03129,遠賀町ふれあいの里,浅木2-31-1,3,-99,9999
130.6684534,33.84923335,40384,3,99999,03110,遠賀町第一武道場,大字今古賀519-1,3,-99,9999
130.6684534,33.84917907,40384,3,99999,03111,遠賀町第一武道場,大字今古賀519-1,3,-99,9999
130.6684474,33.84911985,40384,3,99999,03113,遠賀町第一武道場,大字今古賀519-1,3,-99,9999
130.656999,33.85875,40384,3,99999,03115,遠賀町田園テニス場,大字尾崎820-2,3,-99,9999
130.65553,33.856539,40384,3,99999,03109,遠賀町民体育館,田園2-3-1,3,-99,9999
130.4246135,33.566322,40134,3,99999,03146,塩原中央公園ジョギングコース,塩原2,3,-99,9999
130.8899458,33.83174561,40107,3,99999,03104,横代中央公園,上石田3-10,3,-99,9999
130.8977092,33.83888361,40107,3,99999,03104,横代北町二丁目公園,横代北町2-2,3,-99,9999
130.612906,33.8542557,40383,3,99999,03109,岡垣中学校,野間3-1-1,3,-99,9999
130.6121692,33.85541037,40383,3,99999,03104,岡垣中学校,野間3-1-1,3,-99,9999
130.6361238,33.85247901,40383,3,99999,03109,岡垣東中学校,山田峠2-5-1,3,-99,9999
130.636403,33.85323895,40383,3,99999,03104,岡垣東中学校,山田峠2-5-1,3,-99,9999
130.7667002,33.86021066,40109,3,99999,03102,岡田球場,岡田4,3,-99,9999
130.7395884,33.83522219,40109,3,99999,03106,沖田プール,三ヶ森4-4-17,4,-99,9999
130.7077003,33.82223629,40215,3,99999,03115,屋島庭球場,長津1-6857-1,3,-99,9999
130.775768,33.68139756,40610,3,99999,03116,屋内競技場（屋内ドーム）,金田1177-1,3,-99,9999
130.775768,33.681269,40610,3,99999,03138,屋内競技場（屋内ドーム）,金田1177-1,3,-99,9999
130.7757561,33.68114044,40610,3,99999,03103,屋内競技場（屋内ドーム）,金田1177-1,3,-99,9999
130.7349862,33.60394931,40227,3,99999,03105,温水プールスイミングプラザなつき,鴨生29-69,4,-99,9999
130.5237536,33.24378282,40544,3,99999,03104,下広川小学校,大字広川1416,3,-99,9999
130.5240269,33.24424001,40544,3,99999,03109,下広川小学校,大字広川1416,3,-99,9999
130.4920131,33.52846315,40219,3,99999,03109,下大利小学校,東大利4-8-1,4,-99,9999
130.4922983,33.52925567,40219,3,99999,03104,下大利小学校,東大利4-8-1,4,-99,9999
130.4339062,33.27777179,40203,3,99999,03104,下田小学校,城島町下田251,3,-99,9999
130.4337933,33.27813442,40203,3,99999,03109,下田小学校,城島町下田251,3,-99,9999
130.7530412,33.54193633,40227,3,99999,03115,嘉穂テニスコート,中益53,3,-99,9999
130.752813580187,33.542913207327,40227,3,99999,03106,嘉穂プール,中益36,3,-99,9999
130.728031,33.54315523,40227,3,99999,03101,嘉穂陸上競技場,上西郷1428-1,3,-99,9999
130.7697134,33.55823708,40227,3,99999,03115,嘉麻市サルビアパーク,上山田352,4,-99,9999
130.7693628,33.55779144,40227,3,99999,03105,嘉麻市サルビアパーク,上山田352,4,-99,9999
130.7689112,33.55829649,40227,3,99999,03129,嘉麻市サルビアパーク,上山田352,4,-99,9999
130.7689112,33.55836582,40227,3,99999,03109,嘉麻市サルビアパーク,上山田352,3,-99,9999
130.7194241,33.59841041,40227,3,99999,03109,嘉麻市稲築スポーツプラザ,岩崎1180-1,3,-99,9999
130.7287859,33.59123102,40227,3,99999,03104,嘉麻市稲築運動場,岩崎65,3,-99,9999
130.7288988,33.5907113,40227,3,99999,03115,嘉麻市稲築屋内球技場,岩崎65,3,-99,9999
130.7234565,33.60550031,40227,3,99999,03109,嘉麻市稲築体育館,鴨生418-10,3,-99,9999
130.7231629,33.60572626,40227,3,99999,03112,嘉麻市稲築武道館,鴨生435-1,3,-99,9999
130.729719,33.589813,40227,3,99999,03102,嘉麻市稲築野球場,岩崎61,3,-99,9999
130.7044088,33.5661169,40227,3,99999,03112,嘉麻市碓井青少年センター,飯田13-1,3,-99,9999
130.7088478,33.56201029,40227,3,99999,03102,嘉麻市碓井野球場,上臼井775,3,-99,9999
130.7271359,33.5423935270576,40227,3,99999,03109,嘉麻市嘉穂総合運動公園（嘉穂総合体育館）,上西郷1482-1,3,-99,9999
130.7280272,33.54304725,40227,3,99999,03101,嘉麻市嘉穂総合運動公園（嘉穂陸上競技場）,上西郷1482-1,3,-99,9999
130.7447061,33.55072866,40227,3,99999,03102,嘉麻市嘉穂野球場,大隈町659,3,-99,9999
130.771812325944,33.5604443417972,40227,3,99999,03121,嘉麻市山田弓道場,上山田528-36,3,-99,9999
130.7683457,33.56208981,40227,3,99999,03112,嘉麻市山田武道館,上山田490-2,3,-99,9999
130.7623334,33.57145097,40227,3,99999,03102,嘉麻市山田野球場,下山田135-3,3,-99,9999
130.7678763,33.56181253,40227,3,99999,03104,嘉麻市山田友愛グラウンド,上山田490-3,3,-99,9999
130.5581865,33.81298988,40220,3,99999,03109,河東小学校,稲元5-1-2,4,-99,9999
130.5583053,33.81234315,40220,3,99999,03104,河東小学校,稲元5-1-2,4,-99,9999
130.5363844,33.82563232,40220,3,99999,03109,河東西小学校,樟陽台1-15-7,4,-99,9999
130.5380601,33.8253707,40220,3,99999,03104,河東西小学校,樟陽台1-15-7,4,-99,9999
130.5554149,33.81258442,40220,3,99999,03109,河東中学校,城西ヶ丘6-15-1,4,-99,9999
130.5548682,33.81208085,40220,3,99999,03104,河東中学校,城西ヶ丘6-15-1,4,-99,9999
130.4709797,33.74842739,40223,3,99999,03104,花見小学校,花見東4-2-1,3,-99,9999
130.4710629,33.74902027,40223,3,99999,03109,花見小学校,花見東4-2-1,3,-99,9999
130.4673513,33.72549955,40223,3,99999,03104,花鶴小学校,新久保2-1-1,3,-99,9999
130.4681356,33.7258854,40223,3,99999,03109,花鶴小学校,新久保2-1-1,3,-99,9999
130.3943035,33.52353091,40134,3,99999,03135,花畑ゴルフセンター,柏原4-39-34,4,-99,9999
130.3873591,33.52726776,40134,3,99999,03104,花畑園芸公園,柏原7-571-1,4,-99,9999
130.782731,33.849853,40109,3,99999,03143,花尾公園,大字鳴水他,3,-99,9999
130.676053,33.90685084,40103,3,99999,03104,花野路中央公園,花野路3,3,-99,9999
130.4836001,33.609381,40349,3,99999,03146,駕与丁公園,駕与丁3-2-1,3,-99,9999
130.4839982,33.60544163,40349,3,99999,03102,駕与丁公園グラウンド,駕与丁3-1010,3,-99,9999
130.3410405,33.6585775,40131,3,99999,03142,海の中道青少年海の家,大字西戸崎(海の中道海浜公園内),3,-99,9999
130.3434411,33.65945788,40131,3,99999,03145,海の中道青少年海の家,大字西戸崎(海の中道海浜公園内),3,-99,9999
130.6151905,33.84189119,40383,3,99999,03109,海老津小学校,海老津1-21-1,3,-99,9999
130.6158204,33.84123973,40383,3,99999,03104,海老津小学校,海老津1-21-1,3,-99,9999
130.134868,33.588751,40230,3,99999,03134,芥屋ゴルフ倶楽部,志摩芥屋1-1,4,-99,1964
130.1085084,33.58542191,40230,3,99999,03148,芥屋海水浴場,志摩芥屋,3,-99,9999
130.1231489,33.58390011,40230,3,99999,03102,芥屋野球場,志摩芥屋26-1,3,-99,9999
130.4250345,33.63362846,40131,3,99999,03127,貝塚公園ローラースケート場,箱崎7,3,-99,9999
130.5092352,33.5140094,40221,3,99999,03109,学業院中学校,観世音寺3-11-1,3,-99,9999
130.5099482,33.51381124,40221,3,99999,03104,学業院中学校,観世音寺3-11-1,3,-99,9999
130.5096392,33.51497048,40221,3,99999,03112,学業院中学校,観世音寺3-11-1,3,-99,9999
130.5092946,33.51503984,40221,3,99999,03115,学業院中学校,観世音寺3-11-1,3,-99,9999
130.3336113,33.54435474,40137,3,99999,03109,学校法人福岡歯科学園福岡歯科大学,田村2-15-1,4,-99,9999
130.3340034,33.54326027,40137,3,99999,03102,学校法人福岡歯科学園福岡歯科大学,田村2-15-1,4,-99,9999
130.3326308,33.54335933,40137,3,99999,03103,学校法人福岡歯科学園福岡歯科大学,田村2-15-1,4,-99,9999
130.3334568,33.54510753,40137,3,99999,03115,学校法人福岡歯科学園福岡歯科大学,田村2-15-1,4,-99,9999
130.3333023,33.54359703,40137,3,99999,03104,学校法人福岡歯科学園福岡歯科大学,田村2-15-1,4,-99,9999
130.3336113,33.54430029,40137,3,99999,03120,学校法人福岡歯科学園福岡歯科大学,田村2-15-1,4,-99,9999
130.3336113,33.54424084,40137,3,99999,03116,学校法人福岡歯科学園福岡歯科大学,田村2-15-1,4,-99,9999
130.3337717,33.5447559,40137,3,99999,03121,学校法人福岡歯科学園福岡歯科大学,田村2-15-1,4,-99,9999
130.3337717,33.54469152,40137,3,99999,03122,学校法人福岡歯科学園福岡歯科大学,田村2-15-1,4,-99,9999
130.419621,33.624262,40131,3,99999,03136,楽市ぼうる楽市街道店,箱崎5-1-8,4,-99,9999
130.4323834,33.4964648,40305,3,99999,03102,梶原運動広場,上梶原1-1-1,3,-99,9999
130.4323834,33.49637065,40305,3,99999,03103,梶原運動広場,上梶原1-1-1,3,-99,9999
130.4323894,33.49628145,40305,3,99999,03104,梶原運動広場,上梶原1-1-1,3,-99,9999
130.7482356,33.84633598,40109,3,99999,03104,割子川せせらぎ公園,竹末2-15,3,-99,9999
130.9219467,33.84251103,40107,3,99999,03104,葛原公園,葛原本町3-5,3,-99,9999
130.2982946,33.55088172,40135,3,99999,03143,叶岳ハイキングコース,今宿上ノ原,3,-99,9999
130.42518,33.590358,40132,3,99999,03120,株式会社イースタンスポーツ博多スターレーン,博多駅東1-18-33,4,-99,9999
130.42518,33.5902788,40132,3,99999,03136,株式会社イースタンスポーツ博多スターレーン,博多駅東1-18-33,4,-99,9999
130.6325837,33.79599084,40220,3,99999,03115,株式会社グローバルアリーナ,吉留46-1,4,-99,9999
130.6349723,33.7944502,40220,3,99999,03101,株式会社グローバルアリーナ,吉留46-1,4,-99,9999
130.635317,33.79134892,40220,3,99999,03109,株式会社グローバルアリーナ,吉留46-1,4,-99,9999
130.6380978,33.79271698,40220,3,99999,03132,株式会社グローバルアリーナ,吉留46-1,4,-99,9999
130.6380978,33.79266266,40220,3,99999,03129,株式会社グローバルアリーナ,吉留46-1,4,-99,9999
130.6339979,33.79521063,40220,3,99999,03146,株式会社グローバルアリーナ,吉留46-1,4,-99,9999
130.6373907,33.79429216,40220,3,99999,03112,株式会社グローバルアリーナ,吉留46-1,4,-99,9999
130.636541,33.79459825,40220,3,99999,03103,株式会社グローバルアリーナ,吉留46-1,4,-99,9999
130.6346634,33.79782767,40220,3,99999,03103,株式会社グローバルアリーナ,吉留46-1,4,-99,9999
130.6343663,33.79632658,40220,3,99999,03104,株式会社グローバルアリーナ,吉留46-1,4,-99,9999
130.3180857,33.5917235,40135,3,99999,03135,株式会社サワライズ・小戸ゴルフセンター,小戸2-1-25,4,-99,9999
130.9833788,33.77531418,40621,3,99999,03115,苅田町営殿川庭球場,殿川町1-30,3,-99,9999
130.2178914,33.61313749,40135,3,99999,03143,柑子岳ハイキングコース,大字草場,3,-99,9999
130.6805165,33.42084063,40228,3,99999,03105,甘木Ｂ＆Ｇ海洋センター,堤155-1,4,-99,9999
130.6794707,33.42057779,40228,3,99999,03137,甘木Ｂ＆Ｇ海洋センター,堤155-1,4,-99,9999
130.6826936,33.42337292,40228,3,99999,03138,甘木ゲートボール場,堤22-1,3,-99,9999
130.6656017,33.42973895,40228,3,99999,03115,甘木テニスコート,菩提寺259-1,3,-99,9999
130.6700399,33.42603096,40228,3,99999,03121,甘木弓道場,堤1418-1,3,-99,9999
130.6669468,33.42501531,40228,3,99999,03102,甘木球場,菩提寺21-2,3,-99,9999
130.6666675,33.42559057,40228,3,99999,03109,甘木体育センター,菩提寺21-4,3,-99,9999
130.6691035,33.42684108,40228,3,99999,03110,甘木武道館,菩提寺105,3,-99,9999
130.6691035,33.42677165,40228,3,99999,03111,甘木武道館,菩提寺105,3,-99,9999
130.930758,33.807756,40107,3,99999,03104,貫中央公園,貫弥生が丘1-1,3,-99,9999
130.96697,33.939836,40101,3,99999,03104,丸山東公園,丸山1-4,3,-99,9999
130.8381704,33.88187021,40105,3,99999,03106,岩ケ鼻市民プール,福柳木1-20,4,-99,9999
130.4236531,33.51748448,40305,3,99999,03104,岩戸公園,片縄3,3,-99,9999
130.4211628,33.49776377,40305,3,99999,03109,岩戸小学校,西隈2-6-43,3,-99,9999
130.4203428,33.4974962,40305,3,99999,03104,岩戸小学校,西隈2-6-43,3,-99,9999
130.4183404,33.51609957,40305,3,99999,03109,岩戸北小学校,恵子1-1-1,3,-99,9999
130.4191723,33.51556454,40305,3,99999,03104,岩戸北小学校,恵子1-1-1,3,-99,9999
130.8611218,33.57191108,40609,3,99999,03143,岩石山登山道,大字赤,3,-99,9999
130.3967792,33.68025725,40131,3,99999,03144,雁の巣レクリエーションセンター,大字奈多1302-53,4,-99,9999
130.3994234,33.67834036,40131,3,99999,03115,雁の巣レクリエーションセンターコート,大字奈多小瀬抜1302-53,4,-99,9999
130.399976,33.67740906,40131,3,99999,03102,雁の巣レクリエーションセンターソフトボール場（Ａ）,大字奈多1302-53,4,-99,9999
130.4024003,33.6749367,40131,3,99999,03103,雁の巣レクリエーションセンター球技場,大字奈多1302-53,4,-99,9999
130.3990371,33.67923868,40131,3,99999,03102,雁の巣レクリエーションセンター硬式野球場,大字奈多1302-53,4,-99,9999
130.4085081,33.68627478,40131,3,99999,03109,雁の巣児童体育館,雁の巣1-6-20,3,-99,9999
130.674511,33.88795494,40381,3,99999,03104,祇園崎運動広場,大字芦屋1059-19,3,-99,9999
130.7557151,33.34645096,40225,3,99999,03104,吉井グラウンド,吉井町983-120,3,-99,9999
130.7570877,33.34635168,40225,3,99999,03106,吉井中央公民館プール,吉井町983-120,3,-99,9999
130.7440017,33.32726608,40225,3,99999,03106,吉井百年公園,吉井町富永423-1,3,-99,9999
130.7025301,33.84758178,40382,3,99999,03102,吉田グランド,吉田西3-1943,3,-99,9999
130.9637456,33.84527329,40107,3,99999,03104,吉田公園,下吉田3-19,3,-99,9999
130.9479363,33.84429702,40107,3,99999,03104,吉田太陽の丘公園,中吉田2,3,-99,9999
130.9508332,33.84199087,40107,3,99999,03115,吉田太陽の丘庭球場,中吉田2-10,4,-99,9999
130.6135715,33.80189388,40220,3,99999,03109,吉武小学校,武丸644,4,-99,9999
130.6142667,33.80120262,40220,3,99999,03104,吉武小学校,武丸644,4,-99,9999
130.603685,33.85682616,40383,3,99999,03109,吉木小学校,吉木西1-17-5,3,-99,9999
130.6039643,33.85757126,40383,3,99999,03104,吉木小学校,吉木西1-17-5,3,-99,9999
130.5015,33.649842,40348,3,99999,03134,久山カントリー倶楽部,久原3549,4,-99,9999
130.5029974,33.64967382,40348,3,99999,03135,久山カントリー倶楽部,久原3549,4,-99,9999
130.5000792,33.65310689,40348,3,99999,03109,久山会館,大字久原3553-1,3,-99,9999
130.5003776,33.65117773,40348,3,99999,03109,久山町勤労者体育センター,久原3554-1,3,-99,9999
130.5003776,33.65110354,40348,3,99999,03120,久山町勤労者体育センター,久原3554-1,3,-99,9999
130.499592,33.64810452,40348,3,99999,03104,久山町総合グラウンド公園,大字久原3603,3,-99,9999
130.4983739,33.64704103,40348,3,99999,03102,久山町総合グラウンド公園,大字久原3603,3,-99,9999
130.480553,33.734106,40223,3,99999,03115,久保テニスコート,久保755-1-1,3,-99,9999
130.5222799,33.76591697,40224,3,99999,03146,久末トリムランニングコース,久末86-6,4,-99,9999
130.6138623,33.31733918,40203,3,99999,03142,久留米ふれあい農業公園,草野町吉木33,4,-99,9999
130.5309635,33.3200221,40203,3,99999,03121,久留米市弓道場,合川町2257-3,4,-99,9999
130.5313869,33.31030517,40203,3,99999,03109,久留米市勤労青少年ホーム,野中町1098-2,4,-99,9999
130.4660603,33.2527766,40203,3,99999,03115,久留米市三潴農業者トレーニングセンター,三潴町玉満2925-4,4,-99,9999
130.5048839,33.31484962,40203,3,99999,03111,久留米市荘島体育館剣道場,荘島町11-1,4,-99,9999
130.5048839,33.31478507,40203,3,99999,03120,久留米市荘島体育館卓球場,荘島町11-1,4,-99,9999
130.6915369,33.34791555,40203,3,99999,03102,久留米市田主丸ソフトボール場,田主丸町常盤1111,4,-99,9999
130.716907,33.35145946,40203,3,99999,03104,久留米市田主丸多目的グラウンド,田主丸町船越193-2,4,-99,9999
130.6822251,33.33780119,40203,3,99999,03138,久留米市田主丸老人福祉センターゲートボール場,田主丸町田主丸751-1,4,-99,9999
130.5309085,33.32089095,40203,3,99999,03110,久留米市武道館,東櫛原町173,4,-99,9999
130.5309085,33.32080656,40203,3,99999,03111,久留米市武道館,東櫛原町173,4,-99,9999
130.5752902,33.34226092,40203,3,99999,03102,久留米市北野体育センター,北野町今山74,4,-99,9999
130.5745178,33.34292609,40203,3,99999,03109,久留米市北野体育センター,北野町今山74,4,-99,9999
130.5761328,33.34202171,40203,3,99999,03110,久留米市北野武道場,北野町今山65-1,4,-99,9999
130.5761328,33.34197704,40203,3,99999,03113,久留米市北野武道場,北野町今山65-1,4,-99,9999
130.5345839,33.27533313,40203,3,99999,03105,久留米市民温水プール,上津町2199-39,4,-99,9999
130.5345839,33.27523874,40203,3,99999,03129,久留米市民温水プール,上津町2199-39,4,-99,9999
130.527394,33.3181970123912,40203,3,99999,03107,久留米市民流水プール,東櫛原町1667,4,-99,9999
130.5320639,33.32027424,40203,3,99999,03102,久留米市野球場,合川町2299-1,4,-99,9999
130.5741074,33.29872122,40203,3,99999,03143,久留米森林つつじ公園,御井町299-354,4,-99,9999
130.43264,33.26742213,40203,3,99999,03142,久留米青少年ふれあいセンター,城島町浜293,4,-99,9999
130.4326519,33.26791802,40203,3,99999,03147,久留米青少年ふれあいセンター,城島町浜293,4,-99,9999
130.5359836,33.33492821,40203,3,99999,03105,久留米赤十字会館,宮ノ陣3-4-27,4,5,9999
130.5359836,33.33484878,40203,3,99999,03129,久留米赤十字会館,宮ノ陣3-4-27,4,5,9999
130.5286533,33.31875659,40203,3,99999,03115,久留米総合スポーツセンター,東櫛原町1713,4,-99,9999
130.5308075,33.32148183,40203,3,99999,03109,久留米総合スポーツセンター,東櫛原町173,4,-99,9999
130.5308075,33.32140735,40203,3,99999,03120,久留米総合スポーツセンター,東櫛原町173,4,-99,9999
130.52924,33.321689,40203,3,99999,03101,久留米総合スポーツセンター,東櫛原町135,4,-99,9999
130.5149329,33.29233139,40203,3,99999,03104,久留米特別支援学校,南1-2-1,3,-99,9999
130.5138931,33.29204332,40203,3,99999,03109,久留米特別支援学校,南1-2-1,3,-99,9999
130.6312963,33.3514126,40203,3,99999,03144,久留米百年公園,百年公園2432-1,4,-99,9999
130.53383,33.321656,40203,3,99999,03104,久留米百年公園,百年公園2432-1,4,-99,9999
130.4668051,33.78766235,40224,3,99999,03138,宮の元公園（シルバーパーク）,津屋崎1556,4,-99,9999
130.4672537,33.78788704,40224,3,99999,03117,宮の元公園（シルバーパーク）,津屋崎1556,4,-99,9999
130.5481419,33.3363321,40203,3,99999,03104,宮ノ陣小学校,宮ノ陣町大杜393-1,3,-99,9999
130.5475775,33.33624275,40203,3,99999,03109,宮ノ陣小学校,宮ノ陣町大杜393-1,3,-99,9999
130.5428192,33.33667679,40203,3,99999,03104,宮ノ陣中学校,宮ノ陣町五郎丸1551-1,3,-99,9999
130.5438234,33.33689025,40203,3,99999,03109,宮ノ陣中学校,宮ノ陣町五郎丸1551-1,3,-99,9999
130.5433659,33.33657254,40203,3,99999,03112,宮ノ陣中学校,宮ノ陣町五郎丸1551-1,3,-99,9999
130.6119369,33.72290158,40226,3,99999,03104,宮若市市民グラウンド,高野499,3,-99,9999
130.6119369,33.72278298,40226,3,99999,03103,宮若市市民グラウンド,高野499,3,-99,9999
130.6119369,33.72265445,40226,3,99999,03102,宮若市市民グラウンド,高野499,3,-99,9999
130.6122815,33.72336616,40226,3,99999,03115,宮若市民グラウンドテニスコート,高野499,3,-99,9999
130.6627528,33.73724938,40226,3,99999,03102,宮若市民球技場,本城1593-1,3,-99,9999
130.6115685,33.72220965,40226,3,99999,03109,宮若市民体育館,高野577-1,3,-99,9999
130.4867815,33.7795869,40224,3,99999,03143,宮地岳自然歩道,宮司,3,-99,9999
130.47013,33.777337,40224,3,99999,03148,宮地浜海水浴場,宮司浜,3,-99,9999
130.6644017,33.7185026,40226,3,99999,03109,宮田Ｂ＆Ｇ海洋センター,宮田251-4,4,-99,9999
130.6650197,33.71790457,40226,3,99999,03115,宮田Ｂ＆Ｇ海洋センター,宮田251-4,4,-99,9999
130.6640927,33.71804296,40226,3,99999,03105,宮田Ｂ＆Ｇ海洋センター,宮田251-4,4,-99,9999
130.5708177,33.33150248,40203,3,99999,03104,弓削小学校,北野町高良1801,3,-99,9999
130.5702294,33.3316961,40203,3,99999,03109,弓削小学校,北野町高良1801,3,-99,9999
130.6175804,33.80998613,40220,3,99999,03121,弓道場,吉留3168,4,-99,9999
130.7018789,33.81563732,40215,3,99999,03121,弓道場,大字下大隈1620（中間中学校内）,3,-99,9999
130.4168872,33.51032474,40305,3,99999,03121,弓道場,恵子4-1-1,3,-99,9999
130.774797,33.681789,40610,3,99999,03121,弓道場,金田1184,4,-99,9999
130.9551363,33.80603413,40107,3,99999,03106,朽網プール,朽網東1-2-13,4,-99,9999
130.9544221,33.80348412,40107,3,99999,03104,朽網中央公園,朽網東1-12,3,-99,9999
130.971944,33.809854,40107,3,99999,03104,朽網臨空公園,朽網,3,-99,9999
130.53935,33.77632,40224,3,99999,03143,許斐山,八並,3,-99,9999
130.4977328,33.32000598,40203,3,99999,03104,京町小学校,京町256,3,-99,9999
130.4979229,33.31968324,40203,3,99999,03109,京町小学校,京町256,3,-99,9999
130.3814704,33.11760544,40207,3,99999,03102,橋本町農村広場,橋本町14-21,3,-99,9999
130.7276032,33.91242532,40103,3,99999,03143,響灘緑地,大字竹並,3,-99,9999
130.7278647,33.91305663,40103,3,99999,03144,響灘緑地,大字竹並,3,-99,9999
130.4747622,33.27636926,40203,3,99999,03102,玉垂公園グラウンド,大善寺町宮本,4,-99,9999
130.4747622,33.27644874,40203,3,99999,03104,玉垂公園グラウンド,大善寺町宮本,4,-99,9999
130.5620008,33.81027987,40220,3,99999,03109,勤労者体育センター,須恵1-4-1,4,1,1980
130.4556113,33.52724065,40218,3,99999,03109,勤労青少年ホーム,大谷6-28,3,-99,9999
130.4227261,33.49966459,40305,3,99999,03109,勤労青少年ホーム,西隈1-1-1,3,-99,9999
130.5597367,33.39798584,40216,3,99999,03110,勤労青少年体育センター,大板井279-3,3,-99,9999
130.5597367,33.39806025,40216,3,99999,03111,勤労青少年体育センター,大板井279-3,3,-99,9999
130.6666734,33.42567487,40228,3,99999,03109,勤労青少年体育センター,菩提寺21,3,-99,9999
130.5120893,33.30888567,40203,3,99999,03104,金丸小学校,原古賀町28-2,3,-99,9999
130.5127845,33.30881118,40203,3,99999,03109,金丸小学校,原古賀町28-2,3,-99,9999
130.7401362,33.78596015,40109,3,99999,03104,金剛中央公園,金剛3-1,3,-99,9999
130.3242496,33.48201488,40137,3,99999,03143,金山自然歩道,石釜,3,-99,9999
130.7559375,33.67719627,40610,3,99999,03115,金田テニスコート,神崎1098-1,3,-99,9999
130.7621732,33.67607444,40610,3,99999,03102,金田球場,神崎1056-1,3,-99,9999
130.7598906,33.67805744,40610,3,99999,03109,金田体育センター,神崎1098-130,4,-99,9999
130.7754662,33.68227122,40610,3,99999,03109,金田体育館,金田1153-1,3,-99,9999
130.6219875,33.35338107,40203,3,99999,03104,金島小学校,北野町八重亀164,3,-99,9999
130.6220885,33.35385258,40203,3,99999,03109,金島小学校,北野町八重亀164,3,-99,9999
130.8376716,33.87934759,40105,3,99999,03142,金比羅キャンプ場,金比羅5,3,-99,9999
130.4521339,33.60691023,40343,3,99999,03115,九州国際テニスクラブ,別府北2-15-1,4,-99,9999
130.4306768,33.56152421,40134,3,99999,03115,九州大学大橋キャンパス,塩原4-9-1,3,-99,9999
130.4299935,33.56161827,40134,3,99999,03101,九州大学大橋キャンパス,塩原4-9-1,3,-99,9999
130.431015493907,33.5617717620155,40134,3,99999,03112,九州大学大橋キャンパス,塩原4-9-1,3,-99,9999
130.5198936,33.32224185,40203,3,99999,03104,櫛原中学校,東櫛原町1286-1,3,-99,9999
130.5201788,33.32173045,40203,3,99999,03109,櫛原中学校,東櫛原町1286-1,3,-99,9999
130.5204106,33.3224057,40203,3,99999,03112,櫛原中学校,東櫛原町1286-1,3,-99,9999
130.680384,33.579989,40421,3,99999,03112,桂川勤労者体育センター,大字土師2193-1,3,-99,9999
130.6837533,33.59301938,40421,3,99999,03104,桂川町総合グラウンド,大字吉隈428-53,3,-99,9999
130.6837415,33.59286099,40421,3,99999,03102,桂川町総合グラウンド,大字吉隈428-53,3,-99,9999
130.6837415,33.5927125,40421,3,99999,03103,桂川町総合グラウンド,大字吉隈428-53,3,-99,9999
130.752808,33.853466,40109,3,99999,03138,穴生ドーム,鉄竜1-5-2,3,2,1994
130.7478021,33.86307138,40109,3,99999,03104,穴生公園,萩原1-4,3,-99,9999
130.4598421,33.49936387,40219,3,99999,03109,月の浦小学校,月の浦3-22-1,4,-99,9999
130.4602759,33.49876432,40219,3,99999,03104,月の浦小学校,月の浦3-22-1,4,-99,9999
130.6863077,33.681353,40205,3,99999,03105,健康の森公園市民プール,吉北118-11,4,-99,9999
130.686319606131,33.682065,40205,3,99999,03107,健康の森公園市民プール,吉北118-11,4,-99,9999
130.6847772,33.68295061,40205,3,99999,03103,健康の森公園多目的広場,吉北120-9,4,-99,9999
130.6841473,33.68261439,40205,3,99999,03146,健康の森公園多目的広場,吉北120-9,4,-99,9999
130.6856863,33.68137334,40205,3,99999,03129,健康の森公園多目的施設,吉北120-6,4,-99,9999
130.6856863,33.68130906,40205,3,99999,03132,健康の森公園多目的施設,吉北120-6,4,-99,9999
130.5099078,33.5862016,40344,3,99999,03102,健康広場,上須恵1167,3,-99,9999
130.5099019,33.58600856,40344,3,99999,03104,健康広場,上須恵1167,3,-99,9999
130.4621467,33.2487854,40203,3,99999,03104,犬塚小学校,三潴町玉満1871,3,-99,9999
130.4628835,33.24925748,40203,3,99999,03109,犬塚小学校,三潴町玉満1871,3,-99,9999
130.505306,33.853114,40220,3,99999,03109,少年自然の家「玄海の家」体育館,神湊1276,3,3,9999
130.7818767,33.3541172,40228,3,99999,03102,原鶴分水路グラウンド,杷木志波92-1先から杷木久喜宮1862-2先まで,3,-99,9999
130.8976465,33.61770319,40609,3,99999,03142,源じいの森,大字赤6933-1,4,-99,9999
130.5081822,33.84178135,40220,3,99999,03109,玄海Ｂ＆Ｇ海洋センター（宗像市運動広場）,江口965-2,4,-99,9999
130.5081822,33.84171226,40220,3,99999,03120,玄海Ｂ＆Ｇ海洋センター（宗像市運動広場）,江口965-2,4,-99,9999
130.5105471,33.84052283,40220,3,99999,03102,玄海Ｂ＆Ｇ海洋センター（宗像市運動広場）,江口965-2,4,-99,9999
130.509849,33.84026126,40220,3,99999,03115,玄海Ｂ＆Ｇ海洋センター（宗像市運動広場）,江口965-2,4,-99,9999
130.5087104,33.84178241,40220,3,99999,03109,玄海小学校,江口965,4,-99,9999
130.5101008,33.84137278,40220,3,99999,03104,玄海小学校,江口965,4,-99,9999
130.7297475,33.91652687,40103,3,99999,03109,玄海青年の家,大字竹並126-2,4,-99,9999
130.7312122,33.91638388,40103,3,99999,03142,玄海青年の家,大字竹並126-2,4,-99,9999
130.7304605,33.91711858,40103,3,99999,03128,玄海青年の家,大字竹並126-2,4,-99,9999
130.7299139,33.91691149,40103,3,99999,03112,玄海青年の家,大字竹並126-2,4,-99,9999
130.7297416,33.91647263,40103,3,99999,03120,玄海青年の家卓球場,大字竹並126-2,4,-99,9999
130.5255977,33.86424034,40220,3,99999,03109,玄海東小学校,田野1382,4,-99,9999
130.5256868,33.86490642,40220,3,99999,03104,玄海東小学校,田野1382,4,-99,9999
130.4858035,33.70983605,40223,3,99999,03102,古賀グリーンパーク,青柳町587-1,4,-99,9999
130.4858153,33.70969765,40223,3,99999,03103,古賀グリーンパーク,青柳町587-1,4,-99,9999
130.4865046,33.70844217,40223,3,99999,03127,古賀グリーンパーク,青柳町587-1,4,-99,9999
130.4858272,33.70956914,40223,3,99999,03104,古賀グリーンパーク,青柳町587-1,4,-99,9999
130.4557602,33.72537751,40223,3,99999,03134,古賀ゴルフ・クラブ,鹿部1310-1,4,-99,9999
130.4962741,33.72698464,40223,3,99999,03115,古賀市勤労者テニスコート,大字筵内561-11,3,-99,9999
130.4775975,33.74382737,40223,3,99999,03138,古賀市社会福祉センター,千鳥3-3-1,3,-99,9999
130.477562,33.73164123,40223,3,99999,03112,古賀市武道館,大字久保107,3,-99,9999
130.4709587,33.73239647,40223,3,99999,03109,古賀市民体育館,中央2-13-1,3,-99,9999
130.4709587,33.73228775,40223,3,99999,03129,古賀市民体育館,中央2-13-1,3,-99,9999
130.4790759,33.71165274,40223,3,99999,03115,古賀市立テニスコート（青柳テニスコート）,大字青柳863,3,-99,9999
130.4713033,33.73266331,40223,3,99999,03121,古賀市立弓道場,中央2-13-1,3,-99,9999
130.4608147,33.73576145,40223,3,99999,03104,古賀西小学校,天神7-4-1,3,-99,9999
130.4610286,33.73672995,40223,3,99999,03109,古賀西小学校,天神7-4-1,3,-99,9999
130.4785638,33.73629753,40223,3,99999,03104,古賀東小学校,新久保2-1-1,3,-99,9999
130.4786886,33.73580835,40223,3,99999,03109,古賀東小学校,新久保2-1-1,3,-99,9999
130.4778576,33.7474429,40223,3,99999,03109,古賀北中学校,千鳥4-4-1,3,-99,9999
130.7263447,33.49281866,40227,3,99999,03142,古処山キャンプ村「遊人の杜」,千手3628-7,3,-99,9999
130.6354159,33.839676,40383,3,99999,03109,戸切小学校,大字戸切1181-9,3,-99,9999
130.634988,33.83939962,40383,3,99999,03104,戸切小学校,大字戸切1181-9,3,-99,9999
130.8306338,33.89413227,40105,3,99999,03112,戸畑柔剣道場,千防1-8-7,4,-99,9999
130.831662,33.8838844,40105,3,99999,03109,戸畑体育館,観音寺町3-1,4,-99,9999
130.831662,33.88380548,40105,3,99999,03120,戸畑体育館,観音寺町3-1,4,-99,9999
130.8312461,33.88382521,40105,3,99999,03115,戸畑体育館庭球場,観音寺町3-1,4,-99,9999
130.8296462,33.89739718,40105,3,99999,03115,戸畑庭球場,新池2-1,4,-99,9999
130.5546512,33.30667224,40203,3,99999,03104,御井小学校,御井町599-2,3,-99,9999
130.5544492,33.3069404,40203,3,99999,03109,御井小学校,御井町599-2,3,-99,9999
130.4775831,33.55080761,40219,3,99999,03109,御笠の森小学校,御笠川1-7-1,4,-99,9999
130.4773216,33.55035203,40219,3,99999,03104,御笠の森小学校,御笠川1-7-1,4,-99,9999
130.5698175,33.37814797,40216,3,99999,03109,御原小学校,二夕316,3,-99,9999
130.5691758,33.37820752,40216,3,99999,03104,御原小学校,二夕316,3,-99,9999
130.4487767,33.01874284,40202,3,99999,03101,御大典記念グラウンド,黄金町1-123,4,-99,1929
130.4833459,33.55484507,40219,3,99999,03109,御陵中学校,中1-20-1,4,-99,9999
130.4830725,33.55400326,40219,3,99999,03104,御陵中学校,中1-20-1,4,-99,9999
130.4833429,33.5547708,40219,3,99999,03112,御陵中学校,中1-20-1,4,-99,9999
130.4871286,33.54279181,40219,3,99999,03104,光ケ丘近隣公園,大池2-2,4,-99,9999
130.4982499,33.76887538,40224,3,99999,03115,光陽台テニスコート,光陽台3,3,-99,9999
130.97661,33.79886638,40621,3,99999,03102,向山公園,若久町3-31,3,-99,9999
130.9774597,33.79909352,40621,3,99999,03115,向山公園,若久町3-31,3,-99,9999
130.9786125,33.7982541,40621,3,99999,03147,向山公園,若久町3-31,3,-99,9999
130.5504917,33.2478294,40544,3,99999,03102,広川球場,大字新代1519-1,3,-99,1982
130.55716,33.24435244,40544,3,99999,03104,広川中学校,大字久泉837,3,-99,9999
130.557873,33.24502829,40544,3,99999,03109,広川中学校,大字久泉837,3,-99,9999
130.5566899,33.23899524,40544,3,99999,03104,広川町運動公園,大字久泉306,3,-99,9999
130.5562383,33.23933318,40544,3,99999,03103,広川町運動公園,大字久泉306,3,-99,9999
130.5571415,33.23891075,40544,3,99999,03115,広川町運動公園,大字久泉306,3,-99,9999
130.5496182,33.24759585,40544,3,99999,03118,広川町相撲場,大字新代1519-1,3,-99,1994
130.5522326,33.24149185,40544,3,99999,03109,広川武徳館,大字新代1965-1,3,2,1972
130.5522326,33.24142724,40544,3,99999,03110,広川武徳館,大字新代1965-1,3,2,1972
130.4640571,33.62712527,40349,3,99999,03102,広田グラウンド,大字江辻,3,-99,9999
130.464063,33.627056,40349,3,99999,03104,広田グラウンド,大字江辻,3,-99,9999
130.5991433,33.79303598,40220,3,99999,03115,広陵台中央公園テニスコート,広陵台5,3,-99,9999
130.4280415,33.23535068,40203,3,99999,03104,江上小学校,城島町江上331,3,-99,9999
130.4279584,33.23580295,40203,3,99999,03109,江上小学校,城島町江上331,3,-99,9999
130.4730354,33.62950501,40349,3,99999,03102,江辻グラウンド,大字江辻,3,-99,9999
130.4730354,33.62935662,40349,3,99999,03103,江辻グラウンド,大字江辻,3,-99,9999
130.5011675,33.31030807,40203,3,99999,03104,江南中学校,梅満町637-3,3,-99,9999
130.5021004,33.30993564,40203,3,99999,03109,江南中学校,梅満町637-3,3,-99,9999
130.502142,33.30972212,40203,3,99999,03112,江南中学校,梅満町637-3,3,-99,9999
130.5000657,33.26970896,40203,3,99999,03104,荒木小学校,荒木町荒木1500,3,-99,9999
130.5000657,33.27029022,40203,3,99999,03109,荒木小学校,荒木町荒木1500,3,-99,9999
130.5076064,33.26393377,40203,3,99999,03104,荒木中学校,荒木町荒木1918-1,3,-99,9999
130.5085274,33.26391389,40203,3,99999,03109,荒木中学校,荒木町荒木1918-1,3,-99,9999
130.5093771,33.26489266,40203,3,99999,03112,荒木中学校,荒木町荒木1918-1,3,-99,9999
130.9857078,33.72627663,40213,3,99999,03106,行橋市民プール,南大橋2-8-1,4,-99,9999
130.7344313,33.80278,40109,3,99999,03112,香月スポーツセンター,香月中央1-9-1,4,-99,9999
130.7344313,33.80291825,40109,3,99999,03109,香月スポーツセンター,香月中央1-9-1,4,-99,9999
130.7344313,33.80285406,40109,3,99999,03120,香月スポーツセンター,香月中央1-9-1,4,-99,9999
130.735214,33.80285106,40109,3,99999,03104,香月公園,香月中央1-9,3,-99,9999
130.7251058,33.80029224,40109,3,99999,03104,香月中央運動場,香月西4-1,4,-99,9999
130.7250999,33.8004305,40109,3,99999,03102,香月中央運動場,香月西4-1,4,-99,9999
130.7242561,33.80119583,40109,3,99999,03115,香月中央庭球場,香月西4-1,4,-99,9999
130.8508929,33.66204947,40601,3,99999,03117,香春町運動公園,高野1390,3,-99,9999
130.8512197,33.66202474,40601,3,99999,03115,香春町運動公園,高野1390,3,-99,9999
130.8510117,33.66163898,40601,3,99999,03106,香春町運動公園,高野1390,3,-99,9999
130.8525091,33.66032344,40601,3,99999,03102,香春町運動公園,高野1390,3,-99,9999
130.8517842,33.66073392,40601,3,99999,03146,香春町運動公園,高野1390,3,-99,9999
130.8508929,33.65960629,40601,3,99999,03104,香春町運動公園,高野1390,3,-99,9999
130.851808,33.66185164,40601,3,99999,03138,香春町運動公園,高野1390,3,-99,9999
130.8513385,33.66154007,40601,3,99999,03121,香春町運動公園,高野1390,3,-99,9999
130.847388202841,33.6673024855083,40601,3,99999,03109,香春町体育センター,大字高野987-1,3,-99,9999
130.4207235,33.6518131,40131,3,99999,03102,香椎浜公園,香椎浜3-21-1,4,-99,9999
130.8293961,33.86651137,40108,3,99999,03104,高見中央公園,高見2-5,3,-99,9999
130.3539882,33.57618311,40137,3,99999,03104,高取市民運動広場,昭代2-8,3,-99,9999
130.6947307,33.88908451,40103,3,99999,03104,高須公園,高須東3-12,3,-99,9999
130.6895341,33.88704499,40103,3,99999,03104,高須南四丁目公園,高須南4-3,3,-99,9999
130.2815996,33.55854564,40135,3,99999,03143,高祖山ハイキングコース,周船寺,3,-99,9999
130.4618064,33.10302168,40229,3,99999,03109,高田Ｂ＆Ｇ海洋センター,高田町濃施650-1,4,-99,9999
130.4618064,33.10295698,40229,3,99999,03120,高田Ｂ＆Ｇ海洋センター,高田町濃施650-1,4,-99,9999
130.4618064,33.10288729,40229,3,99999,03112,高田Ｂ＆Ｇ海洋センター,高田町濃施650-1,4,-99,9999
130.461741,33.10421129,40229,3,99999,03115,高田Ｂ＆Ｇ海洋センター,高田町濃施650-1,4,-99,9999
130.461842,33.10362395,40229,3,99999,03105,高田Ｂ＆Ｇ海洋センター,高田町濃施650-1,4,-99,9999
130.4681707,33.11439638,40229,3,99999,03109,高田体育館,高田町岩津335,3,-99,9999
130.4681707,33.11434163,40229,3,99999,03120,高田体育館,高田町岩津335,3,-99,9999
130.4681707,33.11428688,40229,3,99999,03129,高田体育館,高田町岩津335,3,-99,9999
130.4681707,33.11423214,40229,3,99999,03110,高田体育館,高田町岩津335,3,-99,9999
130.4681707,33.11417739,40229,3,99999,03111,高田体育館,高田町岩津335,3,-99,9999
130.4614914,33.10232483,40229,3,99999,03102,高田農村運動広場,高田町濃施650-1,4,-99,9999
130.4614914,33.10222528,40229,3,99999,03104,高田農村運動広場,高田町濃施650-1,4,-99,9999
130.7965918,33.90238002,40103,3,99999,03104,高塔山公園,大字修多羅,3,-99,9999
130.5606848,33.28879326,40203,3,99999,03104,高牟礼中学校,高良内町3361,3,-99,9999
130.560049,33.2889522,40203,3,99999,03109,高牟礼中学校,高良内町3361,3,-99,9999
130.5595677,33.28879822,40203,3,99999,03112,高牟礼中学校,高良内町3361,3,-99,9999
130.5656525,33.30180895,40203,3,99999,03145,高良山,高良山,3,-99,9999
130.5352721,33.30790901,40203,3,99999,03102,高良川公園グラウンド,野中町,4,-99,9999
130.5352779,33.3078365,40203,3,99999,03104,高良川公園グラウンド,野中町,4,-99,9999
130.5604987,33.2932596,40203,3,99999,03104,高良内小学校,高良内町523-1,3,-99,9999
130.5608077,33.29236062,40203,3,99999,03109,高良内小学校,高良内町523-1,3,-99,9999
130.8150034,33.86705972,40108,3,99999,03102,高炉台球場,中央3-9,4,-99,9999
130.5438706,33.31817472,40203,3,99999,03104,合川小学校,合川町471-1,3,-99,9999
130.5433002,33.31749944,40203,3,99999,03109,合川小学校,合川町471-1,3,-99,9999
130.8391835,33.81233857,40107,3,99999,03104,合馬竹林公園,大字合馬,4,-99,9999
130.528305,33.62210821,40342,3,99999,03109,合併５０周年記念体育館,大字篠栗4755,3,-99,9999
130.528305,33.62196967,40342,3,99999,03120,合併５０周年記念体育館,大字篠栗4755,3,-99,9999
130.350939,33.65675861,40131,3,99999,03104,国営海の中道海浜公園,大字西戸崎18-25,4,-99,9999
130.3496643,33.65724026,40131,3,99999,03146,国営海の中道海浜公園,大字西戸崎18-25,4,-99,9999
130.354154105196,33.6603897461785,40131,3,99999,03107,国営海の中道海浜公園,大字西戸崎18-25,4,-99,9999
130.3585034,33.65608437,40131,3,99999,03144,国営海の中道海浜公園,大字西戸崎18-25,4,-99,9999
130.3579017,33.65802995,40131,3,99999,03147,国営海の中道海浜公園,大字西戸崎18-25,4,-99,9999
130.3562589,33.65413879,40131,3,99999,03145,国営海の中道海浜公園,大字西戸崎18-25,4,-99,9999
130.50399,33.52463533,40221,3,99999,03109,国分小学校,国分2-10-1,3,-99,9999
130.5042276,33.52339694,40221,3,99999,03104,国分小学校,国分2-10-1,3,-99,9999
130.6510066,33.49444837,40447,3,99999,03142,夜須高原青少年自然の家,三箇山1103,0,-99,9999
130.6444585,33.49395285,40447,3,99999,03115,夜須高原青少年自然の家,三箇山1103,0,-99,9999
130.6488912,33.49108868,40447,3,99999,03104,夜須高原青少年自然の家,三箇山1103,0,-99,9999
130.6462886,33.4926843,40447,3,99999,03109,夜須高原青少年自然の家,三箇山1103,0,-99,9999
130.6470789,33.49347714,40447,3,99999,03143,夜須高原青少年自然の家,三箇山1103,0,-99,9999
130.7711077,33.86441453,40109,3,99999,03109,黒崎体育館,藤田4-1-1,4,-99,9999
130.7711017,33.86435039,40109,3,99999,03120,黒崎体育館,藤田4-1-1,4,-99,9999
130.9929101,33.73576481,40213,3,99999,03144,今井堤サイクリング道路,大字天生田,3,-99,9999
130.6642316,33.84511107,40384,3,99999,03146,今古賀中央公園,大字今古賀235-2他,3,-99,9999
130.7716806,33.89493808,40103,3,99999,03104,今光西公園,今光2-16,3,-99,9999
130.8804035,33.59919838,40609,3,99999,03142,今川公園,大字赤,3,-99,1990
130.8743406,33.86132209,40106,3,99999,03104,今町河畔公園,今町1,3,-99,9999
130.247265,33.60614,40135,3,99999,03146,今津ジョギングコース,大字今津字津本,3,-99,9999
130.2452091,33.60662003,40135,3,99999,03103,今津運動公園,大字今津字津本,4,-99,9999
130.2488159,33.60599153,40135,3,99999,03109,今津運動公園,大字今津字津本,4,-99,9999
130.2466589,33.60553624,40135,3,99999,03115,今津運動公園,大字今津字津本,4,-99,9999
130.2488931,33.60398223,40135,3,99999,03102,今津運動公園,大字今津字津本,4,-99,9999
130.2490238,33.60720896,40135,3,99999,03138,今津運動公園,大字今津字津本,4,-99,9999
130.2488099,33.60588265,40135,3,99999,03120,今津運動公園,大字今津字津本,4,-99,9999
130.2488099,33.6060954578684,40135,3,99999,03129,今津運動公園,大字今津字津本,4,-99,9999
130.2487148,33.60649633,40135,3,99999,03146,今津運動公園,大字今津字津本,4,-99,9999
130.2470511,33.60710996,40135,3,99999,03147,今津運動公園,大字今津字津本,4,-99,9999
130.9543259,33.64417872,40625,3,99999,03138,犀川運動公園ゲートボール場,犀川末江255,4,-99,9999
130.9543973,33.64374835,40625,3,99999,03115,犀川運動公園テニスコート,犀川末江255,4,-99,9999
130.5985838,33.55490753,40205,3,99999,03109,財団法人サンビレッジ茜,山口845-38,4,-99,9999
130.5985838,33.55485304,40205,3,99999,03138,財団法人サンビレッジ茜,山口845-38,4,-99,9999
130.5985838,33.55479857,40205,3,99999,03116,財団法人サンビレッジ茜,山口845-38,4,-99,9999
130.5987146,33.55141645,40205,3,99999,03141,財団法人サンビレッジ茜,山口845-38,4,-99,9999
130.5982362,33.55397907,40205,3,99999,03142,財団法人サンビレッジ茜,山口845-38,4,-99,9999
130.5989819,33.55321153,40205,3,99999,03143,財団法人サンビレッジ茜,山口845-38,4,-99,9999
130.5986135,33.55247369,40205,3,99999,03147,財団法人サンビレッジ茜,山口845-38,4,-99,9999
130.5985898,33.55482334,40205,3,99999,03103,財団法人サンビレッジ茜,山口845-38,4,-99,9999
130.554423,33.27995184,40203,3,99999,03138,桜花台運動公園,高良内町3980-1,4,-99,9999
130.5542923,33.28246537,40203,3,99999,03102,桜花台運動公園,高良内町3980-1,4,-99,9999
130.5535555,33.27914711,40203,3,99999,03102,桜花台運動公園,高良内町3980-1,4,-99,9999
130.555445,33.2805529,40203,3,99999,03109,桜花台体育館,高良内町3980-1,4,2,9999
130.5554331,33.28047839,40203,3,99999,03120,桜花台体育館,高良内町3980-1,4,2,9999
130.7239471,33.78622597,40109,3,99999,03104,笹尾公園,大字楠橋,3,-99,9999
130.712081,33.798942,40109,3,99999,03104,笹尾川公園,楠橋,3,-99,9999
130.4480382,33.02906049,40202,3,99999,03115,笹林庭球コート,笹林町1-1-2,4,-99,1952
130.498323,33.4650396,40217,3,99999,03134,皐月ゴルフ倶楽部天拝コース,大字山口1300,4,-99,9999
130.4773753,33.515884,40219,3,99999,03104,三兼池公園（多目的グラウンド）,上大利5-17,4,-99,9999
130.5645721,33.4229655,40216,3,99999,03109,三国小学校,力武1012,3,-99,9999
130.564792,33.42444335,40216,3,99999,03104,三国小学校,力武1012,3,-99,9999
130.5519156,33.43431996,40216,3,99999,03109,三国中学校,美鈴が丘5-15-1,3,-99,9999
130.5524444,33.43512822,40216,3,99999,03104,三国中学校,美鈴が丘5-15-1,3,-99,9999
130.5514818,33.4347464,40216,3,99999,03112,三国中学校,美鈴が丘5-15-1,3,-99,9999
130.4304053,33.55030776,40134,3,99999,03146,三宅中央公園ジョギングコース,三宅3,3,-99,9999
130.4650181,33.66716253,40131,3,99999,03143,三日月・立花山ハイキングコース,下原,3,-99,9999
130.8875041,33.86908455,40106,3,99999,03102,三萩野球場,三萩野3-3,4,-99,9999
130.8882053,33.86968646,40106,3,99999,03102,三萩野少年球場,三萩野3-3,4,-99,9999
130.8885457,33.8706134,40106,3,99999,03109,三萩野体育館,三萩野3-3-1,4,-99,9999
130.8885457,33.87054927,40106,3,99999,03120,三萩野体育館,三萩野3-3-1,4,-99,9999
130.8875048,33.87012067,40106,3,99999,03115,三萩野庭球場,三萩野3-3-2,4,-99,9999
130.4657691,33.25294554,40203,3,99999,03105,三潴Ｂ＆Ｇ海洋センター,三潴町玉満2925-4,4,-99,9999
130.490085,33.25148976,40203,3,99999,03137,三潴Ｂ＆Ｇ海洋センター,三潴町西牟田6525-3,4,-99,9999
130.4652391,33.25277816,40203,3,99999,03138,三潴ゲートボール場,三潴町玉満2922-2,3,-99,9999
130.4629044,33.26187049,40203,3,99999,03104,三潴小学校,三潴町高三潴492,3,-99,9999
130.4623221,33.26226797,40203,3,99999,03109,三潴小学校,三潴町高三潴492,3,-99,9999
130.4663984,33.2549042,40203,3,99999,03104,三潴中学校,三潴町玉満2705,3,-99,9999
130.4670282,33.25513774,40203,3,99999,03109,三潴中学校,三潴町玉満2705,3,-99,9999
130.4671054,33.25488433,40203,3,99999,03112,三潴中学校,三潴町玉満2705,3,-99,9999
130.4664375,33.25248266,40203,3,99999,03109,三潴農業者トレーニングセンター,三潴町玉満2935-2,3,-99,9999
130.4664375,33.25239819,40203,3,99999,03120,三潴農業者トレーニングセンター,三潴町玉満2935-2,3,-99,9999
130.4664809,33.25332826,40203,3,99999,03104,三潴農村運動広場,三潴町玉満2725,3,-99,9999
130.4664809,33.25323388,40203,3,99999,03102,三潴農村運動広場,三潴町玉満2725,3,-99,9999
130.4664809,33.25313449,40203,3,99999,03103,三潴農村運動広場,三潴町玉満2725,3,-99,9999
130.4660544,33.25270206,40203,3,99999,03115,三潴農村運動広場,三潴町玉満2925-4,3,-99,9999
130.4312149,33.58257384,40132,3,99999,03102,山王公園野球場,山王1,4,-99,9999
130.586781,33.48205281,40217,3,99999,03112,山家スポーツ公園,山家3745-1,4,-99,9999
130.5865018,33.48296966,40217,3,99999,03102,山家スポーツ公園,山家3745-1,4,-99,9999
130.5879754,33.48193882,40217,3,99999,03115,山家スポーツ公園,山家3745-1,4,-99,9999
130.586781,33.48200327,40217,3,99999,03120,山家スポーツ公園,山家3745-1,4,-99,9999
130.586579,33.48180502,40217,3,99999,03121,山家スポーツ公園,山家3745-1,4,-99,9999
130.4764397,33.45427579,40217,3,99999,03142,山神キャンプ場（閉鎖中）,平等寺1978-5,3,-99,9999
130.5686342,33.31298172,40203,3,99999,03104,山川小学校,山川追分2-10-2,3,-99,9999
130.568147,33.31312075,40203,3,99999,03109,山川小学校,山川追分2-10-2,3,-99,9999
130.5158239,33.12255443,40229,3,99999,03109,山川体育センター,山川町尾野1707-1,3,-99,9999
130.5158358,33.12242505,40229,3,99999,03120,山川体育センター,山川町尾野1707-1,3,-99,9999
130.5227588,33.12315736,40229,3,99999,03104,山川農村広場,山川町立山1442,3,-99,9999
130.523656,33.123023,40229,3,99999,03115,山川農村広場,山川町立山1442,3,-99,9999
130.6292877,33.84866266,40383,3,99999,03109,山田小学校,東山田1-16-1,3,-99,9999
130.6286341,33.84859357,40383,3,99999,03104,山田小学校,東山田1-16-1,3,-99,9999
130.8570692,33.85019538,40106,3,99999,03143,山田緑地,山田町,3,-99,9999
130.5971006,33.30862687,40203,3,99999,03104,山本小学校,山本町耳納90,3,-99,9999
130.5964529,33.30878081,40203,3,99999,03109,山本小学校,山本町耳納90,3,-99,9999
130.9008559,33.87542261,40106,3,99999,03104,山門町公園,小文字,3,-99,9999
130.3280267,33.52672958,40137,3,99999,03102,四箇田園スポーツ広場,四箇4-11,3,-99,9999
130.7255752,33.49233557,40227,3,99999,03142,市営秋月キャンプ村,千手3628,3,-99,9999
130.69668,33.816727,40215,3,99999,03102,市営野球場,大字垣生670-1,3,-99,9999
130.4552785,33.52717131,40218,3,99999,03115,市民スポーツセンター,大谷6-28,3,-99,9999
130.4538881,33.5265125,40218,3,99999,03121,市民スポーツセンター,大谷6-28,3,-99,9999
130.4545714,33.52697317,40218,3,99999,03102,市民スポーツセンター,大谷6-28,3,-99,9999
130.4545714,33.52689887,40218,3,99999,03103,市民スポーツセンター,大谷6-28,3,-99,9999
130.4545714,33.52681962,40218,3,99999,03104,市民スポーツセンター,大谷6-28,3,-99,9999
130.4538584,33.52674531,40218,3,99999,03118,市民スポーツセンター,大谷6-28,3,-99,9999
130.4561164,33.52742393,40218,3,99999,03110,市民スポーツセンター,大谷6-28,3,-99,9999
130.4561104,33.52736449,40218,3,99999,03111,市民スポーツセンター,大谷6-28,3,-99,9999
130.4561104,33.52730505,40218,3,99999,03120,市民スポーツセンター,大谷6-28,3,-99,9999
130.4561104,33.52725056,40218,3,99999,03129,市民スポーツセンター,大谷6-28,3,-99,9999
130.4561104,33.52720103,40218,3,99999,03109,市民スポーツセンター,大谷6-28,3,-99,9999
130.3528705,33.19363101,40212,3,99999,03106,市民プール,大野島2812,3,-99,9999
130.5576234,33.81521986,40220,3,99999,03109,市民体育館,稲元5-2-1,4,3,9999
130.5576175,33.81515568,40220,3,99999,03120,市民体育館,稲元5-2-1,4,3,9999
130.5576234,33.81509151,40220,3,99999,03111,市民体育館,稲元5-2-1,4,3,9999
130.5576234,33.8150372,40220,3,99999,03113,市民体育館,稲元5-2-1,4,3,9999
130.5576175,33.8149829,40220,3,99999,03110,市民体育館,稲元5-2-1,4,3,9999
130.4714983,33.73155545,40223,3,99999,03102,球技場,中央2-866-2,3,-99,9999
130.8798916,33.80437921,40107,3,99999,03104,志井の森公園,志井,3,-99,9999
130.8815011,33.81911629,40107,3,99999,03104,志井公園,志井公園1,3,-99,9999
130.31549,33.663019,40131,3,99999,03148,志賀島海水浴場,志賀島,4,-99,9999
130.182331,33.583908,40230,3,99999,03109,志摩体育館,志摩初72-1,3,-99,9999
130.4629432,33.60131153,40343,3,99999,03104,志免西小学校,別府2-4-1,3,-99,9999
130.4621113,33.60179654,40343,3,99999,03109,志免西小学校,別府2-4-1,3,-99,9999
130.4814796,33.59041282,40343,3,99999,03104,志免中央小学校,志免中央1-8-1,3,-99,9999
130.4804576,33.59058111,40343,3,99999,03109,志免中央小学校,志免中央1-8-1,3,-99,9999
130.4739657,33.5893755,40343,3,99999,03109,志免中学校,片峰4-3-1,3,-99,9999
130.4816159,33.5897275,40343,3,99999,03109,志免町民体育館,志免中央1-10-1,3,-99,9999
130.486772,33.58268789,40343,3,99999,03104,志免東小学校,志免東1-1-1,3,-99,9999
130.4861183,33.58247008,40343,3,99999,03109,志免東小学校,志免東1-1-1,3,-99,9999
130.4936922,33.5823323,40343,3,99999,03109,志免東中学校,志免東4-4-1,3,-99,9999
130.4859327,33.57327788,40343,3,99999,03104,志免南小学校,大字吉原556,3,-99,9999
130.4852672,33.57302045,40343,3,99999,03109,志免南小学校,大字吉原556,3,-99,9999
130.8718222,33.88608448,40106,3,99999,03105,思永中学校,大門1-5-1,3,-99,9999
130.2200265,33.55853926,40230,3,99999,03104,糸島市健康福祉センター「あごら」,潤1-22-1,4,2,9999
130.21967,33.55921761,40230,3,99999,03138,糸島市健康福祉センター「あごら」,潤1-22-1,4,2,9999
130.2191887,33.55943549,40230,3,99999,03146,糸島市健康福祉センター「あごら」,潤1-22-1,4,2,9999
130.2190461,33.55854916,40230,3,99999,03129,糸島市健康福祉センター「あごら」,潤1-22-1,4,2,9999
130.2475022,33.49591987,40230,3,99999,03142,糸島市瑞梅寺山の家,瑞梅寺658,3,-99,9999
130.8692376,33.84084496,40107,3,99999,03106,紫川河畔プール,大字南方,4,-99,9999
130.8683412,33.83929558,40107,3,99999,03104,紫川河畔公園,徳力新町1-2,4,-99,9999
130.8691227,33.84014394,40107,3,99999,03115,紫川河畔庭球場,徳力新町1-1-8,4,-99,9999
130.7009172,33.69854588,40401,3,99999,03109,児童体育館,勝野1757,3,-99,9999
130.7009172,33.69848655,40401,3,99999,03111,児童体育館,勝野1757,3,-99,9999
130.5227799,33.5554056,40341,3,99999,03104,寺浦運動広場,原田3-1017-8,3,-99,9999
130.6125656,33.32368239,40203,3,99999,03109,耳納市民センター多目的棟,善導寺町飯田202-1,4,-99,9999
130.6125656,33.32358805,40203,3,99999,03129,耳納市民センター多目的棟,善導寺町飯田202-1,4,-99,9999
130.858594,33.615227,40608,3,99999,03142,自然の森キャンプ場,大字今任原139,3,-99,9999
130.5831035,33.78442855,40220,3,99999,03115,自由ヶ丘１１号公園テニスコート,自由ヶ丘11-21,3,-99,9999
130.5810793,33.79280068,40220,3,99999,03109,自由ヶ丘小学校,朝町1019-4,4,-99,9999
130.5817626,33.79272131,40220,3,99999,03104,自由ヶ丘小学校,朝町1019-4,4,-99,9999
130.5793917,33.78138347,40220,3,99999,03109,自由ヶ丘中学校,大字朝町1019,4,-99,9999
130.5783757,33.78125506,40220,3,99999,03104,自由ヶ丘中学校,大字朝町1019,4,-99,9999
130.5817678,33.78030608,40220,3,99999,03109,自由ヶ丘南小学校,朝町1124-2,4,-99,9999
130.5804606,33.78049376,40220,3,99999,03104,自由ヶ丘南小学校,朝町1124-2,4,-99,9999
130.415654,33.622843,40131,3,99999,03146,汐井公園ジョギングコース,箱崎ふ頭2,3,-99,9999
130.4166938,33.62447082,40131,3,99999,03115,汐井公園庭球場,箱崎ふ頭2,4,-99,9999
130.4161412,33.62376328,40131,3,99999,03102,汐井公園野球場,箱崎ふ頭2,4,-99,9999
130.3649441,33.55189161,40136,3,99999,03120,七隈ファミリープラザ,七隈8-4-8,4,-99,9999
130.3649441,33.55178762,40136,3,99999,03136,七隈ファミリープラザ,七隈8-4-8,4,-99,9999
130.364136,33.55137165,40136,3,99999,03135,七隈ファミリープラザ,七隈8-4-8,4,-99,9999
130.3275915,33.572942,40135,3,99999,03144,室見川河畔,大字飯盛～室見,3,-99,9999
130.3276266,33.5731792,40137,3,99999,03146,室見川河畔公園,室見5～小田部4・5・6,3,-99,9999
130.5166542,33.61062395,40342,3,99999,03115,篠栗町総合運動公園,大字若杉1091,3,-99,9999
130.5195479,33.61182149,40342,3,99999,03104,篠栗町総合運動公園,大字若杉1091,3,-99,9999
130.5176762,33.61152458,40342,3,99999,03102,篠栗町総合運動公園,大字若杉1091,3,-99,9999
130.5279839,33.62244863,40342,3,99999,03106,篠栗町民プール,大字篠栗4758,3,-99,9999
130.533832,33.619149,40342,3,99999,03102,篠栗町民球技場,大字篠栗4233-5,3,-99,9999
130.5078886,33.32279961,40203,3,99999,03104,篠山小学校,篠山町270-1,3,-99,9999
130.5075142,33.32288401,40203,3,99999,03109,篠山小学校,篠山町270-1,3,-99,9999
130.65659,33.35978974,40203,3,99999,03104,柴刈小学校,田主丸町八幡830-1,4,-99,9999
130.6560315,33.35975004,40203,3,99999,03109,柴刈小学校,田主丸町八幡830-1,4,-99,9999
130.512991,33.63082863,40342,3,99999,03109,社会体育館,大字津波黒498,3,-99,9999
130.433046,33.60942198,40131,3,99999,03102,社領南公園野球場,社領3-1,3,-99,9999
130.8939105,33.84326677,40107,3,99999,03104,若園中央公園,蜷田若園3-5,3,-99,9999
130.7993335,33.91931736,40103,3,99999,03104,若松運動場,響南町5,4,-99,9999
130.7993335,33.91947511,40103,3,99999,03102,若松球技場,響南町5,4,-99,9999
130.7995415,33.92030844,40103,3,99999,03102,若松球場,響南町5,4,-99,9999
130.8000083,33.89349189,40103,3,99999,03109,若松体育館,古前1-1,4,-99,9999
130.8000083,33.89341297,40103,3,99999,03129,若松体育館,古前1-1,4,-99,9999
130.8000083,33.89333405,40103,3,99999,03120,若松体育館,古前1-1,4,-99,9999
130.8004135,33.893837,40103,3,99999,03105,若松体育館プール,古前1-1-1,4,-99,9999
130.8005695,33.91940612,40103,3,99999,03115,若松庭球場,響南町5,4,-99,9999
130.5313227,33.58031736,40344,3,99999,03103,若杉の森運動公園,佐谷515-1,3,-99,9999
130.5313345,33.58019857,40344,3,99999,03104,若杉の森運動公園,佐谷515-1,3,-99,9999
130.5326893,33.58147571,40344,3,99999,03102,若杉の森運動公園,佐谷515-1,3,-99,9999
130.4597475,33.52905489,40218,3,99999,03115,若葉台中央公園テニスコート,若葉台西3-4-1,3,-99,9999
130.3816749,33.53352907,40136,3,99999,03135,守興産有限会社スポーツプラザカメリア８０,東油山5-7-1,4,-99,9999
130.4485025,33.05511106,40202,3,99999,03104,手鎌北町公園,手鎌1520,3,-99,9999
130.5493013,33.79149542,40220,3,99999,03104,宗像市ユリックス多目的広場,久原400,4,-99,9999
130.5493369,33.79404346,40220,3,99999,03115,宗像市総合公園（宗像ユリックス）,久原400,4,-99,9999
130.5479584,33.79110037,40220,3,99999,03129,宗像市総合公園（宗像ユリックス）,久原400,4,-99,9999
130.5479584,33.79119913,40220,3,99999,03105,宗像市総合公園（宗像ユリックス）,久原400,4,-99,9999
130.545908425944,33.7885522059514,40220,3,99999,03107,宗像市総合公園（宗像ユリックス）,久原400,4,-99,9999
130.5492775,33.79134728,40220,3,99999,03104,宗像市総合公園（宗像ユリックス）,久原400,4,-99,9999
130.5498004,33.79322375,40220,3,99999,03109,宗像市総合公園（宗像ユリックス）,久原400,4,-99,9999
130.5479465,33.79100161,40220,3,99999,03132,宗像市総合公園（宗像ユリックス）,久原400,4,-99,9999
130.5470315,33.78882876,40220,3,99999,03146,宗像市総合公園（宗像ユリックス）,久原400,4,-99,9999
130.5462471,33.79014237,40220,3,99999,03127,宗像市総合公園（宗像ユリックス）,久原400,4,-99,9999
130.5591089,33.81459289,40220,3,99999,03102,宗像市中央公園,稲元5-2-1,4,-99,9999
130.5592337,33.81528404,40220,3,99999,03115,宗像市中央公園,稲元5-2-1,4,-99,9999
130.5585088,33.81535316,40220,3,99999,03138,宗像市中央公園,稲元5-2-1,4,-99,9999
130.5585028,33.81555556,40220,3,99999,03104,宗像市中央公園,稲元5-2-1,4,-99,9999
130.5585071,33.81545294,40220,3,99999,03138,宗像市中央公園ゲートボール場,稲元654,3,3,9999
130.559233,33.815368,40220,3,99999,03115,宗像中央公園テニスコート,稲元638,3,-99,9999
130.4729924,33.53298852,40218,3,99999,03104,春日原小学校,春日原南町4-37-1,3,-99,9999
130.4733757,33.5334442,40218,3,99999,03109,春日原小学校,春日原南町4-37-1,3,-99,9999
130.4556113,33.52729019,40218,3,99999,03109,春日市勤労青少年ホーム体育室,大谷6-28,3,-99,9999
130.4412432,33.51249192,40305,3,99999,03102,春日市立西スポーツセンター,中原東1-4-1,3,-99,9999
130.4419028,33.51184787,40305,3,99999,03109,春日市立西スポーツセンター,中原東1-4-1,3,-99,9999
130.4419087,33.5117686,40305,3,99999,03120,春日市立西スポーツセンター,中原東1-4-1,3,-99,9999
130.4488174,33.52900126,40218,3,99999,03104,春日小学校,昇町1-142,3,-99,9999
130.4491145,33.52952135,40218,3,99999,03109,春日小学校,昇町1-142,3,-99,9999
130.4437367,33.52267221,40218,3,99999,03104,春日西小学校,下白水南4-134,3,-99,9999
130.442691,33.52319234,40218,3,99999,03109,春日西小学校,下白水南4-134,3,-99,9999
130.4467821,33.52081416,40218,3,99999,03104,春日西中学校,一の谷5-49,3,-99,9999
130.4463127,33.52028411,40218,3,99999,03109,春日西中学校,一の谷5-49,3,-99,9999
130.4463127,33.52022962,40218,3,99999,03110,春日西中学校,一の谷5-49,3,-99,9999
130.4463127,33.52017017,40218,3,99999,03111,春日西中学校,一の谷5-49,3,-99,9999
130.7363397,33.83066188,40135,3,99999,03104,春日台公園,春日台9,3,-99,9999
130.7326816,33.82656807,40109,3,99999,03104,春日台六丁目公園,春日台6,3,-99,9999
130.4470995,33.53345584,40218,3,99999,03104,春日中学校,須玖南2-172,3,-99,9999
130.4475926,33.53367873,40218,3,99999,03109,春日中学校,須玖南2-172,3,-99,9999
130.4474738,33.53475847,40218,3,99999,03110,春日中学校,須玖南2-172,3,-99,9999
130.4474798,33.53469903,40218,3,99999,03111,春日中学校,須玖南2-172,3,-99,9999
130.4634904,33.5288102,40218,3,99999,03104,春日東小学校,若葉台東1-51,3,-99,9999
130.4625991,33.52860216,40218,3,99999,03109,春日東小学校,若葉台東1-51,3,-99,9999
130.4618779,33.5280644,40218,3,99999,03104,春日東中学校,若葉台東1-41,3,-99,9999
130.4611529,33.52818823,40218,3,99999,03109,春日東中学校,若葉台東1-41,3,-99,9999
130.4611708,33.52793066,40218,3,99999,03110,春日東中学校,若葉台東1-41,3,-99,9999
130.4611708,33.52786627,40218,3,99999,03111,春日東中学校,若葉台東1-41,3,-99,9999
130.4656138,33.51803669,40218,3,99999,03104,春日南小学校,春日8-100,3,-99,9999
130.4659406,33.518755,40218,3,99999,03109,春日南小学校,春日8-100,3,-99,9999
130.4580037,33.51270833,40218,3,99999,03104,春日南中学校,大土居3-11,3,-99,9999
130.4583424,33.51221291,40218,3,99999,03109,春日南中学校,大土居3-11,3,-99,9999
130.4583424,33.51215346,40218,3,99999,03110,春日南中学校,大土居3-11,3,-99,9999
130.4583424,33.51210887,40218,3,99999,03111,春日南中学校,大土居3-11,3,-99,9999
130.4483833,33.54113185,40218,3,99999,03104,春日北小学校,岡本1-35,3,-99,9999
130.4478842,33.54081489,40218,3,99999,03109,春日北小学校,岡本1-35,3,-99,9999
130.452639,33.54773755,40218,3,99999,03104,春日北中学校,桜ヶ丘7-20,3,-99,9999
130.45192,33.54763356,40218,3,99999,03109,春日北中学校,桜ヶ丘7-20,3,-99,9999
130.45192,33.54757413,40218,3,99999,03110,春日北中学校,桜ヶ丘7-20,3,-99,9999
130.45192,33.5475048,40218,3,99999,03111,春日北中学校,桜ヶ丘7-20,3,-99,9999
130.4729093,33.52476593,40218,3,99999,03104,春日野小学校,春日公園4-1-1,3,-99,9999
130.472024,33.52501856,40218,3,99999,03109,春日野小学校,春日公園4-1-1,3,-99,9999
130.4739955,33.52265966,40218,3,99999,03104,春日野中学校,春日公園5-19,3,-99,9999
130.4734072,33.52300642,40218,3,99999,03109,春日野中学校,春日公園5-19,3,-99,9999
130.4734072,33.52295688,40218,3,99999,03110,春日野中学校,春日公園5-19,3,-99,9999
130.4734072,33.52290239,40218,3,99999,03111,春日野中学校,春日公園5-19,3,-99,9999
130.8711385,33.88027152,40106,3,99999,03121,勝山弓道場,城内4,4,-99,9999
130.8729435,33.88150257,40106,3,99999,03146,勝山公園トリム・コース,勝山公園,3,-99,9999
130.2939228,33.68750575,40131,3,99999,03148,勝馬海水浴場,勝馬257-5,4,-99,9999
130.5679553,33.40741515,40216,3,99999,03115,小郡運動公園テニスコート,大保427-1,3,-99,9999
130.5690071,33.41278192,40216,3,99999,03104,小郡運動公園多目的広場,大保427-1,3,-99,9999
130.5681277,33.40845683,40216,3,99999,03102,小郡運動公園多目的広場,大保427-1,3,-99,9999
130.5689952,33.41265298,40216,3,99999,03103,小郡運動公園多目的広場,大保427-1,3,-99,9999
130.5690041,33.41250915,40216,3,99999,03138,小郡運動公園多目的広場,大保427-1,3,-99,9999
130.5681277,33.40830803,40216,3,99999,03102,小郡運動公園野球場,大保427-1,3,-99,9999
130.5690546,33.4110559,40216,3,99999,03101,小郡運動公園陸上競技場,大保427-1,3,-99,9999
130.567955,33.40721408,40216,3,99999,03115,小郡市テニスコート,大保392,3,-99,9999
130.5598396,33.39826517,40216,3,99999,03121,小郡市弓道場,大板井279-1,3,-99,9999
130.5601842,33.39809155,40216,3,99999,03109,小郡市体育館,大板井279-1,3,-99,9999
130.5601842,33.39800721,40216,3,99999,03120,小郡市体育館,大板井279-1,3,-99,9999
130.5511744,33.39286398,40216,3,99999,03109,小郡小学校,小板井288,3,-99,9999
130.5517686,33.39291358,40216,3,99999,03104,小郡小学校,小板井288,3,-99,9999
130.5453555,33.38669481,40216,3,99999,03104,小郡地域運動広場,寺福童630,3,-99,9999
130.545296,33.38735467,40216,3,99999,03115,小郡地域運動広場,寺福童630,3,-99,9999
130.5462765,33.3862979,40216,3,99999,03138,小郡地域運動広場,寺福童630,3,-99,9999
130.5453495,33.38660054,40216,3,99999,03103,小郡地域運動広場,寺福童630,3,-99,9999
130.5452247,33.38647154,40216,3,99999,03102,小郡地域運動広場,寺福童630,3,-99,9999
130.5450769,33.38553065,40216,3,99999,03109,小郡中学校,寺福童668,3,-99,9999
130.5459504,33.38513869,40216,3,99999,03104,小郡中学校,寺福童668,3,-99,9999
130.5451067,33.38597221,40216,3,99999,03112,小郡中学校,寺福童668,3,-99,9999
130.3120881,33.58923321,40135,3,99999,03102,小戸公園,小戸2-6-1,3,-99,9999
130.3120881,33.58936195,40135,3,99999,03103,小戸公園,小戸2-6-1,3,-99,9999
130.3145837,33.59137156,40135,3,99999,03146,小戸公園,小戸2-6-1,3,-99,9999
130.5175776,33.33857353,40203,3,99999,03104,小森野小学校,小森野5-21-23,3,-99,9999
130.5181837,33.33878202,40203,3,99999,03109,小森野小学校,小森野5-21-23,3,-99,9999
130.7813125,33.91888566,40103,3,99999,03106,小石プール,小石本村町20-1,4,-99,9999
130.8791557,33.83933561,40107,3,99999,03109,小倉南体育館,日の出町2-5-1,4,-99,9999
130.8791557,33.83927145,40107,3,99999,03120,小倉南体育館,日の出町2-5-1,4,-99,9999
130.8788298,33.83947971,40107,3,99999,03115,小倉南庭球場,日の出町2-5,4,-99,9999
130.8691929,33.83029214,40107,3,99999,03112,小倉南武道場,徳力2-10-1,4,-99,9999
130.8692048,33.83018849,40107,3,99999,03121,小倉南武道場,徳力2-10-1,4,-99,9999
130.8680343,33.880112,40106,3,99999,03110,小倉北柔剣道場,田町14-19,4,-99,9999
130.8680343,33.88005774,40106,3,99999,03111,小倉北柔剣道場,田町14-19,4,-99,9999
130.8893809,33.86884447,40106,3,99999,03109,小倉北体育館,三郎丸3-4-1,4,-99,9999
130.8893809,33.86875566,40106,3,99999,03120,小倉北体育館,三郎丸3-4-1,4,-99,9999
130.705306,33.686965,40401,3,99999,03104,小竹町七福町民グラウンド,大字勝野3959,3,-99,9999
130.329237,33.57202926,40137,3,99999,03104,小田部中央公園,小田部6,4,-99,9999
130.329237,33.57195747,40137,3,99999,03103,小田部中央公園球技場,小田部6,4,-99,9999
130.32924,33.57188074,40137,3,99999,03102,小田部中央公園野球場,小田部6,4,-99,9999
130.5103326,33.31156102,40203,3,99999,03104,小頭町公園（グラウンド）,小頭町,4,-99,9999
130.5105375,33.31205263,40203,3,99999,03102,小頭町公園（グラウンド）,小頭町,4,-99,9999
130.5238733,33.73165949,40223,3,99999,03102,小野公園,薦野1840-2,4,-99,9999
130.5254776,33.73146677,40223,3,99999,03104,小野公園,薦野1840-2,4,-99,9999
130.5254776,33.73138276,40223,3,99999,03103,小野公園,薦野1840-2,4,-99,9999
130.5265947,33.73139759,40223,3,99999,03138,小野公園,薦野1840-2,4,-99,9999
130.5114869,33.72674035,40223,3,99999,03104,小野小学校,米多比1390-2,3,-99,9999
130.5129486,33.72627582,40223,3,99999,03109,小野小学校,米多比1390-2,3,-99,9999
130.7553898,33.81517149,40109,3,99999,03104,小嶺大池公園,小嶺2-18,3,-99,9999
130.735906,33.63935489,40205,3,99999,03102,庄内グラウンド,有安1-2,3,-99,9999
130.7182936,33.63759247,40205,3,99999,03102,庄内工場団地グラウンド,有安958-18,3,-99,9999
130.7182936,33.63741438,40205,3,99999,03103,庄内工場団地グラウンド,有安958-18,3,-99,9999
130.7241389,33.6409281,40205,3,99999,03109,庄内体育館,有安830-6,3,-99,9999
130.7241389,33.64084895,40205,3,99999,03120,庄内体育館,有安830-6,3,-99,9999
130.742889,33.634492,40205,3,99999,03142,庄内町立関の山いこいの森,大字綱分419-1,3,-99,9999
130.7248103,33.6394638,40205,3,99999,03102,庄内野球場,有安830-6,3,-99,9999
130.9489112,33.79002078,40107,3,99999,03143,昭和池公園,大字朽網,3,-99,9999
130.9730568,33.87448867,40101,3,99999,03106,松ケ江プール,大字畑2066,4,-99,9999
130.976418,33.871966,40101,3,99999,03104,松ヶ江ふれあい公園,畑,3,-99,9999
130.6169864,33.85957322,40383,3,99999,03102,松ヶ台グラウンド,大字野間796-5,3,-99,9999
130.6169804,33.85944,40383,3,99999,03103,松ヶ台グラウンド,大字野間796-5,3,-99,9999
130.6681408,33.85695062,40384,3,99999,03104,松の本運動公園,大字広渡59-11,3,-99,9999
130.6687675,33.85704472,40384,3,99999,03115,松の本運動公園テニス場,松の本4-59-11,3,-99,9999
130.715183,33.84836972,40109,3,99999,03104,松寿山公園,松寿山3-6,3,-99,9999
130.5463616,33.53514225,40221,3,99999,03102,松川運動公園,御笠5-3-1,3,-99,9999
130.5415248,33.53573658,40221,3,99999,03109,松川運動公園,御笠5-3-1,3,-99,9999
130.9456956,33.85441976,40107,3,99999,03104,沼新町中央公園,沼新町3-4,3,-99,9999
130.9427289,33.84534301,40107,3,99999,03104,沼本町一丁目南公園,沼本町1-11,3,-99,9999
130.7808821,33.90795014,40103,3,99999,03142,菖蒲谷池公園,大字小石,3,-99,9999
130.535045,33.887731,40220,3,99999,03148,鐘崎海水浴場,鐘崎,4,-99,9999
130.8278846,33.87347053,40105,3,99999,03101,鞘ヶ谷競技場,西鞘ヶ谷町20-1,4,-99,9999
130.9092784,33.84190106,40107,3,99999,03104,上葛原中央公園,上葛原1,3,-99,9999
130.4622546,33.56830677,40132,3,99999,03115,上月隈中央公園庭球場,大字上月隈,4,-99,9999
130.464269,33.56758887,40132,3,99999,03102,上月隈中央公園野球場（第１）,大字上月隈,4,-99,9999
130.4625993,33.56727695,40132,3,99999,03102,上月隈中央公園野球場（第２）,大字上月隈,4,-99,9999
130.5789263,33.2434958,40544,3,99999,03104,上広川小学校,大字水原949,3,-99,9999
130.5776547,33.24362502,40544,3,99999,03109,上広川小学校,大字水原949,3,-99,9999
130.9628489,33.93740439,40101,3,99999,03104,上清滝公園,元清滝10,3,-99,9999
130.5340893,33.27976772,40203,3,99999,03104,上津児童体育館,上津町1923-3-1,3,-99,9999
130.5341071,33.27975778,40203,3,99999,03109,上津児童体育館,上津町1923-3-1,3,-99,9999
130.534125,33.27913684,40203,3,99999,03104,上津小学校,上津町1923-3-1,3,-99,9999
130.5349093,33.27942496,40203,3,99999,03109,上津小学校,上津町1923-3-1,3,-99,9999
130.758991,33.82748139,40109,3,99999,03106,上津役プール,上上津役4-18,4,-99,9999
130.7593416,33.82665706,40109,3,99999,03104,上津役公園,上上津役4-18,3,-99,9999
130.7433674,33.85529346,40109,3,99999,03104,上保公園,鷹の巣3-6,3,-99,9999
130.6377622,33.23484202,40210,3,99999,03102,上陽町春の山公園グラウンド,上陽町北川内1121-5,3,-99,9999
130.6377622,33.23475753,40210,3,99999,03103,上陽町春の山公園グラウンド,上陽町北川内1121-5,3,-99,9999
130.6377622,33.23464321,40210,3,99999,03138,上陽町春の山公園ゲートボール場,上陽町北川内1121-5,3,-99,9999
130.6375779,33.23382812,40210,3,99999,03115,上陽町春の山公園テニスコート,上陽町北川内1121-5,3,-99,9999
130.7756889,33.8743996,40109,3,99999,03102,城山球場,屋敷2-14,4,-99,9999
130.7748437,33.874053,40109,3,99999,03109,城山体育館,屋敷2-14-1,4,-99,9999
130.7748437,33.87398393,40109,3,99999,03120,城山体育館,屋敷2-14-1,4,-99,9999
130.5888833,33.80764906,40220,3,99999,03109,城山中学校,陵厳寺1-13-1,4,-99,9999
130.5897508,33.80741701,40220,3,99999,03104,城山中学校,陵厳寺1-13-1,4,-99,9999
130.7750353,33.87424173,40109,3,99999,03115,城山庭球場,屋敷2-14,4,-99,9999
130.7754005,33.87266141,40109,3,99999,03104,城山緑地,屋敷1-9,3,-99,9999
130.7758167,33.87208447,40109,3,99999,03115,城山緑地庭球場,屋敷2-3,4,-99,9999
130.421646,33.249455,40203,3,99999,03138,城島ゲートボール場,城島町楢津466-7,3,-99,9999
130.4204921,33.25033128,40203,3,99999,03115,城島テニスコート,城島町楢津1460,3,-99,9999
130.4213839,33.2512702,40203,3,99999,03129,城島トレーニングセンター,城島町楢津1468,3,-99,9999
130.4200757,33.25136223,40203,3,99999,03104,城島ふれあい広場,城島町楢津1495,3,-99,9999
130.4200698,33.25121812,40203,3,99999,03102,城島ふれあい広場,城島町楢津1495,3,-99,9999
130.4200698,33.25107899,40203,3,99999,03103,城島ふれあい広場,城島町楢津1495,3,-99,9999
130.4330203,33.26783448,40203,3,99999,03134,城島リバーサイドゴルフ場,城島町浜293,4,-99,9999
130.4267818,33.25788817,40203,3,99999,03104,城島小学校,城島町城島321,3,-99,9999
130.4278098,33.25676525,40203,3,99999,03109,城島小学校,城島町城島321,3,-99,9999
130.420962,33.25115094,40203,3,99999,03109,城島体育館（旧称：城島体育センター）,城島町楢津1468,3,-99,9999
130.4209679,33.25108634,40203,3,99999,03120,城島体育館（旧称：城島体育センター）,城島町楢津1468,3,-99,9999
130.4191863,33.25042982,40203,3,99999,03104,城島中学校,城島町楢津1353-1,3,-99,9999
130.4179741,33.2509963,40203,3,99999,03109,城島中学校,城島町楢津1353-1,3,-99,9999
130.5071753,33.3211341,40203,3,99999,03104,城南中学校,城南町11-4,3,-99,9999
130.5079299,33.32111423,40203,3,99999,03109,城南中学校,城南町11-4,3,-99,9999
130.8766465,33.86049891,40107,3,99999,03109,城野体育館,八幡町34-1,4,-99,9999
130.8766465,33.86042983,40107,3,99999,03120,城野体育館,八幡町34-1,4,-99,9999
130.4439703,33.71166543,40345,3,99999,03115,新宮町テニスコート,緑ヶ浜4-1592-826,3,-99,9999
130.4436435,33.71128257,40345,3,99999,03118,新宮町相撲場,緑ケ浜4-3-1,3,-99,9999
130.4452342,33.70933252,40345,3,99999,03104,新宮町民グラウンド,下府2-1247-2,3,-99,9999
130.4434314,33.71062566,40345,3,99999,03109,新宮町民体育館,下府2-1-1,3,-99,9999
130.528976,33.33458711,40203,3,99999,03115,新宝満川テニスコート,東櫛原町字こくう蔵2840-1地先,4,-99,9999
130.5297356,33.3372435,40203,3,99999,03102,新宝満川野球場,高野2,4,-99,9999
130.5302773,33.33807131,40203,3,99999,03102,新宝満川野球場Ａ,東櫛原町字こくう蔵2840-1地先,4,-99,9999
130.5301168,33.33674122,40203,3,99999,03102,新宝満川野球場Ｂ,東櫛原町字こくう蔵2840-1地先,4,-99,9999
130.9987264,33.88912665,40101,3,99999,03104,新門司運動場,新門司北2-6-2,4,-99,9999
130.9841749,33.85919809,40101,3,99999,03105,新門司温水プール,新門司3-5,4,-99,9999
130.986021,33.897207,40101,3,99999,03104,新門司海浜公園,大字猿喰,3,-99,9999
130.9998554,33.88921544,40101,3,99999,03104,新門司球技場,新門司北2-6-2,4,-99,9999
130.9882154,33.86336532,40101,3,99999,03104,新門司公園,新門司2,3,-99,9999
130.9711612,33.87032499,40101,3,99999,03109,新門司体育館,吉志新町2-1,4,-99,9999
130.9711612,33.87027072,40101,3,99999,03120,新門司体育館,吉志新町2-1,4,-99,9999
130.9991067,33.889758,40101,3,99999,03115,新門司庭球場,新門司北2-6-2,4,-99,9999
130.1423649,33.51577414,40230,3,99999,03115,深江コミュニティプラザ,二丈深江1144,3,-99,9999
130.1254439,33.48202751,40230,3,99999,03142,真名子の香ランドキャンプ場,二丈福井355-2,4,-99,9999
130.7303182,33.93005853,40103,3,99999,03148,人工海浜（多目的広場）,大字安屋,3,-99,9999
130.4309738,33.02719319,40202,3,99999,03104,諏訪公園,岬町,4,-99,9999
130.5216179,33.3084329,40203,3,99999,03104,諏訪中学校,東町250-1,4,-99,9999
130.5204473,33.30869609,40203,3,99999,03109,諏訪中学校,東町250-1,4,-99,9999
130.4465596,33.53648735,40218,3,99999,03104,須玖小学校,須玖南2-71,3,-99,9999
130.4466725,33.53741847,40218,3,99999,03109,須玖小学校,須玖南2-71,3,-99,9999
130.512787,33.58211149,40344,3,99999,03115,須恵町スポーツ公園（テニスコート）,大字上須恵1306-1,3,-99,9999
130.512793,33.58240851,40344,3,99999,03121,須恵町スポーツ公園（弓道場）,大字上須恵1306-1,3,-99,9999
130.5122344,33.58222535,40344,3,99999,03120,須恵町スポーツ公園（卓球場）,大字上須恵1306-1,3,-99,9999
130.5247649,33.59169603,40344,3,99999,03143,須恵町ハイキングコース,詳細住所不明,3,-99,9999
130.5326893,33.58128761,40344,3,99999,03102,須恵町運動公園,大字佐谷515-1,3,-99,9999
130.5313345,33.58006986,40344,3,99999,03104,須恵町運動公園,大字佐谷515-1,3,-99,9999
130.512784,33.58201249,40344,3,99999,03115,須恵町立テニスコート,上須恵1306-1,3,-99,9999
130.5121199,33.58216124,40344,3,99999,03120,須恵町立卓球場,上須恵1304-1,3,-99,9999
130.5093944,33.5870148,40344,3,99999,03111,須恵町立武道館,上須恵1167-3,3,-99,9999
130.6903931,33.86027353,40382,3,99999,03106,水巻町総合運動公園,頃末北3-10-1,3,-99,9999
130.6933225,33.86018471,40382,3,99999,03115,水巻町総合運動公園,頃末北3-10-1,3,-99,9999
130.6924252,33.86091991,40382,3,99999,03104,水巻町総合運動公園,頃末北3-10-1,3,-99,9999
130.6905179,33.86054984,40382,3,99999,03129,水巻町総合運動公園,頃末北3-10-1,3,-99,9999
130.6892463,33.85951368,40382,3,99999,03121,水巻町総合運動公園,頃末北3-10-1,3,-99,9999
130.6934228,33.854242,40382,3,99999,03109,水巻町体育センター,頃末北1-2-15,3,-99,9999
130.7025311,33.84664493,40382,3,99999,03112,水巻町武道館,吉田西3-1-10,3,-99,9999
130.6908383,33.87163773,40382,3,99999,03109,水巻町民体育館,おかの台33-1,3,-99,9999
130.3728289,33.16387074,40207,3,99999,03144,水郷柳川サイクリング（梅の木街道）,三橋町下百町,3,-99,9999
130.40886,33.16354758,40207,3,99999,03144,水郷柳川サイクリング（水の歴史）,新外町1から三橋町中山547-1,3,-99,9999
130.408208,33.615057,40131,3,99999,03102,水産加工センター運動広場,東浜2-62,3,-99,9999
130.5084727,33.51441056,40221,3,99999,03109,水城小学校,観世音寺3-13-1,3,-99,9999
130.5082825,33.51390526,40221,3,99999,03104,水城小学校,観世音寺3-13-1,3,-99,9999
130.4997627,33.51077656,40221,3,99999,03109,水城西小学校,大字向佐野90,3,-99,9999
130.5003807,33.51037031,40221,3,99999,03104,水城西小学校,大字向佐野90,3,-99,9999
130.4874999,33.19812984,40211,3,99999,03105,水田コミュニティセンター,下北島150-1,4,-99,9999
130.4887418,33.19930822,40211,3,99999,03121,水田コミュニティセンター,下北島150-1,4,-99,9999
130.4885754,33.19904967,40211,3,99999,03115,水田コミュニティセンター,下北島150-1,4,-99,9999
130.4874881,33.1981547,40211,3,99999,03112,水田コミュニティセンター,下北島150-1,4,-99,9999
130.4882724,33.19850274,40211,3,99999,03102,水田コミュニティセンター,下北島150-1,4,-99,9999
130.7013075,33.32792681,40203,3,99999,03104,水縄小学校,田主丸町石垣889,3,-99,9999
130.70208,33.32789702,40203,3,99999,03109,水縄小学校,田主丸町石垣889,3,-99,9999
130.692654,33.34825753,40203,3,99999,03104,水分小学校,田主丸町常盤1118-1,3,-99,9999
130.6929749,33.34908147,40203,3,99999,03109,水分小学校,田主丸町常盤1118-1,3,-99,9999
130.4797429,33.14852265,40229,3,99999,03109,瀬高Ｂ＆Ｇ海洋センター,瀬高町小川146-1,4,-99,9999
130.4797429,33.14845797,40229,3,99999,03120,瀬高Ｂ＆Ｇ海洋センター,瀬高町小川146-1,4,-99,9999
130.4797488,33.1483933,40229,3,99999,03112,瀬高Ｂ＆Ｇ海洋センター,瀬高町小川146-1,4,-99,9999
130.4802539,33.14936341,40229,3,99999,03115,瀬高Ｂ＆Ｇ海洋センター,瀬高町小川146-1,4,-99,9999
130.4801826,33.1483933,40229,3,99999,03105,瀬高Ｂ＆Ｇ海洋センター,瀬高町小川146-1,4,-99,9999
130.4751205,33.15310086,40229,3,99999,03109,瀬高体育センター,瀬高町下庄801-1,3,-99,9999
130.4751205,33.15302127,40229,3,99999,03120,瀬高体育センター,瀬高町下庄801-1,3,-99,9999
130.7492784,33.7727594,40109,3,99999,03104,星ヶ丘中央公園,星ケ丘6-2,3,-99,9999
130.5134741,33.15264849,40229,3,99999,03102,清水運動広場,瀬高町本吉1089-1,3,-99,9999
130.51348,33.152549,40229,3,99999,03104,清水運動広場,瀬高町本吉1089-1,3,-99,9999
130.5897785,33.70338334,40226,3,99999,03104,西鞍の丘総合運動公園,乙野,3,-99,9999
130.5908777,33.70601309,40226,3,99999,03103,西鞍の丘総合運動公園,乙野,3,-99,9999
130.5908837,33.70584008,40226,3,99999,03138,西鞍の丘総合運動公園,乙野,3,-99,9999
130.3448902,33.65301084,40131,3,99999,03102,西戸崎水処理センター運動広場,大字西戸崎243-1,3,-99,9999
130.8219663,33.89857712,40105,3,99999,03109,西戸畑体育館,南鳥旗町1-15,4,-99,9999
130.8219663,33.89850807,40105,3,99999,03120,西戸畑体育館,南鳥旗町1-15,4,-99,9999
130.5266045,33.30256659,40203,3,99999,03104,西国分小学校,諏訪野町1972-1,4,-99,9999
130.5268065,33.30299864,40203,3,99999,03109,西国分小学校,諏訪野町1972-1,4,-99,9999
130.3642196,33.58030264,40137,3,99999,03135,西新ゴルフセンター,城西2-2-29,4,-99,9999
130.360135,33.584841,40137,3,99999,03136,西新パレス,西新2-10-1,4,-99,9999
130.492714,33.590851,40344,3,99999,03109,西体育館,大字旅石253-235,3,-99,9999
130.9435569,33.68299768,40213,3,99999,03104,西谷グラウンド,大字西谷477,3,-99,9999
130.4573429,33.60397439,40343,3,99999,03109,西地区社会体育館,別府3-3-2,3,-99,9999
130.4346251,33.66753745,40131,3,99999,03107,西鉄香椎花園,香住ケ丘7-2-1,4,-99,9999
130.4913568,33.30938554,40203,3,99999,03115,西田テニスコート,梅満町82-1,4,-99,9999
130.4918937,33.30988803,40203,3,99999,03109,西田体育館（旧称：勤労者体育センター）,梅満町70-4,4,-99,9999
130.4918937,33.30981355,40203,3,99999,03120,西田体育館（旧称：勤労者体育センター）,梅満町70-4,4,-99,9999
130.3556253,33.55041785,40136,3,99999,03102,西南杜の湖畔公園,七隈6、梅林3および干隈2地内,4,-99,9999
130.3563324,33.55221541,40136,3,99999,03115,西南杜の湖畔公園,七隈6、梅林3および干隈2地内,4,-99,9999
130.3560293,33.55139339,40136,3,99999,03103,西南杜の湖畔公園,七隈6、梅林3および干隈2地内,4,-99,9999
130.3547043,33.54983845,40136,3,99999,03143,西南杜の湖畔公園,七隈6、梅林3および干隈2地内,4,-99,9999
130.5815928,33.5039067,40217,3,99999,03134,西日本開発株式会社・筑紫野ゴルフ場,山家2014-22,4,-99,9999
130.3961937,33.48172928,40305,3,99999,03102,西畑運動公園,大字西畑1379,3,-99,9999
130.3186689,33.54576969,40135,3,99999,03103,西部運動公園球技場,飯盛385,3,-99,9999
130.3216101,33.54534395,40135,3,99999,03102,西部運動公園野球場,飯盛385,3,-99,9999
130.7950049,33.86419334,40108,3,99999,03109,西部勤労婦人センター,尾倉2-6-6,4,3,9999
130.7950049,33.86413907,40108,3,99999,03120,西部勤労婦人センター,尾倉2-6-6,4,3,9999
130.3158748,33.59524318,40135,3,99999,03115,西部水処理センターテニスコート,小戸2-5-1,3,-99,9999
130.455163,33.27682329,40203,3,99999,03109,西部地区体育館,大善寺町藤吉434,4,-99,9999
130.455163,33.27672394,40203,3,99999,03120,西部地区体育館,大善寺町藤吉434,4,-99,9999
130.455163,33.27662458,40203,3,99999,03129,西部地区体育館,大善寺町藤吉434,4,-99,9999
130.4541988,33.27616329,40203,3,99999,03102,西部防災公園,大善寺町藤吉,4,-99,9999
130.4541928,33.27635703,40203,3,99999,03104,西部防災公園,大善寺町藤吉,4,-99,9999
130.4541928,33.27625767,40203,3,99999,03103,西部防災公園,大善寺町藤吉,4,-99,9999
130.3225963,33.59786808,40135,3,99999,03140,西福岡マリーナ・マリノア,小戸2-11-1,4,-99,9999
130.4859316,33.24275432,40203,3,99999,03104,西牟田小学校,三潴町西牟田4407,3,-99,9999
130.4855097,33.24303261,40203,3,99999,03109,西牟田小学校,三潴町西牟田4407,3,-99,9999
130.5625397,33.28390285,40203,3,99999,03104,青峰小学校,青峰2-7-1,3,-99,9999
130.562207,33.28434493,40203,3,99999,03109,青峰小学校,青峰2-7-1,3,-99,9999
130.4066814,33.24044851,40203,3,99999,03104,青木小学校,城島町上青木825,3,-99,9999
130.4069429,33.24090076,40203,3,99999,03109,青木小学校,城島町上青木825,3,-99,9999
130.4796184,33.71212333,40223,3,99999,03104,青柳小学校,青柳860,3,-99,9999
130.4789173,33.71239023,40223,3,99999,03109,青柳小学校,青柳860,3,-99,9999
130.4606556,33.64726084,40131,3,99999,03115,青葉公園,青葉4地内,4,-99,9999
130.4621173,33.64830425,40131,3,99999,03104,青葉公園,青葉4地内,4,-99,9999
130.4628304,33.64760746,40131,3,99999,03147,青葉公園,青葉4地内,4,-99,9999
130.6868374,33.90417338,40103,3,99999,03104,青葉台中央公園,青葉台西1-14,3,-99,9999
130.5420258,33.27023682,40203,3,99999,03104,青陵中学校,藤山町1731-10,3,-99,9999
130.5429171,33.26964562,40203,3,99999,03109,青陵中学校,藤山町1731-10,3,-99,9999
130.5821753,33.79955554,40220,3,99999,03109,赤間小学校,赤間1-4-1,4,-99,9999
130.5814326,33.80073564,40220,3,99999,03104,赤間小学校,赤間1-4-1,4,-99,9999
130.5713017,33.81848872,40220,3,99999,03109,赤間西小学校,土穴633-2,4,-99,9999
130.5699885,33.81808392,40220,3,99999,03104,赤間西小学校,土穴633-2,4,-99,9999
130.4834822,33.55137841,40219,3,99999,03115,赤坂テニスコート,中2-5-1,4,-99,9999
130.8701301,33.61736496,40609,3,99999,03104,赤村コミュニティ広場,大字内田1188,3,-99,9999
130.8711878,33.6175134,40609,3,99999,03109,赤村健康増進センター,大字内田1188,3,-99,1994
130.8976441,33.61775247,40609,3,99999,03104,赤村自然学習村源じいの森,大字赤6933-1,4,-99,9999
130.8970018,33.61702035,40609,3,99999,03109,赤村自然学習村源じいの森,大字赤6933-1,4,-99,9999
130.8976375,33.61773288,40609,3,99999,03142,赤村自然学習村源じいの森,大字赤6933-1,4,-99,9999
130.8697914,33.61656335,40609,3,99999,03102,赤村野球グランド,大字内田1188-1,3,-99,9999
130.7661787,33.69778178,40610,3,99999,03104,赤池グラウンド,赤池970-7,3,-99,9999
130.7652755,33.69772739,40610,3,99999,03115,赤池テニスコート,赤池970-7,3,-99,9999
130.7656558,33.6986123,40610,3,99999,03102,赤池球場,赤池970-8,3,-99,9999
130.7647828,33.69748929,40610,3,99999,03109,赤池体育センター,赤池970-2,3,-99,9999
130.7647828,33.69740033,40610,3,99999,03120,赤池体育センター,赤池970-2,3,-99,9999
130.7114339,33.87290867,40109,3,99999,03105,折尾スポーツセンタープール,大浦3-9-1,4,-99,9999
130.7114339,33.87284947,40109,3,99999,03109,折尾スポーツセンタープール,大浦3-9-1,4,-99,9999
130.7114339,33.8727804,40109,3,99999,03120,折尾スポーツセンタープール,大浦3-9-1,4,-99,9999
130.7114339,33.8727212,40109,3,99999,03129,折尾スポーツセンタープール,大浦3-9-1,4,-99,9999
130.7186236,33.8680831,40109,3,99999,03106,折尾プール,丸尾町14,4,-99,9999
130.561416,33.190073,40210,3,99999,03142,千間土居公園キャンプ場,立花町北山811,3,-99,9999
130.7457117,33.80849524,40109,3,99999,03104,千代東公園,千代3-7,3,-99,9999
130.4810083,33.74491811,40223,3,99999,03102,千鳥ヶ池公園,舞の里2-5-1,4,-99,9999
130.4814955,33.74432521,40223,3,99999,03115,千鳥ヶ池公園,舞の里2-5-1,4,-99,9999
130.4818401,33.74542206,40223,3,99999,03104,千鳥ヶ池公園,舞の里2-5-1,4,-99,9999
130.4818401,33.74530349,40223,3,99999,03103,千鳥ヶ池公園,舞の里2-5-1,4,-99,9999
130.4767861,33.7457872,40223,3,99999,03104,千鳥小学校,千鳥4-1-1,3,-99,9999
130.4772971,33.74619234,40223,3,99999,03109,千鳥小学校,千鳥4-1-1,3,-99,9999
130.6614459,33.34218352,40203,3,99999,03104,川会小学校,田主丸町以真恵274-1,4,-99,9999
130.6620045,33.34218352,40203,3,99999,03109,川会小学校,田主丸町以真恵274-1,4,-99,9999
130.8144704,33.599884,40605,3,99999,03109,川崎勤労者体育センター／川崎町中央体育館,大字田原791-1,3,-99,9999
130.8144704,33.59980976,40605,3,99999,03120,川崎勤労者体育センター／川崎町中央体育館,大字田原791-1,3,-99,9999
130.8201631,33.58883646,40605,3,99999,03115,川崎勤労者体育施設（川崎サン・スポーツランド）,大字川崎1325,3,-99,9999
130.821096,33.5871535,40605,3,99999,03104,川崎勤労者体育施設（川崎サン・スポーツランド）,大字川崎1325,3,-99,9999
130.821298,33.58872756,40605,3,99999,03102,川崎勤労者体育施設（川崎サン・スポーツランド）,大字川崎1325,3,-99,9999
130.8216105,33.585692,40605,3,99999,03105,川崎町Ｂ＆Ｇ海洋センター,大字川崎1348-2,4,-99,9999
130.8212184,33.5858702,40605,3,99999,03109,川崎町Ｂ＆Ｇ海洋センター,大字川崎1348-2,4,-99,9999
130.8212243,33.585791,40605,3,99999,03112,川崎町Ｂ＆Ｇ海洋センター,大字川崎1348-2,4,-99,9999
130.8212302,33.58571675,40605,3,99999,03129,川崎町Ｂ＆Ｇ海洋センター,大字川崎1348-2,4,-99,9999
130.8316751,33.6045822,40605,3,99999,03104,川崎町三井運動場,大字田原115,3,-99,9999
130.8210924,33.58700082,40605,3,99999,03104,川崎町民運動公園,大字川崎1338-2,3,-99,9999
130.820727,33.58809227,40605,3,99999,03118,川崎町民運動公園,大字川崎1338-2,3,-99,9999
130.8201655,33.58867388,40605,3,99999,03115,川崎町民運動公園,大字川崎1338-2,3,-99,9999
130.8210924,33.58687213,40605,3,99999,03103,川崎町民運動公園,大字川崎1338-2,3,-99,9999
130.8210924,33.58673355,40605,3,99999,03138,川崎町民運動公園,大字川崎1338-2,3,-99,9999
130.821153,33.585791,40605,3,99999,03102,川崎町民運動公園野球場,大字川崎1348-2,3,-99,9999
130.8141371,33.5994777,40605,3,99999,03109,川崎町民会館,大字田原804,3,-99,9999
130.8141371,33.59939851,40605,3,99999,03120,川崎町民会館,大字田原804,3,-99,9999
130.8266039,33.89346656,40105,3,99999,03102,浅生球場,浅生2-2,3,-99,9999
130.7098791,33.88379148,40109,3,99999,03104,浅川学園台中央公園,浅川学園台3-1,3,-99,9999
130.7458072,33.8182801,40109,3,99999,03104,船越公園,船越3-1,3,-99,9999
130.7172137,33.34999515,40203,3,99999,03104,船越小学校,田主丸町船越190,4,-99,9999
130.7178436,33.34985617,40203,3,99999,03109,船越小学校,田主丸町船越190,4,-99,9999
130.6022167,33.31956756,40203,3,99999,03104,善導寺公園,善導寺町与田,4,-99,9999
130.6022167,33.31948315,40203,3,99999,03102,善導寺公園,善導寺町与田,4,-99,9999
130.6023588,33.32007907,40203,3,99999,03118,善導寺公園相撲場,善導寺町与田183-4,4,-99,9999
130.6030133,33.32597578,40203,3,99999,03104,善導寺小学校,善導寺町与田450,3,-99,9999
130.6024666,33.32670065,40203,3,99999,03109,善導寺小学校,善導寺町与田450,3,-99,9999
130.9455808,33.82784838,40107,3,99999,03104,曽根公園,中曽根東3-4,3,-99,9999
130.2300722,33.53078209,40230,3,99999,03109,曽根体育館,曽根68-1,3,-99,9999
130.2300663,33.53071275,40230,3,99999,03120,曽根体育館,曽根68-1,3,-99,9999
130.2300663,33.53064836,40230,3,99999,03132,曽根体育館,曽根68-1,3,-99,9999
130.2310348,33.52920698,40230,3,99999,03102,曽根野球場・運動場,曽根68-1,3,-99,9999
130.2306723,33.53006884,40230,3,99999,03104,曽根野球場・運動場,曽根68-1,3,-99,9999
130.4943551,33.21863546,40211,3,99999,03104,窓ヶ原公園グラウンド,大字久富794-2,3,-99,9999
130.4942718,33.21756477,40211,3,99999,03109,窓ケ原体育館,大字久富793-1,4,-99,9999
130.4942718,33.21749517,40211,3,99999,03120,窓ケ原体育館,大字久富793-1,4,-99,9999
130.684049,33.59263793,40421,3,99999,03102,総合グラウンド,大字吉隈430-53,3,-99,9999
130.6840371,33.59251914,40421,3,99999,03104,総合グラウンド,大字吉隈430-53,3,-99,9999
130.6840371,33.59237068,40421,3,99999,03103,総合グラウンド,大字吉隈430-53,3,-99,9999
130.4646126,33.59263408,40343,3,99999,03115,総合スポーツ公園,大字南里640-1,3,-99,9999
130.4651355,33.59168375,40343,3,99999,03102,総合スポーツ公園,大字南里640-1,3,-99,9999
130.6776602,33.84687276,40384,3,99999,03115,総合運動公園,大字広渡1412,3,-99,9999
130.6806591,33.84827513,40384,3,99999,03146,総合運動公園,広渡大字広渡240-2,3,-99,9999
130.6793697,33.8477816,40384,3,99999,03104,総合運動公園,広渡大字広渡240-2,3,-99,9999
130.6793816,33.84763359,40384,3,99999,03102,総合運動公園,広渡大字広渡240-2,3,-99,9999
130.6799045,33.84495389,40384,3,99999,03103,総合運動公園,広渡大字広渡240-2,3,-99,9999
130.6776346,33.84515847,40384,3,99999,03142,総合運動公園,広渡大字広渡1369,3,-99,9999
130.6798941,33.84455933,40384,3,99999,03104,総合運動公園,大字広渡1344-1,3,-99,9999
130.984344344336,33.7754277662995,40621,3,99999,03109,総合体育館,殿川町1-30,3,-99,9999
130.984332444336,33.7753339362995,40621,3,99999,03120,総合体育館,殿川町1-30,3,-99,9999
130.984314644336,33.7752400862995,40621,3,99999,03111,総合体育館,殿川町1-30,3,-99,9999
130.984284944336,33.7751511862995,40621,3,99999,03110,総合体育館,殿川町1-30,3,-99,9999
130.983649191514,33.7751956383041,40621,3,99999,03115,総合体育館,殿川町1-30,3,-99,9999
130.6827889,33.59378152,40421,3,99999,03109,総合体育館,大字吉隈429-26,3,-99,9999
130.6827889,33.59369243,40421,3,99999,03129,総合体育館,大字吉隈429-26,3,-99,9999
130.6827889,33.59360333,40421,3,99999,03132,総合体育館,大字吉隈429-26,3,-99,9999
130.6311657,33.3173274,40203,3,99999,03104,草野小学校,草野町矢作496-1,3,-99,9999
130.6302269,33.31653294,40203,3,99999,03109,草野小学校,草野町矢作496-1,3,-99,9999
130.5068386,33.31403607,40203,3,99999,03104,荘島小学校,荘島町19-4,3,-99,9999
130.5073496,33.31386227,40203,3,99999,03109,荘島小学校,荘島町19-4,3,-99,9999
130.5048928,33.31472797,40203,3,99999,03109,荘島体育館,荘島町11-1,4,3,9999
130.5048957,33.31467583,40203,3,99999,03129,荘島体育館,荘島町11-1,4,-99,9999
130.9052608,33.86651265,40106,3,99999,03143,足立公園,小文字・妙見町・黒原,3,-99,9999
130.9043457,33.86751913,40106,3,99999,03142,足立公園,小文字・妙見町・黒原,3,-99,9999
130.9047776,33.86891227,40106,3,99999,03109,足立青少年の家,寿山町7-14,3,2,9999
130.9047835,33.8688284,40106,3,99999,03128,足立青少年の家,寿山町7-14,3,2,9999
130.8979146,33.86351463,40106,3,99999,03145,足立青少年の家,寿山町7-14,3,2,9999
130.2043161,33.5484126,40230,3,99999,03102,多久野球場,多久132,3,-99,9999
130.4342953,33.63678053,40131,3,99999,03146,多々良ジョギングコース,多々良,3,-99,9999
130.502853543402,33.5126581773086,40221,3,99999,03105,太宰府史跡水辺公園プール,向佐野18,4,-99,9999
130.502259329233,33.5124253337871,40221,3,99999,03107,太宰府史跡水辺公園プール,向佐野18,4,-99,9999
130.502853543402,33.5127275273086,40221,3,99999,03129,太宰府史跡水辺公園プール,向佐野18,4,-99,9999
130.5258863,33.51062319,40221,3,99999,03129,太宰府市いきいき情報センター,五条3-1-1,4,-99,9999
130.5251159,33.51463708,40221,3,99999,03109,太宰府市体育センター,白川2-1,4,-99,9999
130.525104,33.51450828,40221,3,99999,03120,太宰府市体育センター,白川2-1,4,-99,9999
130.5028053,33.52847895,40221,3,99999,03104,太宰府市立少年スポーツ公園,水城5-295-19,3,-99,9999
130.5024042,33.52819165,40221,3,99999,03146,太宰府市立少年スポーツ公園,水城5-295-19,3,-99,9999
130.5028023,33.52842693,40221,3,99999,03102,太宰府市立少年スポーツ公園,水城5-295-19,3,-99,9999
130.5028038,33.52837121,40221,3,99999,03138,太宰府市立少年スポーツ公園,水城5-295-19,3,-99,9999
130.5030875,33.52838854,40221,3,99999,03117,太宰府市立少年スポーツ公園,水城5-295-19,3,-99,9999
130.5302332,33.52063506,40221,3,99999,03109,太宰府小学校,連歌屋1-2-1,3,-99,9999
130.5289497,33.5208233,40221,3,99999,03104,太宰府小学校,連歌屋1-2-1,3,-99,9999
130.4938285,33.504448,40221,3,99999,03109,太宰府西小学校,大佐野4-6-30,3,-99,9999
130.4929729,33.50510201,40221,3,99999,03104,太宰府西小学校,大佐野4-6-30,3,-99,9999
130.4950452,33.50621564,40221,3,99999,03109,太宰府西中学校,向佐野3-9-1,3,-99,9999
130.4950214,33.50535355,40221,3,99999,03104,太宰府西中学校,向佐野3-9-1,3,-99,9999
130.4950452,33.50610664,40221,3,99999,03112,太宰府西中学校,向佐野3-9-1,3,-99,9999
130.528285,33.51113056,40221,3,99999,03109,太宰府中学校,五条4-9-1,3,-99,9999
130.5286178,33.51051624,40221,3,99999,03104,太宰府中学校,五条4-9-1,3,-99,9999
130.5282791,33.51143773,40221,3,99999,03112,太宰府中学校,五条4-9-1,3,-99,9999
130.5390649,33.50806437,40221,3,99999,03109,太宰府東小学校,青山3-4-1,3,-99,9999
130.5385301,33.50744012,40221,3,99999,03104,太宰府東小学校,青山3-4-1,3,-99,9999
130.5405955,33.505044,40221,3,99999,03109,太宰府東中学校,高雄2-3934-1,3,-99,9999
130.541261,33.50498454,40221,3,99999,03104,太宰府東中学校,高雄2-3934-1,3,-99,9999
130.5405955,33.50495482,40221,3,99999,03112,太宰府東中学校,高雄2-3934-1,3,-99,9999
130.5392483,33.50197494,40221,3,99999,03109,太宰府南小学校,高雄2-3855,3,-99,9999
130.5390582,33.50105334,40221,3,99999,03104,太宰府南小学校,高雄2-3855,3,-99,9999
130.7092913,33.82128954,40215,3,99999,03138,太陽の広場,中間4-13-20,4,-99,9999
130.7096181,33.82180047,40215,3,99999,03104,太陽の広場,中間4-13-20,4,-99,9999
130.7170142,33.82682343,40215,3,99999,03109,体育文化センター,蓮花寺3-1-5,3,-99,9999
130.7170142,33.82676419,40215,3,99999,03120,体育文化センター,蓮花寺3-1-5,3,-99,9999
130.7170142,33.82670496,40215,3,99999,03116,体育文化センター,蓮花寺3-1-5,3,-99,9999
130.4399717,33.60500304,40132,3,99999,03115,大井中央公園庭球場,大井1,4,-99,9999
130.440661,33.6045131,40132,3,99999,03102,大井中央公園野球場,大井1,4,-99,9999
130.3358114,33.65246496,40131,3,99999,03135,大岳ショートコース（西戸崎開発（株））,大岳4-3-1,4,-99,9999
130.4284033,33.56001815,40134,3,99999,03120,大橋シティボウル,塩原4-13-23,4,-99,9999
130.4284093,33.55994387,40134,3,99999,03136,大橋シティボウル,塩原4-13-23,4,-99,9999
130.6350957,33.33822697,40203,3,99999,03104,大橋小学校,大橋町合楽1081,3,-99,9999
130.6355414,33.33811776,40203,3,99999,03109,大橋小学校,大橋町合楽1081,3,-99,9999
130.976688,33.75566041,40621,3,99999,03104,大熊公園,小波瀬2-1-1,3,-99,9999
130.976688,33.75559125,40621,3,99999,03103,大熊公園,小波瀬2-1-1,3,-99,9999
130.976691,33.75552456,40621,3,99999,03102,大熊公園,小波瀬2-1-1,3,-99,9999
130.9765721,33.75628288,40621,3,99999,03138,大熊公園,小波瀬2-1-1,3,-99,9999
130.9765721,33.75636193,40621,3,99999,03115,大熊公園,小波瀬2-1-1,3,-99,9999
130.4992766,33.30744447,40203,3,99999,03104,大隈公園,梅満町,4,-99,9999
130.4992707,33.30731518,40203,3,99999,03102,大隈公園,梅満町,4,-99,9999
130.6806505,33.89488829,40381,3,99999,03104,大君グラウンド,大字山鹿35-5,3,-99,9999
130.5592291,33.40839801,40216,3,99999,03109,大原小学校,大保1394,3,-99,9999
130.5585577,33.40804584,40216,3,99999,03104,大原小学校,大保1394,3,-99,9999
130.5501034,33.39998894,40216,3,99999,03109,大原中学校,小郡772,3,-99,9999
130.5497291,33.39927461,40216,3,99999,03104,大原中学校,小郡772,3,-99,9999
130.5487427,33.39915554,40216,3,99999,03112,大原中学校,小郡772,3,-99,9999
130.4923965,33.49026314,40221,3,99999,03102,大佐野スポーツ公園,大字大佐野807-142,4,-99,9999
130.8709212,33.87457994,40106,3,99999,03104,大手町公園,大手町,3,-99,9999
130.8270375,33.34023005,40225,3,99999,03102,大春トリムセンター野球場,浮羽町山北783,3,-99,9999
130.4975172,33.53689774,40219,3,99999,03109,大城小学校,大城3-29-1,4,-99,9999
130.4969112,33.53646684,40219,3,99999,03104,大城小学校,大城3-29-1,4,-99,9999
130.6077421,33.34644229,40203,3,99999,03104,大城小学校,北野町大城128,3,-99,9999
130.6082947,33.34649193,40203,3,99999,03109,大城小学校,北野町大城128,3,-99,9999
130.9402241,33.91416056,40101,3,99999,03104,大森公園,大里東1-3,3,-99,9999
130.3529247,33.19469606,40212,3,99999,03121,大川市弓道場,大字大野島2851-1,3,-99,9999
130.3673299,33.20563326,40212,3,99999,03129,大川市勤労青少年ホーム,大字小保614-6,3,2,9999
130.3834366,33.20272955,40212,3,99999,03109,大川市民体育館,大字上巻335,3,2,1979
130.3834425,33.20264503,40212,3,99999,03120,大川市民体育館,大字上巻335,3,2,1979
130.3834484,33.20255553,40212,3,99999,03111,大川市民体育館,大字上巻335,3,2,1979
130.4747902,33.62451479,40349,3,99999,03109,大川小学校,大字戸原10,3,-99,9999
130.4754378,33.62424761,40349,3,99999,03104,大川小学校,大字戸原10,3,-99,9999
130.3849333,33.20180088,40212,3,99999,03115,大川中央公園テニスコート,大字上巻385,3,-99,1982
130.3852067,33.20298414,40212,3,99999,03104,大川中央公園運動広場,大字上巻385,3,-99,1982
130.4692807,33.27486519,40203,3,99999,03104,大善寺小学校,大善寺町夜明1268,3,-99,9999
130.4700353,33.27477081,40203,3,99999,03109,大善寺小学校,大善寺町夜明1268,3,-99,9999
130.8082222,33.86297981,40108,3,99999,03102,大谷球場,大谷1-2-15,4,-99,9999
130.6463553,33.80847947,40402,3,99999,03142,大谷自然公園,大字古門34,4,-99,9999
130.4528802,33.52656013,40218,3,99999,03104,大谷小学校,大谷4-1,3,-99,9999
130.4525831,33.5276796,40218,3,99999,03109,大谷小学校,大谷4-1,3,-99,9999
130.7483148,33.85270137,40109,3,99999,03106,大池プール,鷹の巣2-15,4,-99,9999
130.7477265,33.8528198,40109,3,99999,03102,大池球場,鷹の巣2-15,3,-99,9999
130.7477265,33.85270631,40109,3,99999,03104,大池公園,鷹の巣2-15,3,-99,9999
130.6178127,33.3780447,40503,3,99999,03109,大刀洗勤労者体育センター,大字本郷625-1,3,-99,9999
130.6178127,33.37797027,40503,3,99999,03120,大刀洗勤労者体育センター,大字本郷625-1,3,-99,9999
130.6175365,33.37939189,40503,3,99999,03110,大刀洗町武道場,大字本郷515,3,2,9999
130.6175306,33.37932738,40503,3,99999,03111,大刀洗町武道場,大字本郷515,3,2,9999
130.4386486,33.90374418,40220,3,99999,03104,大島運動場,大島771-3,3,-99,9999
130.4379712,33.90330772,40220,3,99999,03138,大島運動場,大島771-3,3,-99,9999
130.4386456,33.90382062,40220,3,99999,03102,大島運動場,大島771-3,3,-99,9999
130.5642244,33.31606765,40203,3,99999,03102,大島公園,御井旗崎4-5,4,-99,9999
130.5642244,33.31597331,40203,3,99999,03104,大島公園,御井旗崎4-5,4,-99,9999
130.85130777028,33.6139418458659,40608,3,99999,03109,大任町Ｂ＆Ｇ海洋センター,大字大行事3096,4,-99,9999
130.8518574,33.61392205,40608,3,99999,03105,大任町Ｂ＆Ｇ海洋センター,大字大行事3096,4,-99,9999
130.85130187028,33.6138750358659,40608,3,99999,03111,大任町Ｂ＆Ｇ海洋センター,大字大行事3096,4,-99,9999
130.85129297028,33.6138131858659,40608,3,99999,03113,大任町Ｂ＆Ｇ海洋センター,大字大行事3096,4,-99,9999
130.8585999,33.61534576,40608,3,99999,03142,大任町自然の森キャンプ場,大字今任原139,3,-99,9999
130.4563946,33.45288392,40305,3,99999,03134,大博多カントリー倶楽部,埋金字四郎五郎5,4,-99,9999
130.4503894,33.79300227,40224,3,99999,03142,大峰山キャンプ場,渡1110,3,-99,9999
130.4507605,33.79051237,40224,3,99999,03143,大峰山自然公園,渡1232-1,4,-99,9999
130.4503743,33.79321356,40224,3,99999,03142,大峰山自然公園,渡1232-1,4,-99,9999
130.4549323,33.0681207,40202,3,99999,03115,大牟田ハイツ,大字甘木字甘木山1203-116,3,-99,9999
130.4296074,33.03499473,40202,3,99999,03102,大牟田港緑地運動公園,西新町22,3,-99,9999
130.4314851,33.03470581,40202,3,99999,03104,大牟田港緑地運動公園,西新町22,3,-99,9999
130.4313663,33.03565226,40202,3,99999,03115,大牟田港緑地運動公園,西新町22,3,-99,9999
130.4469766,33.02036582,40202,3,99999,03106,大牟田市延命プール,黄金町1-68,4,-99,9999
130.4474336,33.02214083,40202,3,99999,03102,大牟田市延命球場,原山町200,4,-99,1958
130.4480406,33.02089441,40202,3,99999,03121,大牟田市延命中学校,黄金町1-111,3,-99,2011
130.4496769,33.05529184,40202,3,99999,03115,大牟田市手鎌北町公園テニスコート,大字手鎌1520,3,-99,2001
130.4322996,33.03095261,40202,3,99999,03115,大牟田市諏訪公園テニスコート,岬町5-3,3,-99,1999
130.4484387,33.02112857,40202,3,99999,03104,大牟田市第二グラウンド,黄金町1-111,4,-99,9999
130.4459334,33.02229537,40202,3,99999,03109,大牟田市民体育館,宝坂町2-86,4,-99,9999
130.4459334,33.02222064,40202,3,99999,03110,大牟田市民体育館,宝坂町2-86,4,-99,9999
130.4459334,33.02215089,40202,3,99999,03111,大牟田市民体育館,宝坂町2-86,4,-99,9999
130.4459334,33.02207616,40202,3,99999,03120,大牟田市民体育館,宝坂町2-86,4,-99,9999
130.4459334,33.02200641,40202,3,99999,03116,大牟田市民体育館,宝坂町2-86,4,-99,9999
130.437754,33.21499485,40522,3,99999,03115,大木町テニスコート,大字上八院1325,3,-99,9999
130.4315107,33.19967695,40522,3,99999,03102,大木町運動公園,大字上牟田口128-1,3,-99,9999
130.4315107,33.19957253,40522,3,99999,03103,大木町運動公園,大字上牟田口128-1,3,-99,9999
130.4315107,33.19945818,40522,3,99999,03104,大木町運動公園,大字上牟田口128-1,3,-99,9999
130.436864,33.21489757,40522,3,99999,03112,大木町柔剣道場,大字上八院1314,3,2,9999
130.436864,33.21486774,40522,3,99999,03111,大木町柔剣道場,大字上八院1314,3,2,9999
130.4403295,33.21111648,40522,3,99999,03109,大木町総合体育館,大字八町牟田617-1,3,-99,9999
130.4403295,33.21101706,40522,3,99999,03120,大木町総合体育館,大字八町牟田617-1,3,-99,9999
130.4403295,33.21091763,40522,3,99999,03110,大木町総合体育館,大字八町牟田617-1,3,-99,9999
130.4403295,33.21082815,40522,3,99999,03111,大木町総合体育館,大字八町牟田617-1,3,-99,9999
130.4403295,33.21073866,40522,3,99999,03113,大木町総合体育館,大字八町牟田617-1,3,-99,9999
130.4810589,33.53286689,40219,3,99999,03109,大野小学校,瓦田3-2-1,4,-99,9999
130.4819265,33.53284707,40219,3,99999,03104,大野小学校,瓦田3-2-1,4,-99,9999
130.4745904,33.48123833,40219,3,99999,03102,大野城いこいの森,牛頸667-58,4,-99,9999
130.480057,33.47043477,40219,3,99999,03142,大野城いこいの森,牛頸667-58,4,-99,9999
130.4801283,33.47126252,40219,3,99999,03147,大野城いこいの森,牛頸667-58,4,-99,9999
130.4788924,33.48749758,40219,3,99999,03103,大野城いこいの森,牛頸667-58,4,-99,9999
130.5024204,33.54029463,40219,3,99999,03109,大野城市総合体育館,大字乙金618-12,4,-99,9999
130.5024204,33.54025005,40219,3,99999,03129,大野城市総合体育館,大字乙金618-12,4,-99,9999
130.5024204,33.54020053,40219,3,99999,03120,大野城市総合体育館,大字乙金618-12,4,-99,9999
130.5024204,33.540151,40219,3,99999,03111,大野城市総合体育館,大字乙金618-12,4,-99,9999
130.5024204,33.54000242,40219,3,99999,03113,大野城市総合体育館,大字乙金618-12,4,-99,9999
130.5024204,33.5399529,40219,3,99999,03112,大野城市総合体育館,大字乙金618-12,4,-99,9999
130.4828894,33.52465184,40219,3,99999,03109,大野城市中央コミュニティセンター,中央1-5-1,4,2,1999
130.4828894,33.52459735,40219,3,99999,03113,大野城市中央コミュニティセンター,中央1-5-1,4,2,1999
130.4828894,33.52453295,40219,3,99999,03120,大野城市中央コミュニティセンター,中央1-5-1,4,2,1999
130.4828894,33.52446856,40219,3,99999,03132,大野城市中央コミュニティセンター,中央1-5-1,4,2,1999
130.4875986,33.54334786,40219,3,99999,03109,大野城市東コミュニティセンター,大池2-2-1,4,2,2004
130.4875927,33.54319929,40219,3,99999,03113,大野城市東コミュニティセンター,大池2-2-1,4,2,2004
130.4875986,33.5431349,40219,3,99999,03120,大野城市東コミュニティセンター,大池2-2-1,4,2,2004
130.4875986,33.54307052,40219,3,99999,03132,大野城市東コミュニティセンター,大池2-2-1,4,2,2004
130.4743746,33.50251232,40219,3,99999,03117,大野城市南コミュニティセンター,南ケ丘5-9-1,4,2,1999
130.4743746,33.50244791,40219,3,99999,03110,大野城市南コミュニティセンター,南ケ丘5-9-1,4,2,1999
130.4743746,33.5023835,40219,3,99999,03109,大野城市南コミュニティセンター,南ヶ丘5-9-1,4,2,1999
130.4743746,33.50232404,40219,3,99999,03113,大野城市南コミュニティセンター,南ヶ丘5-9-1,4,2,1999
130.4743746,33.50225963,40219,3,99999,03120,大野城市南コミュニティセンター,南ヶ丘5-9-1,4,2,1999
130.4743746,33.50219522,40219,3,99999,03132,大野城市南コミュニティセンター,南ヶ丘5-9-1,4,2,1999
130.4808206,33.54593424,40219,3,99999,03109,大野城市北コミュニティセンター,御笠川1-17-1,4,3,2003
130.4808206,33.54588967,40219,3,99999,03113,大野城市北コミュニティセンター,御笠川1-17-1,4,3,2003
130.4808206,33.5458451,40219,3,99999,03111,大野城市北コミュニティセンター,御笠川1-17-1,4,3,2003
130.4808206,33.54580053,40219,3,99999,03120,大野城市北コミュニティセンター,御笠川1-17-1,4,3,2003
130.4808206,33.54575101,40219,3,99999,03132,大野城市北コミュニティセンター,御笠川1-17-1,4,3,2003
130.481584106131,33.5461298598304,40219,3,99999,03107,大野城市北市民プール,御笠川1-17-1,3,-99,9999
130.5037811,33.54013119,40219,3,99999,03122,大野城総合公園（アーチェリー場）,大字乙金618-12,4,-99,9999
130.5031216,33.54024015,40219,3,99999,03115,大野城総合公園（テニスコート）,大字乙金618-12,4,-99,9999
130.503389,33.53990337,40219,3,99999,03121,大野城総合公園（弓道場）,大字乙金618-12,4,-99,9999
130.5002635,33.53850175,40219,3,99999,03102,大野城総合公園（市民球場）,大字乙金618-12,4,-99,9999
130.501131,33.53925952,40219,3,99999,03118,大野城総合公園（相撲場）,大字乙金618-12,4,-99,9999
130.5011488,33.54160707,40219,3,99999,03104,大野城総合公園（多目的グラウンド）,大字乙金618-12,4,-99,9999
130.5003051,33.5399628,40219,3,99999,03101,大野城総合公園（多目的グラウンド）,大字乙金618-12,4,-99,9999
130.501137,33.54142876,40219,3,99999,03103,大野城総合公園（多目的グラウンド）,大字乙金618-12,4,-99,9999
130.4998178,33.54144858,40219,3,99999,03142,大野城総合公園（野外活動センター）,大字乙金618-12,4,-99,9999
130.502325348112,33.5402698620911,40219,3,99999,03109,大野城総合公園（まどかパーク）,乙金618-12,4,-99,9999
130.502325348112,33.5402054792154,40219,3,99999,03120,大野城総合公園（まどかパーク）,乙金618-12,4,-99,9999
130.502319406131,33.540136142033,40219,3,99999,03111,大野城総合公園（まどかパーク）,乙金618-12,4,-99,9999
130.502319406131,33.5400668046077,40219,3,99999,03129,大野城総合公園（まどかパーク）,乙金618-12,4,-99,9999
130.502319406131,33.5400024197827,40219,3,99999,03110,大野城総合公園（まどかパーク）,乙金618-12,4,-99,9999
130.502313464149,33.5399330822456,40219,3,99999,03113,大野城総合公園（まどかパーク）,乙金618-12,4,-99,9999
130.4843493,33.52941296,40219,3,99999,03109,大野中学校,白木原3-11-1,4,-99,9999
130.4838977,33.52916034,40219,3,99999,03104,大野中学校,白木原3-11-1,4,-99,9999
130.4843503,33.52933783,40219,3,99999,03112,大野中学校,白木原3-11-1,4,-99,9999
130.488907,33.54462948,40219,3,99999,03109,大野東小学校,乙金1-18-1,4,-99,9999
130.4899647,33.54429767,40219,3,99999,03104,大野東小学校,乙金1-18-1,4,-99,9999
130.4894741,33.54313895,40219,3,99999,03109,大野東中学校,乙金台2-5-1,4,-99,9999
130.4908942,33.5430399,40219,3,99999,03112,大野東中学校,乙金台2-5-1,4,-99,9999
130.4785871,33.50172155,40219,3,99999,03109,大野南小学校,南ケ丘4-18-1,4,-99,9999
130.4789377,33.50103283,40219,3,99999,03104,大野南小学校,南ケ丘4-18-1,4,-99,9999
130.4803612,33.52091843,40219,3,99999,03109,大利小学校,上大利1-7-1,4,-99,9999
130.4805454,33.52033885,40219,3,99999,03104,大利小学校,上大利1-7-1,4,-99,9999
130.4808844,33.5226917,40219,3,99999,03109,大利中学校,上大利1-6-1,4,-99,9999
130.4801654,33.52182481,40219,3,99999,03104,大利中学校,上大利1-6-1,4,-99,9999
130.4808856,33.52262741,40219,3,99999,03112,大利中学校,上大利1-6-1,4,-99,9999
130.9365464,33.89701646,40101,3,99999,03106,大里プール,不老町1-1,4,-99,9999
130.934763,33.89774,40101,3,99999,03112,大里柔剣道場,不老町1-1-4,4,-99,9999
130.688397,33.5714,40421,3,99999,03102,第一町民グラウンド,大字土師1969-1,3,-99,9999
130.688397,33.57129108,40421,3,99999,03104,第一町民グラウンド,大字土師1969-1,3,-99,9999
130.4485337,33.02142252,40202,3,99999,03102,第二グラウンド,黄金町1-111,3,-99,2007
130.4477494,33.02133284,40202,3,99999,03109,第二市民体育館,黄金町1-111,4,-99,2007
130.4477494,33.02126807,40202,3,99999,03110,第二市民体育館,黄金町1-111,4,-99,2007
130.4477494,33.02119832,40202,3,99999,03111,第二市民体育館,黄金町1-111,4,-99,2007
130.8466879,33.60494508,40608,3,99999,03134,鷹羽ロイヤルカントリー倶楽部,大行事4320,4,-99,9999
130.7568208,33.24784649,40210,3,99999,03142,池の山キャンプ場,星野村10816-5,4,-99,9999
130.9828457,33.60719186,40647,3,99999,03106,築上町上城井町民プール,大字本庄1688,4,-99,9999
130.9750862,33.5347841,40647,3,99999,03142,築上町牧の原キャンプ場,大字寒田2005-2,3,-99,9999
130.6544307,33.32228877,40203,3,99999,03104,竹野小学校,田主丸町竹野1823-1,4,-99,9999
130.6550962,33.3220157,40203,3,99999,03109,竹野小学校,田主丸町竹野1823-1,4,-99,9999
130.494259990093,33.2174275124324,40211,3,99999,03109,筑後勤労青少年体育センター,大字久富794-2,3,-99,9999
130.809468,33.35646467,40225,3,99999,03104,筑後川グラウンド,浮羽町古川放水路,3,-99,9999
130.7795625,33.35554672,40228,3,99999,03104,筑後川原鶴分水路杷木町民グラウンド,大字志波92-1,3,-99,9999
130.7795744,33.3553879,40228,3,99999,03102,筑後川原鶴分水路杷木町民グラウンド,大字志波92-1,3,-99,9999
130.4945309,33.31858121,40203,3,99999,03137,筑後川漕艇場,瀬下町272-7,4,3,9999
130.3496998,33.18422297,40212,3,99999,03104,筑後川総合運動公園,大野島,3,-99,9999
130.3516013,33.18813661,40212,3,99999,03102,筑後川総合運動公園,大野島,3,-99,9999
130.3496998,33.18405388,40212,3,99999,03103,筑後川総合運動公園,大野島,3,-99,9999
130.3536396,33.195184,40212,3,99999,03109,筑後川総合運動公園体育センター,大字大野島2852,3,-99,9999
130.5533349,33.46483207,40217,3,99999,03104,筑山中学校,下見585,3,-99,9999
130.5525981,33.46452474,40217,3,99999,03109,筑山中学校,下見585,3,-99,9999
130.4051094,33.5045,40305,3,99999,03134,筑紫ヶ丘ゴルフクラブ,後野571,4,-99,9999
130.4038438,33.50615979,40305,3,99999,03135,筑紫ヶ丘ゴルフクラブ,後野571,4,-99,9999
130.5457756,33.46864131,40217,3,99999,03115,筑紫テニスコート,大字諸田172,4,-99,9999
130.5447893,33.46785814,40217,3,99999,03104,筑紫運動広場,大字諸田172,4,-99,9999
130.543651,33.468514,40217,3,99999,03129,筑紫野市勤労青少年ホーム,諸田169,4,-99,9999
130.5524328,33.50431359,40217,3,99999,03102,筑紫野市御笠運動広場,阿志岐278-1,4,-99,9999
130.5524298,33.5041922,40217,3,99999,03103,筑紫野市御笠運動広場,阿志岐278-1,4,-99,9999
130.5524328,33.50407081,40217,3,99999,03104,筑紫野市御笠運動広場,阿志岐278-1,4,-99,9999
130.5524298,33.5039519,40217,3,99999,03138,筑紫野市御笠運動広場,阿志岐278-1,4,-99,9999
130.505267,33.47514897,40217,3,99999,03143,筑紫野市総合公園,山口382-6外,3,-99,9999
130.5035319,33.47626411,40217,3,99999,03102,筑紫野市総合公園,山口382-6外,3,-99,9999
130.5043519,33.47589736,40217,3,99999,03104,筑紫野市総合公園,山口382-6外,3,-99,9999
130.5043519,33.47575859,40217,3,99999,03103,筑紫野市総合公園,山口382-6外,3,-99,9999
130.5517384,33.46915445,40217,3,99999,03138,筑紫野市総合保健福祉センター（カミーリヤ）,岡田3-11-1,3,2,1998
130.5518573,33.4688967,40217,3,99999,03104,筑紫野市総合保健福祉センター（カミーリヤ）,岡田3-11-1,3,2,1998
130.5448219,33.46827699,40217,3,99999,03102,筑紫野市筑紫運動広場,諸田172,4,-99,9999
130.5457816,33.46855209,40217,3,99999,03115,筑紫野市筑紫運動広場,諸田172,4,-99,9999
130.5448249,33.46815059,40217,3,99999,03103,筑紫野市筑紫運動広場,諸田172,4,-99,9999
130.5448249,33.46802172,40217,3,99999,03104,筑紫野市筑紫運動広場,諸田172,4,-99,9999
130.5441178,33.468676,40217,3,99999,03109,筑紫野市農業者トレーニングセンター,諸田172,4,-99,9999
130.5441178,33.46861652,40217,3,99999,03129,筑紫野市農業者トレーニングセンター,諸田172,4,-99,9999
130.5441178,33.468562,40217,3,99999,03132,筑紫野市農業者トレーニングセンター,諸田172,4,-99,9999
130.5441178,33.46850252,40217,3,99999,03110,筑紫野市農業者トレーニングセンター,諸田172,4,-99,9999
130.5441178,33.468448,40217,3,99999,03111,筑紫野市農業者トレーニングセンター,諸田172,4,-99,9999
130.5407467,33.48516817,40217,3,99999,03104,筑紫野中学校,針摺東4-6-1,3,-99,9999
130.5403545,33.48593135,40217,3,99999,03109,筑紫野中学校,針摺東4-6-1,3,-99,9999
130.6476563,33.57192763,40205,3,99999,03102,筑穂グラウンド,長尾1340,3,-99,9999
130.6225015,33.58652892,40205,3,99999,03102,筑穂多目的グラウンド,大分1985-53,3,-99,9999
130.6223589,33.58701896,40205,3,99999,03102,筑穂野球場,大分1985-53,4,-99,9999
130.742572,33.65647036,40205,3,99999,03115,筑豊ハイツテニスコート,仁保8-30,4,-99,9999
130.4885048,33.27741493,40203,3,99999,03109,筑邦市民センター多目的ホール,大善寺町宮本165-6,4,-99,9999
130.4885048,33.27737022,40203,3,99999,03120,筑邦市民センター多目的ホール,大善寺町宮本165-6,4,-99,9999
130.4885048,33.27732551,40203,3,99999,03111,筑邦市民センター多目的ホール,大善寺町宮本165-6,4,-99,9999
130.4885048,33.27728081,40203,3,99999,03113,筑邦市民センター多目的ホール,大善寺町宮本165-6,4,-99,9999
130.4884216,33.27730564,40203,3,99999,03132,筑邦市民センター多目的ホール,大善寺町宮本165-6,4,-99,9999
130.4884216,33.277251,40203,3,99999,03129,筑邦市民センター多目的ホール,大善寺町宮本165-6,4,-99,9999
130.4786241,33.28233792,40203,3,99999,03104,筑邦西中学校,大善寺町宮本385-1,3,-99,9999
130.4777744,33.28186105,40203,3,99999,03109,筑邦西中学校,大善寺町宮本385-1,3,-99,9999
130.4777744,33.28178654,40203,3,99999,03112,筑邦西中学校,大善寺町宮本385-1,3,-99,9999
130.7537368,33.83180225,40109,3,99999,03104,中ノ原東公園,中の原1-1,3,-99,9999
130.703933,33.86560187,40109,3,99999,03104,中ノ谷公園,大字浅川,3,-99,9999
130.677856,33.902568,40381,3,99999,03104,中央グラウンド,大字山鹿239,3,-99,9999
130.4765578,33.6183913,40349,3,99999,03102,中央スポーツ公園グラウンド,大字長者原字グウズ石他,3,-99,9999
130.4765518,33.61846057,40349,3,99999,03104,中央スポーツ公園グラウンド,大字長者原字グウズ石他,3,-99,9999
130.4765459,33.61853974,40349,3,99999,03101,中央スポーツ公園グラウンド,大字長者原字グウズ石他,3,-99,9999
130.8376708,33.87943396,40105,3,99999,03142,中央公園,金比羅町・東鞘ヶ谷・八幡東区高見5,3,-99,9999
130.8394237,33.87868406,40105,3,99999,03146,中央公園,金比羅町・東鞘ヶ谷・八幡東区高見5,3,-99,9999
130.8395973,33.87917311,40106,3,99999,03104,中央公園,井堀5-1-4,4,-99,9999
130.8455548,33.8800792,40106,3,99999,03102,中央公園野球場,井堀,4,-99,9999
130.6053071,33.8588144,40383,3,99999,03115,中央公民館テニスコート,吉木西1-1072-1,3,-99,9999
130.7020276,33.82550256,40215,3,99999,03104,中央市民広場,大字中間7813-2先,3,-99,9999
130.4897886,33.30329605,40203,3,99999,03104,中央浄化センター多目的グラウンド,津福本町,3,-99,9999
130.5469446,33.79650642,40220,3,99999,03109,中央中学校,久原244,4,-99,9999
130.5457503,33.79614596,40220,3,99999,03104,中央中学校,久原244,4,-99,9999
130.547699,33.32396959,40203,3,99999,03102,中干出公園,東合川干出町,4,-99,9999
130.7078546,33.81564956,40215,3,99999,03104,中間市多目的広場,大字中間8194地先,3,-99,9999
130.7043285,33.82079363,40215,3,99999,03104,中間市第１市民広場,大字中間10018,3,-99,9999
130.7056469,33.81889756,40215,3,99999,03104,中間市第２市民広場,大字中間10001地先,3,-99,9999
130.705032,33.814828,40215,3,99999,03104,中間市第３市民広場,大字下大隈大隈2305地先,3,-99,9999
130.8495861,33.89632427,40105,3,99999,03104,中原公園,中原東3-12,3,-99,9999
130.5535007,33.24340411,40544,3,99999,03104,中広川小学校,大字新代1705,3,-99,9999
130.5523836,33.2437321,40544,3,99999,03109,中広川小学校,大字新代1705,3,-99,9999
130.9813888,33.73182542,40213,3,99999,03104,中山グラウンド,大橋2-11-1,3,-99,9999
130.9806669,33.73182048,40213,3,99999,03115,中山テニスコート,大橋2-11-1,3,-99,9999
130.980245,33.73164258,40213,3,99999,03115,中山テニスコート,大橋2-11-1,3,-99,9999
130.7238472,33.86548325,40109,3,99999,03104,中須公園,中須2-2,3,-99,9999
130.737177,33.715548,40204,3,99999,03102,中泉市民球場,大字中泉1182-1,3,-99,1985
130.4260482,33.5880403,40132,3,99999,03104,中比恵公園,博多駅東2-12,4,-99,9999
130.3736608,33.60087483,40133,3,99999,03115,中部水処理センター,荒津2-2-1,3,-99,9999
130.3736965,33.60140934,40133,3,99999,03102,中部水処理センター,荒津2-2-1,3,-99,9999
130.4719883,33.60633452,40349,3,99999,03109,仲原小学校,仲原1-16-1,3,-99,9999
130.4725052,33.60631967,40349,3,99999,03104,仲原小学校,仲原1-16-1,3,-99,9999
130.4688786,33.5552816,40219,3,99999,03104,仲畑中央公園,仲畑2-7,4,-99,9999
130.661184,33.821264,40384,3,99999,03102,虫生津グラウンド,大字虫生津821-16,3,-99,9999
130.6853018,33.88168092,40382,3,99999,03102,猪熊グランド,猪熊9-1074,3,-99,9999
130.507993,33.66608445,40348,3,99999,03112,猪野柔剣道場,大字猪野1258-1,3,-99,9999
130.7199195,33.38550069,40228,3,99999,03138,朝倉ゲートボール場,宮野2003-1,4,-99,9999
130.7204305,33.38547092,40228,3,99999,03115,朝倉テニスコート,宮野2003-1,4,-99,9999
130.7201571,33.38481599,40228,3,99999,03104,朝倉球場,宮野2003-1,4,-99,9999
130.7201453,33.38466716,40228,3,99999,03102,朝倉球場,宮野2003-1,4,-99,9999
130.7201453,33.38453816,40228,3,99999,03103,朝倉球場,宮野2003-1,4,-99,9999
130.667125,33.42521367,40228,3,99999,03102,朝倉市甘木球場,菩提寺21-3,3,-99,9999
130.6634216,33.38515378,40228,3,99999,03104,朝倉市立福田小学校,小田450,3,-99,9999
130.7212733,33.38521673,40228,3,99999,03109,朝倉体育センター,宮野2000-1,4,-99,9999
130.7212733,33.38516215,40228,3,99999,03120,朝倉体育センター,宮野2000-1,4,-99,9999
130.7212733,33.38510758,40228,3,99999,03110,朝倉体育センター,宮野2000-1,4,-99,9999
130.7212733,33.385053,40228,3,99999,03111,朝倉体育センター,宮野2000-1,4,-99,9999
130.720157162281,33.3844041955789,40228,3,99999,03104,朝倉町総合運動公園,宮野2003-1,3,-99,9999
130.720139294356,33.3849350761282,40228,3,99999,03102,朝倉町総合運動公園,宮野2003-1,3,-99,9999
130.7204364,33.38533695,40228,3,99999,03115,朝倉町総合運動公園,宮野2003-1,3,-99,9999
130.719919467925,33.3856445572562,40228,3,99999,03138,朝倉町総合運動公園,宮野2003-1,3,-99,9999
130.719076,33.369997,40228,3,99999,03104,朝倉町田中浜グラウンド,田中の浜グラウンド,3,-99,9999
130.7211188,33.3852465,40228,3,99999,03112,朝倉町農業者トレーニングセンター,宮野2000-1,3,-99,9999
130.7211188,33.38515223,40228,3,99999,03109,朝倉町農業者トレーニングセンター,宮野2000-1,3,-99,9999
130.7211188,33.38506293,40228,3,99999,03120,朝倉町農業者トレーニングセンター,宮野2000-1,3,-99,9999
130.7854111,33.66032914,40604,3,99999,03104,町民グラウンド,3786,3,-99,9999
130.8568291,33.61273991,40608,3,99999,03101,町民グラウンド,大字今任原87-2,3,-99,9999
130.8562824,33.61251229,40608,3,99999,03146,町民グラウンド,大字今任原87-2,3,-99,9999
130.7002935,33.69779596,40401,3,99999,03115,町民テニスコート,大字勝野1757-1,3,-99,9999
130.9832066,33.77572609,40621,3,99999,03105,町民温水プール,殿川町1-160,3,-99,9999
130.9832066,33.77563718,40621,3,99999,03129,町民温水プール,殿川町1-160,3,-99,9999
130.6049325,33.85886701,40383,3,99999,03121,町民弓道場,吉木西1-1-1,3,-99,9999
130.6164848,33.84566281,40383,3,99999,03102,町民総合グラウンド,中央台6-204-2,3,-99,9999
130.6164848,33.8454358,40383,3,99999,03103,町民総合グラウンド,中央台6-204-2,3,-99,9999
130.6157183,33.84597373,40383,3,99999,03118,町民総合グラウンド,中央台6-204-2,3,-99,9999
130.6160748,33.84630932,40383,3,99999,03115,町民総合グラウンド,中央台6-204-2,3,-99,9999
130.6247726,33.84237381,40383,3,99999,03109,町民体育館,東松原1-3-3,3,-99,9999
130.6247726,33.84229978,40383,3,99999,03120,町民体育館,東松原1-3-3,3,-99,9999
130.784297,33.66059002,40604,3,99999,03109,町民体育館,3778-1,3,-99,9999
130.784297,33.660501,40604,3,99999,03120,町民体育館,3778-1,3,-99,9999
130.5137621,33.62079727,40342,3,99999,03109,町民体育館,大字尾仲681-1,3,-99,9999
130.5137621,33.62067852,40342,3,99999,03120,町民体育館,大字尾仲681-1,3,-99,9999
130.7009231,33.69810096,40401,3,99999,03109,町民体育館,勝野1757,3,-99,9999
130.860922,33.57310879,40602,3,99999,03109,町民体育館,大字1594-1,3,-99,9999
130.6468482,33.57091767,40205,3,99999,03110,町民体育館,長尾1340,3,-99,9999
130.6468482,33.57085826,40205,3,99999,03111,町民体育館,長尾1340,3,-99,9999
130.6159095,33.84435074,40383,3,99999,03110,町民武道館,野間南4-1,3,2,9999
130.6159095,33.84429152,40383,3,99999,03111,町民武道館,野間南4-1,3,2,9999
130.6159095,33.84423723,40383,3,99999,03113,町民武道館,野間南4-1,3,2,9999
130.7010717,33.69720123,40401,3,99999,03102,町民野球場,勝野1757,3,-99,9999
130.8573829,33.61407805,40608,3,99999,03102,町民野球場,大字今任原107-1,3,-99,9999
130.50940304731,33.586937330352,40344,3,99999,03112,町立武道場,上須恵1167-3,3,-99,1974
130.3867497,33.55713749,40134,3,99999,03146,長住ジョギングコース,長住,3,-99,9999
130.3979566,33.5460505,40134,3,99999,03102,長住中央公園ソフトボール場,長住5,4,-99,9999
130.8557006,33.82649557,40107,3,99999,03104,長尾高野中央公園,高野2-11,3,-99,9999
130.489026,33.319383,40203,3,99999,03134,長門石ゴルフ場,長門石1-15-15,4,-99,9999
130.4858311,33.32821108,40203,3,99999,03104,長門石小学校,長門石3-9-12,3,-99,9999
130.4866155,33.32809193,40203,3,99999,03109,長門石小学校,長門石3-9-12,3,-99,9999
130.7941114,33.43244293,40228,3,99999,03142,鳥屋山キャンプ場,佐田3341-1,3,-99,9999
130.794355,33.432314,40228,3,99999,03143,鳥屋山キャンプ場,佐田3341-1,3,-99,9999
130.502158,33.30712215,40203,3,99999,03104,鳥飼小学校,梅満町977,3,-99,9999
130.5016469,33.30741017,40203,3,99999,03109,鳥飼小学校,梅満町977,3,-99,9999
130.729698,33.741498,40204,3,99999,03142,直方オートキャンプ場,新町地先,3,-99,1991
130.7146761,33.74504416,40204,3,99999,03115,直方市西部運動公園,大字上新入2430-1,4,-99,1997
130.7141294,33.74600271,40204,3,99999,03104,直方市西部運動公園,大字上新入2430-1,4,-99,1997
130.7152703,33.74421409,40204,3,99999,03138,直方市西部運動公園,大字上新入2430-1,4,-99,1997
130.7253839,33.74124129,40204,3,99999,03109,直方市体育館,大字直方674-25,4,-99,9999
130.7253839,33.74116717,40204,3,99999,03116,直方市体育館,大字直方674-25,4,-99,9999
130.7253839,33.74108812,40204,3,99999,03120,直方市体育館,大字直方674-25,4,-99,9999
130.7253839,33.741014,40204,3,99999,03129,直方市体育館,大字直方674-25,4,-99,9999
130.7382347,33.71503398,40204,3,99999,03102,直方市中泉市民球場,大字中泉1182-1,3,-99,9999
130.745738,33.756592,40204,3,99999,03106,直方市民プール（利用休止中）,大字頓野,4,-99,9999
130.722658950475,33.7446553887526,40204,3,99999,03121,直方市民弓道場,大字山部599-2,4,-99,9999
130.7239508,33.74317593,40204,3,99999,03102,直方市民球場,大字直方671-2,4,-99,9999
130.7232818,33.74487629,40204,3,99999,03109,直方市民体育センター,大字山部599-2,4,-99,1984
130.7232758,33.744817,40204,3,99999,03110,直方市民体育センター,大字山部599-2,4,-99,1984
130.722649562342,33.7447183128068,40204,3,99999,03121,直方市民体育センター,大字山部599-2,4,-99,1984
130.4544361,33.78642317,40224,3,99999,03140,津屋崎ヨットハーバー,渡1893-1地先,4,-99,9999
130.467576,33.783454,40224,3,99999,03148,津屋崎海水浴場,津屋崎（津屋崎浜）,3,-99,9999
130.4714665,33.78466675,40224,3,99999,03109,津屋崎体育センター,津屋崎1-5-1,4,-99,9999
130.4714606,33.78459268,40224,3,99999,03120,津屋崎体育センター,津屋崎1-5-1,4,-99,9999
130.471433,33.784975,40224,3,99999,03112,津屋崎武道館,津屋崎566-109,4,-99,9999
130.507223921835,33.2970258239254,40203,3,99999,03104,津福公園屋内多目的球技場,津福本町,4,-99,9999
130.5026374,33.28909957,40203,3,99999,03104,津福小学校,津福今町472-31,3,-99,9999
130.5031486,33.28982695,40203,3,99999,03109,津福小学校,津福今町472-31,3,-99,9999
130.655991,33.61554,40205,3,99999,03104,椿運動広場,椿523-1,3,-99,9999
130.568293,33.806431,40220,3,99999,03144,釣川桜づつみ公園,赤間駅前,3,-99,9999
130.7734973,33.35156237,40225,3,99999,03104,鶴原グラウンド,吉井町千年,3,-99,9999
130.675609,33.897741,40381,3,99999,03115,庭球場,山鹿,3,-99,9999
130.747675,33.84166296,40109,3,99999,03121,的場池弓道場,的場町2,4,-99,9999
130.748184,33.842315,40109,3,99999,03102,的場池球場,的場池1,4,-99,9999
130.7470935,33.84251944,40109,3,99999,03109,的場池体育館,的場町1,4,-99,9999
130.7470935,33.84242073,40109,3,99999,03120,的場池体育館,的場町1,4,-99,9999
130.5465007,33.55755587,40341,3,99999,03102,天ヶ熊多目的運動場,大字宇美2432-1,3,-99,9999
130.5464948,33.55743208,40341,3,99999,03104,天ヶ熊多目的運動場,大字宇美2432-1,3,-99,9999
130.4485495,33.51495799,40218,3,99999,03104,天神山小学校,天神山6-39,3,-99,9999
130.4483178,33.51584971,40218,3,99999,03109,天神山小学校,天神山6-39,3,-99,9999
130.8612786,33.57344251,40602,3,99999,03121,添田町弓道場,大字添田1594,3,-99,9999
130.8598278,33.57347815,40602,3,99999,03110,添田町武道館,大字添田1788,3,-99,9999
130.8598278,33.57341874,40602,3,99999,03111,添田町武道館,大字添田1788,3,-99,9999
130.8598338,33.57336923,40602,3,99999,03113,添田町武道館,大字添田1788,3,-99,9999
130.6916319,33.34761773,40203,3,99999,03102,田主丸ソフトボール場,田主丸町常盤1111-1,4,-99,9999
130.6901687,33.34998185,40203,3,99999,03115,田主丸テニスコート,田主丸町田主丸57-1,4,-99,9999
130.6917032,33.34872956,40203,3,99999,03109,田主丸勤労青少年ホーム体育館,田主丸町常盤1111,4,-99,9999
130.6974529,33.34589247,40203,3,99999,03104,田主丸小学校,田主丸町田主丸318,3,-99,9999
130.6960506,33.34538618,40203,3,99999,03109,田主丸小学校,田主丸町田主丸318,3,-99,9999
130.716913017458,33.3512956690839,40203,3,99999,03102,田主丸多目的グラウンド（旧称：田主丸多目的運動公園）,田主丸町船越193-2,4,-99,9999
130.716913017458,33.3511169790839,40203,3,99999,03103,田主丸多目的グラウンド（旧称：田主丸多目的運動公園）,田主丸町船越193-2,4,-99,9999
130.694533,33.343476,40203,3,99999,03110,田主丸多目的運動室,田主丸町田主丸459-11,4,-99,9999
130.7177657,33.35063502,40203,3,99999,03109,田主丸体育館（旧称：田主丸多目的運動公園体育館）,田主丸町船越193-2,4,-99,9999
130.6899087,33.34801771,40203,3,99999,03104,田主丸中学校,田主丸町田主丸65-1,3,-99,9999
130.6895759,33.34924869,40203,3,99999,03109,田主丸中学校,田主丸町田主丸65-1,3,-99,9999
130.6913942,33.34972518,40203,3,99999,03112,田主丸中学校,田主丸町田主丸65-1,3,-99,9999
130.691764432075,33.3492001822766,40203,3,99999,03111,田主丸武徳館,田主丸町田主丸65-2,4,-99,9999
130.7155019,33.319343,40203,3,99999,03142,田主丸平原古墳公園,田主丸町森部1312,4,-99,9999
130.6461892,33.36027579,40203,3,99999,03103,田主丸柳瀬サッカーコート,田主丸町八幡329-1,4,-99,9999
130.2493646,33.58692949,40135,3,99999,03102,田尻田園スポーツ広場,田尻663,3,-99,9999
130.8124153,33.62984979,40206,3,99999,03101,田川市こがねが丘陸上競技場,大字伊田2550-1,4,-99,1987
130.8115003,33.6320019,40206,3,99999,03129,田川市トレーニングセンター,大字伊田2550-1,4,-99,1990
130.8114409,33.63152694,40206,3,99999,03121,田川市弓道場,大字伊田2550-1,4,-99,9999
130.811586,33.6338282,40206,3,99999,03107,田川市市民プール,大字伊田2745-2,4,-99,9999
130.8099817,33.63395684,40206,3,99999,03102,田川市市民球場,大字伊田2745-2,4,-99,1968
130.8103832,33.62971618,40206,3,99999,03104,田川市総合グラウンド,大字伊田2550-1,4,-99,9999
130.8114884,33.63218,40206,3,99999,03109,田川市総合体育館,大字伊田2550-1,4,2,1983
130.8114943,33.63209589,40206,3,99999,03120,田川市総合体育館,大字伊田2550-1,4,2,1983
130.7738835,33.58103318,40206,3,99999,03103,田川市猪位金グラウンド,大字猪国538,4,-99,2007
130.7767237,33.58111237,40206,3,99999,03104,田川市猪位金グラウンド,大字猪国538,4,-99,2007
130.7757077,33.58054805,40206,3,99999,03102,田川市猪位金球場,大字猪国538-1,3,-99,9999
130.8044221,33.63816499,40206,3,99999,03112,田川市武道館,千代町6-3,3,-99,9999
130.8094206,33.62885531,40206,3,99999,03115,田川市民テニスコート,大字伊田2550-1,4,-99,2003
130.9889224,33.95717714,40101,3,99999,03115,田野浦庭球場,新開13,4,-99,9999
130.9896592,33.95723629,40101,3,99999,03104,田野浦臨海公園,新開13,3,-99,9999
130.806568,33.89222097,40105,3,99999,03104,都島展望公園,牧山4,3,-99,9999
130.458046,33.29464807,40203,3,99999,03102,土づくり広場,安武町武島3431-46,4,-99,9999
130.5332752,33.7993837,40220,3,99999,03109,東郷小学校,田熊3-4-1,4,-99,9999
130.5319205,33.79847022,40220,3,99999,03104,東郷小学校,田熊3-4-1,4,-99,9999
130.867145,33.894001,40106,3,99999,03104,東港公園,東港1,3,-99,9999
130.5396514,33.29910709,40625,3,99999,03104,東国分小学校,国分町444-1,3,-99,9999
130.5410299,33.29954412,40625,3,99999,03109,東国分小学校,国分町444-1,3,-99,9999
130.868229,33.789072,40107,3,99999,03104,東谷公園,石原町,3,-99,9999
130.4874315,33.5829775,40343,3,99999,03109,東地区社会体育館,志免東1-1-3,3,-99,9999
130.9275079,33.896293,40101,3,99999,03109,東部勤労婦人センター,下馬寄6-8,4,-99,9999
130.9275079,33.89623875,40101,3,99999,03129,東部勤労婦人センター,下馬寄6-8,4,-99,9999
130.9275079,33.89617956,40101,3,99999,03120,東部勤労婦人センター,下馬寄6-8,4,-99,9999
130.4327058,33.63360637,40131,3,99999,03102,東部水処理センター運動広場,松島6-16-1,3,-99,9999
130.4333119,33.63323532,40131,3,99999,03115,東部水処理センター運動広場,松島6-16-1,3,-99,9999
130.4326999,33.63352226,40131,3,99999,03104,東部水処理センター運動広場,松島6-16-1,3,-99,9999
130.4336981,33.63305722,40131,3,99999,03138,東部水処理センター運動広場,松島6-16-1,3,-99,9999
130.4336803,33.63309432,40131,3,99999,03117,東部水処理センター運動広場,松島6-16-1,3,-99,9999
130.6045502,33.31784418,40203,3,99999,03109,東部地区体育館,山本町耳納1063-1（久留米市立屏水中学校内）,4,-99,9999
130.6045561,33.3177697,40203,3,99999,03120,東部地区体育館,山本町耳納1063-1（久留米市立屏水中学校内）,4,-99,9999
130.4612817,33.58346622,40132,3,99999,03147,東平尾公園冒険コーナー,東平尾公園2,4,-99,9999
130.4580018,33.58421861,40132,3,99999,03102,東平尾公園野球場（Ｎo．１）,東平尾公園2,4,-99,9999
130.4663205,33.58800029,40132,3,99999,03102,東平尾公園野球場（Ｎo．２）,東平尾公園2,4,-99,9999
130.4599983,33.58813893,40132,3,99999,03102,東平尾公園野球場（Ｎo．３）,東平尾公園2,4,-99,9999
130.5493977,33.4097434,40216,3,99999,03109,東野小学校,小郡2409-4,3,-99,9999
130.5493383,33.40923251,40216,3,99999,03104,東野小学校,小郡2409-4,3,-99,9999
130.5485583,33.40899503,40216,3,99999,03104,東野地域運動広場,小郡2409-12,3,-99,9999
130.5485583,33.40894047,40216,3,99999,03102,東野地域運動広場,小郡2409-12,3,-99,9999
130.5485583,33.40888591,40216,3,99999,03103,東野地域運動広場,小郡2409-12,3,-99,9999
130.3826254,33.53194514,40136,3,99999,03102,東油山公園野球場,東油山,4,-99,9999
130.338968,33.566868,40137,3,99999,03136,東洋スポーツパレス,原5-20-40,4,-99,9999
130.7823603,33.86255389,40108,3,99999,03104,桃園運動場,桃園4-2,4,-99,9999
130.7823603,33.86246754,40108,3,99999,03102,桃園運動場,桃園4-2,4,-99,9999
130.7823603,33.86239353,40108,3,99999,03103,桃園運動場,桃園4-2,4,-99,9999
130.7820969,33.86322619,40108,3,99999,03138,桃園運動場,桃園4-2,4,-99,9999
130.780201158019,33.8653044615094,40108,3,99999,03121,桃園弓道場,桃園3-1-4,4,-99,9999
130.780085339626,33.865193450606,40108,3,99999,03122,桃園弓道場,桃園3-1-4,4,-99,9999
130.785174,33.861713,40108,3,99999,03102,桃園球場,桃園4-1,4,-99,9999
130.7810442,33.86569145,40108,3,99999,03106,桃園市民プール,桃園3-1-6,4,-99,9999
130.780534,33.86619349,40108,3,99999,03105,桃園市民プール,桃園3-1-3,4,-99,9999
130.7818875,33.86438326,40108,3,99999,03115,桃園庭球場,桃園3-1,4,-99,9999
130.6696352,33.55594097,40421,3,99999,03142,湯の浦総合キャンプ場,大字土師4650-4,3,-99,9999
130.6707935,33.55652305,40421,3,99999,03143,湯の浦総合キャンプ場,大字土師4650-4,3,-99,9999
130.9005533,33.83987629,40107,3,99999,03104,湯川中央公園,湯川新町3,3,-99,9999
130.77125,33.89507417,40103,3,99999,03106,藤ノ元プール,今町2-16,4,-99,9999
130.5146324,33.25779968,40544,3,99999,03104,藤田運動公園,大字藤田1034-1,3,-99,9999
130.7432777,33.88508726,40109,3,99999,03104,洞北緑地,本城5-5,3,-99,9999
130.8563287,33.8115732,40107,3,99999,03104,徳吉中央公園,徳吉西3-5,3,-99,9999
130.7501653,33.74553934,40204,3,99999,03102,頓野公園,頓野,3,-99,9999
130.7501772,33.74453142,40204,3,99999,03115,頓野公園,頓野,3,-99,9999
130.4234741,33.50792137,40305,3,99999,03109,那珂川中学校,仲3-19-1,3,-99,9999
130.4228443,33.5082335,40305,3,99999,03104,那珂川中学校,仲3-19-1,3,-99,9999
130.4237296,33.50881317,40305,3,99999,03115,那珂川中学校,仲3-19-1,3,-99,9999
130.4318422,33.49565382,40305,3,99999,03115,那珂川町安徳テニスコート,大字上梶原388-1,3,-99,9999
130.4325868,33.49661305,40305,3,99999,03103,那珂川町梶原運動広場,大字上梶原363-1,3,-99,9999
130.4325808,33.49672206,40305,3,99999,03102,那珂川町梶原運動広場,大字上梶原363-1,3,-99,9999
130.417416,33.510513,40305,3,99999,03109,那珂川町町民体育館,大字恵子4-1-1,3,-99,9999
130.3962531,33.48147156,40305,3,99999,03102,那珂川町立西畑運動公園,大字西畑1379,3,-99,9999
130.3953559,33.48324086,40305,3,99999,03142,那珂川町立西畑運動公園,大字西畑1379,3,-99,9999
130.4334985,33.49447631,40305,3,99999,03109,那珂川南中学校,上梶原1-2-1,3,-99,9999
130.4326547,33.49521959,40305,3,99999,03104,那珂川南中学校,上梶原1-2-1,3,-99,9999
130.4118473,33.51321067,40305,3,99999,03109,那珂川北中学校,片縄西3-26-1,3,-99,9999
130.4114432,33.51378039,40305,3,99999,03104,那珂川北中学校,片縄西3-26-1,3,-99,9999
130.5738104,33.87632827,40383,3,99999,03109,内浦小学校,大字原865,3,-99,9999
130.5742976,33.87656506,40383,3,99999,03104,内浦小学校,大字原865,3,-99,9999
130.5598247,33.78271922,40220,3,99999,03104,南郷運動広場,野坂2119,3,-99,9999
130.5601214,33.78365896,40220,3,99999,03109,南郷小学校,原町2110-1,4,-99,9999
130.5596936,33.78425653,40220,3,99999,03104,南郷小学校,原町2110-1,4,-99,9999
130.5232128,33.31764578,40203,3,99999,03104,南薫小学校,南薫西町1951-1,3,-99,9999
130.5236822,33.31760606,40203,3,99999,03109,南薫小学校,南薫西町1951-1,3,-99,9999
130.5244015,33.29569632,40203,3,99999,03104,南小学校,南2-16-1,3,-99,9999
130.5237003,33.29629231,40203,3,99999,03109,南小学校,南2-16-1,3,-99,9999
130.52045,33.506836,40221,3,99999,03109,南体育館,朱雀2-4-1,3,-99,9999
130.52045,33.50677655,40221,3,99999,03120,南体育館,朱雀2-4-1,3,-99,9999
130.4278483,33.46627321,40305,3,99999,03109,南畑小学校,大字埋金530-1,3,-99,9999
130.4273848,33.46588659,40305,3,99999,03104,南畑小学校,大字埋金530-1,3,-99,9999
130.463342,33.28270024,40203,3,99999,03104,南部浄化センター多目的グラウンド,安武町住吉1900,3,-99,9999
130.7184023,33.79109748,40109,3,99999,03104,楠橋公園,楠橋西1-15,3,-99,9999
130.1255509,33.48184909,40230,3,99999,03142,二丈森林公園真名子木の香ランド,二丈福井355-2,4,-99,9999
130.7433593,33.89650335,40103,3,99999,03104,二島四丁目公園,二島4-2,3,-99,9999
130.7348107,33.89559121,40103,3,99999,03104,二島西公園,鴨生田2-9,3,-99,9999
130.7547215,33.88430023,40103,3,99999,03104,二島東公園,南二島2-22,3,-99,9999
130.7511675,33.88583967,40103,3,99999,03104,二島南公園,南二島2-14,3,-99,9999
130.4558226,33.54363762,40218,3,99999,03104,日の出小学校,日の出町3-1-10,3,-99,9999
130.4549075,33.54408333,40218,3,99999,03109,日の出小学校,日の出町3-1-10,3,-99,9999
130.694726,33.87753288,40109,3,99999,03104,日の峰公園,浅川日の峯4,3,-99,9999
130.5264162,33.7890722,40220,3,99999,03115,日の里１１号公園テニスコート,日の里9-10,3,-99,9999
130.5403992,33.79303248,40220,3,99999,03115,日の里４号公園テニスコート,日の里4-20,3,-99,9999
130.5352159,33.78757717,40220,3,99999,03115,日の里７号公園テニスコート,日の里7-1,3,-99,9999
130.5296121,33.78916089,40220,3,99999,03109,日の里西小学校,日の里8-20,4,-99,9999
130.5301825,33.78823249,40220,3,99999,03104,日の里西小学校,日の里8-20,4,-99,9999
130.5304077,33.78986285,40220,3,99999,03109,日の里中学校,日の里8-8,4,-99,9999
130.5313108,33.78938384,40220,3,99999,03104,日の里中学校,日の里8-8,4,-99,9999
130.5389919,33.79315111,40220,3,99999,03109,日の里東小学校,日の里4-21,4,-99,9999
130.5383858,33.79355603,40220,3,99999,03104,日の里東小学校,日の里4-21,4,-99,9999
130.5158112,33.31482876,40203,3,99999,03104,日吉小学校,日吉町77-1,3,-99,9999
130.5153062,33.31484862,40203,3,99999,03109,日吉小学校,日吉町77-1,3,-99,9999
130.791088,33.177054,40210,3,99999,03142,日向神キャンプ場,矢部村矢部日向神,4,-99,9999
130.8677771,33.9036364,40106,3,99999,03104,日明臨海公園,西港町,3,-99,9999
130.3078678,33.60919096,40135,3,99999,03102,能古運動広場,大字能古726,3,-99,9999
130.3074357,33.63004235,40135,3,99999,03148,能古島キャンプ村・海水浴場,能古島,4,-99,9999
130.3071482,33.63011822,40135,3,99999,03142,能古島キャンプ村・海水浴場,能古島,4,-99,9999
130.2436365,33.57005625,40135,3,99999,03109,農村センター,周船寺1-3-1,3,-99,9999
130.2436365,33.56998693,40135,3,99999,03120,農村センター,周船寺1-3-1,3,-99,9999
130.8110686,33.36701563,40228,3,99999,03115,杷木テニスコート,杷木池田1438-3,3,-99,9999
130.81157,33.367739,40228,3,99999,03102,杷木球場,杷木池田873,3,-99,9999
130.810819,33.36794361,40228,3,99999,03109,杷木体育センター,杷木池田1438-3,3,-99,9999
130.8112765,33.36834061,40228,3,99999,03118,杷木体育センターすもう場,池田1438-3,4,-99,9999
130.810829,33.36797223,40228,3,99999,03109,杷木町勤労青少年体育センター体育館,池田1483-3,4,-99,9999
130.8111339,33.36700074,40228,3,99999,03115,杷木町勤労青少年文化センターテニスコート,字池田1438-3,4,-99,9999
130.7846802,33.35360539,40228,3,99999,03109,杷木町多目的施設原鶴地域振興センター（サンライズ杷木）,杷木久喜宮1685,3,-99,9999
130.571769,33.879435,40383,3,99999,03148,波津海水浴場,大字原,3,-99,9999
130.759377,33.502596,40227,3,99999,03142,馬見山キャンプ村,馬見3179-1,3,-99,9999
130.7444037,33.79675,40109,3,99999,03104,馬場山公園,池田3-7,3,-99,9999
130.643728,33.817627,40384,3,99999,03143,馬頭岳ハイキングコース,大字上別府,3,-99,9999
130.651318,33.828336,40384,3,99999,03143,馬頭岳登山道,上別府,3,-99,9999
130.5422912,33.52774034,40221,3,99999,03104,梅林アスレチックスポーツ公園,大字太宰府743-1,3,-99,9999
130.5422853,33.5276388,40221,3,99999,03103,梅林アスレチックスポーツ公園,大字太宰府743-1,3,-99,9999
130.5422883,33.52768833,40221,3,99999,03101,梅林アスレチックスポーツ公園,大字太宰府743-1,3,-99,9999
130.9431531,33.90486995,40101,3,99999,03102,萩ヶ丘球場,大里戸ノ上3-8,3,-99,9999
130.9439187,33.90506857,40101,3,99999,03104,萩ヶ丘公園,大里戸ノ上3,3,-99,9999
130.4599344,33.59007585,40132,3,99999,03115,博多の森テニス競技場,東平尾公園1,4,-99,9999
130.4589065,33.59013524,40132,3,99999,03121,博多の森弓道場,東平尾公園1,4,-99,9999
130.4606281,33.58562442,40132,3,99999,03103,博多の森球技場,東平尾公園2,4,-99,9999
130.465964,33.58652529,40132,3,99999,03101,博多の森補助競技場,東平尾公園2,4,-99,9999
130.4613886,33.54703382,40132,3,99999,03129,博多南地域交流センター（さざんぴあ博多）,南本町2-3-1,4,-99,9999
130.4613825,33.54697261,40132,3,99999,03109,博多南地域交流センター（さざんぴあ博多）,南本町2-3-1,4,-99,9999
130.4613886,33.5469165,40132,3,99999,03120,博多南地域交流センター（さざんぴあ博多）,南本町2-3-1,4,-99,9999
130.393987,33.524921,40134,3,99999,03102,柏原中央公園野球場,柏原4,4,-99,9999
130.7393495,33.80676403,40109,3,99999,03104,白岩池公園,白岩町1,3,-99,9999
130.482924,33.06499763,40202,3,99999,03104,白銀川調節池公園,白銀,3,-99,9999
130.48412,33.065035,40202,3,99999,03115,白銀調節池公園テニスコート,大字白銀200,3,-99,1998
130.4454739,33.51467935,40218,3,99999,03104,白水小学校,白水ヶ丘1-100,3,-99,9999
130.4446241,33.51537292,40218,3,99999,03109,白水小学校,白水ヶ丘1-100,3,-99,9999
130.4561882,33.51333723,40218,3,99999,03103,白水大池公園多目的広場,下白水209,3,-99,9999
130.464379,33.811067,40224,3,99999,03148,白石浜海水浴場,渡(池尻地区),4,-99,9999
130.4573193,33.61338024,40349,3,99999,03109,粕屋西小学校,大字仲原2445,3,-99,9999
130.4568083,33.61306355,40349,3,99999,03104,粕屋西小学校,大字仲原2445,3,-99,9999
130.4760876,33.6152651,40349,3,99999,03109,粕屋中央小学校,若宮2-2-1,3,-99,9999
130.4752438,33.614988,40349,3,99999,03104,粕屋中央小学校,若宮2-2-1,3,-99,9999
130.4667466,33.60355077,40349,3,99999,03109,粕屋中学校,大字仲原1707,3,-99,9999
130.467834,33.60249663,40349,3,99999,03104,粕屋中学校,大字仲原1707,3,-99,9999
130.4837987,33.61011379,40349,3,99999,03109,粕屋町総合体育館（かすやドーム）,駕与丁3-2-1,3,-99,9999
130.4837987,33.60988952,40349,3,99999,03116,粕屋町総合体育館（かすやドーム）,駕与丁3-2-1,3,-99,9999
130.4837987,33.61005263,40349,3,99999,03129,粕屋町総合体育館（かすやドーム）,駕与丁3-2-1,3,-99,9999
130.484325,33.61038393,40349,3,99999,03105,粕屋町総合体育館（かすやドーム）,駕与丁3-2-1,3,-99,9999
130.4837987,33.60999656,40349,3,99999,03110,粕屋町総合体育館（かすやドーム）,駕与丁3-2-1,3,-99,9999
130.4837987,33.6099354,40349,3,99999,03111,粕屋町総合体育館（かすやドーム）,駕与丁3-2-1,3,-99,9999
130.4846677,33.61059291,40349,3,99999,03121,粕屋町総合体育館（かすやドーム）,駕与丁3-2-1,3,-99,9999
130.4801098,33.60910154,40349,3,99999,03115,粕屋町立生涯学習センター,駕与丁1-6-1,3,-99,9999
130.4779152,33.62329268,40349,3,99999,03109,粕屋東中学校,大字江辻430,3,-99,9999
130.4780994,33.62227837,40349,3,99999,03104,粕屋東中学校,大字江辻430,3,-99,9999
130.4400863,33.62211112,40131,3,99999,03102,箱崎公園野球場,原田4,4,-99,9999
130.6178267,33.80879706,40220,3,99999,03142,八所宮キャンプ場,吉留宮ノ尾3186,3,-99,9999
130.590738,33.22723042,40210,3,99999,03102,八女勤労者体育センター〈八女市立山球場）,大字本2759-1,3,-99,9999
130.5704347,33.20973804,40210,3,99999,03138,八女市ゲートボール場,大字馬場188,3,-99,9999
130.5900047,33.2283883,40210,3,99999,03103,八女市サッカー場,大字本2736-8,3,-99,9999
130.6918114,33.21475106,40210,3,99999,03102,八女市サンスポーツランド黒木,黒木町北木屋1180-3,3,-99,9999
130.692572,33.21531776,40210,3,99999,03115,八女市サンスポーツランド黒木,黒木町北木屋1180-3,3,-99,9999
130.5356534,33.22002748,40210,3,99999,03102,八女市岡山球場,蒲原1680-1,3,-99,9999
130.6987754,33.22563765,40210,3,99999,03102,八女市笠原運動公園,黒木町笠原3566,3,-99,9999
130.6988943,33.22615458,40210,3,99999,03138,八女市笠原運動公園,黒木町笠原3566,3,-99,9999
130.6987635,33.22545872,40210,3,99999,03104,八女市笠原運動公園,黒木町笠原3566,3,-99,9999
130.6831808,33.25251809,40210,3,99999,03138,八女市久木原グラウンド,上陽町久木原1732,3,-99,9999
130.6831808,33.25245846,40210,3,99999,03104,八女市久木原グラウンド,上陽町久木原1732,3,-99,9999
130.5683694,33.20918431,40210,3,99999,03121,八女市弓道場,馬場434,3,-99,9999
130.6480583,33.20409017,40210,3,99999,03102,八女市串毛運動場,黒木町土窪1419-1,3,-99,9999
130.6476899,33.2043487,40210,3,99999,03138,八女市串毛運動場,黒木町土窪1419-1,3,-99,9999
130.6480583,33.20396091,40210,3,99999,03104,八女市串毛運動場,黒木町土窪1419-1,3,-99,9999
130.6694321,33.21451283,40210,3,99999,03109,八女市黒木体育センター,黒木町今2318-1,3,-99,9999
130.6680669,33.21095063,40210,3,99999,03109,八女市黒木体育館,黒木町桑原212-1,3,-99,9999
130.6680669,33.21087109,40210,3,99999,03120,八女市黒木体育館,黒木町桑原212-1,3,-99,9999
130.589889241009,33.2280002502495,40210,3,99999,03103,八女市桜公園運動広場,本2736-8,3,-99,9999
130.589924841009,33.2281145702495,40210,3,99999,03102,八女市桜公園運動広場,本2736-8,3,-99,9999
130.589978341009,33.2282935102495,40210,3,99999,03138,八女市桜公園運動広場,本2736-8,3,-99,9999
130.589954041009,33.2282015102495,40210,3,99999,03104,八女市桜公園運動広場,本2736-8,3,-99,9999
130.5262807,33.21885918,40210,3,99999,03104,八女市室岡運動広場,大字室岡1213-1,3,-99,9999
130.5262807,33.21877965,40210,3,99999,03102,八女市室岡運動広場,大字室岡1213-1,3,-99,9999
130.5262807,33.21870508,40210,3,99999,03103,八女市室岡運動広場,大字室岡1213-1,3,-99,9999
130.5262807,33.21861561,40210,3,99999,03138,八女市室岡運動広場,大字室岡1213-1,3,-99,9999
130.5699569,33.20902091,40210,3,99999,03104,八女市小運動場,馬場188,3,-99,9999
130.645488232075,33.2371765167338,40210,3,99999,03109,八女市上陽体育館,上陽町北川内935,3,-99,9999
130.7561396,33.24769503,40210,3,99999,03105,八女市星野Ｂ＆Ｇ海洋センター,星野村10775-27,4,-99,9999
130.713059,33.25760475,40210,3,99999,03109,八女市星野けやき体育館,星野村2654-3,3,-99,9999
130.7523698,33.251622,40210,3,99999,03109,八女市星野総合体育館,星野村9564,3,-99,9999
130.7523698,33.25156734,40210,3,99999,03120,八女市星野総合体育館,星野村9564,3,-99,9999
130.7523698,33.25151268,40210,3,99999,03110,八女市星野総合体育館,星野村9564,3,-99,9999
130.7523698,33.25145802,40210,3,99999,03111,八女市星野総合体育館,星野村9564,3,-99,9999
130.7583794,33.24989373,40210,3,99999,03104,八女市星野体育センター,星野村10780-35,3,-99,9999
130.7583794,33.2498192,40210,3,99999,03102,八女市星野体育センター,星野村10780-35,3,-99,9999
130.7583794,33.24974963,40210,3,99999,03103,八女市星野体育センター,星野村10780-35,3,-99,9999
130.7583794,33.24967012,40210,3,99999,03138,八女市星野体育センター,星野村10780-35,3,-99,9999
130.6571732,33.20652477,40210,3,99999,03102,八女市西桑原運動公園,黒木町桑原671,3,-99,9999
130.6569653,33.20590331,40210,3,99999,03138,八女市西桑原運動公園,黒木町桑原671,3,-99,9999
130.6571732,33.20643528,40210,3,99999,03104,八女市西桑原運動公園,黒木町桑原671,3,-99,9999
130.5688567,33.20921414,40210,3,99999,03109,八女市総合体育館,馬場434,3,-99,9999
130.5688567,33.20917189,40210,3,99999,03110,八女市総合体育館,馬場434,3,-99,9999
130.5688567,33.20911969,40210,3,99999,03111,八女市総合体育館,馬場434,3,-99,9999
130.5688567,33.20907494,40210,3,99999,03120,八女市総合体育館,馬場434,3,-99,9999
130.7376218,33.17996245,40210,3,99999,03102,八女市大淵運動場,黒木町大淵2691-1,3,-99,9999
130.7371048,33.18014148,40210,3,99999,03138,八女市大淵運動場,黒木町大淵2691-1,3,-99,9999
130.7376218,33.1798779,40210,3,99999,03104,八女市大淵運動場,黒木町大淵2691-1,3,-99,9999
130.666779,33.208536,40210,3,99999,03121,八女市大明館弓道場,黒木町木屋916-1,3,-99,9999
130.5699034,33.20959263,40210,3,99999,03115,八女市庭球場,馬場188,3,-99,9999
130.6518198,33.15870782,40210,3,99999,03102,八女市田代運動公園,黒木町田代1193-1,3,-99,9999
130.6515049,33.15828997,40210,3,99999,03138,八女市田代運動公園,黒木町田代1193-1,3,-99,9999
130.6518198,33.15863321,40210,3,99999,03104,八女市田代運動公園,黒木町田代1193-1,3,-99,9999
130.6493902,33.1113804,40210,3,99999,03102,八女市辺春総合運動場,立花町上辺春5160,3,-99,9999
130.6493902,33.11113155,40210,3,99999,03138,八女市辺春総合運動場,立花町上辺春5160,3,-99,9999
130.6493902,33.11126095,40210,3,99999,03104,八女市辺春総合運動場,立花町上辺春5160,3,-99,9999
130.6471331,33.21128408,40210,3,99999,03102,八女市豊岡運動場,黒木町本分1590-2,3,-99,9999
130.6471331,33.21115482,40210,3,99999,03138,八女市豊岡運動場,黒木町本分1590-2,3,-99,9999
130.6471331,33.21102557,40210,3,99999,03104,八女市豊岡運動場,黒木町本分1590-2,3,-99,9999
130.535796,33.219769,40210,3,99999,03102,八女市民岡山球場,大字蒲原1680-1,3,-99,9999
130.8097538,33.15581849,40210,3,99999,03118,八女市矢部相撲場,矢部村北矢部鬼塚（河川敷）,3,-99,9999
130.8161248,33.15429364,40210,3,99999,03109,八女市矢部多目的交流ホール,矢部村北矢部11075,3,-99,9999
130.8100984,33.15598762,40210,3,99999,03109,八女市矢部体育館,矢部村北矢部鬼塚（河川敷）,3,-99,9999
130.8100984,33.15588813,40210,3,99999,03120,八女市矢部体育館,矢部村北矢部鬼塚（河川敷）,3,-99,9999
130.809308141981,33.1564253554108,40210,3,99999,03104,八女市矢部第１運動場,矢部村北矢部鬼塚（河川敷）,3,-99,9999
130.809308141981,33.1563109554108,40210,3,99999,03102,八女市矢部第１運動場,矢部村北矢部鬼塚（河川敷）,3,-99,9999
130.809320041981,33.1562015154108,40210,3,99999,03103,八女市矢部第１運動場,矢部村北矢部鬼塚（河川敷）,3,-99,9999
130.805535,33.15740535,40210,3,99999,03104,八女市矢部第２運動場,矢部村北矢部鬼塚（河川敷）,3,-99,9999
130.8055409,33.15734068,40210,3,99999,03102,八女市矢部第２運動場,矢部村北矢部鬼塚（河川敷）,3,-99,9999
130.5904156,33.20195354,40210,3,99999,03102,八女市立花運動場,立花町谷川1138,3,-99,9999
130.5904156,33.20169003,40210,3,99999,03138,八女市立花運動場,立花町谷川1138,3,-99,9999
130.5904156,33.20186902,40210,3,99999,03104,八女市立花運動場,立花町谷川1138,3,-99,9999
130.5904156,33.20178449,40210,3,99999,03103,八女市立花運動場,立花町谷川1138,3,-99,9999
130.590756379252,33.2026416301145,40210,3,99999,03109,八女市立花体育館,立花町谷川1130,3,-99,9999
130.590750479253,33.2025919101145,40210,3,99999,03120,八女市立花体育館,立花町谷川1130,3,-99,9999
130.590753379253,33.2025421901145,40210,3,99999,03111,八女市立花体育館,立花町谷川1130,3,-99,9999
130.5910826,33.22763745,40210,3,99999,03102,八女市立山球場,本2759-1,3,-99,9999
130.7165033,33.86204829,40109,3,99999,03115,八幡西勤労青少年ホーム,南鷹見町6-1,4,-99,9999
130.7256148,33.8538888,40109,3,99999,03110,八幡西柔剣道場,大字則松710-1,4,-99,9999
130.7256148,33.85384439,40109,3,99999,03111,八幡西柔剣道場,大字則松710-1,4,-99,9999
130.8157325,33.86725681,40108,3,99999,03109,八幡東体育館,中央3-9-6,4,-99,9999
130.8157266,33.86715813,40108,3,99999,03120,八幡東体育館,中央3-9-6,4,-99,9999
130.5950218,33.64458076,40205,3,99999,03142,八木山渓流公園キャンプ場,八木山,3,-99,9999
130.6019456,33.6231371,40205,3,99999,03102,八木山高原ユースホステル,八木山1270-14,4,-99,9999
130.6019516,33.62304803,40205,3,99999,03103,八木山高原ユースホステル,八木山1270-14,4,-99,9999
130.6019456,33.62295402,40205,3,99999,03104,八木山高原ユースホステル,八木山1270-14,4,-99,9999
130.244401,33.567435,40135,3,99999,03102,飯氏田園スポーツ広場,大字飯氏846-1ほか,3,-99,9999
130.7052791,33.65745215,40205,3,99999,03115,飯塚市テニスコート,鯰田1560-4,4,-99,9999
130.723432,33.677269,40205,3,99999,03104,飯塚市頴田運動場,鹿毛馬2288,3,-99,9999
130.7225604,33.68007356,40205,3,99999,03109,飯塚市頴田体育館,勢田1034-3,3,-99,9999
130.7225664,33.67999444,40205,3,99999,03120,飯塚市頴田体育館,勢田1034-3,3,-99,9999
130.7231251,33.68040483,40205,3,99999,03111,飯塚市頴田武道館,勢田1034-1,3,-99,9999
130.7035915,33.65898043,40205,3,99999,03121,飯塚市弓道場,鯰田1560-4,4,-99,9999
130.6753842,33.62531243,40205,3,99999,03104,飯塚市秋松運動広場,秋松561-8,3,-99,9999
130.7359179,33.63952308,40205,3,99999,03104,飯塚市庄内グラウンド,有安1-2,3,-99,9999
130.7248401,33.64079453,40205,3,99999,03115,飯塚市庄内テニスコート,有安830-6,3,-99,9999
130.7182936,33.6372165,40205,3,99999,03104,飯塚市庄内工場団地グラウンド,有安958-18,3,-99,9999
130.724821,33.63963391,40205,3,99999,03102,飯塚市庄内野球場,有安830-6,3,-99,9999
130.6407213,33.57405596,40205,3,99999,03115,飯塚市筑穂テニスコート,長尾903-1,3,-99,9999
130.6415829,33.57420447,40205,3,99999,03106,飯塚市筑穂市民プール,長尾903-1,3,-99,9999
130.6468422,33.5707939,40205,3,99999,03109,飯塚市筑穂体育館,長尾1340,3,-99,9999
130.6221812,33.58872,40205,3,99999,03109,飯塚市筑穂大分体育館,大分1985-1,3,-99,9999
130.6223886,33.58682593,40205,3,99999,03102,飯塚市筑穂野球場,大分1985-53,4,-99,9999
130.6748142,33.639847,40205,3,99999,03109,飯塚市飯塚第２体育館,横田375-104,4,-99,9999
130.6965181,33.61355263,40205,3,99999,03115,飯塚市穂波総合運動場テニスコート（穂波総合運動場内）,平恒54-24,4,-99,9999
130.6973566,33.61489846,40205,3,99999,03146,飯塚市穂波総合運動場ランニングコース（穂波総合運動場内）,平恒1-6,4,-99,9999
130.6758137,33.61942874,40205,3,99999,03109,飯塚市穂波体育館,秋松408,4,-99,9999
130.6758137,33.61934957,40205,3,99999,03120,飯塚市穂波体育館,秋松408,4,-99,9999
130.6976003,33.61415623,40205,3,99999,03102,飯塚市穂波野球場（穂波総合運動場内）,平恒1-6,4,-99,9999
130.6952406,33.61420582,40205,3,99999,03101,飯塚市穂波陸上競技場（穂波総合運動場内）,平恒54-24,4,-99,9999
130.7046017,33.65848585,40205,3,99999,03104,飯塚市民公園運動広場,鯰田1560-4,4,-99,9999
130.7046017,33.65856992,40205,3,99999,03102,飯塚市民公園運動広場,鯰田1560-4,4,-99,9999
130.7046076,33.65838692,40205,3,99999,03103,飯塚市民公園運動広場,鯰田1560-4,4,-99,9999
130.7043818,33.65683391,40205,3,99999,03101,飯塚市陸上競技場,鯰田1560-4,4,-99,9999
130.6755121,33.6399201,40205,3,99999,03109,飯塚第１体育館,枝国666-11,4,-99,9999
130.675518,33.639883,40205,3,99999,03129,飯塚第１体育館,枝国666-11,4,-99,9999
130.695173,33.651539,40205,3,99999,03102,飯塚野球場,立岩1793,4,-99,9999
130.3880255,33.52881721,40134,3,99999,03102,桧原運動公園,桧原5-30-1,4,-99,9999
130.391151,33.53334444,40134,3,99999,03104,桧原運動公園,桧原5-30-1,4,-99,9999
130.3903726,33.53202198,40134,3,99999,03115,桧原運動公園,桧原5-30-1,4,-99,9999
130.3513556,33.58853741,40137,3,99999,03102,百道中央公園,百道浜3,4,-99,9999
130.3513556,33.58846317,40137,3,99999,03104,百道中央公園,百道浜3,4,-99,9999
130.3513556,33.58836416,40137,3,99999,03103,百道中央公園球技場,百道浜3,4,-99,9999
130.8246011,33.66032828,40206,3,99999,03135,富士カントリー倶楽部,夏吉194-18,4,-99,9999
130.3967899,33.2535759,40203,3,99999,03104,浮島小学校,城島町浮島234-1,3,-99,9999
130.3968671,33.25391378,40203,3,99999,03109,浮島小学校,城島町浮島234-1,3,-99,9999
130.5279422,33.62124304,40342,3,99999,03112,武道館,大字篠栗4675-2,3,-99,9999
130.7745298,33.68343933,40610,3,99999,03111,武道館,金田1313-1,3,-99,9999
130.7745298,33.68336022,40610,3,99999,03113,武道館,金田1313-1,3,-99,9999
130.442688545757,33.0228352696166,40202,3,99999,03112,武道場,浄真町19,4,-99,1950
130.7119617,33.81904013,40215,3,99999,03112,武道場「天道館」,中央1-8-41,3,-99,9999
130.9046368,33.82597298,40107,3,99999,03104,舞ヶ丘中央公園,舞ヶ丘3-4,3,-99,9999
130.491905,33.74497357,40223,3,99999,03104,舞の里小学校,舞の里4-21-1,3,-99,9999
130.4914119,33.7446623,40223,3,99999,03109,舞の里小学校,舞の里4-21-1,3,-99,9999
130.3833897,33.58520488,40133,3,99999,03146,舞鶴公園ジョギングコース,城内,3,-99,9999
130.3842623,33.58574063,40137,3,99999,03103,舞鶴公園球技場,百道浜3,4,-99,9999
130.3840253,33.5866656,40133,3,99999,03115,舞鶴公園庭球場,域内,4,-99,9999
130.3857743,33.58694019,40133,3,99999,03102,舞鶴公園野球場,城内1,4,-99,9999
130.4221244,33.6551879,40131,3,99999,03103,福岡フットボールセンター,香椎浜ふ頭1-2-16,4,-99,9999
130.3621377,33.59525929,40133,3,99999,03102,福岡ヤフオク！ドーム,地行浜2-2-2,4,-99,9999
130.3621496,33.59509101,40133,3,99999,03104,福岡ヤフオク！ドーム,地行浜2-2-2,4,-99,9999
130.5011478,33.64750645,40348,3,99999,03118,福岡久山相撲場,久原3637,3,-99,9999
130.5928259,33.70591073,40226,3,99999,03145,福岡県ＯＬパーマネントコース,乙野644-2,3,-99,9999
130.4723007,33.53052568,40218,3,99999,03102,福岡県営春日公園,原町3-1-4,4,-99,9999
130.4695437,33.52971339,40218,3,99999,03115,福岡県営春日公園,原町3-1-4,4,-99,9999
130.4726454,33.52919827,40218,3,99999,03103,福岡県営春日公園,原町3-1-4,4,-99,9999
130.4689376,33.52848503,40218,3,99999,03146,福岡県営春日公園,原町3-1-4,4,-99,9999
130.4878452,33.17616747,40211,3,99999,03109,福岡県営筑後広域公園,大字津島831-1,4,-99,9999
130.489497,33.17474504,40211,3,99999,03104,福岡県営筑後広域公園,大字津島831-1,4,-99,9999
130.485302,33.17393936,40211,3,99999,03102,福岡県営筑後広域公園,大字津島831-1,4,-99,9999
130.4895089,33.17457597,40211,3,99999,03103,福岡県営筑後広域公園,大字津島831-1,4,-99,9999
130.4848979,33.17277555,40211,3,99999,03115,福岡県営筑後広域公園,大字津島831-1,4,-99,9999
130.486431,33.17621223,40211,3,99999,03138,福岡県営筑後広域公園,大字津島831-1,4,-99,9999
130.4257354,33.6452931,40131,3,99999,03102,福岡県営名島運動公園,名島2-43,4,-99,9999
130.4259018,33.64436315,40131,3,99999,03115,福岡県営名島運動公園,名島2-43,4,-99,9999
130.4249986,33.64412573,40131,3,99999,03104,福岡県営名島運動公園,名島2-43,4,-99,9999
130.1077004,33.5840962,40230,3,99999,03142,福岡県芥屋キャンプ場,志摩芥屋2564,4,-99,9999
130.4688077,33.53345539,40218,3,99999,03101,福岡県男女共同参画・人権啓発情報・総合福祉センター（クローバープラザ）,原町3-1-7,4,-99,9999
130.4691524,33.53410919,40218,3,99999,03109,福岡県男女共同参画・人権啓発情報・総合福祉センター（クローバープラザ）,原町3-1-7,4,-99,9999
130.4691524,33.5340448,40218,3,99999,03120,福岡県男女共同参画・人権啓発情報・総合福祉センター（クローバープラザ）,原町3-1-7,4,-99,9999
130.4691524,33.53398041,40218,3,99999,03129,福岡県男女共同参画・人権啓発情報・総合福祉センター（クローバープラザ）,原町3-1-7,4,-99,9999
130.4691524,33.53392593,40218,3,99999,03105,福岡県男女共同参画・人権啓発情報・総合福祉センター（クローバープラザ）,原町3-1-7,4,-99,9999
130.4691524,33.53387144,40218,3,99999,03122,福岡県男女共同参画・人権啓発情報・総合福祉センター（クローバープラザ）,原町3-1-7,4,-99,9999
130.4688077,33.53337614,40218,3,99999,03104,福岡県男女共同参画・人権啓発情報・総合福祉センター（クローバープラザ）,原町3-1-7,4,-99,9999
130.4688137,33.53329689,40218,3,99999,03138,福岡県男女共同参画・人権啓発情報・総合福祉センター（クローバープラザ）,原町3-1-7,4,-99,9999
130.4685047,33.53443608,40218,3,99999,03132,福岡県男女共同参画・人権啓発情報・総合福祉センター（クローバープラザ）,原町3-1-7,4,-99,9999
130.4961272,33.72782712,40223,3,99999,03123,福岡県馬術競技場,大字筵内564,4,-99,9999
130.8441395,33.87761315,40106,3,99999,03115,福岡県北九州勤労青少年文化センター（北九州パレス）,井堀5-1-3,4,-99,9999
130.8436047,33.87760575,40106,3,99999,03106,福岡県北九州勤労青少年文化センター（北九州パレス）,井堀5-1-3,4,-99,9999
130.8436849,33.87793627,40106,3,99999,03110,福岡県北九州勤労青少年文化センター（北九州パレス）,井堀5-1-3,4,-99,9999
130.8436849,33.87788694,40106,3,99999,03111,福岡県北九州勤労青少年文化センター（北九州パレス）,井堀5-1-3,4,-99,9999
130.8436849,33.87783761,40106,3,99999,03120,福岡県北九州勤労青少年文化センター（北九州パレス）,井堀5-1-3,4,-99,9999
130.8436849,33.87779321,40106,3,99999,03109,福岡県北九州勤労青少年文化センター（北九州パレス）,井堀5-1-3,4,-99,9999
130.4623888,33.58229225,40132,3,99999,03129,福岡県立スポーツ科学情報センター（アクシオン福岡）,東平尾公園2-1-4,4,4,9999
130.4623888,33.58238136,40132,3,99999,03109,福岡県立スポーツ科学情報センター（アクシオン福岡）,東平尾公園2-1-4,4,4,9999
130.4617114,33.58208435,40132,3,99999,03110,福岡県立スポーツ科学情報センター（アクシオン福岡）,東平尾公園2-1-4,4,4,9999
130.4617055,33.58198534,40132,3,99999,03111,福岡県立スポーツ科学情報センター（アクシオン福岡）,東平尾公園2-1-4,4,4,9999
130.5320137,33.32044907,40203,3,99999,03102,久留米総合スポーツセンター,東櫛原町173,4,-99,9999
130.530896603289,33.3207171785555,40203,3,99999,03112,久留米総合スポーツセンター,東櫛原町173,4,-99,9999
130.530956051888,33.320086602583,40203,3,99999,03121,久留米総合スポーツセンター,東櫛原町173,4,-99,9999
130.530795623103,33.3213279108193,40203,3,99999,03129,久留米総合スポーツセンター,東櫛原町173,4,-99,9999
130.5292133,33.3197917,40203,3,99999,03101,久留米総合スポーツセンター,東櫛原町（中央公園内）,4,-99,9999
130.518917,33.533925,40341,3,99999,03143,福岡県立四王寺県民の森センター,大字四王寺猫坂207,4,-99,9999
130.5378605,33.62353772,40342,3,99999,03104,福岡県立社会教育総合センター,大字金出3350-2,3,-99,9999
130.5400233,33.62311715,40342,3,99999,03142,福岡県立社会教育総合センター,大字金出3350-2,3,-99,9999
130.5394291,33.62297861,40342,3,99999,03143,福岡県立社会教育総合センター,大字金出3350-2,3,-99,9999
130.539239,33.623701,40342,3,99999,03109,福岡県立社会教育総合センター,大字金出3350-2,3,-99,9999
130.505306,33.853114,40220,3,99999,03142,福岡県立少年自然の家「玄海の家」,神湊1276,4,-99,9999
130.5050267,33.85340021,40220,3,99999,03145,福岡県立少年自然の家「玄海の家」,神湊1276,4,-99,9999
130.505003,33.8533558,40220,3,99999,03143,福岡県立少年自然の家「玄海の家」,神湊1276,4,-99,9999
130.4637752,33.58125361,40132,3,99999,03105,福岡県立総合プール,東平尾公園2-1-3,4,-99,9999
130.4637871,33.581115,40132,3,99999,03108,福岡県立総合プール,東平尾公園2-1-3,4,-99,9999
130.4637752,33.5809764,40132,3,99999,03124,福岡県立総合プール,東平尾公園2-1-3,4,-99,9999
130.5896795,33.53614528,40217,3,99999,03133,福岡県立総合射撃場,大字柚須原223-25,4,-99,9999
130.3469498,33.54902776,40137,3,99999,03120,福岡国際卓球センター,干隈6-10-4,4,-99,9999
130.312886,33.591035,40135,3,99999,03140,福岡市ヨットハーバー,小戸3-58-1,4,-99,9999
130.2948905,33.56521055,40135,3,99999,03115,福岡市環境局施設部西部工場,大字拾六町1191,3,-99,9999
130.2943914,33.5653789,40135,3,99999,03138,福岡市環境局施設部西部工場,大字拾六町1191,3,-99,9999
130.4189214,33.63774752,40131,3,99999,03104,福岡市環境局施設部臨海工場,箱崎ふ頭4-35,3,-99,9999
130.396618,33.57644123,40133,3,99999,03121,福岡市九電記念体育館,薬院4-14-1,4,3,2003
130.3959674,33.57689172,40133,3,99999,03109,福岡市九電記念体育館,薬院4-14-1,4,3,2003
130.3959674,33.57682737,40133,3,99999,03120,福岡市九電記念体育館,薬院4-14-1,4,3,2003
130.3959674,33.57676796,40133,3,99999,03110,福岡市九電記念体育館,薬院4-14-1,4,3,2003
130.3959674,33.57671351,40133,3,99999,03111,福岡市九電記念体育館,薬院4-14-1,4,3,2003
130.3959674,33.5766541,40133,3,99999,03113,福岡市九電記念体育館,薬院4-14-1,4,3,2003
130.3959674,33.57659964,40133,3,99999,03132,福岡市九電記念体育館,薬院4-14-1,4,3,2003
130.4338998,33.61123482,40131,3,99999,03103,福岡市社領スポーツ広場,社領2-17-2,3,-99,9999
130.3966214,33.4287768,40137,3,99999,03142,福岡市森林組合背振キャンプ場,板屋556,4,-99,9999
130.2948933,33.56512867,40135,3,99999,03115,福岡市西部工場運動施設,今宿青木1043-2,3,-99,9999
130.375246,33.51638683,40134,3,99999,03143,福岡市油山市民の森,大字桧原855-4,3,-99,9999
130.3763928,33.51728349,40134,3,99999,03147,福岡市油山市民の森,大字桧原855-4,3,-99,9999
130.3754837,33.51646114,40134,3,99999,03142,福岡市油山市民の森,大字桧原855-4,3,-99,9999
130.2813345,33.55010036,40135,3,99999,03142,福岡市立今宿野外活動センター,今宿上ノ原217-2,4,-99,9999
130.2813345,33.55177908,40135,3,99999,03143,福岡市立今宿野外活動センター,今宿上ノ原217-2,4,-99,9999
130.2811681,33.55122446,40135,3,99999,03109,福岡市立今宿野外活動センター,今宿上ノ原217-2,4,-99,9999
130.2811681,33.55116009,40135,3,99999,03110,福岡市立今宿野外活動センター,今宿上ノ原217-2,4,-99,9999
130.419144,33.57053615,40134,3,99999,03105,福岡市立障がい者スポーツセンター,清水1-17-15,4,-99,9999
130.41956,33.57079359,40134,3,99999,03109,福岡市立障がい者スポーツセンター,清水1-17-15,4,-99,9999
130.4195659,33.57073913,40134,3,99999,03116,福岡市立障がい者スポーツセンター,清水1-17-15,4,-99,9999
130.4198036,33.57076884,40134,3,99999,03122,福岡市立障がい者スポーツセンター,清水1-17-15,4,-99,9999
130.419144,33.57048664,40134,3,99999,03129,福岡市立障がい者スポーツセンター,清水1-17-15,4,-99,9999
130.4195659,33.57067477,40134,3,99999,03120,福岡市立障がい者スポーツセンター,清水1-17-15,4,-99,9999
130.3792358,33.55078052,40136,3,99999,03105,福岡市立城南市民プール,片江1-5-1,4,2,9999
130.3649774,33.56723882,40136,3,99999,03109,福岡市立城南体育館,別府6-14-22,4,2,1988
130.3649774,33.56718931,40136,3,99999,03129,福岡市立城南体育館,別府6-14-22,4,2,1988
130.3647457,33.56693186,40136,3,99999,03121,福岡市立城南体育館,別府6-14-22,4,2,1988
130.3649774,33.56713485,40136,3,99999,03116,福岡市立城南体育館,別府6-14-22,4,2,1988
130.3649774,33.56707544,40136,3,99999,03120,福岡市立城南体育館,別府6-14-22,4,2,1988
130.3649774,33.56702593,40136,3,99999,03111,福岡市立城南体育館,別府6-14-22,4,2,1988
130.3649774,33.56698137,40136,3,99999,03113,福岡市立城南体育館,別府6-14-22,4,2,1988
130.3174658,33.56605976,40135,3,99999,03109,福岡市立西体育館,拾六町1-13-35,4,-99,9999
130.3174658,33.56600529,40135,3,99999,03129,福岡市立西体育館,拾六町1-13-35,4,-99,9999
130.3174658,33.56596073,40135,3,99999,03116,福岡市立西体育館,拾六町1-13-35,4,-99,9999
130.3174658,33.56591122,40135,3,99999,03132,福岡市立西体育館,拾六町1-13-35,4,-99,9999
130.3174658,33.56586171,40135,3,99999,03120,福岡市立西体育館,拾六町1-13-35,4,-99,9999
130.3174658,33.5658122,40135,3,99999,03111,福岡市立西体育館,拾六町1-13-35,4,-99,9999
130.3174658,33.56576269,40135,3,99999,03113,福岡市立西体育館,拾六町1-13-35,4,-99,9999
130.3172697,33.56586666,40135,3,99999,03121,福岡市立西体育館,拾六町1-13-35,4,-99,9999
130.3625733,33.57655836,40137,3,99999,03105,福岡市立早良市民プール,曙1-3-15,4,2,9999
130.3292717,33.53205165,40137,3,99999,03109,福岡市立早良体育館,大字四箇6-17-6,4,-99,1995
130.3292717,33.53198726,40137,3,99999,03129,福岡市立早良体育館,大字四箇6-17-6,4,-99,1995
130.3292717,33.53192287,40137,3,99999,03116,福岡市立早良体育館,大字四箇6-17-6,4,-99,1995
130.3292717,33.53185848,40137,3,99999,03132,福岡市立早良体育館,大字四箇6-17-6,4,-99,1995
130.3292717,33.53179409,40137,3,99999,03120,福岡市立早良体育館,大字四箇6-17-6,4,-99,1995
130.3292717,33.53160588,40137,3,99999,03121,福岡市立早良体育館,大字四箇6-17-6,4,-99,1995
130.3292717,33.5317297,40137,3,99999,03111,福岡市立早良体育館,大字四箇6-17-6,4,-99,1995
130.3292717,33.53167027,40137,3,99999,03113,福岡市立早良体育館,大字四箇6-17-6,4,-99,1995
130.302221,33.56142632,40135,3,99999,03105,福岡市立総合西市民プール,西の丘1-4-1,4,-99,9999
130.302221,33.561357,40135,3,99999,03129,福岡市立総合西市民プール,西の丘1-4-1,4,-99,9999
130.3723231,33.59946924,40133,3,99999,03105,福岡市立中央市民プール,西公園14-30,4,-99,9999
130.3891365,33.58641142,40133,3,99999,03109,福岡市立中央体育館,赤坂2-5-5,4,-99,9999
130.3891365,33.58636935,40133,3,99999,03129,福岡市立中央体育館,赤坂2-5-5,4,-99,9999
130.3891365,33.58632975,40133,3,99999,03116,福岡市立中央体育館,赤坂2-5-5,4,-99,9999
130.3891365,33.58628768,40133,3,99999,03120,福岡市立中央体育館,赤坂2-5-5,4,-99,9999
130.3891365,33.58625055,40133,3,99999,03111,福岡市立中央体育館,赤坂2-5-5,4,-99,9999
130.3891365,33.58621095,40133,3,99999,03113,福岡市立中央体育館,赤坂2-5-5,4,-99,9999
130.3891365,33.58616393,40133,3,99999,03132,福岡市立中央体育館,赤坂2-5-5,4,-99,9999
130.3893801,33.5863248,40133,3,99999,03121,福岡市立中央体育館,赤坂2-5-5,4,-99,9999
130.4270369,33.64422205,40131,3,99999,03105,福岡市立東市民プール,名島2-42-1,4,2,1975
130.4369165,33.66657969,40131,3,99999,03109,福岡市立東体育館,香住ヶ丘1-12-2,4,-99,9999
130.4369165,33.6665426,40131,3,99999,03129,福岡市立東体育館,香住ヶ丘1-12-2,4,-99,9999
130.4369165,33.66650798,40131,3,99999,03116,福岡市立東体育館,香住ヶ丘1-12-2,4,-99,9999
130.4369165,33.66647336,40131,3,99999,03132,福岡市立東体育館,香住ヶ丘1-12-2,4,-99,9999
130.4369165,33.66644122,40131,3,99999,03111,福岡市立東体育館,香住ヶ丘1-12-2,4,-99,9999
130.4369165,33.66641155,40131,3,99999,03113,福岡市立東体育館,香住ヶ丘1-12-2,4,-99,9999
130.4371096,33.66657969,40131,3,99999,03121,福岡市立東体育館,香住ヶ丘1-12-2,4,-99,9999
130.4369165,33.6663794,40131,3,99999,03120,福岡市立東体育館,香住ヶ丘1-12-2,4,-99,9999
130.4295175,33.54707148,40134,3,99999,03105,福岡市立南市民プール,三宅3-31-1,4,-99,9999
130.4238848,33.56562602,40134,3,99999,03109,福岡市立南体育館,塩原2-8-1,4,3,9999
130.4238848,33.56559384,40134,3,99999,03129,福岡市立南体育館,塩原2-8-1,4,3,9999
130.4238848,33.56556166,40134,3,99999,03132,福岡市立南体育館,塩原2-8-1,4,3,9999
130.4238848,33.56553319,40134,3,99999,03120,福岡市立南体育館,塩原2-8-1,4,3,9999
130.4238848,33.56550472,40134,3,99999,03111,福岡市立南体育館,塩原2-8-1,4,3,9999
130.4238848,33.56547625,40134,3,99999,03113,福岡市立南体育館,塩原2-8-1,4,3,9999
130.424176,33.56520517,40134,3,99999,03121,福岡市立南体育館,塩原2-8-1,4,3,9999
130.388771,33.43453749,40137,3,99999,03142,福岡市立背振少年自然の家,板屋530,4,-99,9999
130.4398221,33.5776213,40132,3,99999,03105,福岡市立博多市民プール,東那珂1-9-15,4,-99,9999
130.4334139,33.58309875,40132,3,99999,03109,福岡市立福岡市民体育館,山王1-9-5,4,-99,9999
130.4334139,33.5830443,40132,3,99999,03116,福岡市立福岡市民体育館,山王1-9-5,4,-99,9999
130.4334139,33.5829948,40132,3,99999,03132,福岡市立福岡市民体育館,山王1-9-5,4,-99,9999
130.4334139,33.58294282,40132,3,99999,03120,福岡市立福岡市民体育館,山王1-9-5,4,-99,9999
130.4334139,33.5828958,40132,3,99999,03111,福岡市立福岡市民体育館,山王1-9-5,4,-99,9999
130.4334139,33.5828463,40132,3,99999,03110,福岡市立福岡市民体育館,山王1-9-5,4,-99,9999
130.4334139,33.58280174,40132,3,99999,03129,福岡市立福岡市民体育館,山王1-9-5,4,-99,9999
130.4334139,33.58275967,40132,3,99999,03112,福岡市立福岡市民体育館,山王1-9-5,4,-99,9999
130.4334139,33.58271759,40132,3,99999,03105,福岡市立福岡市民体育館,山王1-9-5,4,-99,9999
130.4167997,33.51988855,40305,3,99999,03109,福岡女子商業高等学校,片縄北1-4-1,3,-99,9999
130.4176197,33.5196904,40305,3,99999,03104,福岡女子商業高等学校,片縄北1-4-1,3,-99,9999
130.4170136,33.5189176,40305,3,99999,03115,福岡女子商業高等学校,片縄北1-4-1,3,-99,9999
130.377806,33.582483,40133,3,99999,03110,福岡武道館,大濠1-1-1,3,-99,9999
130.377806,33.5824236,40133,3,99999,03111,福岡武道館,大濠1-1-1,3,-99,9999
130.377806,33.5823642,40133,3,99999,03113,福岡武道館,大濠1-1-1,3,-99,9999
130.3771286,33.58241865,40133,3,99999,03121,福岡武道館,大濠1-1-1,3,-99,9999
130.3771048,33.58262655,40133,3,99999,03118,福岡武道館,大濠1-1-1,3,-99,9999
130.2628378,33.51689503,40230,3,99999,03134,福岡雷山ゴルフ倶楽部,川原807,4,-99,9999
130.47123,33.770907,40224,3,99999,03148,福間海水浴場,西福間,3,-99,9999
130.4702075,33.76635341,40224,3,99999,03148,福間漁港海浜公園,西福間3-5587,4,-99,9999
130.4783445,33.7645077,40224,3,99999,03109,福間体育センター,西福間2-9-1,4,-99,9999
130.4783445,33.76443854,40224,3,99999,03120,福間体育センター,西福間2-9-1,4,-99,9999
130.4778559,33.76687124,40224,3,99999,03112,福間武道館,西福間1-3-1,4,-99,9999
130.0807247,33.50494618,40230,3,99999,03102,福吉しおさい運動場,二丈町吉井4232-20,3,-99,9999
130.0807247,33.50479755,40230,3,99999,03104,福吉しおさい運動場,二丈町吉井4232-20,3,-99,9999
130.7625345,33.67572316,40610,3,99999,03102,福地町金田球場,大字神崎1056-25,3,-99,9999
130.7647882,33.69731213,40610,3,99999,03109,福智町勤労者体育センター,赤池970,3,-99,9999
130.7661846,33.69762852,40610,3,99999,03104,福智町赤池グラウンド,赤池970,3,-99,9999
130.7648595,33.6985332,40610,3,99999,03138,福智町町民ゲートボール場,赤池970,3,-99,9999
130.4924325,33.77049027,40224,3,99999,03129,福津市健康福祉総合センター健康増進室,手光南2-1-1（健康福祉館3階）,3,-99,9999
130.471857,33.78440439,40224,3,99999,03109,福津市民体育館,津屋崎500-1,3,-99,9999
130.4718511,33.78433031,40224,3,99999,03120,福津市民体育館,津屋崎500-1,3,-99,9999
130.9269252,33.820386,40107,3,99999,03106,文化記念プール,田原5-1-2,4,-99,9999
130.9262953,33.82039588,40107,3,99999,03108,文化記念プール,田原5-1-2,4,-99,9999
130.9271527,33.81892249,40107,3,99999,03104,文化記念運動場,田原5-1-2,4,-99,9999
130.9271272,33.81916171,40107,3,99999,03104,文化記念公園,田原5-1,3,-99,9999
130.9283068,33.81929313,40107,3,99999,03115,文化記念庭球場,田原5-1,4,-99,9999
130.7916886,33.66723046,40610,3,99999,03104,平原グラウンド,金田60-1,3,-99,9999
130.4207535,33.57067649,40134,3,99999,03120,平松卓球場,清水1-15-9,4,-99,9999
130.485936,33.570238,40343,3,99999,03142,平成の森公園,大字吉原660外,3,-99,9999
130.889829,33.75939966,40107,3,99999,03143,平尾台自然の郷,平尾台1-1-1,4,-99,9999
130.8899538,33.75915266,40107,3,99999,03142,平尾台自然の郷,平尾台1-1-1,4,-99,9999
130.4746831,33.50482813,40219,3,99999,03109,平野小学校,横峰2-4-1,4,-99,9999
130.4740116,33.50472904,40219,3,99999,03104,平野小学校,横峰2-4-1,4,-99,9999
130.4778656,33.49504577,40219,3,99999,03109,平野中学校,つつじケ丘4-1-1,4,-99,9999
130.4778656,33.49506064,40219,3,99999,03112,平野中学校,つつじケ丘4-1-1,4,-99,9999
130.3926618,33.56491748,40133,3,99999,03102,平和台中央公園ソフトボール場,平和5,3,-99,9999
130.3829696,33.58742489,40133,3,99999,03101,平和台陸上競技場,城内1-4,4,-99,1948
130.756274,33.846767,40109,3,99999,03104,別所公園,別所町9,3,-99,9999
130.4188346,33.52074188,40305,3,99999,03109,片縄小学校,片縄北1-15-1,3,-99,9999
130.4191317,33.51976104,40305,3,99999,03104,片縄小学校,片縄北1-15-1,3,-99,9999
130.69489,33.613325,40205,3,99999,03109,穂波Ｂ＆Ｇ海洋センター,平恒54-24,4,-99,9999
130.697529,33.61418094,40205,3,99999,03102,穂波グラウンド,平恒1-6,4,-99,9999
130.6953304,33.61425517,40205,3,99999,03103,穂波グラウンド,平恒1-6,4,-99,9999
130.6965129,33.61366632,40205,3,99999,03115,穂波テニスコート,平恒1-6,4,-99,9999
130.6956506,33.61342891,40205,3,99999,03105,穂波市民プール,平恒54-24,4,-99,9999
130.6972212,33.60068125,40205,3,99999,03137,穂波艇庫,平恒477-1,4,-99,9999
130.690401754243,33.6140415832698,40205,3,99999,03110,穂波武道館,平恒115-52,4,-99,9999
130.690398854243,33.6139970432698,40205,3,99999,03111,穂波武道館,平恒115-52,4,-99,9999
130.559801,33.37256409,40216,3,99999,03109,宝城中学校,八坂26-1,3,-99,9999
130.5594445,33.37167585,40216,3,99999,03104,宝城中学校,八坂26-1,3,-99,9999
130.5589216,33.37154188,40216,3,99999,03112,宝城中学校,八坂26-1,3,-99,9999
130.7959998,33.68730138,40610,3,99999,03104,方城グラウンド,伊方4478-4,3,-99,9999
130.7944973,33.68645466,40610,3,99999,03109,方城体育館,伊方4480-1,3,-99,9999
130.978693,33.682461,40625,3,99999,03115,豊津運動公園テニスコート,国分620,3,-99,9999
130.977671,33.68317794,40625,3,99999,03104,豊津運動公園広場,国分620,3,-99,9999
130.4459963,33.53247462,40218,3,99999,03120,北スポーツセンターＮＨＫラジオパーク,昇町2-3,3,-99,9999
130.4460438,33.53331663,40218,3,99999,03102,北スポーツセンターＮＨＫラジオパーク,昇町2-3,3,-99,9999
130.4464954,33.53232107,40218,3,99999,03115,北スポーツセンターＮＨＫラジオパーク,昇町2-3,3,-99,9999
130.7191316,33.84448875,40109,3,99999,03104,北浦公園,泉ケ浦2-20,3,-99,9999
130.7444585,33.667708,40205,3,99999,03134,北九州カントリー倶楽部,鹿毛馬412-6,4,-99,9999
130.746876,33.84077031,40109,3,99999,03106,北九州ハイツ,的場町1-1-3,4,-99,9999
130.7468076,33.8401682,40109,3,99999,03115,北九州ハイツ,的場町1-1-3,4,-99,9999
130.8892582,33.86938149,40107,3,99999,03109,北九州市障害者スポーツセンター,春ヶ丘10-5,4,3,9999
130.8892582,33.86932674,40107,3,99999,03129,北九州市障害者スポーツセンター,春ヶ丘10-5,4,3,9999
130.8892582,33.86914399,40107,3,99999,03105,北九州市障害者スポーツセンター,春ヶ丘10-5,4,3,9999
130.8892582,33.869271,40107,3,99999,03132,北九州市障害者スポーツセンター,春ヶ丘10-5,4,3,9999
130.8892582,33.86921178,40107,3,99999,03120,北九州市障害者スポーツセンター,春ヶ丘10-5,4,3,9999
130.8415368,33.87331567,40108,3,99999,03109,北九州市総合体育館,八王寺町4-1,4,-99,9999
130.8415368,33.87324167,40108,3,99999,03129,北九州市総合体育館,八王寺町4-1,4,-99,9999
130.8415368,33.8731726,40108,3,99999,03120,北九州市総合体育館,八王寺町4-1,4,-99,9999
130.8415368,33.8730986,40108,3,99999,03132,北九州市総合体育館,八王寺町4-1,4,-99,9999
130.8856502,33.86853326,40106,3,99999,03102,北九州市民球場,三萩野2-10,4,-99,9999
130.7969309,33.91816562,40103,3,99999,03104,北九州市立響南運動場,東小石町3,3,-99,9999
130.8675343,33.84237482,40107,3,99999,03101,北九州市立大学青嵐グラウンド,蒲生3-4,4,-99,9999
130.8350805,33.88605319,40105,3,99999,03121,北九州市立夜宮弓道場,夜宮1-2-2,4,-99,9999
130.481637551888,33.545976335052,40219,3,99999,03106,北市民プール,御笠川1-17-1,3,-99,9999
130.492038,33.32729944,40203,3,99999,03102,北川原公園グラウンド,長門石町,4,-99,9999
130.492038,33.32722,40203,3,99999,03104,北川原公園グラウンド,長門石町,4,-99,9999
130.5500785,33.54849066,40221,3,99999,03102,北谷運動公園,大字北谷941地外,4,-99,9999
130.5491575,33.5482282,40221,3,99999,03115,北谷運動公園,大字北谷941地外,4,-99,9999
130.5496804,33.54903539,40221,3,99999,03120,北谷運動公園,大字北谷941地外,4,-99,9999
130.5500845,33.54835695,40221,3,99999,03104,北谷運動公園,大字北谷941地外,4,-99,9999
130.5752605,33.34226092,40203,3,99999,03102,北野グラウンド,北野町今山74,3,-99,9999
130.5759617,33.34293105,40203,3,99999,03138,北野ゲートボール場,北野町今山74,3,-99,9999
130.5755042,33.34288141,40203,3,99999,03115,北野テニスコート,北野町今山74,3,-99,9999
130.584771,33.34990719,40203,3,99999,03104,北野小学校,北野町中520-1,3,-99,9999
130.5846759,33.35092966,40203,3,99999,03109,北野小学校,北野町中520-1,3,-99,9999
130.5839016,33.34437651,40203,3,99999,03109,北野体育館（旧：北野小学校）,北野町中3253,3,-99,9999
130.6081035,33.34245557,40203,3,99999,03104,北野筑後川グラウンド,北野町大城299-4,3,-99,9999
130.6081035,33.34236622,40203,3,99999,03102,北野筑後川グラウンド,北野町大城299-4,3,-99,9999
130.609583,33.34259952,40203,3,99999,03103,北野筑後川グラウンド,北野町大城299-4,3,-99,9999
130.5960099,33.34572928,40203,3,99999,03104,北野中学校,北野町塚島277,3,-99,9999
130.595493,33.34655325,40203,3,99999,03109,北野中学校,北野町塚島277,3,-99,9999
130.5956059,33.34685604,40203,3,99999,03112,北野中学校,北野町塚島277,3,-99,9999
130.9761374,33.53584272,40647,3,99999,03142,牧の原キャンプ場,大字寒田2005-2,3,-99,9999
130.882101,33.814795,40107,3,99999,03142,堀越キャンプ場,大字堀越,3,-99,9999
130.7298482,33.88968683,40109,3,99999,03104,本城運動場,御開4-16-1,4,-99,9999
130.7296997,33.89158088,40109,3,99999,03102,本城球場,御開4-16-1,4,-99,9999
130.7327857,33.89056184,40109,3,99999,03146,本城公園,御開4,3,-99,9999
130.719587,33.8750658,40109,3,99999,03104,本城西公園,千代ケ崎1-12,3,-99,9999
130.7367205,33.87587293,40109,3,99999,03104,本城東公園,本城東1-17,3,-99,9999
130.7316724,33.89038724,40109,3,99999,03101,本城陸上競技場,御開4-16-1,4,3,9999
130.5596735,33.36641652,40216,3,99999,03109,味坂小学校,八坂456-1,3,-99,9999
130.5600894,33.36689293,40216,3,99999,03104,味坂小学校,八坂456-1,3,-99,9999
130.7966318,33.89280925,40103,3,99999,03104,岬ノ山公園,古前1-21,3,-99,9999
130.5246334,33.29519379,40203,3,99999,03104,牟田山中学校,南2-16-2,3,-99,9999
130.5254831,33.294568,40203,3,99999,03109,牟田山中学校,南2-16-2,3,-99,9999
130.5253286,33.29516896,40203,3,99999,03112,牟田山中学校,南2-16-2,3,-99,9999
130.5416102,33.28779541,40203,3,99999,03104,明星中学校,高良内町4482-1,3,-99,9999
130.5417291,33.28671259,40203,3,99999,03109,明星中学校,高良内町4482-1,3,-99,9999
130.5418063,33.28719936,40203,3,99999,03112,明星中学校,高良内町4482-1,3,-99,9999
130.6070166,33.79730177,40220,3,99999,03143,明天寺公園,アスティ1-1198,3,-99,9999
130.6089774,33.79753878,40220,3,99999,03102,明天寺公園,アスティ1-1198,3,-99,9999
130.6070641,33.79631421,40220,3,99999,03115,明天寺公園,アスティ1-1198,3,-99,9999
130.3226961,33.5818913,40135,3,99999,03136,姪浜シティボウル,内浜1-7-3（ウエストコート姪浜レジャービル2Ｆ）,4,-99,9999
130.7282928,33.77801496,40109,3,99999,03106,木屋瀬プール,大字野面,4,-99,9999
130.7278828,33.77788644,40109,3,99999,03104,木屋瀬公園,大字野面,3,-99,9999
130.5893064,33.33238928,40203,3,99999,03102,木塚緑地グラウンド,善導寺町,4,-99,9999
130.5893064,33.33230985,40203,3,99999,03104,木塚緑地グラウンド,善導寺町,4,-99,9999
130.5893064,33.33222546,40203,3,99999,03103,木塚緑地グラウンド,善導寺町,4,-99,9999
130.64575,33.44945489,40447,3,99999,03143,目配山,栗田,3,-99,9999
130.940354,33.913149,40101,3,99999,03121,門司弓道場,大里東1-4-8,4,-99,9999
130.9355898,33.89774148,40101,3,99999,03102,門司球場,不老町1-1,4,-99,9999
130.9692912,33.94847743,40101,3,99999,03109,門司青少年体育館,東門司1-1-24,4,-99,9999
130.9692912,33.94841828,40101,3,99999,03112,門司青少年体育館,東門司1-1-24,4,-99,9999
130.9350907,33.90021666,40101,3,99999,03109,門司体育館,高田1-20-1,4,-99,9999
130.9350967,33.90015255,40101,3,99999,03120,門司体育館,高田1-20-1,4,-99,9999
130.9752417,33.94310886,40101,3,99999,03115,門司庭球場,谷町1-2-3,4,-99,9999
130.9370515,33.89897447,40101,3,99999,03101,門司陸上競技場,不老町1-1,4,-99,9999
130.8352632,33.88742401,40105,3,99999,03104,夜宮公園,夜宮1,3,-99,9999
130.8360038,33.8860716,40105,3,99999,03109,夜宮青少年センター,夜宮1-2-1,3,-99,9999
130.8360038,33.88600254,40105,3,99999,03120,夜宮青少年センター,夜宮1-2-1,3,-99,9999
130.6563979,33.49119903,40447,3,99999,03117,夜須高原記念の森,櫛木3-6,4,-99,9999
130.2910907,33.49383806,40137,3,99999,03143,野河内渓谷自然歩道,飯場（山里料理滝やま荘前）,3,-99,9999
130.4055487,33.55342925,40133,3,99999,03146,野間大池公園ジョギングコース,柳河内1,3,-99,9999
130.3078902,33.5550531,40135,3,99999,03135,野方ゴルフガーデン,野方2-49-8,4,-99,9999
130.95098,33.915105,40101,3,99999,03142,矢筈山キャンプ場,大字小森江,4,-99,9999
130.4331661,33.13370887,40207,3,99999,03118,柳川市雲龍の郷（相撲ドーム）,大和町鷹ノ尾151-2,3,-99,9999
130.4320023,33.13494368,40207,3,99999,03109,柳川市大和Ｂ＆Ｇ海洋センター,大和町鷹ノ尾106,4,-99,9999
130.4028265,33.11628665,40207,3,99999,03137,柳川市大和Ｂ＆Ｇ海洋センター,大和町谷垣386,4,-99,9999
130.4320023,33.13489393,40207,3,99999,03110,柳川市大和Ｂ＆Ｇ海洋センター,大和町鷹ノ尾106,4,-99,9999
130.4320023,33.13484417,40207,3,99999,03111,柳川市大和Ｂ＆Ｇ海洋センター,大和町鷹ノ尾106,4,-99,9999
130.4048462,33.15621624,40207,3,99999,03104,柳川市民グラウンド,上宮永町46-2,3,-99,9999
130.4048403,33.15612669,40207,3,99999,03102,柳川市民グラウンド,上宮永町46-2,3,-99,9999
130.4048403,33.15603715,40207,3,99999,03103,柳川市民グラウンド,上宮永町46-2,3,-99,9999
130.4051914,33.16031323,40207,3,99999,03115,柳川市民テニスコート,本町53-1,3,-99,9999
130.4041197,33.1563552,40207,3,99999,03105,柳川市民温水プール,上宮永町43-1,4,-99,9999
130.4049003,33.16149709,40207,3,99999,03121,柳川市民弓道場,本町53-1,3,-99,9999
130.4344668,33.16613298,40207,3,99999,03102,柳川市民三橋グラウンド,三橋町正行431-2,3,-99,9999
130.4395571,33.16076118,40207,3,99999,03115,柳川市民三橋テニスコート,三橋町垂見800,3,-99,9999
130.4355007,33.16629712,40207,3,99999,03109,柳川市民三橋体育センター,三橋町正行431-2,3,-99,9999
130.4393491,33.16104969,40207,3,99999,03110,柳川市民三橋武道場,三橋町垂見800,3,-99,9999
130.4393491,33.16099497,40207,3,99999,03111,柳川市民三橋武道場,三橋町垂見800,3,-99,9999
130.4042164,33.15580833,40207,3,99999,03111,柳川市民体育センター,上宮永町46-2,3,-99,9999
130.4042164,33.15574863,40207,3,99999,03120,柳川市民体育センター,上宮永町46-2,3,-99,9999
130.4048765,33.16115884,40207,3,99999,03109,柳川市民体育館,本町53-1,3,-99,9999
130.4048765,33.16106932,40207,3,99999,03129,柳川市民体育館,本町53-1,3,-99,9999
130.4328698,33.13477949,40207,3,99999,03103,柳川市民大和グラウンド,大和町鷹ノ尾106,3,-99,9999
130.4328639,33.13470485,40207,3,99999,03102,柳川市民大和グラウンド,大和町鷹ノ尾106,3,-99,9999
130.4328639,33.13463022,40207,3,99999,03104,柳川市民大和グラウンド,大和町鷹ノ尾106,3,-99,9999
130.4315982,33.13462026,40207,3,99999,03138,柳川市民大和ゲートボール場,大和町鷹ノ尾106,3,-99,9999
130.4317171,33.13437645,40207,3,99999,03115,柳川市民大和テニスコート,大和町鷹ノ尾106,3,-99,9999
130.4329204,33.12280607,40207,3,99999,03110,柳川市民中島武道場,大和町中島68,3,-99,9999
130.4329204,33.12273143,40207,3,99999,03111,柳川市民中島武道場,大和町中島68,3,-99,9999
130.4119944,33.16278051,40207,3,99999,03110,柳川市民武道場,新町5-18,3,-99,9999
130.4055621,33.09036935,40207,3,99999,03103,柳川市民有明総合グラウンド,大和町大坪336,3,-99,9999
130.4055681,33.09019511,40207,3,99999,03102,柳川市民有明総合グラウンド,大和町大坪336,3,-99,9999
130.4055681,33.09028472,40207,3,99999,03104,柳川市民有明総合グラウンド,大和町大坪336,3,-99,9999
130.3353057,33.55703706,40137,3,99999,03135,有田ゴルフガーデン,有田5-19-35,4,-99,9999
130.7417765,33.87047218,40109,3,99999,03104,夕原公園,夕原町2,3,-99,9999
130.8825888,33.83562648,40107,3,99999,03104,葉山中央公園,葉山町3-3,3,-99,9999
130.2206128,33.5388491,40230,3,99999,03102,雷山運動広場,蔵持681-1,3,-99,9999
130.222509,33.486112,40230,3,99999,03142,雷山国際キャンプ場,雷山9-12,3,-99,9999
130.2226754,33.48732614,40230,3,99999,03104,雷山国際キャンプ場,雷山9-12,3,-99,9999
130.2226219,33.48641429,40230,3,99999,03106,雷山国際キャンプ場,雷山9-12,3,-99,9999
130.0687638,33.49488897,40230,3,99999,03102,立花運動場,二丈吉井3152-3,3,-99,9999
130.0687638,33.49477005,40230,3,99999,03103,立花運動場,二丈吉井3152-3,3,-99,9999
130.0687638,33.49464122,40230,3,99999,03104,立花運動場,二丈吉井3152-3,3,-99,9999
130.589975,33.2020997,40210,3,99999,03115,立花町体育館町民テニスコート,立花町谷川1130,3,-99,9999
130.5866642,33.41247268,40216,3,99999,03109,立石小学校,吹上968-2,3,-99,9999
130.5852381,33.41262644,40216,3,99999,03104,立石小学校,吹上968-2,3,-99,9999
130.5839099,33.41300732,40216,3,99999,03102,立石地域運動広場,干潟2047-1,3,-99,9999
130.5839099,33.41293292,40216,3,99999,03103,立石地域運動広場,干潟2047-1,3,-99,9999
130.5839099,33.41285356,40216,3,99999,03104,立石地域運動広場,干潟2047-1,3,-99,9999
130.5890133,33.41279888,40216,3,99999,03109,立石中学校,吹上1045,3,-99,9999
130.588122,33.41243185,40216,3,99999,03104,立石中学校,吹上1045,3,-99,9999
130.589043,33.41282368,40216,3,99999,03112,立石中学校,吹上1045,3,-99,9999
130.786378,33.770581,40204,3,99999,03142,竜王峡キャンプ村,上頓野184-1,4,-99,9999
130.5887845,33.52535155,40217,3,99999,03142,竜岩自然の家,大字柚須原373-1,3,-99,9999
130.5887845,33.52533176,40217,3,99999,03109,竜岩自然の家,大字柚須原373-1,3,-99,9999
130.548917,33.248293,40544,3,99999,03146,竜光寺公園,大字新代1480-4,3,-99,9999
130.5569217,33.30856051,40203,3,99999,03104,良山中学校,山川町37-2,3,-99,9999
130.5574129,33.30892692,40203,3,99999,03109,良山中学校,山川町37-2,3,-99,9999
130.556991,33.309205,40203,3,99999,03112,良山中学校,山川町37-2,3,-99,9999
130.515344,33.57465873,40341,3,99999,03115,林崎テニス場,平和2-17-1,3,-99,9999
130.5156907,33.57382334,40341,3,99999,03102,林崎多目的広場,平和1-4977-2,3,-99,9999
130.5156848,33.57373918,40341,3,99999,03104,林崎多目的広場,平和1-4977-2,3,-99,9999
130.994561,33.780521,40621,3,99999,03102,臨海総合グラウンド,長浜町46,3,-99,9999
130.9933667,33.7808519,40621,3,99999,03115,臨海総合グラウンド,長浜町46,3,-99,9999
130.4079174,33.59458697,40132,3,99999,03146,冷泉公園ジョギングコース,上川端町,3,-99,9999
130.4915001,33.51150502,40221,3,99999,03104,歴史スポーツ公園,吉松4-305-1,4,-99,9999
130.4915654,33.51033073,40221,3,99999,03115,歴史スポーツ公園,吉松4-305-1,4,-99,9999
130.492052708486,33.5121886068412,40221,3,99999,03121,歴史スポーツ公園,吉松4-305-1,4,-99,9999
130.4915001,33.5115941,40221,3,99999,03102,歴史スポーツ公園,吉松4-305-1,4,-99,9999
130.4915001,33.51141086,40221,3,99999,03103,歴史スポーツ公園,吉松4-305-1,4,-99,9999
130.4925815,33.5121045,40221,3,99999,03118,歴史スポーツ公園,吉松4-305-1,4,-99,9999
130.4916367,33.5108709,40221,3,99999,03146,歴史スポーツ公園,吉松4-305-1,4,-99,9999
130.161123,33.518177,40230,3,99999,03102,歴史の里曲り田野球場,二丈石崎280,3,-99,9999
130.970376,33.94763877,40101,3,99999,03102,老松球場,老松町3,3,-99,9999
130.9696243,33.946892,40101,3,99999,03104,老松公園,老松町3,3,-99,9999
130.380491692935,33.5713651812825,40133,3,99999,03115,六本松スポーツクラブ,輝国2-24-33,4,-99,9999
130.379832133009,33.571330524959,40133,3,99999,03135,六本松スポーツクラブ,輝国2-24-33,4,-99,9999
130.4183084,33.68795872,40131,3,99999,03102,和白水処理センター運動広場,塩浜3-2500,3,-99,9999
130.4183084,33.68789692,40131,3,99999,03104,和白水処理センター運動広場,塩浜3-2500,3,-99,9999
130.4178568,33.68771398,40131,3,99999,03115,和白水処理センター運動広場,塩浜3-2500,3,-99,9999
130.9650515,33.96017766,40101,3,99999,03106,和布刈塩水プール,大字門司3491-1,3,-99,9999
130.9634125,33.96061306,40101,3,99999,03143,和布刈公園,大字門司・旧門司2,3,-99,9999
130.7270323,33.93452506,40103,3,99999,03148,脇田海水浴場,大字安屋,3,-99,9999
130.6055109,33.31791416,40203,3,99999,03104,屏水中学校,山本町耳納1069-1,3,-99,9999
130.6045839,33.31821704,40203,3,99999,03109,屏水中学校,山本町耳納1069-1,3,-99,9999
130.6045839,33.31815746,40203,3,99999,03112,屏水中学校,山本町耳納1069-1,3,-99,9999
130.990812,33.989736,35201,3,03001,03001,下関市立美術館,長府黒門東町1-1,3,2,1983
130.948976,33.959583,35201,3,03001,03001,赤間神宮宝物殿,阿弥陀寺町4-1,4,-99,1965
130.982335,33.996118,35201,3,03002,03002,下関市立長府博物館,長府川端1-2-5,3,1,1947
130.987065,33.998673,35201,3,03002,03002,忌宮神社宝物館,長府宮の内町1-18,4,-99,1971
130.95655,33.999662,35201,3,03002,03002,住吉神社宝物館,一の宮住吉1-11-1,4,-99,1952
130.94661,33.95911,35201,3,03002,03002,藤原義江記念館,阿弥陀寺町3-14,4,-99,1983
130.948366,33.959039,35201,3,03002,03002,日清講和記念館,阿弥陀寺町4-3,3,-99,1937
130.986398,33.999462,35201,3,03002,03002,乃木神社宝物館,長府宮の内町3-8（乃木神社内）,4,-99,1986
130.931927,33.967704,35201,3,03002,03002,梅光学院大学博物館,向洋町1-1-1,4,-99,2003
130.939648,33.967901,35201,3,03003,03003,下関市立下関図書館,上田中町1-16-3,3,-99,9999
130.986735,33.998814,35201,3,03003,03003,下関市立長府図書館,長府宮の内町1-30,3,-99,9999
130.912795,33.936826,35201,3,03003,03003,下関市立彦島図書館,彦島江の浦町1-4-28,3,-99,9999
130.942229,33.954483,35201,3,03004,03004,下関市立しものせき水族館・海響館,あるかぽーと6-1,3,-99,1956
130.930231,33.951402,35201,3,99999,03003,下関市立中央図書館,細江町3-1-1（下関市生涯学習プラザ内）,3,-99,9999
130.926333,33.958418,35201,3,99999,03003,山口県盲人福祉協会点字図書館,関西町1-10,4,-99,9999
130.93246,33.9678,35201,3,99999,03003,梅光学院大学図書館,向洋町1-1-1,4,-99,9999
130.935671,33.987797,35201,3,99999,03003,下関市立大学附属図書館,大学町2-1-1,0,-99,9999
130.948591,33.999782,35201,3,99999,03003,東亜大学附属図書館,一の宮学園町2-1,4,-99,9999
130.922521,33.961318,35201,3,99999,03003,下関短期大学図書館,桜山町1-1,4,-99,9999
130.931574,33.967205,35201,3,99999,03109,下関市体育館,向洋町1-12-1,4,-99,9999
130.931568,33.967116,35201,3,99999,03120,下関市体育館,向洋町1-12-1,4,-99,9999
130.933249,33.966287,35201,3,99999,03101,下関市営下関陸上競技場,向洋町1-10-1,4,-99,9999
130.933062,33.965342,35201,3,99999,03115,下関市営下関庭球場,向洋町1-9-1,4,-99,9999
130.932579,33.964402,35201,3,99999,03121,下関市弓道場,向洋町1-7-1,4,-99,9999
130.93476,33.967049,35201,3,99999,03118,下関市相撲場,向洋町1-2-34,4,-99,9999
130.933207,33.964464,35201,3,99999,03122,下関市アーチェリー場,向洋町1-6-6,4,-99,9999
130.931731,33.96468,35201,3,99999,03104,下関市向洋グラウンド（下関運動公園内広場）,向洋町1,4,-99,9999
130.905332,33.938578,35201,3,99999,03109,下関市彦島体育館,彦島迫町4-16-1,4,-99,9999
130.905332,33.938509,35201,3,99999,03120,下関市彦島体育館,彦島迫町4-16-1,4,-99,9999
130.904267,33.938314,35201,3,99999,03115,下関市彦島庭球場,彦島迫町4-16-2,4,-99,9999
130.90475,33.939118,35201,3,99999,03102,彦島地区公園多目的広場,彦島迫町4,4,-99,9999
130.90475,33.938995,35201,3,99999,03103,彦島地区公園多目的広場,彦島迫町4,4,-99,9999
130.912803,33.944457,35201,3,99999,03102,下関市彦島運動場,彦島本村町3,4,-99,9999
130.913249,33.944787,35201,3,99999,03115,下関市彦島運動場,彦島本村町3,4,-99,9999
130.917839,33.994381,35201,3,99999,03102,下関市垢田運動場,大字垢田字石交,4,-99,9999
130.917839,33.994139,35201,3,99999,03138,下関市垢田運動場,大字垢田字石交,4,-99,9999
130.917839,33.994282,35201,3,99999,03104,下関市垢田運動場,大字垢田字石交,4,-99,9999
130.918218,33.994664,35201,3,99999,03109,下関市垢田体育館,大字垢田字石交1339-1,4,-99,9999
130.918218,33.994617,35201,3,99999,03120,下関市垢田体育館,大字垢田字石交1339-1,4,-99,9999
130.944653,33.957652,35201,3,99999,03110,下関市武道館,中之町1-23,3,-99,9999
130.944653,33.957583,35201,3,99999,03111,下関市武道館,中之町1-23,3,-99,9999
130.915109,33.937725,35201,3,99999,03110,下関市彦島武道館,彦島江の浦町1-1-1,3,-99,9999
130.915109,33.937671,35201,3,99999,03111,下関市彦島武道館,彦島江の浦町1-1-1,3,-99,9999
130.915115,33.937626,35201,3,99999,03109,下関市彦島武道館,彦島江の浦町1-1-1,3,-99,9999
130.986376,33.99953,35201,3,99999,03110,下関市長府武道館,長府宮の内町3-8,3,-99,9999
130.986376,33.999495,35201,3,99999,03111,下関市長府武道館,長府宮の内町3-8,3,-99,9999
130.986489,33.999441,35201,3,99999,03121,下関市長府武道館,長府宮の内町3-8,3,-99,9999
130.912121,33.958914,35201,3,99999,03103,下関市フットサル場,伊崎町2-21-1,4,-99,9999
