X,Y,P27_001,P27_002,P27_003,P27_004,P27_005,P27_006,P27_007,P27_008,P27_009
139.782637,36.100768,12208,3,03002,03002,千葉県立関宿城博物館,関宿三軒家143-4,2,4,1995
139.785793,36.091218,12208,3,03002,03002,野田市鈴木貫太郎記念館,関宿町1273,3,1,1963
139.820684,36.025827,12208,3,03003,03003,野田市立せきやど図書館,東宝珠花237-1,3,-99,9999
139.083912,36.008732,11207,3,03001,03001,秩父美術館,永田町7-1,4,2,1984
139.640496,36.100139,11210,3,03001,03001,サトエ記念２１世紀美術館,水深大立野2067,4,-99,2001
139.352239,36.028182,11212,3,03001,03001,原爆の図丸木美術館,下唐子1401,4,-99,1967
139.231611,36.011429,11349,3,03001,03001,慈光寺宝物殿,西平386,4,-99,9999
139.386922,36.137062,11202,3,03002,03002,熊谷市立熊谷図書館美術・郷土資料展示室,桜木町2-33-2,3,4,1979
139.365173,36.109719,11202,3,03002,03002,立正大学博物館,万吉1700,4,-99,2002
139.453279,36.137865,11206,3,03002,03002,行田市郷土博物館,本丸17-23,3,2,1988
139.468334,36.127675,11206,3,03002,03002,行田市史料館,佐間3-8-9,3,-99,9999
139.475639,36.125173,11206,3,03002,03002,埼玉県立さきたま史跡の博物館,埼玉4834,2,-99,1969
139.127064,36.192802,11211,3,03002,03002,本庄市塙保己一記念館,児玉町八幡山446,3,-99,1967
139.184744,36.241936,11211,3,03002,03002,本庄市立歴史民俗資料館,中央1-2-3,3,2,1883
139.811515,36.032751,11214,3,03002,03002,大凧会館,西宝珠花637,3,4,1990
139.548303,36.165072,11216,3,03002,03002,羽生市立図書館・郷土資料館,下羽生948,3,2,1986
139.526449,36.091155,11217,3,03002,03002,川里郷土資料館,関新田1281-1,3,-99,1993
139.670721,36.069066,11232,3,03002,03002,酒造資料館,本町1-1-16,4,-99,9999
139.363049,36.066451,11341,3,03002,03002,滑川町エコミュージアムセンター,大字福田763-4,3,2,2000
139.323435,36.03682,11342,3,03002,03002,埼玉県立嵐山史跡の博物館,菅谷757,2,-99,1976
139.26916,36.050029,11343,3,03002,03002,小川和紙資料館,青山字大沢475,3,-99,1981
139.421208,36.039123,11347,3,03002,03002,吉見町埋蔵文化財センター,大字北吉見321,3,-99,2005
139.11609,36.087448,11363,3,03002,03002,埼玉県立自然の博物館,大字長瀞1417-1,2,-99,1981
139.111406,36.108334,11363,3,03002,03002,長瀞綜合博物館,大字本野上424,4,2,1957
139.107632,36.092399,11363,3,03002,03002,長瀞町郷土資料館,長瀞1164,3,1,1980
139.141,36.252372,11385,3,03002,03002,上里町立図書館・郷土資料館,大字七本木67,3,2,1993
139.219672,36.115722,11408,3,03002,03002,埼玉県立川の博物館,大字小園39,2,2,1997
139.196207,36.106958,11408,3,03002,03002,鉢形城歴史館,大字鉢形2496-2,3,-99,2004
139.725492,36.009125,11442,3,03002,03002,宮代町郷土資料館,字西原289,3,-99,1993
139.712035,36.028663,11442,3,03002,03002,日本工業大学工業技術博物館,学園台4-1,4,1,1988
139.667487,36.020254,11246,3,03002,03002,獅子博物館,小久喜1262-8,4,2,1993
139.665508,36.099257,11232,3,03002,03002,鷲宮町立郷土資料館,鷲宮5-33-1,3,2,1998
139.386922,36.137062,11202,3,03003,03003,熊谷市立熊谷図書館,桜木町2-33-2,3,-99,9999
139.38199,36.223034,11202,3,03003,03003,熊谷市立妻沼図書館,妻沼東1-1,3,-99,9999
139.39109,36.150501,11202,3,03003,03003,埼玉県立熊谷図書館,箱田5-6-1,2,3,9999
139.468542,36.124777,11206,3,03003,03003,行田市立図書館,佐間3-24-7,3,-99,9999
139.598712,36.123402,11210,3,03003,03003,加須市立加須図書館,中央2-4-17,3,-99,9999
139.116287,36.18937,11211,3,03003,03003,本庄市立図書館児玉分館,児玉町金屋728-2,3,-99,9999
139.180633,36.24232,11211,3,03003,03003,本庄市立図書館,千代田4-1-9,3,-99,9999
139.393361,36.004989,11212,3,03003,03003,東松山市立高坂図書館,元宿2-6-1,3,-99,9999
139.406677,36.037377,11212,3,03003,03003,東松山市立図書館,本町2-11-20,3,-99,9999
139.548303,36.165072,11216,3,03003,03003,羽生市立図書館,大字下羽生948,3,-99,9999
139.509078,36.061089,11217,3,03003,03003,鴻巣市立鴻巣中央図書館,本町1-2-1,3,-99,9999
139.452725,36.101009,11217,3,03003,03003,鴻巣市立吹上図書館,吹上富士見1-1-26,3,-99,9999
139.525949,36.099065,11217,3,03003,03003,鴻巣市立川里図書館,関新田1281-1,3,-99,9999
139.231083,36.128677,11218,3,03003,03003,花園町立花園こども情報交流図書館アクロス,大字小前田1463-2,3,-99,2005
139.285171,36.199902,11218,3,03003,03003,深谷市立図書館,仲町19-3,3,-99,9999
139.285127,36.136611,11218,3,03003,03003,深谷市立川本図書館,菅沼1146-1,3,-99,1991
139.561637,36.00262,11231,3,03003,03003,桶川市立図書館,西1-5-21,3,-99,9999
139.689059,36.065622,11232,3,03003,03003,久喜市立中央図書館,吉羽1-40-1,3,-99,9999
139.667436,36.062364,11232,3,03003,03003,埼玉県立久喜図書館,下早見85-5,2,3,9999
139.529024,36.027304,11233,3,03003,03003,北本市立中央図書館,本町1-2-1,3,-99,9999
139.728344,36.068063,11240,3,03003,03003,幸手市立図書館,緑台2-5-25,3,-99,9999
139.362152,36.066261,11341,3,03003,03003,滑川町立図書館,大字福田763-2,3,-99,9999
139.326015,36.048504,11342,3,03003,03003,知識の森嵐山町立図書館,むさし台3-10-10,3,2,9999
139.2573,36.054777,11343,3,03003,03003,小川町立図書館,大塚99-1,3,-99,9999
139.453565,36.051628,11347,3,03003,03003,吉見町立図書館,大字中新井497,3,-99,9999
139.296106,36.008012,11349,3,03003,03003,ときがわ町立図書館,玉川2510,3,-99,9999
139.205149,36.051739,11369,3,03003,03003,東秩父村立図書館,大字御堂369（東秩父村コミュニティセンター(やまなみ））,3,-99,9999
139.17516,36.168382,11381,3,03003,03003,美里町立図書館,大字甘粕343,3,-99,9999
139.141137,36.252234,11385,3,03003,03003,上里町立図書館,大字七本木67,3,-99,9999
139.333436,36.117644,11202,3,03003,03003,熊谷市立江南図書館,千代325-1,3,-99,9999
139.196238,36.118539,11408,3,03003,03003,寄居町立図書館,大字寄居1296-1,3,3,9999
139.58392,36.105068,11210,3,03003,03003,加須市立騎西図書館,根古屋633-10,3,-99,9999
139.660371,36.19073,11210,3,03003,03003,北川辺町立図書館,麦倉1473-1,3,-99,9999
139.674915,36.133782,11210,3,03003,03003,加須市立童謡のふる里・おおとね図書館,琴寄597-1,3,-99,9999
139.7228,36.018381,11442,3,03003,03003,宮代町立図書館,字百間1139,3,-99,9999
139.668766,36.019616,11246,3,03003,03003,白岡町立図書館,大字小久喜1220,3,-99,1992
139.603273,36.061537,11232,3,03003,03003,久喜市立菖蒲図書館,菖蒲町菖蒲85-1,3,-99,9999
139.665508,36.099257,11232,3,03003,03003,久喜市立鷲宮図書館,鷲宮5-33-1,3,-99,9999
139.597898,36.173114,11216,3,03004,03004,さいたま水族館,大字三田ケ谷751-1,2,2,1983
139.374284,36.000549,11212,3,03005,03005,埼玉県こども動物自然公園,大字岩殿554,2,-99,1980
139.092105,36.094495,11363,3,03005,03005,宝登山小動物公園,長瀞2209,4,-99,1960
139.71953,36.020151,11442,3,03005,03005,東武動物公園,大字須賀110,4,-99,1981
139.558234,36.040651,11233,3,99999,03002,埼玉県学校給食会・学校給食歴史館,朝日2-288,4,-99,2010
139.616076,36.126192,11210,3,99999,03001,ほくさい美術館,北小浜146-1,4,-99,2009
139.665496,36.099302,11232,3,99999,03002,久喜市立郷土資料館,鷲宮5-33-1,3,2,1998
139.411042,36.103194,11202,3,99999,03003,熊谷市立大里図書館,津田1-1,3,-99,9999
139.231386,36.201023,11218,3,99999,03003,深谷市立岡部図書館,山河1324-1,3,-99,9999
139.726506,36.046804,11464,3,99999,03003,杉戸町立図書館,大字大島477-8,3,-99,9999
139.400454,36.151482,11202,3,99999,03003,埼玉県立熊谷点字図書館,上之2026-2,4,2,9999
139.652092,36.077308,11232,3,99999,03003,東京理科大学久喜図書館,下清久500,4,2,1994
139.643574,36.09999,11210,3,99999,03003,平成国際大学附属図書館,水深大立野2000,4,-99,9999
139.422019,36.035839,11347,3,99999,03003,武蔵丘短期大学図書館,南吉見111-1,4,-99,9999
139.713246,36.025217,11442,3,99999,03003,日本工業大学LCセンター図書館,学園台4-1,4,-99,2007
139.325889,36.035528,11342,3,99999,03003,女性教育会館女性教育情報センター,菅谷728,0,-99,9999
139.368219,36.001343,11212,3,99999,03003,大東文化大学東松山図書館,岩殿560,4,-99,9999
139.237998,36.195362,11218,3,99999,03003,埼玉工業大学図書館,普済寺1690,4,-99,9999
139.36483,36.107249,11202,3,99999,03003,立正大学情報メディアセンター熊谷図書館,万吉1700,4,-99,9999
139.525983,36.162221,11216,3,99999,03003,埼玉純真短期大学図書館,下岩瀬430,4,-99,9999
139.457617,36.115357,11206,3,99999,03003,ものつくり大学図書情報センター,前谷333,4,-99,9999
139.327416,36.171087,11202,3,99999,03109,籠原体育館,籠原南3-15-4,3,-99,9999
139.32741,36.171005,11202,3,99999,03120,籠原体育館,籠原南3-15-4,3,-99,9999
139.335503,36.193241,11202,3,99999,03109,別府体育館,西別府2252-1,3,-99,9999
139.335503,36.193169,11202,3,99999,03120,別府体育館,西別府2252-1,3,-99,9999
139.409153,36.133048,11202,3,99999,03109,東部体育館,佐谷田371-3,3,-99,9999
139.409156,36.133,11202,3,99999,03120,東部体育館,佐谷田371-3,3,-99,9999
139.386561,36.136519,11202,3,99999,03109,市民体育館,桜木町2-33-5,3,-99,9999
139.386561,36.136437,11202,3,99999,03120,市民体育館,桜木町2-33-5,3,-99,9999
139.386567,36.136356,11202,3,99999,03110,市民体育館,桜木町2-33-5,3,-99,9999
139.386561,36.136274,11202,3,99999,03111,市民体育館,桜木町2-33-5,3,-99,9999
139.388921,36.209642,11202,3,99999,03110,熊谷市立武道館,江波363,3,2,9999
139.388918,36.209597,11202,3,99999,03111,熊谷市立武道館,江波363,3,2,9999
139.388793,36.209776,11202,3,99999,03121,熊谷市立武道館,江波363,3,2,9999
139.373317,36.144153,11202,3,99999,03146,伊勢町ふれあい公園,伊勢町133,3,-99,9999
139.330572,36.141658,11202,3,99999,03134,荒川大麻生公園,大字大麻生,2,-99,1986
139.373045,36.139506,11202,3,99999,03102,荒川緑地,熊谷,3,-99,9999
139.376908,36.137812,11202,3,99999,03103,荒川緑地,熊谷,3,-99,9999
139.382208,36.136099,11202,3,99999,03104,荒川緑地,熊谷,3,-99,9999
139.345196,36.153534,11202,3,99999,03105,熊谷さくら運動公園,小島157-1,3,-99,9999
139.345196,36.153438,11202,3,99999,03129,熊谷さくら運動公園,小島157-1,3,-99,9999
139.344721,36.153035,11202,3,99999,03107,熊谷さくら運動公園,小島157-1,3,-99,9999
139.344013,36.155472,11202,3,99999,03102,熊谷さくら運動公園,小島157-1,3,-99,9999
139.347882,36.156609,11202,3,99999,03115,熊谷さくら運動公園,小島157-1,3,-99,9999
139.34658,36.155323,11202,3,99999,03101,熊谷さくら運動公園,小島157-1,3,-99,9999
139.343663,36.153467,11202,3,99999,03121,熊谷さくら運動公園,小島157-1,3,-99,9999
139.342813,36.156686,11202,3,99999,03118,熊谷さくら運動公園,小島157-1,3,-99,9999
139.346854,36.157228,11202,3,99999,03146,熊谷さくら運動公園,小島157-1,3,-99,9999
139.409538,36.101816,11202,3,99999,03103,大里総合グラウンド,中曽根650,3,-99,9999
139.409532,36.10172,11202,3,99999,03102,大里総合グラウンド,中曽根650,3,-99,9999
139.337209,36.118572,11202,3,99999,03103,江南総合グラウンド,押切2436,3,-99,9999
139.33772,36.119432,11202,3,99999,03102,江南総合グラウンド,押切2436,3,-99,9999
139.338005,36.119014,11202,3,99999,03115,江南総合グラウンド,押切2436,3,-99,9999
139.4112,36.102689,11202,3,99999,03109,大里体育館,津田21,3,-99,9999
139.4112,36.102612,11202,3,99999,03120,大里体育館,津田21,3,-99,9999
139.33647,36.115354,11202,3,99999,03109,江南体育館,江南中央2-3-1,3,-99,9999
139.33647,36.115268,11202,3,99999,03120,江南体育館,江南中央2-3-1,3,-99,9999
139.411011,36.163743,11202,3,99999,03103,熊谷スポーツ文化公園,上川上300,2,-99,9999
139.40517,36.167422,11202,3,99999,03102,熊谷スポーツ文化公園,上川上300,2,-99,9999
139.411005,36.163853,11202,3,99999,03101,熊谷スポーツ文化公園,上川上300,2,-99,9999
139.409543,36.166285,11202,3,99999,03129,熊谷スポーツ文化公園,上川上300,2,-99,9999
139.407024,36.164587,11202,3,99999,03146,熊谷スポーツ文化公園,上川上300,2,-99,9999
139.427184,36.097452,11202,3,99999,03105,健康スポーツセンター,津田1788-1,3,-99,9999
139.427184,36.097414,11202,3,99999,03129,健康スポーツセンター,津田1788-1,3,-99,9999
139.427187,36.097373,11202,3,99999,03120,健康スポーツセンター,津田1788-1,3,-99,9999
139.309174,36.107443,11202,3,99999,03102,江南総合公園,板井377-1,3,-99,9999
139.308437,36.108634,11202,3,99999,03104,江南総合公園,板井377-1,3,-99,9999
139.406529,36.220781,11202,3,99999,03103,利根川総合運動公園,利根川河川敷,3,-99,9999
139.366397,36.239406,11202,3,99999,03115,利根川総合運動公園,利根川河川敷,3,-99,9999
139.387621,36.23102,11202,3,99999,03134,利根川総合運動公園,利根川河川敷,3,-99,9999
139.334228,36.195053,11202,3,99999,03104,別府沼公園,西別府1456,3,-99,2000
139.33348,36.1943,11202,3,99999,03146,別府沼公園,西別府1456,3,-99,2000
139.364427,36.092867,11341,3,99999,03147,武蔵丘陵森林公園,山田1920,2,-99,1974
139.370244,36.078744,11341,3,99999,03104,武蔵丘陵森林公園,山田1920,2,-99,1974
139.368895,36.083983,11341,3,99999,03144,武蔵丘陵森林公園,山田1920,2,-99,1974
139.363506,36.080334,11341,3,99999,03145,武蔵丘陵森林公園,山田1920,2,-99,1974
139.358478,36.224171,11202,3,99999,03109,妻沼運動公園,飯塚200,3,-99,9999
139.360029,36.224655,11202,3,99999,03102,妻沼運動公園,飯塚200,3,-99,9999
139.357575,36.224149,11202,3,99999,03115,妻沼運動公園,飯塚200,3,-99,9999
139.360445,36.225556,11202,3,99999,03127,妻沼運動公園,飯塚200,3,-99,9999
139.324757,36.144308,11202,3,99999,03134,大麻生ゴルフ場,大麻生753,2,-99,9999
139.387633,36.23087,11202,3,99999,03134,妻沼ゴルフ場,善ヶ島1038-1,2,-99,9999
139.455846,36.071282,11347,3,99999,03134,吉見ゴルフ場,大字地頭方680,2,-99,9999
139.143747,36.27038,11385,3,99999,03134,上里ゴルフ場,大字黛95,2,-99,9999
139.480103,36.144019,11206,3,99999,03102,富士見公園,富士見町1-15,3,-99,9999
139.48122,36.144331,11206,3,99999,03115,富士見公園,富士見町1-15,3,-99,9999
139.441757,36.118276,11206,3,99999,03102,門井球場,門井町2-23,3,-99,9999
139.450245,36.15564,11206,3,99999,03102,総合公園,和田1165,3,-99,9999
139.448795,36.153458,11206,3,99999,03121,総合公園,和田1165,3,-99,9999
139.452277,36.156058,11206,3,99999,03115,総合公園,和田1165,3,-99,9999
139.450749,36.152696,11206,3,99999,03109,総合体育館（行田グリーンアリーナ）,和田1242,3,-99,9999
139.450755,36.152609,11206,3,99999,03129,総合体育館（行田グリーンアリーナ）,和田1242,3,-99,9999
139.450755,36.152518,11206,3,99999,03120,総合体育館（行田グリーンアリーナ）,和田1242,3,-99,9999
139.450755,36.152422,11206,3,99999,03110,総合体育館（行田グリーンアリーナ）,和田1242,3,-99,9999
139.450749,36.152336,11206,3,99999,03111,総合体育館（行田グリーンアリーナ）,和田1242,3,-99,9999
139.457046,36.136679,11206,3,99999,03105,市民プール,本丸3-5,3,-99,9999
139.457076,36.136413,11206,3,99999,03106,市民プール,本丸3-5,3,-99,9999
139.484572,36.097682,11206,3,99999,03144,花の里緑道,大字野地内,2,-99,9999
139.577267,36.202552,11206,3,99999,03144,利根サイクリングコース,大字須加4426,2,-99,9999
139.100499,36.030253,11207,3,99999,03109,秩父市文化体育センター,大野原1470,3,2,9999
139.100499,36.03021,11207,3,99999,03110,秩父市文化体育センター,大野原1470,3,2,9999
139.100496,36.030167,11207,3,99999,03111,秩父市文化体育センター,大野原1470,3,2,9999
139.100496,36.030126,11207,3,99999,03129,秩父市文化体育センター,大野原1470,3,2,9999
139.100499,36.030085,11207,3,99999,03120,秩父市文化体育センター,大野原1470,3,2,9999
139.100499,36.030042,11207,3,99999,03119,秩父市文化体育センター,大野原1470,3,2,9999
139.100499,36.029996,11207,3,99999,03146,秩父市文化体育センター,大野原1470,3,2,9999
139.10081,36.03083,11207,3,99999,03102,原谷グラウンド,大野原1443-1,3,-99,9999
139.099718,36.029499,11207,3,99999,03115,原谷テニスコート,大野原1520-2,3,-99,9999
139.1,36.029393,11207,3,99999,03122,原谷アーチェリー場,大野原1520-2,3,-99,9999
139.122324,36.025004,11207,3,99999,03102,栃谷・定峰グラウンド,栃谷725-4,3,-99,9999
139.122324,36.024908,11207,3,99999,03138,栃谷・定峰グラウンド,栃谷725-4,3,-99,9999
139.091517,36.002708,11207,3,99999,03102,宮地グラウンド,上宮地町4573-1,3,-99,9999
139.083073,36.013977,11207,3,99999,03115,尾田蒔・下郷テニスコート,阿保町3718,3,-99,9999
139.088557,36.011627,11207,3,99999,03121,第１弓道場,滝の上町9-7,3,-99,9999
139.055918,36.048545,11207,3,99999,03102,秩父みどりが丘中央公園グラウンド・テニスコート,みどりが丘57,3,-99,9999
139.056518,36.048353,11207,3,99999,03115,秩父みどりが丘中央公園グラウンド・テニスコート,みどりが丘57,3,-99,9999
139.045167,36.03838,11207,3,99999,03102,吉田取方総合運動公園,下吉田417,3,-99,9999
139.045093,36.039038,11207,3,99999,03115,吉田取方総合運動公園,下吉田417,3,-99,9999
139.043471,36.040302,11207,3,99999,03103,吉田取方総合運動公園,下吉田359-1,3,-99,9999
139.044273,36.038731,11207,3,99999,03110,吉田取方総合運動公園,下吉田401-1,3,-99,9999
139.043601,36.038646,11207,3,99999,03109,吉田取方総合運動公園,下吉田427,3,-99,9999
139.021359,36.040648,11207,3,99999,03110,吉田柔剣道場,下吉田6403-3,3,-99,9999
139.021359,36.040602,11207,3,99999,03111,吉田柔剣道場,下吉田6403-3,3,-99,9999
139.100507,36.032774,11207,3,99999,03105,温水プール,大野原2991,3,-99,9999
139.6223,36.1201,11210,3,99999,03109,南篠崎体育館,南篠崎2-1-6,3,-99,9999
139.600163,36.136438,11210,3,99999,03102,加須市民運動公園,下三俣590,3,-99,9999
139.600234,36.137239,11210,3,99999,03115,加須市民運動公園,下三俣590,3,-99,9999
139.601654,36.137484,11210,3,99999,03101,加須市民運動公園,下三俣590,3,-99,9999
139.602207,36.136615,11210,3,99999,03106,加須市民運動公園,下三俣590,3,-99,9999
139.601357,36.135891,11210,3,99999,03109,加須市民体育館,下三俣590,3,-99,9999
139.601351,36.135795,11210,3,99999,03120,加須市民体育館,下三俣590,3,-99,9999
139.668313,36.120743,11210,3,99999,03102,豊野台公園,豊野台2-160-2,3,-99,9999
139.654363,36.128664,11210,3,99999,03115,星子沼テニスコート,豊野台1-345-1,3,-99,9999
139.666779,36.137499,11210,3,99999,03102,大利根運動公園,北下新井684-1,3,-99,9999
139.665905,36.13664,11210,3,99999,03115,大利根運動公園,北下新井684-1,3,-99,9999
139.667896,36.137043,11210,3,99999,03104,大利根運動公園,北下新井684-1,3,-99,9999
139.63752,36.167452,11210,3,99999,03104,大利根西部公園,新利根1-4-1,3,-99,9999
139.66745,36.136414,11210,3,99999,03109,大利根文化体育館,北下新井684-1,3,2,9999
139.667456,36.136328,11210,3,99999,03120,大利根文化体育館,北下新井684-1,3,2,9999
139.674085,36.203512,11210,3,99999,03102,渡良瀬総合グラウンド,小野袋･柏戸地先,3,-99,9999
139.675731,36.202347,11210,3,99999,03115,渡良瀬総合グラウンド,小野袋･柏戸地先,3,-99,9999
139.67353,36.191577,11210,3,99999,03109,北川辺体育館,柏戸2037,3,2,9999
139.625289,36.119841,11210,3,99999,03102,鎮守前公園,南篠崎2-8,3,-99,9999
139.624398,36.120571,11210,3,99999,03115,鎮守前公園,南篠崎2-8,3,-99,9999
139.579992,36.109835,11210,3,99999,03104,騎西総合公園,外川355,3,-99,9999
139.574964,36.107196,11210,3,99999,03102,騎西中央公園,騎西961,3,-99,9999
139.576171,36.107311,11210,3,99999,03115,騎西中央公園,騎西961,3,-99,9999
139.567695,36.111911,11210,3,99999,03104,古宮公園,正能4,3,-99,9999
139.546655,36.110021,11210,3,99999,03102,田ヶ谷サン・スポーツランド,上崎1850-1,3,-99,9999
139.546412,36.108629,11210,3,99999,03115,田ヶ谷サン・スポーツランド,上崎1850-1,3,-99,9999
139.565603,36.084647,11210,3,99999,03104,ふるさと広場,中種足1230-1,3,-99,9999
139.631015,36.106542,11210,3,99999,03109,加須げんきプラザ,花崎456,2,-99,9999
139.630976,36.106066,11210,3,99999,03115,加須げんきプラザ,花崎456,2,-99,9999
139.630453,36.106609,11210,3,99999,03103,加須げんきプラザ,花崎456,2,-99,9999
139.63433,36.100327,11210,3,99999,03106,加須はなさき公園,水深1722,2,-99,9999
139.634247,36.101086,11210,3,99999,03107,加須はなさき公園,水深1722,2,-99,9999
139.195866,36.217608,11211,3,99999,03109,本庄総合公園体育館（シルクドーム）,北堀433,3,-99,9999
139.19586,36.217517,11211,3,99999,03120,本庄総合公園体育館（シルクドーム）,北堀433,3,-99,9999
139.195854,36.217436,11211,3,99999,03129,本庄総合公園体育館（シルクドーム）,北堀433,3,-99,9999
139.195848,36.217349,11211,3,99999,03146,本庄総合公園体育館（シルクドーム）,北堀433,3,-99,9999
139.170672,36.242408,11211,3,99999,03109,市民体育館,小島南1-8-3,3,-99,9999
139.170678,36.242326,11211,3,99999,03120,市民体育館,小島南1-8-3,3,-99,9999
139.170672,36.24224,11211,3,99999,03129,市民体育館,小島南1-8-3,3,-99,9999
139.116197,36.188236,11211,3,99999,03109,児玉総合公園体育館（エコーピア）,児玉町金屋753-1,3,-99,9999
139.116197,36.188149,11211,3,99999,03120,児玉総合公園体育館（エコーピア）,児玉町金屋753-1,3,-99,9999
139.116197,36.188068,11211,3,99999,03146,児玉総合公園体育館（エコーピア）,児玉町金屋753-1,3,-99,9999
139.180679,36.246477,11211,3,99999,03115,若泉第１テニスコート,小島6-1186-1,3,-99,9999
139.18185,36.246851,11211,3,99999,03115,若泉第２テニスコート,小島6-1186-1,3,-99,9999
139.185825,36.221559,11211,3,99999,03115,北泉テニスコート,北堀1871-3,3,-99,9999
139.134113,36.218235,11211,3,99999,03115,共栄公園テニスコート,児玉町共栄695,3,-99,9999
139.179146,36.248379,11211,3,99999,03102,若泉運動公園第１グラウンド,小島6,3,-99,9999
139.181779,36.247737,11211,3,99999,03102,若泉運動公園第２グラウンド,小島6,3,-99,9999
139.179152,36.248279,11211,3,99999,03103,若泉運動公園多目的グラウンド,小島6,3,-99,9999
139.191803,36.259752,11211,3,99999,03102,山王堂グラウンド,山王堂,3,-99,9999
139.221491,36.251795,11211,3,99999,03102,下仁手グラウンド,下仁手,3,-99,9999
139.197298,36.218533,11211,3,99999,03103,総合公園市民球場,北堀433,3,-99,9999
139.198646,36.220302,11211,3,99999,03102,総合公園多目的グラウンド,北堀433,3,-99,9999
139.11997,36.167758,11211,3,99999,03102,児玉総合運動公園グラウンド,児玉町小平1258,3,-99,9999
139.134965,36.221405,11211,3,99999,03103,児玉工業団地遊水池内グラウンド,児玉町共栄300-7,3,-99,9999
139.137627,36.218529,11211,3,99999,03102,児玉工業団地遊水池内グラウンド,児玉町共栄300-7,3,-99,9999
139.179289,36.24917,11211,3,99999,03110,武道館,小島6,3,2,9999
139.179295,36.249088,11211,3,99999,03111,武道館,小島6,3,2,9999
139.179289,36.249007,11211,3,99999,03113,武道館,小島6,3,2,9999
139.179004,36.249673,11211,3,99999,03121,弓道場,小島6,3,-99,9999
139.41336,36.053078,11212,3,99999,03101,東松山陸上競技場,松山1481（岩鼻運動公園内）,3,-99,9999
139.41336,36.052982,11212,3,99999,03103,東松山陸上競技場,松山1481（岩鼻運動公園内）,3,-99,9999
139.412872,36.052487,11212,3,99999,03146,東松山陸上競技場,松山1481（岩鼻運動公園内）,3,-99,9999
139.387362,36.041406,11212,3,99999,03109,東松山市民体育館,松葉町4-8-22,3,-99,9999
139.364244,36.02778,11212,3,99999,03109,唐子地区体育館,下唐子1169-1,3,-99,9999
139.402101,36.059761,11212,3,99999,03109,北地区体育館,東平567-1,3,-99,9999
139.40443,36.041988,11212,3,99999,03112,東松山武道場,本町1-2-21,3,-99,9999
139.387332,36.041632,11212,3,99999,03121,東松山弓道場,松葉町4-8-22,3,-99,9999
139.410809,36.048547,11212,3,99999,03102,東松山野球場,松山2681,3,-99,9999
139.410274,36.05223,11212,3,99999,03102,東松山中原球場,松山1612,3,-99,9999
139.403246,36.010541,11212,3,99999,03102,都幾川リバーサイドパーク,高坂700-1,3,-99,9999
139.365064,36.021622,11212,3,99999,03102,駒形公園ソフトボール場,下唐子800,3,-99,9999
139.336401,36.033785,11212,3,99999,03102,上唐子運動広場,上唐子1651-2,3,-99,9999
139.394445,36.080399,11212,3,99999,03102,大岡運動広場,大谷3402-1,3,-99,9999
139.410429,36.049496,11212,3,99999,03115,東松山庭球場,松山2681,3,-99,9999
139.410714,36.051452,11212,3,99999,03115,東松山庭球場中原コート,松山1580-13,3,-99,9999
139.36396,36.037708,11212,3,99999,03115,新郷公園庭球場,新郷88-13,3,-99,9999
139.398946,36.035328,11212,3,99999,03115,箭弓庭球場,箭弓町2-5-63,3,-99,9999
139.411624,36.053838,11212,3,99999,03103,東松山サッカー場,松山1740,3,-99,9999
139.400715,36.008647,11212,3,99999,03104,都幾川リバーサイドパーク,高坂700-1,3,-99,9999
139.364051,36.027011,11212,3,99999,03104,唐子中央公園多目的広場,下唐子1011-1,3,-99,9999
139.365024,36.023076,11212,3,99999,03104,駒形公園多目的広場,下唐子785,3,-99,9999
139.554285,36.174173,11216,3,99999,03109,市体育館,東9-1-1,3,-99,9999
139.554285,36.174101,11216,3,99999,03110,市体育館,東9-1-1,3,-99,9999
139.554285,36.174024,11216,3,99999,03111,市体育館,東9-1-1,3,-99,9999
139.554285,36.173947,11216,3,99999,03120,市体育館,東9-1-1,3,-99,9999
139.554285,36.173871,11216,3,99999,03129,市体育館,東9-1-1,3,-99,9999
139.555578,36.175865,11216,3,99999,03101,中央公園,東9,3,-99,9999
139.554473,36.175045,11216,3,99999,03102,中央公園,東9,3,-99,9999
139.55332,36.175793,11216,3,99999,03115,中央公園,東9,3,-99,9999
139.553159,36.174469,11216,3,99999,03104,中央公園,東9,3,-99,9999
139.604196,36.195752,11216,3,99999,03150,スカイスポーツ公園,大字常木1175,3,-99,9999
139.520719,36.068524,11217,3,99999,03101,鴻巣市立陸上競技場,鴻巣634-2,4,2,1993
139.519732,36.068714,11217,3,99999,03146,鴻巣市立陸上競技場,鴻巣634-2,4,2,1993
139.550486,36.059478,11217,3,99999,03102,上谷総合公園,上谷707,4,-99,9999
139.555703,36.05611,11217,3,99999,03103,上谷総合公園,上谷707,4,-99,9999
139.554562,36.05685,11217,3,99999,03115,上谷総合公園,上谷707,4,-99,9999
139.549214,36.06077,11217,3,99999,03104,上谷総合公園,上谷707,4,-99,9999
139.487863,36.063377,11217,3,99999,03103,糠田運動場,糠田1073-1,4,-99,9999
139.480507,36.087499,11217,3,99999,03104,赤見台近隣公園,赤見台3-4,4,-99,9999
139.453471,36.08589,11217,3,99999,03102,吹上総合運動場,明用636-1,4,-99,9999
139.441736,36.08676,11217,3,99999,03104,吹上荒川総合運動公園,大芦地内（河川敷）,4,-99,9999
139.443067,36.085127,11217,3,99999,03102,吹上荒川総合運動公園,大芦地内（河川敷）,4,-99,9999
139.439763,36.087749,11217,3,99999,03103,吹上荒川総合運動公園,大芦地内（河川敷）,4,-99,9999
139.521695,36.089878,11217,3,99999,03102,川里中央公園,屈巣・関新田地内,4,-99,9999
139.527067,36.091775,11217,3,99999,03115,川里中央公園,屈巣・関新田地内,4,-99,9999
139.526081,36.092745,11217,3,99999,03104,川里中央公園,屈巣・関新田地内,4,-99,9999
139.509356,36.116203,11217,3,99999,03115,あかぎ公園,赤城台地内,4,-99,9999
139.511367,36.117466,11217,3,99999,03104,あかぎ公園,赤城台地内,4,-99,9999
139.519214,36.067557,11217,3,99999,03109,鴻巣市立総合体育館,鴻巣864-1,4,2,1982
139.519214,36.06748,11217,3,99999,03129,鴻巣市立総合体育館,鴻巣864-1,4,2,1982
139.519214,36.067408,11217,3,99999,03110,鴻巣市立総合体育館,鴻巣864-1,4,2,1982
139.519214,36.067331,11217,3,99999,03111,鴻巣市立総合体育館,鴻巣864-1,4,2,1982
139.519214,36.067259,11217,3,99999,03113,鴻巣市立総合体育館,鴻巣864-1,4,2,1982
139.51922,36.067187,11217,3,99999,03121,鴻巣市立総合体育館,鴻巣864-1,4,2,1982
139.519214,36.06711,11217,3,99999,03120,鴻巣市立総合体育館,鴻巣864-1,4,2,1982
139.505905,36.046343,11217,3,99999,03109,鴻巣市立第２体育館,滝馬室587-7,4,2,1980
139.505905,36.046261,11217,3,99999,03120,鴻巣市立第２体育館,滝馬室587-7,4,2,1980
139.452104,36.086754,11217,3,99999,03109,コスモスアリーナふきあげ,明用636-1,4,-99,9999
139.452098,36.086677,11217,3,99999,03121,コスモスアリーナふきあげ,明用636-1,4,-99,9999
139.452098,36.086596,11217,3,99999,03120,コスモスアリーナふきあげ,明用636-1,4,-99,9999
139.452098,36.086519,11217,3,99999,03129,コスモスアリーナふきあげ,明用636-1,4,-99,9999
139.452092,36.086442,11217,3,99999,03146,コスモスアリーナふきあげ,明用636-1,4,-99,9999
139.452092,36.086365,11217,3,99999,03112,コスモスアリーナふきあげ,明用636-1,4,-99,9999
139.514216,36.063886,11217,3,99999,03115,東町公園テニスコート,東1,4,-99,9999
139.525472,36.067026,11217,3,99999,03115,ひばり野中央公園テニスコート,ひばり野1,4,-99,9999
139.520967,36.057681,11217,3,99999,03115,天神テニスコート,天神2,4,-99,9999
139.544526,36.049922,11217,3,99999,03115,常光テニスコート,下谷（常光公民館脇）,4,-99,9999
139.450321,36.097688,11217,3,99999,03115,吹上富士見テニスコート,吹上富士見4-916,4,-99,9999
139.460067,36.099077,11217,3,99999,03138,吹上富士見ゲートボール場,吹上富士見2-509,4,-99,9999
139.271518,36.176752,11218,3,99999,03109,深谷市総合体育館（深谷ビッグタートル）,上野台2568,4,-99,9999
139.271518,36.17667,11218,3,99999,03112,深谷市総合体育館（深谷ビッグタートル）,上野台2568,4,-99,9999
139.271518,36.176589,11218,3,99999,03121,深谷市総合体育館（深谷ビッグタートル）,上野台2568,4,-99,9999
139.271518,36.176507,11218,3,99999,03120,深谷市総合体育館（深谷ビッグタートル）,上野台2568,4,-99,9999
139.271518,36.176426,11218,3,99999,03129,深谷市総合体育館（深谷ビッグタートル）,上野台2568,4,-99,9999
139.286372,36.200485,11218,3,99999,03109,深谷市民体育館,本住町17-2,3,-99,9999
139.271341,36.175017,11218,3,99999,03101,仙元山公園,上野台2567,3,-99,9999
139.299984,36.187523,11218,3,99999,03104,東公園,幡羅町1-14-1,3,-99,9999
139.296115,36.182746,11218,3,99999,03104,上柴中央公園,上柴町西4-1-1,3,-99,9999
139.313516,36.188892,11218,3,99999,03102,東方公園,東方町2-23,3,-99,9999
139.313513,36.188801,11218,3,99999,03103,東方公園,東方町2-23,3,-99,9999
139.275855,36.221824,11218,3,99999,03102,北部運動公園,起会162,3,-99,9999
139.276431,36.222582,11218,3,99999,03104,北部運動公園,起会162,3,-99,9999
139.274012,36.245272,11218,3,99999,03104,豊里グラウンド,中瀬裏地内,3,-99,9999
139.283091,36.243029,11218,3,99999,03102,中瀬ソフトボール場,中瀬裏地内,3,-99,9999
139.307735,36.234557,11218,3,99999,03104,高島グラウンド,高島裏地内,3,-99,9999
139.318453,36.210483,11218,3,99999,03104,明戸農村公園,上増田1055-2,3,-99,9999
139.319442,36.210545,11218,3,99999,03138,明戸農村公園,上増田1055-2,3,-99,9999
139.2737,36.160245,11218,3,99999,03104,折之口ふれあい公園,折之口149-1,3,-99,9999
139.273979,36.159343,11218,3,99999,03115,折之口ふれあい公園,折之口149-1,3,-99,9999
139.30851,36.179722,11218,3,99999,03104,柴崎公園,上柴町東2-24-1,3,-99,9999
139.299606,36.195662,11218,3,99999,03115,常盤公園,常盤町58-2,3,-99,9999
139.250432,36.178352,11218,3,99999,03107,深谷グリーンパーク・パティオ,樫合763,4,-99,9999
139.306213,36.223336,11218,3,99999,03138,すぱーく深谷,沼尻484-1,4,-99,9999
139.279995,36.239778,11218,3,99999,03104,中瀬グラウンド,中瀬726-1,3,-99,9999
139.22506,36.191868,11218,3,99999,03104,岡部中央グラウンド,山河1-1,3,-99,9999
139.255173,36.209379,11218,3,99999,03102,岡部東グラウンド,普済寺63-1,3,-99,9999
139.230111,36.201226,11218,3,99999,03115,岡部中央公園,山河1317-1,3,-99,9999
139.23082,36.200454,11218,3,99999,03109,岡部Ｂ＆Ｇ海洋センター,山河1300,3,-99,9999
139.21043,36.204565,11218,3,99999,03104,すぱーく岡部,後榛沢972-1,4,-99,9999
139.210834,36.204483,11218,3,99999,03138,すぱーく岡部,後榛沢972-1,4,-99,9999
139.278284,36.129796,11218,3,99999,03109,川本農業者トレーニングセンター,畠山1577,3,-99,9999
139.28978,36.137333,11218,3,99999,03102,川本天神グラウンド,菅沼1055,3,-99,9999
139.289121,36.137871,11218,3,99999,03115,川本天神グラウンド,菅沼1055,3,-99,9999
139.301357,36.124133,11218,3,99999,03102,白草台運動公園,白草台1565-3,3,-99,9999
139.301625,36.123351,11218,3,99999,03115,白草台運動公園,白草台1565-3,3,-99,9999
139.302736,36.123562,11218,3,99999,03103,白草台運動公園,白草台1565-3,3,-99,9999
139.283081,36.132787,11218,3,99999,03102,植松グラウンド,本田50,3,-99,9999
139.225979,36.136316,11218,3,99999,03102,花園総合運動公園,小前田2299-1,3,-99,9999
139.22652,36.135544,11218,3,99999,03115,花園総合運動公園,小前田2299-1,3,-99,9999
139.226941,36.136556,11218,3,99999,03104,花園総合運動公園,小前田2299-1,3,-99,9999
139.227773,36.13658,11218,3,99999,03109,花園農業者トレーニングセンター,小前田2299,3,-99,9999
139.223718,36.118866,11218,3,99999,03102,花園水辺公園,小前田396-11,3,-99,9999
139.592428,36.026298,11231,3,99999,03104,新小針領家グラウンド,大字小針領家939,3,-99,9999
139.578483,36.024403,11231,3,99999,03115,舎人テニスコート,赤堀,3,-99,9999
139.65916,36.056171,11232,3,99999,03109,総合第１体育館,江面1616,3,3,9999
139.659154,36.056089,11232,3,99999,03129,総合第１体育館,江面1616,3,3,9999
139.65916,36.056012,11232,3,99999,03110,総合第１体育館,江面1616,3,3,9999
139.65916,36.055931,11232,3,99999,03111,総合第１体育館,江面1616,3,3,9999
139.658631,36.05668,11232,3,99999,03109,総合第２体育館,江面1665-1,3,-99,9999
139.652793,36.089122,11232,3,99999,03109,鷲宮体育センター,中妻776,3,-99,9999
139.696537,36.071785,11232,3,99999,03115,青葉公園テニスコート,青葉3-1,3,-99,9999
139.696237,36.071115,11232,3,99999,03102,青葉公園野球場,青葉3-1,3,-99,9999
139.631526,36.07008,11232,3,99999,03102,清久公園野球場,清久町9,3,-99,9999
139.610013,36.067012,11232,3,99999,03104,寺田緑地グラウンド,菖蒲町菖蒲5013-42,3,-99,9999
139.575445,36.049691,11232,3,99999,03115,森下緑地グラウンド,菖蒲町下栢間5495-1,3,-99,9999
139.574607,36.049316,11232,3,99999,03104,森下緑地グラウンド,菖蒲町下栢間5495-1,3,-99,9999
139.600427,36.057908,11232,3,99999,03104,八束緑地グラウンド,菖蒲町新堀7,3,-99,9999
139.59967,36.066351,11232,3,99999,03104,あやめ公園,菖蒲町新堀1695,3,-99,9999
139.601397,36.056213,11232,3,99999,03115,上大崎運動公園,菖蒲町上大崎872,3,-99,9999
139.603947,36.05543,11232,3,99999,03102,上大崎運動公園,菖蒲町上大崎872,3,-99,9999
139.603156,36.056035,11232,3,99999,03104,上大崎運動公園,菖蒲町上大崎872,3,-99,9999
139.707847,36.108107,11232,3,99999,03104,南栗橋スポーツ広場,南栗橋12-6-1,3,-99,9999
139.669382,36.101909,11232,3,99999,03104,鷲宮運動広場,鷲宮6-3120,3,-99,9999
139.659815,36.055103,11232,3,99999,03107,市民プール,江面,3,-99,9999
139.608621,36.059998,11232,3,99999,03105,菖蒲温水プール（アクレ）,菖蒲町三箇164-1,3,-99,9999
139.692355,36.129519,11232,3,99999,03109,栗橋Ｂ＆Ｇ海洋センター,伊坂1551-1,3,-99,9999
139.692355,36.129468,11232,3,99999,03112,栗橋Ｂ＆Ｇ海洋センター,伊坂1551-1,3,-99,9999
139.692741,36.129303,11232,3,99999,03105,栗橋Ｂ＆Ｇ海洋センター,伊坂1551-1,3,-99,9999
139.670825,36.100358,11232,3,99999,03105,鷲宮温水プール,鷲宮6-4-1,3,-99,9999
139.612515,36.067661,11232,3,99999,03115,寺田公園テニスコート,菖蒲町菖蒲5013-91,3,-99,9999
139.704983,36.109489,11232,3,99999,03115,南栗橋近隣公園,南栗橋10-18-2,3,-99,9999
139.686864,36.087891,11232,3,99999,03115,沼井公園テニスコート,桜田3-13-2,3,-99,9999
139.681948,36.098142,11232,3,99999,03115,桜田運動公園テニスコート,桜田2-7-1,3,-99,9999
139.642801,36.058853,11232,3,99999,03144,久喜菖蒲公園,河原井町70,4,-99,9999
139.64251,36.058954,11232,3,99999,03146,久喜菖蒲公園,河原井町70,4,-99,9999
139.550752,36.043015,11233,3,99999,03102,北本総合公園,古市場1-167,3,-99,9999
139.552226,36.044129,11233,3,99999,03104,北本総合公園,古市場1-167,3,-99,9999
139.550859,36.044629,11233,3,99999,03115,北本総合公園,古市場1-167,3,-99,9999
139.532979,36.044437,11233,3,99999,03102,深井スポーツ広場,深井4,3,-99,9999
139.532474,36.044667,11233,3,99999,03138,深井スポーツ広場,深井4,3,-99,9999
139.503247,36.028809,11233,3,99999,03103,高尾スポーツ広場,高尾地内,3,-99,9999
139.504787,36.008777,11233,3,99999,03102,天神下公園,石戸宿地内,3,-99,9999
139.544332,36.039201,11233,3,99999,03102,宮内スポーツ広場,宮内6地内,3,-99,9999
139.553272,36.026012,11233,3,99999,03102,中丸スポーツ広場,中丸9,3,-99,9999
139.553269,36.026144,11233,3,99999,03103,中丸スポーツ広場,中丸9,3,-99,9999
139.516267,36.017336,11233,3,99999,03115,荒井公園テニスコート,荒井3地内,3,-99,9999
139.6409,36.028927,11238,3,99999,03104,農業者運動広場,根金425-1,3,-99,9999
139.736991,36.067486,11240,3,99999,03109,幸手市民文化体育館〔アスカル幸手〕,大字平須賀2380-1,4,3,9999
139.737002,36.067395,11240,3,99999,03129,幸手市民文化体育館〔アスカル幸手〕,大字平須賀2380-1,4,3,9999
139.743658,36.059894,11240,3,99999,03102,神扇グラウンド,大字神扇字天神前地内,4,-99,9999
139.752077,36.082997,11240,3,99999,03101,幸手総合公園,大字木立字流作地内,4,-99,9999
139.750907,36.084101,11240,3,99999,03115,幸手総合公園,大字木立字流作地内,4,-99,9999
139.754107,36.082107,11240,3,99999,03102,ひばりケ丘球場,大字木立1929,4,-99,9999
139.743993,36.085421,11240,3,99999,03115,上吉羽中央公園,大字上吉羽2100-38,4,-99,9999
139.695046,36.088488,11240,3,99999,03102,千塚西公園,香日向3-13,4,-99,9999
139.695702,36.088452,11240,3,99999,03115,千塚西公園,香日向3-13,4,-99,9999
139.749991,36.084464,11240,3,99999,03109,Ｂ＆Ｇ海洋センター,大字木立1779-3,4,-99,9999
139.729744,36.071869,11240,3,99999,03110,武道館,幸手1957-1,4,-99,9999
139.72975,36.071788,11240,3,99999,03111,武道館,幸手1957-1,4,-99,9999
139.729691,36.072095,11240,3,99999,03121,武道館,幸手1957-1,4,-99,9999
139.724825,36.111459,11240,3,99999,03104,権現堂公園,内国府間,2,-99,9999
139.724855,36.107768,11240,3,99999,03146,権現堂公園,内国府間,2,-99,9999
139.608669,36.014191,11301,3,99999,03102,町制施行記念公園,大字小針内宿732-1,3,-99,9999
139.608841,36.015013,11301,3,99999,03115,町制施行記念公園,大字小針内宿732-1,3,-99,9999
139.609673,36.015013,11301,3,99999,03104,町制施行記念公園,大字小針内宿732-1,3,-99,9999
139.610029,36.012689,11301,3,99999,03142,町制施行記念公園,大字小針内宿732-1,3,-99,9999
139.60704,36.019646,11301,3,99999,03109,埼玉県県民活動総合センター,内宿台6-26,4,-99,9999
139.60524,36.020127,11301,3,99999,03104,埼玉県県民活動総合センター,内宿台6-26,4,-99,9999
139.364529,36.042732,11341,3,99999,03115,滑川町文化スポーツセンター,都189-1,3,-99,1983
139.36097,36.067069,11341,3,99999,03104,滑川町総合運動公園,福田715-1,3,-99,9999
139.362121,36.066338,11341,3,99999,03109,滑川町総合体育館,福田755,3,-99,9999
139.362124,36.066425,11341,3,99999,03111,滑川町総合体育館,福田755,3,-99,9999
139.362121,36.066384,11341,3,99999,03110,滑川町総合体育館,福田755,3,-99,9999
139.36213,36.0663,11341,3,99999,03146,滑川町総合体育館,福田755,3,-99,9999
139.356726,36.045573,11341,3,99999,03102,町営月輪野球場,月輪1536,3,-99,9999
139.361132,36.09796,11341,3,99999,03102,土塩球場,土塩458,3,-99,9999
139.360864,36.040567,11341,3,99999,03102,都第一公園,都25-49,3,-99,9999
139.368669,36.06181,11341,3,99999,03144,森林公園緑道,大字羽尾山田地内,2,-99,1976
139.318899,36.026672,11342,3,99999,03104,嵐山町総合運動公園（第１グラウンド）,大字鎌形,3,-99,9999
139.320111,36.026865,11342,3,99999,03104,嵐山町総合運動公園（第２グラウンド）,大字鎌形,3,-99,9999
139.321489,36.026898,11342,3,99999,03104,嵐山町総合運動公園（農村広場）,大字鎌形,3,-99,9999
139.316867,36.015007,11342,3,99999,03102,嵐山町営鎌形野球場,大字鎌形3072-1,3,-99,9999
139.322164,36.077393,11342,3,99999,03102,花見台第１公園グランド,花見台,3,-99,9999
139.322257,36.077804,11342,3,99999,03146,花見台第１公園グランド,花見台,3,-99,9999
139.32374,36.04057,11342,3,99999,03115,嵐山町営菅谷庭球場,大字菅谷616-1,3,-99,9999
139.328065,36.050595,11342,3,99999,03115,鶴巻公園テニスコート,むさし台,3,-99,9999
139.324857,36.039486,11342,3,99999,03112,嵐山町立武道場,大字菅谷地内,3,-99,9999
139.321327,36.027929,11342,3,99999,03109,嵐山町Ｂ＆Ｇ海洋センター,鎌形855,4,-99,1987
139.321327,36.027847,11342,3,99999,03129,嵐山町Ｂ＆Ｇ海洋センター,鎌形855,4,-99,1987
139.320798,36.02765,11342,3,99999,03105,嵐山町Ｂ＆Ｇ海洋センター,鎌形855,4,-99,1987
139.249498,36.057232,11343,3,99999,03104,町営八幡台グラウンド,大塚440,3,-99,9999
139.270717,36.064198,11343,3,99999,03112,武道館,高谷2510,3,-99,9999
139.273648,36.079219,11343,3,99999,03104,総合運動場多目的グラウンド,高谷141-1,3,-99,9999
139.274029,36.080492,11343,3,99999,03138,総合運動場ゲートボール場,高谷141-1,3,-99,9999
139.274849,36.078744,11343,3,99999,03115,総合運動場テニスコート,高谷141-1,3,-99,9999
139.22689,36.084888,11343,3,99999,03142,小川げんきプラザ,木呂子561,2,-99,9999
139.453674,36.050973,11347,3,99999,03109,吉見町民体育館,大字中新井493-1,3,3,9999
139.453674,36.050887,11347,3,99999,03129,吉見町民体育館,大字中新井493-1,3,3,9999
139.453612,36.051379,11347,3,99999,03109,吉見町Ｂ＆Ｇ海洋センター,大字中新井497,3,-99,9999
139.453398,36.051758,11347,3,99999,03106,吉見町Ｂ＆Ｇ海洋センター,大字中新井497,3,-99,9999
139.45437,36.054237,11347,3,99999,03101,吉見町ふれあい広場,大字小新井142,3,-99,9999
139.454102,36.053117,11347,3,99999,03104,吉見町ふれあい広場,大字小新井142,3,-99,9999
139.452599,36.052997,11347,3,99999,03115,吉見町ふれあい広場,大字小新井142,3,-99,9999
139.452438,36.05476,11347,3,99999,03146,吉見町ふれあい広場,大字小新井142,3,-99,9999
139.466785,36.065517,11347,3,99999,03134,吉見総合運動公園,今泉141,2,-99,9999
139.469079,36.055359,11347,3,99999,03115,吉見総合運動公園,今泉141,2,-99,9999
139.469685,36.057684,11347,3,99999,03102,吉見総合運動公園,今泉141,2,-99,9999
139.274589,36.00334,11349,3,99999,03109,体育センター（せせらぎホール）,大字関堀148-1,3,2,9999
139.274595,36.003259,11349,3,99999,03129,体育センター（せせらぎホール）,大字関堀148-1,3,2,9999
139.274595,36.003177,11349,3,99999,03146,体育センター（せせらぎホール）,大字関堀148-1,3,2,9999
139.231954,36.001182,11349,3,99999,03102,西平運動場,大字西平945-1,3,-99,9999
139.231954,36.001074,11349,3,99999,03103,西平運動場,大字西平945-1,3,-99,9999
139.231246,36.00073,11349,3,99999,03115,西平運動場,大字西平945-1,3,-99,9999
139.310981,36.011666,11349,3,99999,03102,玉川運動場,大字玉川882,3,-99,9999
139.310981,36.01156,11349,3,99999,03101,玉川運動場,大字玉川882,3,-99,9999
139.311255,36.010839,11349,3,99999,03115,玉川運動場,大字玉川882,3,-99,9999
139.295891,36.008533,11349,3,99999,03109,玉川トレーニングセンター,大字玉川2508,3,2,9999
139.295891,36.008447,11349,3,99999,03120,玉川トレーニングセンター,大字玉川2508,3,2,9999
139.269512,36.007881,11349,3,99999,03102,本郷球場,大字本郷903-1,3,-99,9999
139.116144,36.081509,11362,3,99999,03102,皆野スポーツ公園,大字下田野1119-1,3,-99,9999
139.118076,36.082777,11362,3,99999,03115,皆野スポーツ公園,大字下田野1119-1,3,-99,9999
139.117214,36.082402,11362,3,99999,03104,皆野スポーツ公園,大字下田野1119-1,3,-99,9999
139.09752,36.067761,11362,3,99999,03104,皆野町運動公園,大字皆野836-2,3,-99,9999
139.097644,36.068222,11362,3,99999,03138,皆野町運動公園,大字皆野836-2,3,-99,9999
139.097573,36.074113,11362,3,99999,03110,皆野町柔剣道場,大字皆野2125,3,-99,9999
139.097573,36.074031,11362,3,99999,03111,皆野町柔剣道場,大字皆野2125,3,-99,9999
139.102336,36.069378,11362,3,99999,03121,皆野町弓道場,大字皆野3592-1,3,-99,9999
139.099178,36.073946,11362,3,99999,03109,皆野小学校,大字皆野1346,3,-99,9999
139.087836,36.075579,11362,3,99999,03109,国神小学校,大字大渕70-1,3,-99,9999
139.079222,36.109789,11362,3,99999,03109,金沢運動場・体育館,大字金沢2642,3,-99,9999
139.130213,36.056154,11362,3,99999,03109,三沢小学校,大字三沢1606,3,-99,9999
139.100392,36.07886,11362,3,99999,03109,皆野中学校,大字皆野2244-2,3,-99,9999
139.098719,36.079461,11362,3,99999,03105,ふれあいプール・ホット,大字皆野2232-1,3,-99,9999
139.121957,36.124029,11363,3,99999,03104,総合グラウンド,大字1720-2,3,-99,9999
139.1221,36.124927,11363,3,99999,03115,総合グラウンド,大字1720-2,3,-99,9999
139.120635,36.134756,11363,3,99999,03102,塚越グラウンド,大字野上下郷734,3,-99,9999
139.117846,36.109495,11363,3,99999,03109,長瀞げんきプラザ,大字井戸367-1,3,-99,9999
139.117406,36.108847,11363,3,99999,03142,長瀞げんきプラザ,大字井戸367-1,3,-99,9999
139.010968,36.018657,11365,3,99999,03112,柔剣道場,小鹿野2673-1,3,-99,9999
139.011257,36.018746,11365,3,99999,03121,弓道場,小鹿野2668,3,-99,9999
139.005146,36.016857,11365,3,99999,03109,町民体育館,小鹿野178,3,-99,9999
139.031569,36.015103,11365,3,99999,03102,下小鹿野運動場,下小鹿野1170-2,3,-99,9999
139.031569,36.014992,11365,3,99999,03103,下小鹿野運動場,下小鹿野1170-2,3,-99,9999
139.007129,36.017222,11365,3,99999,03102,小鹿野中グラウンド,小鹿野146,3,-99,9999
139.007129,36.01713,11365,3,99999,03103,小鹿野中グラウンド,小鹿野146,3,-99,9999
139.175087,36.015261,11369,3,99999,03142,白石キャンプ村,大字白石,3,-99,9999
139.219677,36.052005,11369,3,99999,03104,安戸グランド,大字安戸386,3,-99,9999
139.178351,36.058115,11369,3,99999,03104,坂本グランド,大字坂本1550,3,-99,9999
139.202475,36.053328,11369,3,99999,03115,御堂テニスコート,大字御堂486,3,-99,9999
139.200274,36.055424,11369,3,99999,03102,ふれあい広場,大字御堂549,3,-99,9999
139.175743,36.169298,11381,3,99999,03109,美里町民体育館,大字木部537-3,4,-99,9999
139.175743,36.169221,11381,3,99999,03129,美里町民体育館,大字木部537-3,4,-99,9999
139.175815,36.168919,11381,3,99999,03110,美里町民武道館,大字甘粕343,4,-99,9999
139.175815,36.168847,11381,3,99999,03111,美里町民武道館,大字甘粕343,4,-99,9999
139.081351,36.210922,11383,3,99999,03102,神川町営グラウンド,大字小浜1504-3,3,-99,9999
139.080662,36.209876,11383,3,99999,03103,神川町営グラウンド,大字小浜1504-3,3,-99,9999
139.089486,36.221371,11383,3,99999,03109,神川町Ｂ＆Ｇ海洋センター,肥土1205-1,4,-99,9999
139.088755,36.220849,11383,3,99999,03115,神川町Ｂ＆Ｇ海洋センター,肥土1205-1,4,-99,9999
139.089135,36.220672,11383,3,99999,03105,神川町Ｂ＆Ｇ海洋センター,肥土1205-1,4,-99,9999
139.130102,36.219194,11383,3,99999,03115,美原公園テニスコート,元原211,3,-99,9999
139.058678,36.151595,11383,3,99999,03104,神川町営神泉運動公園,大字下阿久原586-1,3,-99,9999
139.08026,36.188887,11383,3,99999,03109,神川げんきプラザ,池田756,2,-99,9999
139.081954,36.191323,11383,3,99999,03102,神川げんきプラザ,池田756,2,-99,9999
139.081389,36.190009,11383,3,99999,03142,神川げんきプラザ,池田756,2,-99,9999
139.142143,36.236621,11385,3,99999,03109,上里町民体育館・多目的スポーツホール,大字七本木3202-2,3,-99,9999
139.142701,36.236463,11385,3,99999,03112,上里町民体育館・多目的スポーツホール,大字七本木3202-2,3,-99,9999
139.103039,36.242666,11385,3,99999,03103,上里町宮多目的広場サッカー場,大字長浜地内神流川右岸,3,-99,9999
139.102397,36.241775,11385,3,99999,03104,上里町宮多目的広場サッカー場,大字長浜地内神流川右岸,3,-99,9999
139.131601,36.224907,11385,3,99999,03115,上里町長久保公園テニスコート,大字大御堂1450-2,3,-99,9999
139.134201,36.248827,11385,3,99999,03101,堤調節池運動公園,大字堤地区,3,-99,9999
139.149442,36.27175,11385,3,99999,03102,忍保パブリック公園,大字忍保地内烏川右岸,3,-99,9999
139.140718,36.25186,11385,3,99999,03109,ワープ上里（上里勤労者総合文化センター）,大字七本木71-1,3,-99,9999
139.192556,36.119614,11408,3,99999,03109,寄居町立総合体育館・アタゴ記念館,大字寄居1173,3,-99,9999
139.192551,36.119537,11408,3,99999,03110,寄居町立総合体育館・アタゴ記念館,大字寄居1173,3,-99,9999
139.192545,36.119465,11408,3,99999,03111,寄居町立総合体育館・アタゴ記念館,大字寄居1173,3,-99,9999
139.192467,36.119112,11408,3,99999,03121,寄居町立総合体育館・アタゴ記念館,大字寄居1173,3,-99,9999
139.184926,36.107367,11408,3,99999,03102,寄居運動公園,大字折原1856,3,-99,9999
139.186376,36.107372,11408,3,99999,03104,寄居運動公園,大字折原1856,3,-99,9999
139.185164,36.106359,11408,3,99999,03115,寄居運動公園,大字折原1856,3,-99,9999
139.184017,36.105802,11408,3,99999,03109,カタクリ体育センター,大字折原1856(寄居運動公園内),3,-99,9999
139.715165,36.005478,11442,3,99999,03104,はらっパーク宮代,字金原295,3,-99,9999
139.696018,36.054165,11442,3,99999,03109,宮代町総合運動公園,大字和戸1834,3,-99,9999
139.696018,36.054088,11442,3,99999,03105,宮代町総合運動公園,大字和戸1834,3,-99,9999
139.696018,36.054006,11442,3,99999,03110,宮代町総合運動公園,大字和戸1834,3,-99,9999
139.696012,36.053924,11442,3,99999,03111,宮代町総合運動公園,大字和戸1834,3,-99,9999
139.696006,36.053848,11442,3,99999,03121,宮代町総合運動公園,大字和戸1834,3,-99,9999
139.696006,36.053766,11442,3,99999,03129,宮代町総合運動公園,大字和戸1834,3,-99,9999
139.697046,36.055342,11442,3,99999,03102,宮代町総合運動公園,大字和戸1834,3,-99,9999
139.698246,36.05429,11442,3,99999,03104,宮代町総合運動公園,大字和戸1834,3,-99,9999
139.695643,36.055822,11442,3,99999,03115,宮代町総合運動公園,大字和戸1834,3,-99,9999
139.679472,36.016184,11246,3,99999,03105,白岡市Ｂ＆Ｇ海洋センター,千駄野371-3,3,-99,9999
139.673055,36.031111,11246,3,99999,03115,市民テニスコート,新白岡3-200-2,3,-99,9999
139.673554,36.031419,11246,3,99999,03109,勤労者体育センター,新白岡3-200-2,3,-99,9999
139.673548,36.031342,11246,3,99999,03120,勤労者体育センター,新白岡3-200-2,3,-99,9999
139.681035,36.014267,11246,3,99999,03101,白岡市総合運動公園,千駄野345,3,-99,9999
139.679354,36.0142,11246,3,99999,03102,白岡市総合運動公園,千駄野345,3,-99,9999
139.680245,36.015791,11246,3,99999,03115,白岡市総合運動公園,千駄野345,3,-99,9999
139.682592,36.014137,11246,3,99999,03104,白岡市総合運動公園,千駄野345,3,-99,9999
139.651677,36.019931,11246,3,99999,03102,白岡公園（野球場）,西5-12,3,-99,9999
139.676189,36.018481,11246,3,99999,03104,千駄野運動広場,千駄野432,3,-99,9999
139.707657,36.050505,11464,3,99999,03102,杉戸西近隣公園,高野台西4-1-3,3,-99,1986
139.708501,36.05071,11464,3,99999,03115,杉戸西近隣公園,高野台西4-1-3,3,-99,1986
139.708224,36.051245,11464,3,99999,03138,杉戸西近隣公園,高野台西4-1-3,3,-99,1986
139.746814,36.036165,11464,3,99999,03102,倉松公園,大字倉松745,3,-99,1990
139.747551,36.036646,11464,3,99999,03115,倉松公園,大字倉松745,3,-99,1990
139.745328,36.036607,11464,3,99999,03104,倉松公園,大字倉松745,3,-99,1990
139.787387,36.052935,11464,3,99999,03105,エコ・スポいずみ,大字木津内524,3,-99,9999
139.791835,36.039505,11464,3,99999,03109,リバティーホール杉戸（深輪地区センター）,深輪317-5,3,-99,9999
139.791835,36.039428,11464,3,99999,03129,リバティーホール杉戸（深輪地区センター）,深輪317-5,3,-99,9999
139.726287,36.045183,11464,3,99999,03104,国体記念運動広場,杉戸3201-1,3,-99,9999
139.739051,36.043145,11464,3,99999,03103,大島新田グラウンド,本島2467-6,3,-99,9999
139.753383,36.015683,11464,3,99999,03115,南テニスコート,堤根4089-1,3,-99,9999
139.759023,36.044188,11464,3,99999,03102,北小学校跡地グラウンド,佐左エ門1372-1,3,-99,9999
139.760246,36.01622,11464,3,99999,03102,南グラウンド,大字堤根2764,3,-99,9999
139.760246,36.016165,11464,3,99999,03103,南グラウンド,大字堤根2764,3,-99,9999
139.784688,36.050197,11464,3,99999,03102,目沼グラウンド,目沼337,3,-99,9999
139.784688,36.050101,11464,3,99999,03103,目沼グラウンド,目沼337,3,-99,9999
139.712372,36.045128,11464,3,99999,03102,西仮グラウンド,高野台南5-10-2,3,-99,9999
139.712372,36.045031,11464,3,99999,03103,西仮グラウンド,高野台南5-10-2,3,-99,9999
139.746827,36.034283,11464,3,99999,03102,杉戸第二小学校校庭夜間照明施設,倉松600-1,3,-99,9999
139.746827,36.034187,11464,3,99999,03103,杉戸第二小学校校庭夜間照明施設,倉松600-1,3,-99,9999
139.792759,36.034345,11464,3,99999,03104,深輪産業団地多目的グランド,大字深輪737-1,3,-99,9999
139.11498,36.265189,11385,3,99999,03103,高崎市新町鉄南運動場,大字勅使河原2456,3,-99,9999
139.11391,36.266204,11385,3,99999,03102,高崎市新町鉄南運動場,大字勅使河原2456,3,-99,9999
139.114623,36.267498,11385,3,99999,03115,高崎市新町鉄南運動場,大字勅使河原2456,3,-99,9999
139.115218,36.266741,11385,3,99999,03138,高崎市新町鉄南運動場,大字勅使河原2456,3,-99,9999
139.112238,36.355749,10201,3,03001,03001,群馬郷土美術館,広瀬町3-5-14,4,-99,9999
139.078669,36.298665,10202,3,03001,03001,群馬県立近代美術館,綿貫町992-1,2,-99,1974
139.015063,36.322377,10202,3,03001,03001,高崎市タワー美術館,栄町3-23（高崎タワー21内）,3,-99,2001
139.010676,36.320726,10202,3,03001,03001,高崎市美術館,八島町110-27,3,6,1991
139.333862,36.416889,10203,3,03001,03001,大川美術館,小曽根町3-69（水道山中腹）,4,3,1989
139.505434,36.262825,10207,3,03001,03001,群馬県立館林美術館,日向町2003,2,-99,2001
139.004759,36.495785,10208,3,03001,03001,渋川市美術館・桑原巨守彫刻美術館,渋川1901-24,3,-99,2000
139.372592,36.552553,10212,3,03001,03001,富弘美術館,東町草木86,3,1,2005
139.143222,36.359562,10201,3,03002,03002,旧アメリカン・ボード宣教師館,小屋原町115-3,4,2,2001
139.083874,36.376957,10201,3,03002,03002,群馬県生涯学習センター少年科学館,文京町2-20-22,2,4,1987
139.072229,36.393897,10201,3,03002,03002,水と緑と詩のまち前橋文学館,千代田町3-12-10,3,4,1993
139.059456,36.402614,10201,3,03002,03002,前橋市教育資料館,岩神町3-1-1,3,-99,9999
139.049522,36.418433,10201,3,03002,03002,前橋市蚕糸記念館,敷島町262（敷島公園ばら園内）,3,1,1912
139.054426,36.416702,10201,3,03002,03002,前橋市水道資料館,敷島町216（敷島浄水場内）,3,2,1989
139.222182,36.421978,10201,3,03002,03002,前橋市粕川歴史民俗資料館,粕川町膳48-1,3,-99,1999
139.049522,36.418433,10201,3,03002,03002,萩原朔太郎記念館,敷島町262,3,-99,1975
139.079476,36.29859,10202,3,03002,03002,群馬県立歴史博物館,綿貫町992-1,2,2,1979
139.006591,36.333053,10202,3,03002,03002,高崎市少年科学館,末広町23-1,3,3,1984
139.069689,36.321129,10202,3,03002,03002,高崎市歴史民俗資料館,上滝町1058,3,-99,1978
139.337685,36.410502,10203,3,03002,03002,桐生市立郷土資料展示ホール,本町5-365-3,3,-99,1985
139.344711,36.4103,10203,3,03002,03002,織物参考館“紫”,東4-2-24,4,-99,1981
139.252254,36.447912,10203,3,03002,03002,相澤忠洋記念館,新里町奥沢537,4,-99,1991
139.231815,36.381064,10204,3,03002,03002,伊勢崎市赤堀歴史民俗資料館,西久保町2-98,3,2,1985
139.191295,36.318562,10204,3,03002,03002,相川考古館,三光町6-10,4,2,1950
139.286094,36.253439,10205,3,03002,03002,縁切寺満徳寺資料館,徳川町385-1,3,-99,1992
139.347045,36.276419,10205,3,03002,03002,高山彦九郎記念館,細谷町1324-7,3,2,1996
139.321742,36.363422,10205,3,03002,03002,太田市立藪塚本町歴史民俗資料館,藪塚町149,3,2,1978
139.274876,36.261054,10205,3,03002,03002,太田市立新田荘歴史資料館,世良田町3113-9,3,1,1985
139.540654,36.244662,10207,3,03002,03002,館林市立資料館,城町3-1,3,2,9999
139.544822,36.244139,10207,3,03002,03002,向井千秋記念子ども科学館,城町2-2,3,5,1991
139.545644,36.24399,10207,3,03002,03002,田山花袋記念文学館,城町1-3,3,1,1987
139.525805,36.245599,10207,3,03002,03002,製粉記念館,栄町6-1,4,2,1970
139.033272,36.480064,10208,3,03002,03002,渋川市北橘歴史資料館,北橘町真壁246-1,3,1,1992
139.043644,36.521162,10208,3,03002,03002,渋川市赤城歴史資料館,赤城町勝保沢110,3,1,1983
139.291167,36.431971,10212,3,03002,03002,ぐんま・竹と凧の博物館,大間々町高津戸418-2,4,-99,2002
139.274685,36.435292,10212,3,03002,03002,みどり市大間々博物館（コノドント館）,大間々町大間々1030,3,2,1921
139.285535,36.398911,10212,3,03002,03002,岩宿博物館,笠懸町阿左美1790-1,3,2,1992
139.371862,36.536917,10212,3,03002,03002,童謡ふるさと館,東町座間367-1,3,-99,1989
139.167589,36.54375,10201,3,03002,03002,赤城山総合観光案内所（エネルギー資料館）,富士見町赤城山1-14,3,-99,1983
139.105415,36.693029,10444,3,03002,03002,川場村歴史民俗資料館,天神1122,3,-99,1987
139.06965,36.838323,10449,3,03002,03002,雲越家住宅資料館,藤原3688,3,-99,1981
139.057458,36.833378,10449,3,03002,03002,奥利根民俗集古館,藤原2916,4,-99,1965
139.122318,36.306123,10464,3,03002,03002,玉村町歴史資料館,大字福島325（玉村町文化センター内）,3,2,1995
139.418487,36.249669,10524,3,03002,03002,大泉町文化むら文化財展示室,朝日5-24-1,3,-99,1991
139.073849,36.397922,10201,3,03003,03003,群馬県立図書館,日吉町1-9-1,2,-99,1978
139.064143,36.38945,10201,3,03003,03003,前橋市立図書館,大手町2-12-9,3,3,9999
139.1155,36.278723,10202,3,03003,03003,高崎市立新町図書館,新町3126,3,-99,9999
139.331867,36.408663,10203,3,03003,03003,桐生市立図書館,稲荷町1-4,3,-99,9999
139.240536,36.419869,10203,3,03003,03003,桐生市立新里図書館,新里町武井692,3,-99,9999
139.256674,36.345212,10204,3,03003,03003,伊勢崎市あずま図書館,田部井町3-2091,3,-99,9999
139.25257,36.276468,10204,3,03003,03003,伊勢崎市境図書館,境724-1,3,-99,9999
139.230612,36.382024,10204,3,03003,03003,伊勢崎市赤堀図書館,西久保町2-82-1,3,-99,9999
139.189628,36.32245,10204,3,03003,03003,伊勢崎市図書館,曲輪町22-21,3,-99,9999
139.299674,36.300011,10205,3,03003,03003,太田市立新田図書館,新田反町町877,3,2,9999
139.380556,36.287459,10205,3,03003,03003,太田市立図書館中島こども分館,飯田町820-1,3,-99,9999
139.382846,36.283573,10205,3,03003,03003,太田市立中央図書館,飯塚町1549-2,3,2,9999
139.321129,36.256567,10205,3,03003,03003,太田市立尾島図書館,亀岡町63-1,3,-99,9999
139.298332,36.356465,10205,3,03003,03003,太田市立薮塚本町図書館,大原町505-2,3,-99,9999
139.042689,36.644662,10206,3,03003,03003,沼田市立図書館,西倉内町821-1,3,5,9999
139.541114,36.245532,10207,3,03003,03003,館林市立図書館,城町3-1,3,2,9999
139.00193,36.492104,10208,3,03003,03003,渋川市立図書館,渋川1767-1,3,-99,9999
139.04477,36.480808,10208,3,03003,03003,渋川市立北橘図書館,北橘町真壁2354,3,-99,9999
139.080009,36.245392,10209,3,03003,03003,藤岡市立図書館,藤岡50-1,3,2,9999
139.282663,36.392077,10212,3,03003,03003,みどり市立笠懸図書館,笠懸町鹿373,3,-99,9999
139.276557,36.435814,10212,3,03003,03003,みどり市立大間々図書館,大間々町大間々1332-3,3,-99,9999
139.011243,36.448045,10345,3,03003,03003,吉岡町図書館,下野田472,3,-99,9999
139.122318,36.306123,10464,3,03003,03003,玉村町立図書館,大字福島325,3,-99,9999
139.535992,36.211226,10522,3,03003,03003,明和町立図書館,南大島1073-1,3,-99,9999
139.442415,36.217754,10523,3,03003,03003,千代田町立山屋記念図書館,大字赤岩1895-1,3,-99,9999
139.416655,36.257902,10524,3,03003,03003,大泉町立図書館,中央3-11-21,3,2,9999
139.46111,36.253438,10525,3,03003,03003,邑楽町立図書館,大字中野2676-1,3,-99,9999
139.339577,36.419845,10203,3,03005,03005,桐生が岡動物園,宮本町3-8-13,3,-99,1953
139.327142,36.443355,10203,3,03005,03005,桐生自然観察の森,川内町2-902-1,3,-99,1989
139.321822,36.362476,10205,3,03005,03005,ジャパンスネークセンター,藪塚町3318,4,-99,1968
139.348274,36.373558,10203,3,99999,03002,（国指定重要文化財）彦部家住宅,広沢町6-877,4,-99,9999
139.001715,36.325437,10202,3,99999,03003,高崎市立中央図書館,高松町5-28,3,-99,9999
139.071172,36.389934,10201,3,99999,03003,前橋こども図書館,本町2-12-1,3,-99,9999
139.344589,36.395156,10203,3,99999,03003,桐生市立点字図書館,新宿3-3-19,4,-99,9999
139.049487,36.38035,10201,3,99999,03003,群馬県立点字図書館,新前橋町13-12（群馬県社会福祉総合センター3階）,2,-99,9999
139.296018,36.378809,10212,3,99999,03003,桐生大学・桐生大学短期大学部図書館,笠懸町阿左美606-7,4,-99,9999
139.177092,36.278791,10204,3,99999,03003,上武大学附属図書館本館,戸谷塚町634-1,4,-99,1994
139.047407,36.356209,10201,3,99999,03003,群馬医療福祉大学図書館,川曲町191-1,4,-99,9999
139.023174,36.376774,10201,3,99999,03003,群馬工業高等専門学校図書館,鳥羽町580,0,-99,9999
139.094464,36.404115,10201,3,99999,03003,群馬県立県民健康科学大学附属図書館,上沖町323-1,2,-99,9999
139.081852,36.364049,10201,3,99999,03003,前橋工科大学附属図書館,上佐鳥町460-1,0,4,9999
139.144479,36.359733,10201,3,99999,03003,共愛学園前橋国際大学図書館,小屋原町1154-4,4,-99,9999
139.044758,36.431193,10201,3,99999,03003,群馬大学総合情報メディアセンター中央図書館,荒牧町4-2,0,-99,9999
139.354819,36.285669,10205,3,99999,03003,関東学園大学松平記念図書館,藤阿久町200,4,-99,9999
139.63534,36.222535,10521,3,99999,03003,東洋大学附属図書館板倉図書館,泉野1-1-1,4,-99,9999
139.348519,36.423372,10203,3,99999,03003,群馬大学総合情報メディアセンター理工学図書館,天神町1-5-1,0,-99,9999
139.112611,36.297532,10464,3,99999,03003,群馬県立女子大学附属図書館,上之手1395-1,2,-99,9999
139.499696,36.245258,10207,3,99999,03003,関東短期大学松平記念図書館,大谷町625,4,-99,9999
139.034275,36.285196,10202,3,99999,03003,高崎商科大学図書館,根小屋町741,4,-99,9999
139.004109,36.337119,10202,3,99999,03003,新島学園短期大学附属図書館,昭和町53,4,-99,9999
139.055757,36.324233,10202,3,99999,03003,高崎健康福祉大学図書館,中大類町37-1,4,-99,2001
139.128055,36.474854,10201,3,99999,03141,赤城芝ＳＰＯＲＴＳ,金丸町337-1,3,-99,9999
139.185923,36.547124,10201,3,99999,03142,赤城バンガロー村,富士見町赤城山大洞3,3,-99,9999
139.145401,36.522752,10201,3,99999,03142,赤城ふれあいの森,富士見町赤城山1-2,3,-99,9999
139.177603,36.550555,10202,3,99999,03145,赤城山オリエンテーリングコース,吉井町岩井232吉田方,3,-99,9999
139.196872,36.327901,10204,3,99999,03136,伊勢崎ＩＭＯＮボウル,柳原町16-1,3,-99,9999
139.19895,36.354105,10204,3,99999,03103,伊勢崎市赤城見台公園,波志江町3553,3,-99,9999
139.200519,36.355177,10204,3,99999,03115,伊勢崎市赤城見台公園,波志江町3553,3,-99,9999
139.235708,36.375797,10204,3,99999,03115,伊勢崎市あかぼり運動公園テニス場,西久保町334-3,3,-99,9999
139.235766,36.374934,10204,3,99999,03102,伊勢崎市赤堀運動場,西久保町2-334-3,3,-99,9999
139.235695,36.375374,10204,3,99999,03115,伊勢崎市赤堀運動場,西久保町2-334-3,3,-99,9999
139.229168,36.381296,10204,3,99999,03111,伊勢崎市赤堀剣道場,西久保町1-乙64,3,-99,9999
139.2454,36.395158,10204,3,99999,03102,伊勢崎市赤堀香林運動公園,香林町2-1291-6,3,-99,9999
139.209149,36.368073,10204,3,99999,03138,伊勢崎市赤堀西部スポーツコミュニティ公園,下触町873-1,3,-99,9999
139.209612,36.368838,10204,3,99999,03102,伊勢崎市赤堀西部スポーツコミュニティ公園,下触町873-1,3,-99,9999
139.210421,36.367575,10204,3,99999,03115,伊勢崎市赤堀西部スポーツコミュニティ公園,下触町873-1,3,-99,9999
139.208733,36.368504,10204,3,99999,03146,伊勢崎市赤堀西部スポーツコミュニティ公園,下触町873-1,3,-99,9999
139.230239,36.381592,10204,3,99999,03109,伊勢崎市赤堀体育館,西久保町2-81,3,-99,9999
139.230156,36.38141,10204,3,99999,03120,伊勢崎市赤堀体育館,西久保町2-81,3,-99,9999
139.230419,36.38152,10204,3,99999,03110,伊勢崎市赤堀体育館,西久保町2-81,3,-99,9999
139.2303,36.381377,10204,3,99999,03113,伊勢崎市赤堀体育館,西久保町2-81,3,-99,9999
139.232201,36.382575,10204,3,99999,03101,伊勢崎市赤堀ひろば,西久保町2-95,3,-99,9999
139.254305,36.347187,10204,3,99999,03105,伊勢崎市あずまウォーターランド,田部井町3-340,3,-99,9999
139.253936,36.347015,10204,3,99999,03106,伊勢崎市あずまウォーターランド,田部井町3-340,3,-99,9999
139.254257,36.347015,10204,3,99999,03129,伊勢崎市あずまウォーターランド,田部井町3-340,3,-99,9999
139.257288,36.357123,10204,3,99999,03121,伊勢崎市東弓道場,田部井町3-1905-1,3,-99,9999
139.250324,36.333518,10204,3,99999,03103,伊勢崎市東サッカースタジアム,東小保方町3236-1,3,-99,9999
139.256564,36.346655,10204,3,99999,03109,伊勢崎市東総合運動公園,田部井町3-2090,3,-99,9999
139.256611,36.344741,10204,3,99999,03115,伊勢崎市東総合運動公園,田部井町3-2090,3,-99,9999
139.255589,36.346368,10204,3,99999,03103,伊勢崎市東総合運動公園,田部井町3-2090,3,-99,9999
139.256504,36.346416,10204,3,99999,03120,伊勢崎市東総合運動公園,田部井町3-2090,3,-99,9999
139.257832,36.356087,10204,3,99999,03102,伊勢崎市東野球場,田部井町3-1908,3,-99,9999
139.195308,36.34154,10204,3,99999,03101,伊勢崎市華蔵寺公園,堤西町93,3,-99,9999
139.193323,36.342,10204,3,99999,03109,伊勢崎市華蔵寺公園,堤西町93,3,-99,9999
139.193228,36.341789,10204,3,99999,03120,伊勢崎市華蔵寺公園,堤西町93,3,-99,9999
139.195355,36.340545,10204,3,99999,03121,伊勢崎市華蔵寺公園,堤西町93,3,-99,9999
139.195403,36.343838,10204,3,99999,03106,伊勢崎市華蔵寺公園,堤西町93,3,-99,9999
139.193632,36.343349,10204,3,99999,03102,伊勢崎市華蔵寺公園,堤西町93,3,-99,9999
139.198326,36.343292,10204,3,99999,03118,伊勢崎市華蔵寺公園,堤西町93,3,-99,9999
139.193062,36.341243,10204,3,99999,03138,伊勢崎市華蔵寺公園,堤西町93,3,-99,9999
139.195557,36.342804,10204,3,99999,03115,伊勢崎市華蔵寺公園,堤西町93,3,-99,9999
139.195759,36.343263,10204,3,99999,03116,伊勢崎市華蔵寺公園,堤西町93,3,-99,9999
139.230564,36.311114,10204,3,99999,03115,伊勢崎市境伊与久沼公園テニス場,境伊与久3105,3,-99,9999
139.230659,36.311861,10204,3,99999,03102,伊勢崎市境伊与久沼公園野球場,境伊与久3105,3,-99,9999
139.249579,36.275822,10204,3,99999,03109,伊勢崎市境社会体育館,境609-1,3,-99,9999
139.249555,36.275697,10204,3,99999,03120,伊勢崎市境社会体育館,境609-1,3,-99,9999
139.249543,36.275572,10204,3,99999,03132,伊勢崎市境社会体育館,境609-1,3,-99,9999
139.259391,36.289584,10204,3,99999,03115,伊勢崎市境上武公園テニス場,境上矢島678,3,-99,9999
139.259343,36.290197,10204,3,99999,03102,伊勢崎市境上武公園野球場,境上矢島678,3,-99,9999
139.233889,36.277714,10204,3,99999,03101,伊勢崎市境総合運動場,境上武士846,3,-99,9999
139.233758,36.277302,10204,3,99999,03103,伊勢崎市境総合運動場,境上武士846,3,-99,9999
139.233303,36.276144,10204,3,99999,03106,伊勢崎市境プール,境下武士853-3,3,-99,9999
139.233541,36.276029,10204,3,99999,03107,伊勢崎市境プール,境下武士853-3,3,-99,9999
139.26795,36.253157,10204,3,99999,03102,伊勢崎市境利根川野球場,境平塚1073,3,-99,9999
139.248188,36.285582,10204,3,99999,03104,伊勢崎市境ふれあいパーク,境木島823,3,-99,9999
139.246453,36.286157,10204,3,99999,03121,伊勢崎市境ふれあいパーク,境木島823,3,-99,9999
139.249666,36.276222,10204,3,99999,03112,伊勢崎市境武道館,境萩原1750-2,3,-99,9999
139.212123,36.313634,10204,3,99999,03120,伊勢崎市児童センター,粕川町1609,3,-99,9999
139.183218,36.272308,10204,3,99999,03102,伊勢崎市ちびっこ広場,八斗島町1415-1,3,-99,9999
139.225676,36.262716,10204,3,99999,03115,伊勢崎市利根公園,飯島町554,3,-99,9999
139.22501,36.262879,10204,3,99999,03104,伊勢崎市利根公園,飯島町554,3,-99,9999
139.20371,36.268303,10204,3,99999,03115,伊勢崎市坂東公園,長沼町244,3,-99,9999
139.204411,36.267795,10204,3,99999,03104,伊勢崎市坂東公園,長沼町244,3,-99,9999
139.231925,36.323767,10204,3,99999,03104,伊勢崎市日乃出公園,日乃出町704,3,-99,9999
139.231925,36.323614,10204,3,99999,03102,伊勢崎市日乃出公園,日乃出町704,3,-99,9999
139.234811,36.325308,10204,3,99999,03104,伊勢崎市三室西公園運動場,三室町6202,3,-99,9999
139.198732,36.294452,10204,3,99999,03104,いせさき市民のもり公園,山王町1294,3,-99,9999
139.189828,36.276831,10204,3,99999,03109,伊勢崎市民プラザ,富塚町220-13,3,-99,9999
139.189816,36.276706,10204,3,99999,03110,伊勢崎市民プラザ,富塚町220-13,3,-99,9999
139.189805,36.276582,10204,3,99999,03111,伊勢崎市民プラザ,富塚町220-13,3,-99,9999
139.190594,36.281979,10204,3,99999,03104,伊勢崎市除ヶ公園グランド,除ケ町413,3,-99,9999
139.601667,36.226948,10521,3,99999,03109,板倉海洋センター,岩田1062,3,-99,9999
139.601465,36.226373,10521,3,99999,03106,板倉海洋センター,岩田1062,3,-99,9999
139.601536,36.226814,10521,3,99999,03132,板倉海洋センター,岩田1062,3,-99,9999
139.620995,36.216583,10521,3,99999,03134,板倉ゴルフ場,板倉777,4,-99,9999
139.62439,36.224235,10521,3,99999,03104,板倉町大蔵公園,大蔵16,3,-99,9999
139.624414,36.224906,10521,3,99999,03115,板倉町大蔵公園,大蔵16,3,-99,9999
139.604032,36.228003,10521,3,99999,03104,板倉町自然公園,板倉,3,-99,9999
139.612808,36.21498,10521,3,99999,03104,板倉町多目的運動広場,飯野,3,-99,9999
139.612927,36.214692,10521,3,99999,03138,板倉町多目的運動広場,飯野,3,-99,9999
139.60401,36.227695,10521,3,99999,03104,板倉町中央公園,板倉2742-43,3,-99,9999
139.618989,36.267126,10521,3,99999,03104,板倉町西岡町民運動場,西岡,3,-99,9999
139.600389,36.228558,10521,3,99999,03112,板倉町武道館,板倉2770,3,-99,9999
139.655496,36.22761,10521,3,99999,03104,板倉町渡良瀬町民運動場,海老瀬地先,3,-99,9999
139.065369,36.40565,10201,3,99999,03136,エメラルドボウル,国領町2-13-38(エメラルドビル4F),4,-99,9999
139.089899,36.886222,10449,3,99999,03143,オートキャンパーズエリアならまた,藤原6322,3,-99,9999
139.090576,36.885624,10449,3,99999,03142,オートキャンパーズエリアならまた,藤原6322,3,-99,9999
139.460652,36.24297,10525,3,99999,03104,邑楽町民スポーツレクリエーション広場,篠塚1435-1,3,-99,9999
139.460664,36.241848,10525,3,99999,03115,邑楽町民スポーツレクリエーション広場,篠塚1435-1,3,-99,9999
139.459724,36.242129,10525,3,99999,03109,邑楽町民体育館,篠塚1423-1,3,-99,9999
139.459641,36.242004,10525,3,99999,03129,邑楽町民体育館,篠塚1423-1,3,-99,9999
139.460428,36.241158,10525,3,99999,03115,邑楽町民テニスコート,狸塚1271,3,-99,9999
139.460353,36.241251,10525,3,99999,03115,邑楽町ゲートボール場,狸塚,3,-99,9999
139.459973,36.241481,10525,3,99999,03138,邑楽町ゲートボール場,狸塚,3,-99,9999
139.4583,36.241203,10525,3,99999,03104,邑楽町青少年広場,篠塚1411-2,3,-99,9999
139.487658,36.265989,10525,3,99999,03104,邑楽町農村広場,鶉1318-1,3,-99,9999
139.46902,36.225041,10525,3,99999,03104,邑楽町広谷公園,赤堀1506-1,3,-99,9999
139.459137,36.241957,10525,3,99999,03110,邑楽町武道館,篠塚1421-1,3,-99,9999
139.45922,36.24187,10525,3,99999,03111,邑楽町武道館,篠塚1421-1,3,-99,9999
139.459054,36.241832,10525,3,99999,03120,邑楽町武道館,篠塚1421-1,3,-99,9999
139.448197,36.27085,10525,3,99999,03104,邑楽町松本公園,石打1140,3,-99,9999
139.476731,36.255082,10525,3,99999,03104,邑楽町緑ヶ丘公園,新中野127,3,-99,9999
139.476574,36.25052,10525,3,99999,03104,邑楽町狸塚クリーン広場,狸塚,3,-99,9999
139.477506,36.250341,10525,3,99999,03138,邑楽町狸塚クリーン広場,狸塚,3,-99,9999
139.407295,36.265328,10524,3,99999,03102,大泉スバル運動公園,いずみ1-3086-12,3,-99,9999
139.408246,36.266037,10524,3,99999,03103,大泉スバル運動公園,いずみ1-3086-12,3,-99,9999
139.407438,36.264628,10524,3,99999,03146,大泉スバル運動公園,いずみ1-3086-12,3,-99,9999
139.406901,36.247884,10524,3,99999,03136,大泉パークレーン,日の出52-1,4,-99,9999
139.388579,36.241559,10524,3,99999,03103,大泉町いずみサッカー場,丘山50-1,3,-99,9999
139.393611,36.245061,10524,3,99999,03104,大泉町いずみ総合公園町民ゲートボール場,仙石3-22-1,3,-99,9999
139.39468,36.245665,10524,3,99999,03138,大泉町いずみ総合公園町民ゲートボール場,仙石3-22-1,3,-99,9999
139.396237,36.246288,10524,3,99999,03109,大泉町いずみ総合公園町民体育館,仙石3-22-1,3,-99,9999
139.396213,36.246163,10524,3,99999,03129,大泉町いずみ総合公園町民体育館,仙石3-22-1,3,-99,9999
139.396178,36.246019,10524,3,99999,03120,大泉町いずみ総合公園町民体育館,仙石3-22-1,3,-99,9999
139.387616,36.240581,10524,3,99999,03102,大泉町いずみ総合公園町民野球場,丘山50-1,3,-99,9999
139.422907,36.253063,10524,3,99999,03132,大泉町いずみの杜,朝日4,3,-99,9999
139.422812,36.25288,10524,3,99999,03109,大泉町いずみの杜,朝日4,3,-99,9999
139.423204,36.252976,10524,3,99999,03120,大泉町いずみの杜,朝日4,3,-99,9999
139.423751,36.252622,10524,3,99999,03105,大泉町いずみの杜,朝日4,3,-99,9999
139.423549,36.252861,10524,3,99999,03129,大泉町いずみの杜,朝日4,3,-99,9999
139.423133,36.252823,10524,3,99999,03104,大泉町いずみの杜,朝日4,3,-99,9999
139.408073,36.260467,10524,3,99999,03118,大泉町志部公園,西小泉5-2631-15,3,-99,9999
139.405929,36.245301,10524,3,99999,03104,大泉町青少年広場,吉田2465,3,-99,9999
139.40581,36.244918,10524,3,99999,03103,大泉町青少年広場,吉田2465,3,-99,9999
139.387214,36.237959,10524,3,99999,03104,大泉町とね運動場,仙石1565-3,3,-99,9999
139.388034,36.237527,10524,3,99999,03102,大泉町とね運動場,仙石1565-3,3,-99,9999
139.389103,36.236981,10524,3,99999,03103,大泉町とね運動場,仙石1565-3,3,-99,9999
139.395482,36.259381,10524,3,99999,03109,大泉町西体育館,古氷106-1,3,-99,9999
139.423335,36.251501,10524,3,99999,03102,大泉町御正作公園,朝日4-707-2,3,-99,9999
139.405177,36.237644,10524,3,99999,03102,大泉町南公園,吉田1213,3,-99,9999
139.40526,36.238315,10524,3,99999,03115,大泉町南公園,吉田1213,3,-99,9999
139.365593,36.284131,10205,3,99999,03109,太田勤労者体育センター,下浜田町1088-2,3,-99,9999
139.286519,36.324754,10205,3,99999,03103,太田市明林公園,新田大町205-1,3,-99,9999
139.28722,36.324993,10205,3,99999,03115,太田市明林公園,新田大町205-1,3,-99,9999
139.287184,36.32461,10205,3,99999,03138,太田市明林公園,新田大町205-1,3,-99,9999
139.318344,36.318915,10205,3,99999,03103,太田市生品コミュニティ運動公園,新田村田町1044-1,3,-99,9999
139.31832,36.318666,10205,3,99999,03104,太田市生品コミュニティ運動公園,新田村田町1044-1,3,-99,9999
139.3187,36.318149,10205,3,99999,03117,太田市生品コミュニティ運動公園,新田村田町1044-1,3,-99,9999
139.270974,36.296474,10205,3,99999,03115,太田市いずみ中央公園,新田早川町337,3,-99,9999
139.396848,36.275409,10205,3,99999,03101,太田市運動公園,飯塚町1059,3,-99,9999
139.395897,36.27652,10205,3,99999,03109,太田市運動公園,飯塚町1059,3,-99,9999
139.393948,36.274537,10205,3,99999,03102,太田市運動公園,飯塚町1059,3,-99,9999
139.395184,36.273368,10205,3,99999,03103,太田市運動公園,飯塚町1059,3,-99,9999
139.394495,36.277114,10205,3,99999,03112,太田市運動公園,飯塚町1059,3,-99,9999
139.393936,36.277258,10205,3,99999,03121,太田市運動公園,飯塚町1059,3,-99,9999
139.39497,36.275869,10205,3,99999,03104,太田市運動公園,飯塚町1059,3,-99,9999
139.394471,36.276913,10205,3,99999,03129,太田市運動公園,飯塚町1059,3,-99,9999
139.322192,36.255926,10205,3,99999,03106,太田市尾島親子ふれあいプール,亀岡町102,3,-99,9999
139.321339,36.255114,10205,3,99999,03104,太田市尾島公園,亀岡町99,3,-99,9999
139.320816,36.255354,10205,3,99999,03115,太田市尾島公園,亀岡町99,3,-99,9999
139.282872,36.266676,10205,3,99999,03104,太田市尾島西部公園,世良田町1552-1,3,-99,9999
139.283894,36.266408,10205,3,99999,03115,太田市尾島西部公園,世良田町1552-1,3,-99,9999
139.282587,36.266072,10205,3,99999,03101,太田市尾島西部公園,世良田町1552-1,3,-99,9999
139.310535,36.255118,10205,3,99999,03109,太田市尾島体育館,亀岡町656-1,3,-99,9999
139.31057,36.255003,10205,3,99999,03110,太田市尾島体育館,亀岡町656-1,3,-99,9999
139.310546,36.254907,10205,3,99999,03111,太田市尾島体育館,亀岡町656-1,3,-99,9999
139.310404,36.25506,10205,3,99999,03120,太田市尾島体育館,亀岡町656-1,3,-99,9999
139.329097,36.262288,10205,3,99999,03109,太田市尾島第二体育館,岩松町764-2,3,-99,9999
139.330137,36.262723,10205,3,99999,03104,太田市尾島東部公園,岩松町802-1,3,-99,9999
139.330814,36.263365,10205,3,99999,03138,太田市尾島東部公園,岩松町802-1,3,-99,9999
139.311738,36.244266,10205,3,99999,03142,太田市尾島利根キャンプ場,武蔵島町地先,3,-99,9999
139.275057,36.276861,10205,3,99999,03104,太田市尾島ねずみ塚公園グラウンド,世良田町3033,3,-99,9999
139.37905,36.308782,10205,3,99999,03109,太田市金山青年の家,熊野町39-34,3,-99,9999
139.369951,36.32551,10205,3,99999,03142,太田市金山の森キャンプ場,強戸町2131-49,3,-99,9999
139.294886,36.283365,10205,3,99999,03138,太田市木崎コミュニティ運動公園,新田中江田町1110,3,-99,9999
139.294874,36.283202,10205,3,99999,03104,太田市木崎コミュニティ運動公園,新田中江田町1110,3,-99,9999
139.294874,36.283049,10205,3,99999,03103,太田市木崎コミュニティ運動公園,新田中江田町1110,3,-99,9999
139.293935,36.283288,10205,3,99999,03115,太田市木崎コミュニティ運動公園,新田中江田町1110,3,-99,9999
139.415828,36.288857,10205,3,99999,03104,太田市休泊スポーツ広場,龍舞町4047,3,-99,9999
139.389616,36.283363,10205,3,99999,03104,太田市九合６号公園,小舞木町277,3,-99,9999
139.340167,36.340637,10205,3,99999,03104,太田市強戸地区コミュニティセンター,菅塩町345,3,-99,9999
139.339965,36.341718,10205,3,99999,03102,太田市強戸地区コミュニティセンター,菅塩町345,3,-99,9999
139.364557,36.259015,10205,3,99999,03104,太田市沢野スポーツ広場,高林北町894,3,-99,9999
139.36344,36.259101,10205,3,99999,03115,太田市沢野スポーツ広場,高林北町894,3,-99,9999
139.266938,36.287776,10205,3,99999,03103,太田市下田中公園,新田下田中町1335,3,-99,9999
139.266902,36.287651,10205,3,99999,03104,太田市下田中公園,新田下田中町1335,3,-99,9999
139.26689,36.287517,10205,3,99999,03138,太田市下田中公園,新田下田中町1335,3,-99,9999
139.38387,36.283562,10205,3,99999,03105,太田市総合健康センター,飯塚町1549-1,3,-99,9999
139.383609,36.283562,10205,3,99999,03129,太田市総合健康センター,飯塚町1549-1,3,-99,9999
139.38008,36.27559,10205,3,99999,03106,太田市とうもうサマーランド,飯塚町69-1,3,-99,9999
139.346488,36.307777,10205,3,99999,03103,太田市鳥之郷スポーツ広場,新野町1390,3,-99,9999
139.365585,36.283572,10205,3,99999,03115,太田市新浜公園,下浜田町1088-2,3,-99,9999
139.365573,36.282777,10205,3,99999,03104,太田市新浜公園,下浜田町1088-2,3,-99,9999
139.337356,36.273986,10205,3,99999,03104,太田市西新町中央公園,西新町128,3,-99,9999
139.339444,36.26899,10205,3,99999,03104,太田市西新町南公園,西新町69,3,-99,9999
139.35795,36.293338,10205,3,99999,03104,太田市西藤中央公園,藤阿久町493-1,3,-99,9999
139.298982,36.300758,10205,3,99999,03109,太田市新田総合運動公園,新田金井町607,3,-99,9999
139.298649,36.298355,10205,3,99999,03112,太田市新田総合運動公園,新田金井町607,3,-99,9999
139.297794,36.300184,10205,3,99999,03101,太田市新田総合運動公園,新田金井町607,3,-99,9999
139.299053,36.299283,10205,3,99999,03102,太田市新田総合運動公園,新田金井町607,3,-99,9999
139.297627,36.298891,10205,3,99999,03115,太田市新田総合運動公園,新田金井町607,3,-99,9999
139.297746,36.299973,10205,3,99999,03103,太田市新田総合運動公園,新田金井町607,3,-99,9999
139.296177,36.301237,10205,3,99999,03109,太田市新田文化会館・総合体育館（エアリスホール＆アリーナ）,新田金井町607,3,-99,9999
139.296225,36.30095,10205,3,99999,03129,太田市新田文化会館・総合体育館（エアリスホール＆アリーナ）,新田金井町607,3,-99,9999
139.297074,36.299142,10205,3,99999,03106,太田市新田プール,新田上江田町744,3,-99,9999
139.279518,36.303806,10205,3,99999,03104,太田市綿打コミュニティ運動公園,新田上田中町664,3,-99,9999
139.279423,36.303461,10205,3,99999,03103,太田市綿打コミュニティ運動公園,新田上田中町664,3,-99,9999
139.399917,36.302295,10205,3,99999,03104,太田市韮川スポーツ広場,東長岡町1808,3,-99,9999
139.368929,36.29785,10205,3,99999,03115,太田市八幡テニスコート,八幡町9-6,3,-99,9999
139.261754,36.292747,10205,3,99999,03115,太田市早川公園,新田早川町15,3,-99,9999
139.261754,36.292192,10205,3,99999,03104,太田市早川公園,新田早川町15,3,-99,9999
139.416035,36.328716,10205,3,99999,03104,太田市東新町中央公園,東新町806,3,-99,9999
139.374533,36.303893,10205,3,99999,03102,太田市東山球場,金山町26-21,3,-99,9999
139.331279,36.282189,10205,3,99999,03104,太田市宝泉スポーツ広場,西野谷町,3,-99,9999
139.331255,36.2817,10205,3,99999,03102,太田市宝泉スポーツ広場,西野谷町,3,-99,9999
139.331493,36.280905,10205,3,99999,03115,太田市宝泉スポーツ広場,西野谷町,3,-99,9999
139.393282,36.34664,10205,3,99999,03134,太田市民ゴルフ場,只上町2862-7,3,-99,9999
139.313078,36.313913,10205,3,99999,03138,太田市村田公園,新田村田町1102-1,3,-99,9999
139.31309,36.31376,10205,3,99999,03115,太田市村田公園,新田村田町1102-1,3,-99,9999
139.337958,36.290096,10205,3,99999,03138,太田市八千代グラウンド,由良町1765-1,3,-99,9999
139.337946,36.289837,10205,3,99999,03104,太田市八千代グラウンド,由良町1765-1,3,-99,9999
139.299389,36.353617,10205,3,99999,03109,太田市薮塚本町社会体育館,大原町383-70,3,-99,9999
139.299394,36.353473,10205,3,99999,03120,太田市薮塚本町社会体育館,大原町383-70,3,-99,9999
139.298099,36.353023,10205,3,99999,03104,太田市薮塚本町中央運動公園,大原町383-70,3,-99,9999
139.299287,36.352669,10205,3,99999,03138,太田市薮塚本町中央運動公園,大原町383-70,3,-99,9999
139.323916,36.371445,10202,3,99999,03145,太田市やぶづか温泉オリエンテーリングコース,吉井町岩井232,3,-99,9999
139.282203,36.359573,10205,3,99999,03104,太田市薮塚本町西部ふるさと公園,大原町1604-1,3,-99,9999
139.282203,36.359247,10205,3,99999,03138,太田市薮塚本町西部ふるさと公園,大原町1604-1,3,-99,9999
139.316159,36.364482,10205,3,99999,03104,太田市薮塚本町三島神社公園,藪塚町519,3,-99,9999
139.391098,36.348263,10205,3,99999,03102,太田市渡良瀬運動公園,只上先地,3,-99,9999
139.37604,36.29321,10205,3,99999,03136,太田パークレーン,浜町4-1,4,-99,9999
139.009666,36.798942,10449,3,99999,03141,奥利根スノーパーク,向山,4,-99,9999
139.239743,36.85087,10443,3,99999,03141,尾瀬戸倉スキー場,戸倉329,4,-99,9999
139.185877,36.54819,10201,3,99999,03142,カジナカバンガロー,富士見町赤城山,3,-99,9999
139.228611,36.812206,10443,3,99999,03141,かたしな高原スキー場,越本2990,3,-99,9999
139.222503,36.817638,10443,3,99999,03141,片品シャンツェ・片品スモールヒル,詳細住所不明,3,-99,9999
139.190904,36.809097,10443,3,99999,03142,片品村営武尊牧場キャンプ場,花咲2797(武尊牧場内),3,-99,9999
139.225269,36.768164,10443,3,99999,03138,片品村民運動場,須賀川284,3,-99,9999
139.225577,36.767964,10443,3,99999,03103,片品村民運動場,須賀川284,3,-99,9999
139.224674,36.768326,10443,3,99999,03115,片品村民運動場,須賀川284,3,-99,9999
139.225423,36.768059,10443,3,99999,03102,片品村民運動場,須賀川284,3,-99,9999
139.238701,36.771406,10443,3,99999,03121,片品村弓道場,鎌田,3,-99,9999
139.238678,36.771306,10443,3,99999,03122,片品村弓道場,鎌田,3,-99,9999
139.230183,36.785404,10443,3,99999,03109,片品村健康増進施設,越本,3,-99,9999
139.230147,36.78528,10443,3,99999,03120,片品村健康増進施設,越本,3,-99,9999
139.231419,36.786541,10443,3,99999,03104,片品村山村広場,越本,3,-99,9999
139.254267,36.785786,10443,3,99999,03109,片品村白根トレーニングセンター,東小川985,3,-99,9999
139.253815,36.786014,10443,3,99999,03104,片品村白根トレーニングセンター,東小川985,3,-99,9999
139.226937,36.813925,10443,3,99999,03104,片品村土出運動広場,土出,3,-99,9999
139.243629,36.842907,10443,3,99999,03104,片品村戸倉運動広場,戸倉1,3,-99,9999
139.244128,36.840644,10443,3,99999,03115,片品村戸倉運動広場,戸倉1,3,-99,9999
139.143297,36.798467,10443,3,99999,03143,片品村登山・ハイキングコース,詳細住所不明,3,-99,9999
139.229122,36.772342,10443,3,99999,03109,片品村トレーニングハウス,鎌田4022,3,-99,9999
139.229162,36.772254,10443,3,99999,03138,片品村トレーニングハウス,鎌田4022,3,-99,9999
139.22921,36.772155,10443,3,99999,03116,片品村トレーニングハウス,鎌田4022,3,-99,9999
139.185698,36.752154,10443,3,99999,03109,片品村農業者トレーニングセンター,花咲2153-1,3,-99,9999
139.185579,36.752211,10443,3,99999,03120,片品村農業者トレーニングセンター,花咲2153-1,3,-99,9999
139.246733,36.782578,10443,3,99999,03109,片品村東小川体育館,東小川3017,3,-99,9999
139.246745,36.782464,10443,3,99999,03120,片品村東小川体育館,東小川3017,3,-99,9999
139.246745,36.782359,10443,3,99999,03112,片品村東小川体育館,東小川3017,3,-99,9999
139.189669,36.807623,10443,3,99999,03104,片品村ふれあい広場,越本,3,-99,9999
139.193163,36.761134,10443,3,99999,03109,片品村武尊体育館・グラウンド,花咲,3,-99,9999
139.191273,36.761734,10443,3,99999,03104,片品村武尊体育館・グラウンド,花咲,3,-99,9999
139.371007,36.305251,10202,3,99999,03145,金山オリエンテーリングコース,吉井町岩井232吉田方,3,-99,9999
139.109284,36.769684,10444,3,99999,03141,川場スキー場,川場高原,4,-99,9999
139.1057,36.69608,10444,3,99999,03122,川場村アーチェーリー場,谷地2338-1,3,-99,9999
139.105868,36.694696,10444,3,99999,03109,川場村観光レクリエーション体育館,谷地2388-1,3,-99,9999
139.105773,36.694567,10444,3,99999,03116,川場村観光レクリエーション体育館,谷地2388-1,3,-99,9999
139.136771,36.756452,10444,3,99999,03142,川場村桐の木平キャンプ場,谷地2390-2,3,-99,9999
139.105536,36.693909,10444,3,99999,03104,川場村スポーツ広場,谷地2388-1,3,-99,9999
139.122818,36.716697,10444,3,99999,03104,川場村太郎運動広場,川場湯原994,3,-99,9999
139.105132,36.692098,10444,3,99999,03115,川場村テニスコート,谷地2416,3,-99,9999
139.123135,36.698455,10444,3,99999,03104,川場村てんぐ山運動公園,中野575,3,-99,9999
139.12219,36.698622,10444,3,99999,03115,川場村てんぐ山運動公園,中野575,3,-99,9999
139.132814,36.806039,10444,3,99999,03143,川場村登山・ハイキングコース,詳細住所不明,3,-99,9999
139.104187,36.693262,10444,3,99999,03121,川場村武道場,谷地1138-1,3,-99,9999
139.104544,36.693024,10444,3,99999,03138,川場村武道場,谷地1138-1,3,-99,9999
139.104009,36.6931,10444,3,99999,03110,川場村武道場,谷地1138-1,3,-99,9999
139.103878,36.693177,10444,3,99999,03110,川場村武道場,谷地1138-1,3,-99,9999
139.104028,36.759707,10444,3,99999,03142,川場村武尊高原川場キャンプ場,谷地萱場3174,3,-99,9999
139.341331,36.42246,10202,3,99999,03145,桐生オリエンテーリングコース,吉井町岩井232吉田方,3,-99,9999
139.297317,36.420816,10203,3,99999,03102,桐生球場（桐生市運動公園内）,相生町3-300,3,-99,9999
139.299786,36.420249,10203,3,99999,03102,桐生球場付属球場（桐生市運動公園内）,相生町3-300,3,-99,9999
139.2977,36.421923,10203,3,99999,03121,桐生弓道場（桐生市運動公園内）,相生町3-300,3,-99,9999
139.365836,36.374115,10203,3,99999,03102,桐生境野球場,境野町7-1813,3,-99,9999
139.299738,36.420949,10203,3,99999,03115,桐生市相生庭球コート（桐生市運動公園内）,相生町3,3,-99,9999
139.298381,36.419739,10203,3,99999,03115,桐生市相川庭球コート,相生町3-551,3,-99,9999
139.423478,36.46133,10203,3,99999,03104,桐生市皆沢運動広場,梅田町4-6809,3,-99,9999
139.346275,36.417184,10203,3,99999,03109,桐生市北体育館,東久方町3-3-55,3,-99,9999
139.279048,36.50008,10203,3,99999,03104,桐生市黒保根運動公園,黒保根町水沼,3,-99,9999
139.280902,36.500634,10203,3,99999,03115,桐生市黒保根運動公園,黒保根町水沼,3,-99,9999
139.283745,36.50205,10203,3,99999,03109,桐生市黒保根社会体育館,黒保根町水沼182-3,3,-99,9999
139.28091,36.500789,10203,3,99999,03115,桐生市黒保根庭球コート,黒保根町水沼400,3,-99,9999
139.224178,36.566684,10203,3,99999,03142,桐生市黒保根花見ヶ原森林公園,黒保根町下田沢,3,-99,9999
139.349115,36.386167,10203,3,99999,03101,桐生市境野水処理センター屋上運動公園,境野町3-1360,3,-99,9999
139.347463,36.387344,10203,3,99999,03105,桐生市境野水処理センター屋上運動公園,境野町3-1360,3,-99,9999
139.329493,36.3979,10203,3,99999,03104,桐生市さくら遊園,桜木町地内錦桜橋そば,3,-99,9999
139.301086,36.418232,10203,3,99999,03118,桐生市相撲道場（桐生市運動公園内）,相生町3,3,-99,9999
139.301066,36.418515,10203,3,99999,03119,桐生市相撲道場（桐生市運動公園内）,相生町3,3,-99,9999
139.343303,36.413622,10203,3,99999,03109,桐生市青年の家,仲町1-8-37,3,-99,9999
139.343303,36.413536,10203,3,99999,03110,桐生市青年の家,仲町1-8-37,3,-99,9999
139.343279,36.413422,10203,3,99999,03111,桐生市青年の家,仲町1-8-37,3,-99,9999
139.219029,36.474082,10203,3,99999,03104,桐生市新里赤城運動広場,新里町赤城山712-408,3,-99,9999
139.260056,36.429535,10203,3,99999,03121,桐生市新里弓道場,新里町新川3333,3,-99,9999
139.237044,36.429025,10203,3,99999,03109,桐生市新里社会体育館,新里町山上829,3,-99,9999
139.237104,36.428882,10203,3,99999,03110,桐生市新里社会体育館,新里町山上829,3,-99,9999
139.258053,36.430333,10203,3,99999,03102,桐生市新里総合グラウンド,新里町新川3069,3,-99,9999
139.259317,36.429863,10203,3,99999,03115,桐生市新里庭球コート,新里町新川3042-1,3,-99,9999
139.236581,36.429446,10203,3,99999,03102,桐生市新里西グラウンド,新里町山上829-1,3,-99,9999
139.259048,36.428828,10203,3,99999,03102,桐生市新里補助グラウンド,新里町新川3033-1,3,-99,9999
139.358875,36.409791,10203,3,99999,03109,桐生市菱体育館,菱町2-1349-1,3,-99,9999
139.358708,36.409704,10203,3,99999,03120,桐生市菱体育館,菱町2-1349-1,3,-99,9999
139.33689,36.371865,10203,3,99999,03104,桐生市南公園,広沢町5-4716-11,3,-99,9999
139.337056,36.372994,10203,3,99999,03102,桐生市南公園,広沢町5-4716-11,3,-99,9999
139.337936,36.373712,10203,3,99999,03115,桐生市南公園,広沢町5-4716-11,3,-99,9999
139.299397,36.421858,10203,3,99999,03109,桐生市民体育館（桐生市運動公園内）,相生町3-300,3,-99,9999
139.29942,36.421667,10203,3,99999,03129,桐生市民体育館（桐生市運動公園内）,相生町3-300,3,-99,9999
139.310031,36.418934,10203,3,99999,03104,桐生市民広場,相生町3地内,3,-99,9999
139.300345,36.4191,10203,3,99999,03106,桐生市民プール（桐生市運動公園内）,相生町3,3,-99,9999
139.326343,36.410337,10203,3,99999,03115,桐生市元宿庭球コート,元宿町13,3,-99,9999
139.296978,36.424064,10203,3,99999,03103,桐生市ユーユー広場（桐生市運動公園内）,相生町3,3,-99,9999
139.324766,36.409664,10203,3,99999,03101,桐生市陸上競技場,元宿町17-33,3,-99,9999
139.3474,36.404557,10203,3,99999,03124,桐生スケートセンター,東7-3-50,3,-99,9999
139.332257,36.409529,10203,3,99999,03136,桐生スターレーン,巴町2-1821-36,4,-99,9999
139.220646,36.69876,10206,3,99999,03142,グリーンパークふきわり,利根町大楊1098,3,-99,9999
139.083711,36.377255,10201,3,99999,03109,群馬県生涯学習センター,文京町2-19-18,2,-99,9999
139.083866,36.376413,10201,3,99999,03104,群馬県生涯学習センター,文京町2-19-18,2,-99,9999
139.083854,36.376107,10201,3,99999,03115,群馬県生涯学習センター,文京町2-19-18,2,-99,9999
139.083699,36.377121,10201,3,99999,03120,群馬県生涯学習センター,文京町2-19-18,2,-99,9999
139.083699,36.377016,10201,3,99999,03138,群馬県生涯学習センター,文京町2-19-18,2,-99,9999
139.050483,36.422863,10201,3,99999,03132,群馬県青少年会館,荒牧町2-12,2,-99,9999
139.041278,36.438714,10201,3,99999,03109,群馬県総合スポーツセンター,関根町800,2,-99,9999
139.044415,36.438312,10201,3,99999,03121,群馬県総合スポーツセンター,関根町800,2,-99,9999
139.042253,36.437547,10201,3,99999,03119,群馬県総合スポーツセンター,関根町800,2,-99,9999
139.041278,36.43858,10201,3,99999,03129,群馬県総合スポーツセンター,関根町800,2,-99,9999
139.042466,36.43728,10201,3,99999,03116,群馬県総合スポーツセンター,関根町800,2,-99,9999
139.041266,36.438446,10201,3,99999,03120,群馬県総合スポーツセンター,関根町800,2,-99,9999
139.041254,36.438303,10201,3,99999,03136,群馬県総合スポーツセンター,関根町800,2,-99,9999
139.043714,36.437222,10201,3,99999,03130,群馬県総合スポーツセンター,関根町800,2,-99,9999
139.043096,36.437614,10201,3,99999,03146,群馬県総合スポーツセンター,関根町800,2,-99,9999
139.043714,36.437547,10201,3,99999,03112,群馬県総合スポーツセンター,関根町800,2,-99,9999
139.106456,36.46626,10201,3,99999,03123,群馬県馬事公苑,富士見町小暮2425,3,-99,9999
139.190347,36.348249,10204,3,99999,03109,群馬県立伊勢崎青少年育成センター,波志江町2237-6,3,-99,9999
139.190145,36.349302,10204,3,99999,03104,群馬県立伊勢崎青少年育成センター,波志江町2237-6,3,-99,9999
139.190382,36.348029,10204,3,99999,03120,群馬県立伊勢崎青少年育成センター,波志江町2237-6,3,-99,9999
139.053903,36.413368,10201,3,99999,03103,群馬県立敷島公園サッカー・ラグビー場,敷島町66,3,-99,9999
139.053309,36.411513,10201,3,99999,03101,群馬県立敷島公園正田醤油スタジアム群馬,敷島町66,3,-99,9999
139.051015,36.412852,10201,3,99999,03105,群馬県立敷島公園水泳場,敷島町66,3,-99,9999
139.05054,36.413186,10201,3,99999,03106,群馬県立敷島公園水泳場,敷島町66,3,-99,9999
139.052037,36.414736,10201,3,99999,03115,群馬県立敷島公園テニスコート,敷島町66,3,-99,9999
139.052227,36.413722,10201,3,99999,03101,群馬県立敷島公園補助陸上競技場,敷島町66,3,-99,9999
139.050254,36.414085,10201,3,99999,03102,群馬県立敷島公園野球場,敷島町66,3,-99,9999
139.32412,36.37218,10205,3,99999,03142,群馬県立東毛少年自然の家,藪塚町3657,3,-99,9999
139.190693,36.365983,10204,3,99999,03109,群馬県立ふれあいスポーツプラザ,下触町283-3,3,-99,9999
139.192511,36.365629,10204,3,99999,03122,群馬県立ふれあいスポーツプラザ,下触町283-3,3,-99,9999
139.191691,36.365705,10204,3,99999,03101,群馬県立ふれあいスポーツプラザ,下触町283-3,3,-99,9999
139.191691,36.365313,10204,3,99999,03104,群馬県立ふれあいスポーツプラザ,下触町283-3,3,-99,9999
139.190883,36.366318,10204,3,99999,03115,群馬県立ふれあいスポーツプラザ,下触町283-3,3,-99,9999
139.004824,36.393879,10202,3,99999,03102,高崎市群馬中央野球場,棟高町1169-1,3,-99,9999
139.078833,36.298188,10202,3,99999,03146,群馬の森公園,綿貫町992-1,3,-99,9999
139.04886,36.402681,10201,3,99999,03138,幸始園,総社町1,3,-99,9999
139.384858,36.553862,10212,3,99999,03109,国民宿舎「サンレイク草木」,東町草木1654-1,3,-99,9999
139.38487,36.553662,10212,3,99999,03120,国民宿舎「サンレイク草木」,東町草木1654-1,3,-99,9999
139.125773,36.482859,10201,3,99999,03109,赤城青年の家,富士見町赤城山27,3,-99,9999
139.125749,36.482754,10201,3,99999,03112,赤城青年の家,富士見町赤城山27,3,-99,9999
139.123253,36.482993,10201,3,99999,03104,赤城青年の家,富士見町赤城山27,3,-99,9999
139.122873,36.48219,10201,3,99999,03115,赤城青年の家,富士見町赤城山27,3,-99,9999
139.126165,36.481712,10201,3,99999,03145,赤城青年の家オリエンテーリングコース,富士見町赤城山27,3,-99,9999
139.011194,36.507535,10208,3,99999,03109,サークルハウス一刻館,白井585,3,-99,9999
139.011206,36.507153,10208,3,99999,03138,サークルハウス一刻館,白井585,3,-99,9999
139.257571,36.768414,10443,3,99999,03103,サエラリゾート尾瀬,東小川4648,3,-99,9999
139.253661,36.769013,10443,3,99999,03141,サエラリゾート尾瀬,東小川4648,3,-99,9999
139.061061,36.293616,10202,3,99999,03136,サンコー第一ボウル,倉賀野町3199,3,-99,9999
139.341199,36.327436,10205,3,99999,03104,サンスポーツランド太田,鳥山上町2282,3,-99,9999
139.340794,36.326431,10205,3,99999,03115,サンスポーツランド太田,鳥山上町2282,3,-99,9999
139.031515,36.533704,10208,3,99999,03105,渋川市赤城温水プール（ユートピア赤城）,赤城町宮田850-3,3,-99,9999
139.032038,36.533656,10208,3,99999,03107,渋川市赤城温水プール（ユートピア赤城）,赤城町宮田850-3,3,-99,9999
139.130681,36.560034,10208,3,99999,03142,渋川市赤城キャンプ場,赤城町北赤城山1022,3,-99,9999
139.054886,36.53651,10208,3,99999,03109,渋川市赤城総合運動自然公園,赤城町北上野444,3,-99,9999
139.054898,36.536395,10208,3,99999,03110,渋川市赤城総合運動自然公園,赤城町北上野444,3,-99,9999
139.054933,36.5363,10208,3,99999,03111,渋川市赤城総合運動自然公園,赤城町北上野444,3,-99,9999
139.054969,36.536166,10208,3,99999,03121,渋川市赤城総合運動自然公園,赤城町北上野444,3,-99,9999
139.05504,36.536032,10208,3,99999,03122,渋川市赤城総合運動自然公園,赤城町北上野444,3,-99,9999
139.054933,36.5382,10208,3,99999,03104,渋川市赤城総合運動自然公園,赤城町北上野444,3,-99,9999
139.054398,36.536071,10208,3,99999,03115,渋川市赤城総合運動自然公園,赤城町北上野444,3,-99,9999
139.057072,36.536806,10208,3,99999,03101,渋川市赤城総合運動自然公園,赤城町北上野444,3,-99,9999
139.041538,36.554134,10208,3,99999,03104,渋川市赤城第２総合グランド,赤城町津久田1707,3,-99,9999
139.049395,36.555441,10208,3,99999,03104,渋川市赤城沼尾川親水公園,赤城町津久田,3,-99,9999
139.049383,36.555317,10208,3,99999,03142,渋川市赤城沼尾川親水公園,赤城町津久田,3,-99,9999
139.04613,36.5169,10208,3,99999,03109,渋川市赤城社会体育館,赤城町滝沢179,3,-99,9999
139.046178,36.516776,10208,3,99999,03110,渋川市赤城社会体育館,赤城町滝沢179,3,-99,9999
139.046225,36.516652,10208,3,99999,03111,渋川市赤城社会体育館,赤城町滝沢179,3,-99,9999
139.003973,36.474117,10208,3,99999,03102,渋川市有馬野球場,有馬167,3,-99,9999
139.015698,36.489582,10208,3,99999,03138,渋川市大崎緑地公園,大崎3999-1,3,-99,9999
139.01634,36.488006,10208,3,99999,03104,渋川市大崎緑地公園,大崎3999-1,3,-99,9999
139.00514,36.530366,10208,3,99999,03110,渋川市子持格技場,中郷2260-8,3,-99,9999
139.005033,36.530433,10208,3,99999,03111,渋川市子持格技場,中郷2260-8,3,-99,9999
139.013153,36.515781,10208,3,99999,03109,渋川市子持社会体育館,吹屋658-10,3,-99,9999
139.013129,36.515628,10208,3,99999,03129,渋川市子持社会体育館,吹屋658-10,3,-99,9999
139.013058,36.515447,10208,3,99999,03120,渋川市子持社会体育館,吹屋658-10,3,-99,9999
139.005449,36.54415,10208,3,99999,03121,渋川市子持総合運動場,中郷2537-12,3,-99,9999
139.00457,36.545448,10208,3,99999,03104,渋川市子持総合運動場,中郷2537-12,3,-99,9999
139.004486,36.544561,10208,3,99999,03102,渋川市子持総合運動場,中郷2537-12,3,-99,9999
139.003845,36.544761,10208,3,99999,03115,渋川市子持総合運動場,中郷2537-12,3,-99,9999
139.005544,36.54436,10208,3,99999,03106,渋川市子持総合運動場,中郷2537-12,3,-99,9999
139.055715,36.571872,10208,3,99999,03142,渋川市子持ひするまオートキャンプ場,上白井日出島,3,-99,9999
139.006194,36.544901,10208,3,99999,03142,渋川市子持メープルヴィレッジ,中郷,3,-99,9999
139.004416,36.54426,10208,3,99999,03104,渋川市子持野球場,上白井2569,3,-99,9999
139.034405,36.461249,10208,3,99999,03104,渋川市坂東橋緑地公園,半田2836-1,3,-99,9999
139.034762,36.460302,10208,3,99999,03115,渋川市坂東橋緑地公園,半田2836-1,3,-99,9999
139.01673,36.484598,10208,3,99999,03121,渋川市武道館,中村830-6,3,-99,9999
139.016742,36.484493,10208,3,99999,03110,渋川市武道館,中村830-6,3,-99,9999
139.016754,36.484388,10208,3,99999,03111,渋川市武道館,中村830-6,3,-99,9999
139.016765,36.484283,10208,3,99999,03129,渋川市武道館,中村830-6,3,-99,9999
139.042133,36.489399,10208,3,99999,03121,渋川市北橘愛宕山ふるさと公園弓道場,北橘町小室404-1,3,-99,9999
139.04205,36.489848,10208,3,99999,03115,渋川市北橘愛宕山ふるさと公園テニスコート,北橘町小室404-1,3,-99,9999
139.043387,36.495346,10208,3,99999,03104,渋川市北橘小室青少年広場,北橘町小室1067-2,3,-99,9999
139.029397,36.476668,10208,3,99999,03102,渋川市北橘総合グラウンド,北橘町真壁658,3,-99,9999
139.028945,36.477662,10208,3,99999,03104,渋川市北橘総合グラウンド,北橘町真壁658,3,-99,9999
139.040734,36.488351,10208,3,99999,03109,渋川市北橘総合社会体育館,北橘町真壁43-47,3,-99,9999
139.040639,36.48837,10208,3,99999,03110,渋川市北橘総合社会体育館,北橘町真壁43-47,3,-99,9999
139.04052,36.488408,10208,3,99999,03111,渋川市北橘総合社会体育館,北橘町真壁43-47,3,-99,9999
139.040413,36.488446,10208,3,99999,03129,渋川市北橘総合社会体育館,北橘町真壁43-47,3,-99,9999
139.040235,36.488465,10208,3,99999,03120,渋川市北橘総合社会体育館,北橘町真壁43-47,3,-99,9999
139.018174,36.498984,10208,3,99999,03104,渋川市北橘八崎青少年広場,北橘町八崎229-2,3,-99,9999
139.040877,36.488809,10208,3,99999,03106,渋川市北橘プール,北橘町真壁43-47,3,-99,9999
139.032091,36.459687,10208,3,99999,03106,渋川市民プール,半田2900,3,-99,9999
139.056943,36.626211,10448,3,99999,03115,昭和の森ゴルフ場,森下487,3,-99,9999
139.075536,36.642823,10448,3,99999,03121,昭和村弓道場,糸井1278,3,-99,9999
139.053134,36.614448,10448,3,99999,03109,昭和村社会体育館,森下895,3,-99,9999
139.05311,36.614257,10448,3,99999,03120,昭和村社会体育館,森下895,3,-99,9999
139.091824,36.62242,10448,3,99999,03104,昭和村総合運動公園,糸井5895,3,-99,9999
139.090992,36.623383,10448,3,99999,03102,昭和村総合運動公園,糸井5895,3,-99,9999
139.090232,36.622725,10448,3,99999,03115,昭和村総合運動公園,糸井5895,3,-99,9999
139.067643,36.640846,10448,3,99999,03104,昭和村多目的屋内運動場,糸井588,3,-99,9999
139.148206,36.282421,10464,3,99999,03134,新玉村ゴルフ場,川井1065-1,3,-99,9999
139.287717,36.249097,10205,3,99999,03134,上武ゴルフ場,徳川町45,3,-99,9999
139.359213,36.367689,10203,3,99999,03131,上毛ゴールドレーン,広沢町6-185-1,3,-99,9999
139.227848,36.710145,10206,3,99999,03142,皇海山キャンプの森,利根町追貝2618,3,-99,9999
139.379402,36.823036,10443,3,99999,03142,菅沼キャンプ村,東小川4658,3,-99,9999
139.171783,36.777819,10443,3,99999,03141,スノーパル・オグナ武尊,花咲,3,-99,9999
139.39958,36.301458,10205,3,99999,03138,すぱーく太田,東長岡町1801-1,3,-99,9999
139.026538,36.348777,10202,3,99999,03102,高崎市貝沢野球場,貝沢町60,3,-99,9999
139.000775,36.397984,10202,3,99999,03110,高崎市群馬柔剣道場,棟高町982,3,-99,9999
139.000775,36.39785,10202,3,99999,03111,高崎市群馬柔剣道場,棟高町982,3,-99,9999
139.001223,36.38017,10202,3,99999,03104,高崎市群馬堤下公園,棟高町2567,3,-99,9999
139.002868,36.397986,10202,3,99999,03106,高崎市群馬プール,金古町490-1,3,-99,9999
139.021093,36.40426,10202,3,99999,03104,高崎市国府中規模運動広場,北原町304-1,3,-99,9999
139.061561,36.306862,10202,3,99999,03109,高崎市心身障害者体育センター,柴崎町1746-1,3,-99,9999
139.061715,36.306795,10202,3,99999,03120,高崎市心身障害者体育センター,柴崎町1746-1,3,-99,9999
139.124228,36.278324,10202,3,99999,03105,高崎市新町温水プール,新町3273-1,3,-99,9999
139.124181,36.278199,10202,3,99999,03129,高崎市新町温水プール,新町3273-1,3,-99,9999
139.111122,36.281263,10202,3,99999,03102,高崎市新町烏川運動場,新町2871,3,-99,9999
139.108448,36.280899,10202,3,99999,03138,高崎市新町烏川運動場,新町2871,3,-99,9999
139.124462,36.27873,10202,3,99999,03115,高崎市新町下河原テニスコート,新町861,3,-99,9999
139.106005,36.267195,10202,3,99999,03109,高崎市新町児童体育館,新町1497,3,-99,9999
139.112449,36.27701,10202,3,99999,03109,高崎市新町住民体育館,新町3168,3,-99,9999
139.112425,36.276819,10202,3,99999,03112,高崎市新町住民体育館,新町3168,3,-99,9999
139.009232,36.312619,10202,3,99999,03104,高崎市城南総合運動場,下和田町2-11-1,3,-99,9999
139.009398,36.313366,10202,3,99999,03106,高崎市城南プール,下和田町2-11-1,3,-99,9999
139.007894,36.314298,10202,3,99999,03102,高崎市城南野球場,下和田町2-12,3,-99,9999
139.003064,36.302357,10202,3,99999,03119,高崎市相撲場,石原町3892-7,3,-99,9999
139.017307,36.321352,10202,3,99999,03109,高崎市中央体育館,栄町11-1,3,-99,9999
139.017295,36.321218,10202,3,99999,03129,高崎市中央体育館,栄町11-1,3,-99,9999
139.017295,36.321074,10202,3,99999,03120,高崎市中央体育館,栄町11-1,3,-99,9999
139.01621,36.349041,10202,3,99999,03129,高崎市中高年齢労働者福祉センター（サンライフ高崎）,問屋町4-8-8,3,-99,9999
139.01618,36.348956,10202,3,99999,03120,高崎市中高年齢労働者福祉センター（サンライフ高崎）,問屋町4-8-8,3,-99,9999
139.012619,36.384346,10202,3,99999,03104,高崎市堤ヶ岡中規模運動広場,菅谷町77-82,3,-99,9999
139.07666,36.306234,10202,3,99999,03105,高崎市東部プール,台新田町321,3,-99,9999
139.017299,36.348481,10202,3,99999,03115,高崎市問屋町庭球場,問屋町4-8-6,3,-99,9999
139.002693,36.314191,10202,3,99999,03104,高崎市聖石橋球場,石原町,3,-99,9999
139.002697,36.302175,10202,3,99999,03112,高崎市武道館,石原町3892-7,3,-99,9999
139.006673,36.3346,10202,3,99999,03105,高崎市北部プール,昭和町170,3,-99,9999
139.05898,36.289378,10202,3,99999,03134,高崎市民ゴルフ場,阿久津町1909-1,3,-99,9999
139.064655,36.311144,10202,3,99999,03104,高崎市流通センター運動広場,下大類町1258,3,-99,9999
139.000295,36.317457,10202,3,99999,03104,高崎市和田橋運動広場,片岡町1-17-1,3,-99,9999
139.075049,36.306224,10202,3,99999,03109,高崎青年センター,台新田町314,3,-99,9999
139.076213,36.306157,10202,3,99999,03115,高崎青年センター,台新田町314,3,-99,9999
139.560983,36.228714,10207,3,99999,03109,館林市赤羽運動場,赤生田町1950-2,3,-99,9999
139.561791,36.228618,10207,3,99999,03102,館林市赤羽運動場,赤生田町1950-2,3,-99,9999
139.559423,36.247635,10207,3,99999,03115,館林市営テニスコート,当郷町1895,3,-99,9999
139.604943,36.25841,10207,3,99999,03102,館林市大島東部運動公園,大島町6020,3,-99,9999
139.605763,36.258429,10207,3,99999,03115,館林市大島東部運動公園,大島町6020,3,-99,9999
139.503863,36.226303,10207,3,99999,03104,館林市近藤沼公園多目的広場,下三林町1640,3,-99,9999
139.548066,36.242229,10207,3,99999,03106,館林市城沼市民プール,つつじ町14-1,3,-99,9999
139.546533,36.241069,10207,3,99999,03104,館林市城沼総合運動場多目的広場,つつじ町14-1,3,-99,9999
139.543978,36.239018,10207,3,99999,03109,館林市城沼総合体育館,つつじ町14-1,3,-99,9999
139.543966,36.238912,10207,3,99999,03110,館林市城沼総合体育館,つつじ町14-1,3,-99,9999
139.543942,36.238816,10207,3,99999,03111,館林市城沼総合体育館,つつじ町14-1,3,-99,9999
139.54393,36.238711,10207,3,99999,03120,館林市城沼総合体育館,つつじ町14-1,3,-99,9999
139.543752,36.239027,10207,3,99999,03129,館林市城沼総合体育館,つつじ町14-1,3,-99,9999
139.543645,36.241366,10207,3,99999,03115,館林市城沼庭球場,つつじ町14-1,3,-99,9999
139.543847,36.24011,10207,3,99999,03102,館林市城沼野球場,つつじ町14-1,3,-99,9999
139.50838,36.231591,10207,3,99999,03105,館林市総合福祉センター温水プール,苗木町2457,3,-99,9999
139.508206,36.264216,10207,3,99999,03102,館林市高根運動場,高根町750,3,-99,9999
139.508836,36.263861,10207,3,99999,03103,館林市高根運動場,高根町750,3,-99,9999
139.506947,36.257595,10207,3,99999,03104,館林市高根中央公園グラウンド,西高根町31,3,-99,9999
139.541769,36.233199,10207,3,99999,03104,館林市東部中央公園グラウンド,東美園町20,3,-99,9999
139.472883,36.220797,10207,3,99999,03104,館林市東山運動広場,野辺町769-6,3,-99,9999
139.473715,36.220884,10207,3,99999,03115,館林市東山運動広場,野辺町769-6,3,-99,9999
139.53533,36.236916,10207,3,99999,03104,館林市緑町中央公園グラウンド,緑町2-17,3,-99,9999
139.559542,36.24709,10207,3,99999,03109,館林市民体育館,当郷町1904,3,-99,9999
139.570654,36.266664,10207,3,99999,03103,館林市渡良瀬川河川敷青少年ひろば,大島町4659地先,3,-99,9999
139.571807,36.266299,10207,3,99999,03142,館林市渡良瀬川河川敷青少年ひろば,大島町4659地先,3,-99,9999
139.534969,36.234805,10207,3,99999,03131,館林スポーツレーン,美園町15-7,4,-99,9999
139.130356,36.286434,10464,3,99999,03134,玉村ゴルフ場,角淵5006,4,-99,9999
139.114514,36.29803,10464,3,99999,03109,玉村町社会体育館,上之手1517,3,-99,9999
139.114514,36.297858,10464,3,99999,03129,玉村町社会体育館,上之手1517,3,-99,9999
139.119787,36.284308,10464,3,99999,03104,玉村町烏川河川運動場,大字角渕3943-1,3,-99,9999
139.101257,36.297284,10464,3,99999,03101,玉村町総合運動公園,宇貫480,3,-99,9999
139.100366,36.298261,10464,3,99999,03102,玉村町総合運動公園,宇貫480,3,-99,9999
139.102113,36.299056,10464,3,99999,03115,玉村町総合運動公園,宇貫480,3,-99,9999
139.10178,36.298155,10464,3,99999,03138,玉村町総合運動公園,宇貫480,3,-99,9999
139.1449,36.29333,10464,3,99999,03104,玉村町東部運動場,川井32,3,-99,9999
139.151335,36.289426,10464,3,99999,03105,玉村町Ｂ＆Ｇ海洋センター,飯倉59-4,3,-99,9999
139.123993,36.319143,10464,3,99999,03103,玉村町北部公園サッカー場,上福島311-1,3,-99,9999
139.076625,36.780409,10206,3,99999,03141,たんばらスキーパーク,玉原高原,4,-99,9999
139.442243,36.216862,10523,3,99999,03109,千代田町民体育館,赤岩1916-1,3,-99,9999
139.441756,36.217025,10523,3,99999,03115,千代田町民テニスコート,赤岩1916-1,3,-99,9999
139.462288,36.202547,10523,3,99999,03109,千代田町温水プール・小体育館,上五箇600-2,3,-99,9999
139.461872,36.202519,10523,3,99999,03105,千代田町温水プール・小体育館,上五箇600-2,3,-99,9999
139.451411,36.229387,10523,3,99999,03104,千代田町くらかけ公園,赤岩2714,3,-99,9999
139.451435,36.231438,10523,3,99999,03115,千代田町くらかけ公園,赤岩2714,3,-99,9999
139.478517,36.203759,10523,3,99999,03104,千代田町昭和公園,昭和4,3,-99,9999
139.462852,36.202532,10523,3,99999,03109,千代田町総合体育館,上五箇600-1,3,-99,9999
139.462852,36.202426,10523,3,99999,03129,千代田町総合体育館,上五箇600-1,3,-99,9999
139.463909,36.202215,10523,3,99999,03104,千代田町東部運動場,上五箇600-1,3,-99,9999
139.461117,36.202551,10523,3,99999,03115,千代田町東部運動場,上五箇600-1,3,-99,9999
139.463529,36.200892,10523,3,99999,03102,千代田町東部運動場,上五箇600-1,3,-99,9999
139.462507,36.20094,10523,3,99999,03103,千代田町東部運動場,上五箇600-1,3,-99,9999
139.463933,36.201851,10523,3,99999,03138,千代田町東部運動場,上五箇600-1,3,-99,9999
139.425996,36.217949,10523,3,99999,03104,千代田町なかさと公園,舞木470-16,3,-99,9999
139.426483,36.219033,10523,3,99999,03102,千代田町なかさと公園,舞木470-16,3,-99,9999
139.425996,36.21815,10523,3,99999,03138,千代田町なかさと公園,舞木470-16,3,-99,9999
139.036793,36.653795,10206,3,99999,03109,沼田勤労青少年体育センター,白岩町200,3,-99,9999
139.037173,36.653775,10206,3,99999,03115,沼田勤労青少年体育センター,白岩町200,3,-99,9999
139.039951,36.647717,10206,3,99999,03115,沼田公園庭球場,西倉内町594(沼田公園内),3,-99,9999
139.040937,36.648785,10206,3,99999,03102,沼田公園野球場,西倉内町594(沼田公園内),3,-99,9999
139.023615,36.648321,10206,3,99999,03101,沼田市運動公園,硯田町626,3,-99,9999
139.024934,36.648073,10206,3,99999,03104,沼田市運動公園,硯田町626,3,-99,9999
139.024375,36.646833,10206,3,99999,03102,沼田市運動公園,硯田町626,3,-99,9999
139.022866,36.650418,10206,3,99999,03106,沼田市運動公園,硯田町626,3,-99,9999
139.065358,36.645532,10206,3,99999,03109,沼田市旧利南中運動場,上沼須町366-1,3,-99,9999
139.065049,36.645017,10206,3,99999,03104,沼田市旧利南中運動場,上沼須町366-1,3,-99,9999
139.142046,36.662942,10206,3,99999,03109,高平トレーニングハウス,白沢町高平274,3,-99,9999
139.156588,36.659384,10206,3,99999,03109,生枝トレーニングハウス,白沢町生枝1480,3,-99,9999
139.160239,36.649654,10206,3,99999,03109,岩室トレーニングハウス,白沢町岩室327-1,3,-99,9999
139.144841,36.650631,10206,3,99999,03109,尾合トレーニングハウス,白沢町尾合906,3,-99,9999
139.126793,36.656128,10206,3,99999,03109,平出トレーニングハウス,白沢町平出768,3,-99,9999
139.118478,36.670594,10206,3,99999,03109,上古語父トレーニングハウス,白沢町上古語父1785-2,3,-99,9999
139.114817,36.677461,10206,3,99999,03109,下古語父トレーニングハウス,白沢町下古語父,3,-99,9999
139.135749,36.661669,10206,3,99999,03103,沼田市白沢高齢者多目的室内運動場,白沢町平出167,3,-99,9999
139.119809,36.677747,10206,3,99999,03104,沼田市白沢下古農民広場,白沢町下古語父270,3,-99,9999
139.141827,36.662989,10206,3,99999,03138,高平ゲートボール場,白沢町高平,3,-99,9999
139.161113,36.64879,10206,3,99999,03138,岩室ゲートボール場,白沢町岩室,3,-99,9999
139.12235,36.672215,10206,3,99999,03138,上古語父ゲートボール場,白沢町上古語父,3,-99,9999
139.134861,36.661515,10206,3,99999,03121,沼田市白沢弓道場,白沢町平出133-1,3,-99,9999
139.132635,36.66429,10206,3,99999,03115,沼田市白沢テニスコート,白沢町高平15-1,3,-99,9999
139.148704,36.650084,10206,3,99999,03106,沼田市白沢プール,白沢町尾合1222-1,3,-99,9999
139.152151,36.65748,10206,3,99999,03104,沼田市白沢生枝山村広場,白沢町生枝1488-1,3,-99,9999
139.134479,36.66468,10206,3,99999,03104,沼田市白沢農民広場,白沢町高平105,3,-99,9999
139.134424,36.664366,10206,3,99999,03104,平出青少年広場,白沢町平出952,3,-99,9999
139.134454,36.664538,10206,3,99999,03138,平出青少年広場,白沢町平出952,3,-99,9999
139.149924,36.649406,10206,3,99999,03104,尾合青少年広場,白沢町尾合1222-1,3,-99,9999
139.149834,36.649223,10206,3,99999,03138,尾合青少年広場,白沢町尾合1222-1,3,-99,9999
139.13228,36.663976,10206,3,99999,03110,沼田市白沢武道館,白沢町高平14-5,3,-99,9999
139.132149,36.664005,10206,3,99999,03111,沼田市白沢武道館,白沢町高平14-5,3,-99,9999
139.146248,36.648558,10206,3,99999,03138,沼田市白沢三沢交流広場,白沢町尾合2543,3,-99,9999
139.164001,36.65016,10206,3,99999,03102,沼田市白沢野球場,白沢町岩室734,3,-99,9999
139.019785,36.641928,10206,3,99999,03104,沼田市スポーツパーク川田,下川田町1533,3,-99,9999
139.019975,36.642395,10206,3,99999,03115,沼田市スポーツパーク川田,下川田町1533,3,-99,9999
139.019773,36.641651,10206,3,99999,03138,沼田市スポーツパーク川田,下川田町1533,3,-99,9999
139.209341,36.675776,10206,3,99999,03104,沼田市利根老神多目的広場,利根町老神361,3,-99,9999
139.212345,36.681696,10206,3,99999,03115,沼田市利根大楊テニスコート,利根町大楊152,3,-99,9999
139.197949,36.665796,10206,3,99999,03104,沼田市利根屋内運動施設,利根町,3,-99,9999
139.211264,36.693722,10206,3,99999,03105,沼田市利根温水プール,利根町大楊1086-1,3,-99,9999
139.212181,36.697241,10206,3,99999,03110,沼田市利根柔剣道場,利根町追貝374,3,-99,9999
139.21205,36.697165,10206,3,99999,03111,沼田市利根柔剣道場,利根町追貝374,3,-99,9999
139.181475,36.653484,10206,3,99999,03115,沼田市利根薗原テニスコート,利根町園原,3,-99,9999
139.184441,36.655745,10206,3,99999,03109,沼田市利根園原ふれあい屋内運動場,利根町園原701-3,3,-99,9999
139.184441,36.655668,10206,3,99999,03120,沼田市利根園原ふれあい屋内運動場,利根町園原701-3,3,-99,9999
139.183293,36.654361,10206,3,99999,03104,沼田市利根薗原野球場,利根町園原,3,-99,9999
139.217818,36.720023,10206,3,99999,03115,沼田市利根千鳥河川公園,利根町平川,3,-99,9999
139.21821,36.720223,10206,3,99999,03138,沼田市利根千鳥河川公園,利根町平川,3,-99,9999
139.213451,36.696433,10206,3,99999,03104,沼田市利根トレーニングハウス,利根町大楊1089,3,-99,9999
139.21338,36.696348,10206,3,99999,03138,沼田市利根トレーニングハウス,利根町大楊1089,3,-99,9999
139.213035,36.696005,10206,3,99999,03115,沼田市利根トレーニングハウス,利根町大楊1089,3,-99,9999
139.186058,36.627068,10206,3,99999,03104,沼田市利根南郷運動広場,利根町日影南郷343-1,3,-99,9999
139.186213,36.626791,10206,3,99999,03138,沼田市利根南郷運動広場,利根町日影南郷343-1,3,-99,9999
139.185951,36.62743,10206,3,99999,03115,沼田市利根南郷運動広場,利根町日影南郷343-1,3,-99,9999
139.149517,36.635556,10206,3,99999,03104,沼田市利根南部山村広場,利根町輪組889-1,3,-99,9999
139.149416,36.636305,10206,3,99999,03115,沼田市利根南部山村広場,利根町輪組889-1,3,-99,9999
139.229844,36.610395,10206,3,99999,03104,沼田市利根根利山村広場,利根町根利738-25,3,-99,9999
139.148289,36.636084,10206,3,99999,03109,沼田市利根農業者トレーニングセンター,利根町輪組867-2,3,-99,9999
139.148313,36.635979,10206,3,99999,03120,沼田市利根農業者トレーニングセンター,利根町輪組867-2,3,-99,9999
139.212369,36.694871,10206,3,99999,03109,沼田市利根農民健康増進施設,利根町大楊1078,3,-99,9999
139.212262,36.694738,10206,3,99999,03120,沼田市利根農民健康増進施設,利根町大楊1078,3,-99,9999
139.225757,36.721594,10206,3,99999,03104,沼田市利根平川運動広場,利根町追貝2099,3,-99,9999
139.225745,36.721766,10206,3,99999,03104,沼田市利根平川スポーツ広場,利根町追貝,3,-99,9999
139.057066,36.69209,10206,3,99999,03138,沼田市ニュースポーツ広場,発知新田町19-1,3,-99,9999
139.04014,36.648875,10206,3,99999,03112,沼田市武道場,西倉内町650(沼田公園内),3,-99,9999
139.059223,36.648639,10206,3,99999,03109,沼田市民体育館,東原新町1801-1,3,-99,9999
139.040247,36.649161,10206,3,99999,03110,沼田小講堂記念体育館,西倉内町650(沼田公園内),3,-99,9999
139.040259,36.649056,10206,3,99999,03120,沼田小講堂記念体育館,西倉内町650(沼田公園内),3,-99,9999
139.049689,36.644155,10206,3,99999,03136,沼田ボウル,材木町13,4,-99,9999
139.185706,36.547285,10201,3,99999,03142,バンガロービレッジ森の家,富士見町赤城山2,3,-99,9999
139.062513,36.195572,10209,3,99999,03102,藤岡市鬼石浄法寺スポーツ公園,浄法寺1006,3,-99,9999
139.062573,36.194584,10209,3,99999,03103,藤岡市鬼石浄法寺スポーツ公園,浄法寺1006,3,-99,9999
139.062537,36.194891,10209,3,99999,03138,藤岡市鬼石浄法寺スポーツ公園,浄法寺1006,3,-99,9999
139.017652,36.143033,10209,3,99999,03109,藤岡市おにし青少年野外活動センター,保美濃山1550,4,-99,9999
139.018175,36.141373,10209,3,99999,03104,藤岡市おにし青少年野外活動センター,保美濃山1550,4,-99,9999
139.018757,36.141814,10209,3,99999,03142,藤岡市おにし青少年野外活動センター,保美濃山1550,4,-99,9999
139.045987,36.149959,10209,3,99999,03104,藤岡市鬼石総合グラウンド,譲原39,3,-99,9999
139.046415,36.150372,10209,3,99999,03115,藤岡市鬼石総合グラウンド,譲原39,3,-99,9999
139.055543,36.159353,10209,3,99999,03109,藤岡市鬼石体育館,鬼石411-1,3,-99,9999
139.045933,36.150707,10209,3,99999,03105,藤岡市鬼石プール,譲原39,3,-99,9999
139.090123,36.287332,10209,3,99999,03142,藤岡市烏川オートキャンプ場,立石1667,3,-99,9999
139.093508,36.285367,10209,3,99999,03102,藤岡市烏川緑地スポーツ広場,立石1577,3,-99,9999
139.089693,36.286468,10209,3,99999,03103,藤岡市烏川緑地スポーツ広場,立石1577,3,-99,9999
139.101676,36.248933,10209,3,99999,03102,藤岡市神流川運動場,下戸塚778,3,-99,9999
139.100262,36.246987,10209,3,99999,03103,藤岡市神流川運動場,下戸塚778,3,-99,9999
139.051232,36.213129,10209,3,99999,03121,藤岡市弓道場,三本木530,3,-99,9999
139.067987,36.233723,10209,3,99999,03109,藤岡市勤労者体育センター,藤岡2597,3,-99,9999
139.069069,36.233495,10209,3,99999,03104,藤岡市庚申山総合公園,藤岡2606,3,-99,9999
139.068095,36.232795,10209,3,99999,03115,藤岡市庚申山総合公園,藤岡2606,3,-99,9999
139.067458,36.232614,10202,3,99999,03145,藤岡市庚申山総合公園オリエンテーリングコース,吉井町岩井232,3,-99,9999
139.077965,36.244296,10209,3,99999,03104,藤岡市中央公園,藤岡1567-1,3,-99,9999
139.078818,36.244033,10209,3,99999,03112,藤岡市武道館,藤岡1567-4,3,-99,9999
139.050233,36.212755,10209,3,99999,03102,藤岡市民球場,三本木530,3,-99,9999
139.067872,36.231285,10209,3,99999,03109,藤岡市民体育館,藤岡2623-1,3,-99,9999
139.067729,36.231218,10209,3,99999,03112,藤岡市民体育館,藤岡2623-1,3,-99,9999
139.067575,36.231122,10209,3,99999,03129,藤岡市民体育館,藤岡2623-1,3,-99,9999
139.069034,36.252905,10209,3,99999,03105,藤岡市民プール（みずとびあ藤岡）,藤岡1076,3,-99,9999
139.052135,36.211968,10209,3,99999,03101,藤岡市陸上競技場,三本木530,3,-99,9999
139.083202,36.456587,10201,3,99999,03106,富士見村民プール,富士見町小沢58,3,-99,9999
139.067237,36.456241,10201,3,99999,03104,富士見村南部地区農村広場,富士見町引田地内,3,-99,9999
139.067189,36.455744,10201,3,99999,03138,富士見村南部地区農村広場,富士見町引田地内,3,-99,9999
139.089361,36.434433,10201,3,99999,03104,富士見村愛宕運動広場,富士見町時沢地内,3,-99,9999
139.089266,36.434194,10201,3,99999,03138,富士見村愛宕運動広場,富士見町時沢地内,3,-99,9999
139.082062,36.469844,10201,3,99999,03104,富士見村石井１区風を生みだす故郷公園,富士見町石井地内,3,-99,9999
139.082086,36.469682,10201,3,99999,03138,富士見村石井１区風を生みだす故郷公園,富士見町石井地内,3,-99,9999
139.081289,36.462323,10201,3,99999,03104,富士見村石井２区光と緑のふれあい広場,富士見町石井地内,3,-99,9999
139.081508,36.46217,10201,3,99999,03138,富士見村石井２区光と緑のふれあい広場,富士見町石井地内,3,-99,9999
139.106729,36.476162,10201,3,99999,03104,富士見村石井３区風を生みだす故郷公園,富士見町石井地内,3,-99,9999
139.106597,36.47595,10201,3,99999,03138,富士見村石井３区風を生みだす故郷公園,富士見町石井地内,3,-99,9999
139.0757,36.480917,10201,3,99999,03104,富士見村市之木場光と緑のふれあい広場,富士見町市之木場地内,3,-99,9999
139.075664,36.480774,10201,3,99999,03138,富士見村市之木場光と緑のふれあい広場,富士見町市之木場地内,3,-99,9999
139.067999,36.465559,10201,3,99999,03104,富士見村漆窪光と緑のふれあい広場,富士見町漆窪,3,-99,9999
139.067951,36.465416,10201,3,99999,03138,富士見村漆窪光と緑のふれあい広場,富士見町漆窪,3,-99,9999
139.057906,36.469235,10201,3,99999,03104,富士見村米野故郷公園,富士見町米野地内,3,-99,9999
139.058298,36.469044,10201,3,99999,03138,富士見村米野故郷公園,富士見町米野地内,3,-99,9999
139.122115,36.476982,10201,3,99999,03104,富士見村総合グランド,富士見町皆沢315,3,-99,9999
139.123095,36.477847,10201,3,99999,03115,富士見村総合グランド,富士見町皆沢315,3,-99,9999
139.064438,36.443403,10201,3,99999,03104,富士見村原中風を生みだす故郷公園,富士見町原之郷地内,3,-99,9999
139.064426,36.443202,10201,3,99999,03138,富士見村原中風を生みだす故郷公園,富士見町原之郷地内,3,-99,9999
139.061692,36.438108,10201,3,99999,03104,富士見村原西運動公園,富士見町原之郷,3,-99,9999
139.061656,36.437897,10201,3,99999,03138,富士見村原西運動公園,富士見町原之郷,3,-99,9999
139.07079,36.483003,10201,3,99999,03104,富士見村山口農村公園,富士見町山口地内,3,-99,9999
139.070944,36.482955,10201,3,99999,03138,富士見村山口農村公園,富士見町山口地内,3,-99,9999
139.061465,36.449811,10201,3,99999,03104,富士見村横室ふれあい公園,富士見町横室地内,3,-99,9999
139.061251,36.449534,10201,3,99999,03138,富士見村横室ふれあい公園,富士見町横室地内,3,-99,9999
139.10656,36.693589,10202,3,99999,03145,ほたか高原川場オリエンテーリングコース,吉井町岩井232,4,-99,9999
139.173549,36.847869,10449,3,99999,03142,武尊自然休養林自然の森キャンプ場,藤原田代,4,-99,9999
139.1892,36.797975,10443,3,99999,03141,武尊牧場スキー場,花咲2797-2,4,-99,9999
139.220304,36.815072,10443,3,99999,03141,ホワイトワールド尾瀬岩鞍,土出2609,4,-99,9999
139.038954,36.422782,10201,3,99999,03134,前橋ゴルフ場,川原町594,4,-99,9999
139.046132,36.41605,10201,3,99999,03103,前橋ゴルフ場,川原町594,4,-99,9999
139.14346,36.403375,10201,3,99999,03104,前橋市大胡運動広場,茂木町,3,-99,9999
139.166855,36.416948,10201,3,99999,03104,前橋市大胡河原浜運動広場,河原浜町829-1,3,-99,9999
139.163945,36.42378,10201,3,99999,03109,前橋市大胡勤労者体育センター,河原浜町478,3,-99,9999
139.163945,36.423646,10201,3,99999,03120,前橋市大胡勤労者体育センター,河原浜町478,3,-99,9999
139.134164,36.458427,10201,3,99999,03142,前橋市大胡ぐりーんふらわー牧場,滝窪町,3,-99,9999
139.14583,36.43247,10201,3,99999,03121,前橋市大胡総合運動公園,堀越町473-4,3,-99,9999
139.144392,36.433665,10201,3,99999,03101,前橋市大胡総合運動公園,堀越町473-4,3,-99,9999
139.146091,36.433235,10201,3,99999,03102,前橋市大胡総合運動公園,堀越町473-4,3,-99,9999
139.145212,36.43202,10201,3,99999,03115,前橋市大胡総合運動公園,堀越町473-4,3,-99,9999
139.142264,36.449862,10201,3,99999,03104,前橋市大胡北部グランド,滝窪町1264,3,-99,9999
139.043663,36.39861,10201,3,99999,03101,前橋市王山運動場,総社町1-8-2,3,-99,9999
139.042997,36.398237,10201,3,99999,03115,前橋市王山運動場,総社町1-8-2,3,-99,9999
139.045616,36.394118,10201,3,99999,03105,前橋市大渡温水プール・トレーニングセンター,大渡町2-3-11,3,-99,9999
139.045616,36.393965,10201,3,99999,03129,前橋市大渡温水プール・トレーニングセンター,大渡町2-3-11,3,-99,9999
139.212187,36.411939,10201,3,99999,03121,前橋市粕川弓道場,粕川町西田面194-4,3,-99,9999
139.209662,36.411371,10201,3,99999,03104,前橋市粕川小学校校庭（旧粕川村スポーツ広場）,粕川町女渕521-1,3,-99,9999
139.190984,36.409903,10201,3,99999,03104,前橋市粕川西部総合運動公園,粕川町女渕1500-2,3,-99,9999
139.212865,36.410581,10201,3,99999,03104,前橋市粕川総合グラウンド,粕川町西田面194-4,3,-99,9999
139.21271,36.410781,10201,3,99999,03102,前橋市粕川総合グラウンド,粕川町西田面194-4,3,-99,9999
139.211914,36.411307,10201,3,99999,03115,前橋市粕川総合グラウンド,粕川町西田面194-4,3,-99,9999
139.20369,36.472841,10201,3,99999,03102,前橋市粕川中之沢野球場,粕川町中之沢70-51,3,-99,9999
139.128967,36.361643,10201,3,99999,03102,前橋市木瀬方面運動場,小屋原町1857-1,3,-99,9999
139.127778,36.36259,10201,3,99999,03115,前橋市木瀬方面運動場,小屋原町1857-1,3,-99,9999
139.12823,36.362025,10201,3,99999,03103,前橋市木瀬方面運動場,小屋原町1857-1,3,-99,9999
139.015589,36.414686,10201,3,99999,03102,前橋市清里方面運動場,青梨子町591,3,-99,9999
139.015589,36.414246,10201,3,99999,03138,前橋市清里方面運動場,青梨子町591,3,-99,9999
139.046484,36.393687,10201,3,99999,03109,前橋市勤労青少年体育センター,大渡町2-3-11,3,-99,9999
139.112971,36.385445,10201,3,99999,03102,前橋市産業人スポーツセンター,東片貝町417-4,3,-99,9999
139.080098,36.405721,10201,3,99999,03115,前橋市テニスコート,三俣町3-1,3,-99,9999
139.048779,36.405562,10201,3,99999,03102,前橋市利根川大渡緑地,総社町総社地内,3,-99,9999
139.050999,36.410644,10201,3,99999,03102,前橋市利根川敷島緑地,敷島町地内,3,-99,9999
139.049359,36.412882,10201,3,99999,03103,前橋市利根川敷島緑地,敷島町地内,3,-99,9999
139.040887,36.45069,10201,3,99999,03104,前橋市利根川田口緑地,田口町地内,3,-99,9999
139.055841,36.389663,10201,3,99999,03102,前橋市利根川中央緑地,石倉町地内,3,-99,9999
139.082451,36.413927,10201,3,99999,03102,前橋市北部運動場,上細井町2127-4,3,-99,9999
139.175949,36.442954,10201,3,99999,03109,前橋市宮城社会体育館,鼻毛石町1561,3,-99,9999
139.175925,36.442801,10201,3,99999,03129,前橋市宮城社会体育館,鼻毛石町1561,3,-99,9999
139.175914,36.442658,10201,3,99999,03120,前橋市宮城社会体育館,鼻毛石町1561,3,-99,9999
139.175673,36.446085,10201,3,99999,03101,前橋市宮城総合運動公園,鼻毛石町2270-1,3,-99,9999
139.176208,36.447414,10201,3,99999,03104,前橋市宮城総合運動公園,鼻毛石町2270-1,3,-99,9999
139.176006,36.444995,10201,3,99999,03115,前橋市宮城総合運動公園,鼻毛石町2270-1,3,-99,9999
139.190404,36.46913,10201,3,99999,03104,前橋市宮城総合グラウンド,苗ケ島町2516-1,3,-99,9999
139.171565,36.473371,10201,3,99999,03104,前橋市宮城殿林広場,三夜沢町657-1,3,-99,9999
139.171292,36.473333,10201,3,99999,03142,前橋市宮城殿林広場,三夜沢町657-1,3,-99,9999
139.079678,36.365207,10201,3,99999,03109,前橋市民体育館,上佐鳥町460-1,3,-99,9999
139.079666,36.365073,10201,3,99999,03110,前橋市民体育館,上佐鳥町460-1,3,-99,9999
139.079678,36.364949,10201,3,99999,03111,前橋市民体育館,上佐鳥町460-1,3,-99,9999
139.079499,36.364557,10201,3,99999,03121,前橋市民体育館,上佐鳥町460-1,3,-99,9999
139.079511,36.364423,10201,3,99999,03129,前橋市民体育館,上佐鳥町460-1,3,-99,9999
139.081588,36.417325,10201,3,99999,03106,前橋市民プール,上細井町2192,3,-99,9999
139.071511,36.368376,10201,3,99999,03105,前橋市六供温水プール,六供町1068,3,-99,9999
139.159848,36.378085,10201,3,99999,03102,前橋総合運動公園,荒口町437-2,3,-99,9999
139.159646,36.375894,10201,3,99999,03115,前橋総合運動公園,荒口町437-2,3,-99,9999
139.161856,36.37842,10201,3,99999,03103,前橋総合運動公園,荒口町437-2,3,-99,9999
139.162106,36.377071,10201,3,99999,03105,前橋総合運動公園,荒口町437-2,3,-99,9999
139.068184,36.392359,10201,3,99999,03105,前橋テルサ,千代田町2-5-1,3,-99,9999
139.068184,36.392235,10201,3,99999,03129,前橋テルサ,千代田町2-5-1,3,-99,9999
139.357008,36.375819,10203,3,99999,03104,桐生市松原橋公園,広沢町6地内松原橋そば,3,-99,9999
139.33031,36.815056,10443,3,99999,03141,丸沼高原,東小川4658-58,4,-99,9999
139.331142,36.813249,10443,3,99999,03142,丸沼高原,東小川4658-58,4,-99,9999
139.428976,36.576702,10212,3,99999,03142,みどり市東黒坂石バンガローテント村,東町沢入1146,3,-99,9999
139.370561,36.53747,10212,3,99999,03109,みどり市東総合運動公園,東町座間399,3,-99,9999
139.370525,36.537355,10212,3,99999,03120,みどり市東総合運動公園,東町座間399,3,-99,9999
139.37087,36.537193,10212,3,99999,03121,みどり市東総合運動公園,東町座間399,3,-99,9999
139.367768,36.538195,10212,3,99999,03104,みどり市東総合運動公園,東町座間399,3,-99,9999
139.369574,36.537766,10212,3,99999,03102,みどり市東総合運動公園,東町座間399,3,-99,9999
139.368433,36.538062,10212,3,99999,03115,みどり市東総合運動公園,東町座間399,3,-99,9999
139.369265,36.537861,10212,3,99999,03127,みどり市東総合運動公園,東町座間399,3,-99,9999
139.39265,36.578887,10212,3,99999,03104,みどり市東沢入運動広場,東町沢入460,3,-99,9999
139.393588,36.578772,10212,3,99999,03115,みどり市東沢入運動広場,東町沢入460,3,-99,9999
139.390584,36.578846,10212,3,99999,03142,みどり市東ファミリーオートキャンプ場そうり,東町沢入428-1,3,-99,9999
139.252717,36.477792,10212,3,99999,03104,みどり市大間々神梅運動公園,大間々町上神梅630,3,-99,9999
139.267813,36.436786,10212,3,99999,03104,みどり市大間々桐原グラウンド,大間々町桐原370,3,-99,9999
139.27014,36.429509,10212,3,99999,03121,みどり市大間々弓道場,大間々町桐原85,3,-99,9999
139.291011,36.42246,10212,3,99999,03104,みどり市大間々総合グラウンド,大間々町大間々1960,3,-99,9999
139.289276,36.421592,10212,3,99999,03115,みどり市大間々総合グラウンド,大間々町大間々1960,3,-99,9999
139.29608,36.466261,10212,3,99999,03104,みどり市大間々福岡中央スポーツ広場,大間町浅原1240,3,-99,9999
139.296401,36.466214,10212,3,99999,03138,みどり市大間々福岡中央スポーツ広場,大間町浅原1240,3,-99,9999
139.269664,36.459018,10212,3,99999,03109,みどり市大間々ふるさと往来センター,大間々町塩原435-1,3,-99,9999
139.308333,36.466685,10212,3,99999,03142,みどり市小平の里キャンプ場,大間々町小平445,3,-99,9999
139.291771,36.394136,10212,3,99999,03121,みどり市笠懸総合運動場,笠懸町阿左美1717-1,3,-99,9999
139.293007,36.394087,10212,3,99999,03104,みどり市笠懸総合運動場,笠懸町阿左美1717-1,3,-99,9999
139.290249,36.394312,10212,3,99999,03115,みどり市笠懸総合運動場,笠懸町阿左美1717-1,3,-99,9999
139.291449,36.393518,10212,3,99999,03103,みどり市笠懸総合運動場,笠懸町阿左美1717-1,3,-99,9999
139.290078,36.39269,10212,3,99999,03109,みどり市笠懸体育館,笠懸町鹿344,3,-99,9999
139.290233,36.392534,10212,3,99999,03120,みどり市笠懸体育館,笠懸町鹿344,3,-99,9999
139.265034,36.402615,10212,3,99999,03104,みどり市笠懸農村広場,笠懸町西鹿田1378-1,3,-99,9999
139.39172,36.579234,10212,3,99999,03142,みどり市ログキャビン奥渡良瀬,東町沢入434-1,3,-99,9999
139.076445,36.854618,10449,3,99999,03141,水上高原スキー場,水上高原上の原温泉,4,-99,9999
139.066246,36.851223,10449,3,99999,03141,水上高原藤原スキー場,藤原4957,4,-99,9999
139.062383,36.86243,10449,3,99999,03110,みなかみ町営国民休養施設,藤原,4,-99,9999
139.062502,36.86242,10449,3,99999,03111,みなかみ町営国民休養施設,藤原,4,-99,9999
139.062454,36.862316,10449,3,99999,03129,みなかみ町営国民休養施設,藤原,4,-99,9999
139.062359,36.862344,10449,3,99999,03109,みなかみ町営国民休養施設,藤原,4,-99,9999
139.062561,36.862306,10449,3,99999,03120,みなかみ町営国民休養施設,藤原,4,-99,9999
139.078451,36.837217,10449,3,99999,03141,水上宝台樹スキー場,藤原3839-1,3,-99,9999
139.075404,36.825186,10449,3,99999,03104,水上宝台樹やすらぎの森キャンプ場,藤原915-1,3,-99,9999
139.076313,36.825586,10449,3,99999,03142,水上宝台樹やすらぎの森キャンプ場,藤原915-1,3,-99,9999
139.0762,36.826233,10449,3,99999,03115,水上宝台樹やすらぎの森キャンプ場,藤原915-1,3,-99,9999
139.050526,36.834998,10449,3,99999,03115,みなかみ町蟹掛町営テニスコート,藤原,3,-99,9999
139.000274,36.673611,10449,3,99999,03138,みなかみ町月夜野屋内ゲートボール場,後閑38-1,3,-99,9999
139.000393,36.673516,10449,3,99999,03103,みなかみ町月夜野屋内ゲートボール場,後閑38-1,3,-99,9999
139.007928,36.66656,10449,3,99999,03104,みなかみ町月夜野南部運動広場,政所933-1地先,3,-99,9999
139.012079,36.670284,10449,3,99999,03109,みなかみ町月夜野南部体育館,政所463-1,3,-99,9999
139.011889,36.670227,10449,3,99999,03120,みなかみ町月夜野南部体育館,政所463-1,3,-99,9999
139.005292,36.681199,10449,3,99999,03106,みなかみ町月夜野プール,後閑1552,3,-99,9999
139.054552,36.838547,10449,3,99999,03109,みなかみ町農業者トレーニングセンター,藤原4053,3,-99,9999
139.054671,36.838461,10449,3,99999,03120,みなかみ町農業者トレーニングセンター,藤原4053,3,-99,9999
139.000875,36.801973,10449,3,99999,03109,みなかみ町農林漁業者等健康増進施設,綱子165-1,3,-99,9999
139.000733,36.801954,10449,3,99999,03120,みなかみ町農林漁業者等健康増進施設,綱子165-1,3,-99,9999
139.048028,36.833073,10449,3,99999,03104,みなかみ町藤原湖畔公園,藤原,3,-99,9999
139.486446,36.207998,10522,3,99999,03102,明和町大輪公園,236-10大輪,3,-99,9999
139.485958,36.208142,10522,3,99999,03115,明和町大輪公園,236-10大輪,3,-99,9999
139.5364,36.20966,10522,3,99999,03109,明和町社会体育館,新里299-1,3,-99,9999
139.5364,36.209564,10522,3,99999,03129,明和町社会体育館,新里299-1,3,-99,9999
139.536388,36.209459,10522,3,99999,03120,明和町社会体育館,新里299-1,3,-99,9999
139.503078,36.196803,10522,3,99999,03104,明和町利根川総合運動場,大輪地先,3,-99,9999
139.501556,36.196707,10522,3,99999,03102,明和町利根川総合運動場,大輪地先,3,-99,9999
139.500225,36.196467,10522,3,99999,03103,明和町利根川総合運動場,大輪地先,3,-99,9999
139.539204,36.210622,10522,3,99999,03105,明和町Ｂ＆Ｇ海洋センター,新里322-1,3,-99,9999
139.53765,36.211089,10522,3,99999,03104,明和町ふるさとの広場,南大島1073,3,-99,9999
139.537615,36.210772,10522,3,99999,03115,明和町ふるさとの広場,南大島1073,3,-99,9999
139.001237,36.264369,10202,3,99999,03106,吉井町運動公園,吉井町池1660,3,-99,9999
139.00151,36.263229,10202,3,99999,03127,吉井町運動公園,吉井町池1660,3,-99,9999
139.00132,36.263478,10202,3,99999,03102,吉井町運動公園,吉井町池1660,3,-99,9999
139.001025,36.276891,10202,3,99999,03102,吉井町南陽台中央公園,吉井町南陽台1-11-7,3,-99,9999
139.001584,36.276824,10202,3,99999,03115,吉井町南陽台中央公園,吉井町南陽台1-11-7,3,-99,9999
139.025002,36.441772,10345,3,99999,03104,吉岡町民グランド,漆原949-1,3,-99,9999
139.024979,36.442451,10345,3,99999,03115,吉岡町民テニスコート,漆原949-1,3,-99,9999
139.007381,36.444247,10345,3,99999,03106,吉岡町民プール,南下1382,3,-99,9999
139.00728,36.445387,10345,3,99999,03121,吉岡町弓道場,南下1388-1,3,-99,9999
139.025494,36.439169,10345,3,99999,03109,吉岡町駒寄地区児童屋内体育施設,漆原1016,3,-99,9999
139.007958,36.444607,10345,3,99999,03109,吉岡町社会体育館,南下1383-12,3,-99,9999
139.007994,36.444492,10345,3,99999,03112,吉岡町社会体育館,南下1383-12,3,-99,9999
139.009112,36.441665,10345,3,99999,03104,吉岡町八幡山公園多目的屋外運動場,南下1334-19,3,-99,9999
139.008744,36.442566,10345,3,99999,03115,吉岡町八幡山公園テニスコート,南下1374-5,3,-99,9999
139.036234,36.446502,10345,3,99999,03104,吉岡町緑地運動公園,漆原2004,3,-99,9999
139.036067,36.445565,10345,3,99999,03115,吉岡町緑地運動公園,漆原2004,3,-99,9999
139.035802,36.447972,10345,3,99999,03104,吉岡町緑地運動公園河川敷グランド,漆原2106,3,-99,9999
139.873916,36.606934,09201,3,03001,03001,宇都宮美術館,長岡町1077,3,2,1997
139.880338,36.566685,09201,3,03001,03001,学校法人宇都宮学園上野記念館,昭和2-5-8,4,3,1976
139.865946,36.567355,09201,3,03001,03001,栃木県立美術館,桜4-2-7,2,-99,1972
139.521625,36.316625,09202,3,03001,03001,栗田美術館,駒場町1542,4,-99,1973
139.432573,36.335616,09202,3,03001,03001,草雲美術館,緑町2-3768,3,1,1969
139.733246,36.380547,09203,3,03001,03001,とちぎ蔵の街美術館,万町3-23,3,-99,2003
139.612085,36.402276,09204,3,03001,03001,佐野市立吉澤記念美術館,葛生東1-14-30,3,-99,2002
139.576178,36.313667,09204,3,03001,03001,佐野東石美術館,本町2892,4,3,1980
139.573091,36.367398,09204,3,03001,03001,三好園,田沼町362,4,-99,9999
139.753636,36.570253,09205,3,03001,03001,鹿沼市立川上澄生美術館,睦町287-14,3,2,1992
139.605295,36.754743,09206,3,03001,03001,小杉放菴記念日光美術館,山内2388-3,3,2,1997
139.80871,36.309327,09208,3,03001,03001,日本人形博物館,駅東通1-126-3,4,-99,1991
139.848606,36.776052,09384,3,03001,03001,和気記念館,大字玉生648,4,1,1987
139.867955,36.478722,09201,3,03002,03002,宇都宮駐屯地防衛資料館,茂原1-5-45,1,1,1959
139.847226,36.550051,09201,3,03002,03002,昆虫博物館,鶴田町1557-1（栃音第2ビル（財）昆虫保存協会）,4,-99,1974
139.824753,36.599933,09201,3,03002,03002,大谷資料館,大谷町909,4,-99,9999
139.83709,36.513526,09201,3,03002,03002,栃木県子ども総合科学館,西川田町567,2,2,1988
139.860558,36.559328,09201,3,03002,03002,栃木県立博物館,睦町2-2,2,-99,1982
139.452801,36.335847,09202,3,03002,03002,史跡足利学校,昌平町2338,3,-99,1990
139.732408,36.381289,09203,3,03002,03002,横山郷土館,入舟町2-16,4,-99,1979
139.784976,36.380612,09203,3,03002,03002,下野国庁跡資料館,田村町300,3,1,1996
139.731019,36.378301,09203,3,03002,03002,塚田歴史伝説館,倭町2-16,4,-99,1979
139.702079,36.365595,09203,3,03002,03002,國學院大學栃木学園参考館,平井町字大平口717,4,-99,1989
139.6116,36.401673,09204,3,03002,03002,佐野市葛生化石館（佐野市郷土博物館別館）,葛生東1-11-15,3,-99,1979
139.611465,36.401197,09204,3,03002,03002,佐野市葛生伝承館（佐野市郷土博物館別館）,葛生東1-11-26,3,-99,2004
139.564928,36.312904,09204,3,03002,03002,佐野市郷土博物館,大橋町2047,3,2,1983
139.744901,36.563053,09205,3,03002,03002,鹿沼市木のふるさと伝統工芸館,麻苧町1556-1,3,-99,1992
139.679874,36.518721,09205,3,03002,03002,鹿沼市立粟野歴史民俗資料館,ロ粟野661,3,2,1980
139.499969,36.738655,09206,3,03002,03002,栃木県立日光自然博物館,中宮祠2840-1,2,2,1991
139.601003,36.754439,09206,3,03002,03002,日光山輪王寺宝物殿,山内2300,4,2,1983
139.689805,36.720616,09206,3,03002,03002,日光市歴史民俗資料館,平ケ崎27-1,3,1,1982
139.597952,36.756335,09206,3,03002,03002,日光東照宮宝物館,山内2280,4,2,1967
139.487975,36.741741,09206,3,03002,03002,日光二荒山神社宝物館,中宮祠2484,4,2,1962
139.755467,36.261526,09208,3,03002,03002,小山市立博物館,乙女1-31-7,3,-99,1983
139.881182,36.887539,09211,3,03002,03002,山縣有朋記念館,上伊佐野1022（山縣農場内）,4,2,1909
139.94475,36.776414,09211,3,03002,03002,矢板市立郷土資料館,片岡418,3,1,1979
139.924332,36.80875,09211,3,03002,03002,矢板市立矢板武記念館,本町15-3,3,-99,1998
139.966518,36.901265,09213,3,03002,03002,那須塩原市那須野が原博物館,三島5-1,3,-99,2004
139.806693,36.980878,09213,3,03002,03002,木の葉化石園,中塩原472,4,2,1905
139.956157,36.667331,09214,3,03002,03002,さくら市ミュージアム―荒井寛方記念館―,氏家1297,3,1,1993
139.810983,36.38606,09216,3,03002,03002,栃木県立しもつけ風土記の丘資料館,国分寺993,2,1,1986
139.8084,36.461948,09361,3,03002,03002,壬生町おもちゃ博物館,大字国谷2300,3,3,1995
139.797469,36.427805,09361,3,03002,03002,壬生町立歴史民俗資料館,本丸1-8-33,3,2,1986
139.681544,36.35141,09203,3,03002,03002,大平町歴史民俗資料館,大平町大字西山田898-1,3,2,1986
139.652372,36.260747,09203,3,03002,03002,栃木市藤岡歴史民俗資料館,藤岡町藤岡812,3,1,1980
139.867548,36.546251,09201,3,03003,03003,宇都宮市立中央図書館,明保野町7-57,3,-99,9999
139.908545,36.568597,09201,3,03003,03003,宇都宮市立東図書館,中今泉3-5-1,3,-99,9999
139.885461,36.565255,09201,3,03003,03003,栃木県立図書館,塙田1-3-23,2,4,9999
139.459232,36.343338,09202,3,03003,03003,栃木県立足利図書館,有楽町832,2,2,9999
139.736257,36.376868,09203,3,03003,03003,栃木市栃木図書館,旭町12-2,3,2,1986
139.6116,36.401673,09204,3,03003,03003,佐野市立葛生図書館,葛生東1-11-15,3,-99,9999
139.572365,36.314412,09204,3,03003,03003,佐野市立図書館,大蔵町2977,3,-99,9999
139.570121,36.374114,09204,3,03003,03003,佐野市立田沼図書館,田沼町910-5,3,-99,9999
139.680029,36.518939,09205,3,03003,03003,鹿沼市立図書館粟野館,口粟野661,3,-99,9999
139.753636,36.570253,09205,3,03003,03003,鹿沼市立図書館,睦町287-14,3,-99,9999
139.774142,36.548305,09205,3,03003,03003,鹿沼市立図書館東分館,栄町3-40-17,3,-99,9999
139.689798,36.720677,09206,3,03003,03003,日光市立今市図書館,中央町29-1,3,-99,9999
139.715412,36.823506,09206,3,03003,03003,日光市立藤原図書館,鬼怒川温泉大原1404-1,3,-99,9999
139.613152,36.74847,09206,3,03003,03003,日光市立日光図書館,御幸町4-1,3,-99,9999
139.817293,36.310439,09208,3,03003,03003,小山市立中央図書館,城東1-19-40,3,-99,9999
139.800089,36.314732,09208,3,03003,03003,小山市立中央図書館小山分館,中央町1-1-1,3,-99,9999
139.923043,36.805793,09211,3,03003,03003,矢板市立図書館,矢板59-2,3,-99,9999
139.896521,36.945179,09213,3,03003,03003,那須塩原市塩原図書館,関谷1266-4,3,-99,9999
139.983666,36.88236,09213,3,03003,03003,那須塩原市西那須野図書館,あたご町2-3,3,-99,9999
139.967739,36.684912,09214,3,03003,03003,さくら市氏家図書館,桜野1321,3,-99,9999
139.845802,36.378117,09216,3,03003,03003,下野市立国分寺図書館,駅東3-1-19,3,-99,9999
139.856361,36.43074,09216,3,03003,03003,下野市立石橋図書館,大松山1-7-3,3,-99,9999
139.877599,36.384672,09216,3,03003,03003,下野市立南河内図書館,田中681-1,3,-99,9999
139.914075,36.43434,09301,3,03003,03003,上三川町立図書館,大字上三川5040,3,-99,9999
139.901477,36.682244,09201,3,03003,03003,宇都宮市立上河内図書館,中里町182-1,3,-99,9999
139.936875,36.614501,09201,3,03003,03003,宇都宮市立河内図書館,中岡本町3397,3,-99,9999
139.797469,36.427805,09361,3,03003,03003,壬生町立図書館,本丸1-8-33,3,-99,9999
139.732822,36.224631,09364,3,03003,03003,野木町立図書館,大字丸林234-2,3,2,1988
139.713054,36.344627,09203,3,03003,03003,栃木市大平図書館,大平町蔵井2026-6,3,2,9999
139.651423,36.267129,09203,3,03003,03003,栃木市藤岡図書館,藤岡町藤岡816-4,3,-99,9999
139.739598,36.429079,09203,3,03003,03003,栃木市都賀図書館,都賀町原宿535,3,-99,9999
139.982137,36.627677,09386,3,03003,03003,高根沢町図書館,大字宝積寺1220-2,3,-99,9999
139.588658,36.750188,09206,3,03005,03005,東京大学大学院理学系研究科附属植物園日光分園,花石町1842,0,-99,1909
139.450235,36.334078,09202,3,99999,03001,足利市立美術館,通2-14-7,3,11,1994
139.885808,36.554446,09201,3,99999,03002,清明館歴史展示室,本丸町1-15,3,1,2007
139.879825,36.495065,09201,3,99999,03003,宇都宮市立南図書館,雀宮町56-1,3,2,9999
139.800986,36.77136,09384,3,99999,03003,塩谷町図書館,大字船生989-1,3,-99,9999
139.863231,36.584911,09201,3,99999,03003,とちぎ視聴覚障害者情報センター点字図書館,若草1-10-6（とちぎ福祉プラザ内）,2,-99,9999
139.604288,36.302108,09204,3,99999,03003,佐野短期大学図書館,高萩町1297,4,-99,9999
139.97814,36.543718,09201,3,99999,03003,作新学院大学・作新学院大学女子短期大学部図書館,竹下町908,4,-99,9999
139.882951,36.603756,09201,3,99999,03003,帝京大学宇都宮キャンパス図書館,豊郷台1-1,4,-99,9999
139.913957,36.549955,09201,3,99999,03003,宇都宮大学附属図書館,峰町350,0,3,2002
139.793532,36.315653,09208,3,99999,03003,白鴎大学総合図書館,大行寺1117,4,-99,9999
139.842086,36.318295,09208,3,99999,03003,小山工業高等専門学校図書館,中久喜771,0,-99,9999
139.396963,36.353879,09202,3,99999,03003,足利工業大学附属図書館,大前町268-1,4,-99,9999
139.868423,36.577767,09201,3,99999,03109,栃木県体育館,中戸祭1-6-3,2,-99,1965
139.868419,36.577708,09201,3,99999,03120,栃木県体育館,中戸祭1-6-3,2,-99,1965
139.868572,36.577325,09201,3,99999,03132,栃木県体育館,中戸祭1-6-3,2,-99,1965
139.868572,36.57726,09201,3,99999,03111,栃木県体育館,中戸祭1-6-3,2,-99,1965
139.866957,36.51069,09201,3,99999,03131,栃木県体育館分館,今宮4-7-38,2,-99,9999
139.783182,36.300985,09208,3,99999,03109,栃木県立県南体育館,外城371-1,2,-99,1993
139.783174,36.300916,09208,3,99999,03130,栃木県立県南体育館,外城371-1,2,-99,1993
139.783178,36.300849,09208,3,99999,03116,栃木県立県南体育館,外城371-1,2,-99,1993
139.783167,36.300783,09208,3,99999,03113,栃木県立県南体育館,外城371-1,2,-99,1993
139.783176,36.300714,09208,3,99999,03103,栃木県立県南体育館,外城371-1,2,-99,1993
139.783176,36.300643,09208,3,99999,03120,栃木県立県南体育館,外城371-1,2,-99,1993
139.782437,36.300933,09208,3,99999,03129,栃木県立県南体育館,外城371-1,2,-99,1993
139.782437,36.300864,09208,3,99999,03110,栃木県立県南体育館,外城371-1,2,-99,1993
139.782443,36.300786,09208,3,99999,03111,栃木県立県南体育館,外城371-1,2,-99,1993
139.610024,36.760845,09206,3,99999,03124,栃木県立日光霧降アイスアリーナ,所野2854,4,-99,9999
139.612846,36.758198,09206,3,99999,03125,栃木県立日光霧降アイスアリーナ,所野2854,4,-99,9999
139.986623,36.556643,09201,3,99999,03103,栃木県グリーンスタジアム,清原工業団地32,2,-99,1993
139.781453,36.300386,09208,3,99999,03105,栃木県立温水プール館,外城371-1,2,-99,2000
139.8572,36.510465,09201,3,99999,03101,栃木県総合運動公園,西川田4-1-1,4,-99,9999
139.861122,36.50981,09201,3,99999,03102,栃木県総合運動公園,西川田4-1-1,4,-99,9999
139.860718,36.511415,09201,3,99999,03115,栃木県総合運動公園,西川田4-1-1,4,-99,9999
139.859827,36.51258,09201,3,99999,03106,栃木県総合運動公園,西川田4-1-1,4,-99,9999
139.864711,36.509963,09201,3,99999,03103,栃木県総合運動公園,西川田4-1-1,4,-99,9999
139.860873,36.512246,09201,3,99999,03118,栃木県総合運動公園,西川田4-1-1,4,-99,9999
139.857224,36.512065,09201,3,99999,03129,栃木県総合運動公園,西川田4-1-1,4,-99,9999
139.844178,36.584173,09201,3,99999,03129,とちぎ健康の森,駒生町3337-1,4,-99,9999
139.84419,36.584025,09201,3,99999,03132,とちぎ健康の森,駒生町3337-1,4,-99,9999
139.84419,36.583892,09201,3,99999,03109,とちぎ健康の森,駒生町3337-1,4,-99,9999
139.844178,36.583753,09201,3,99999,03105,とちぎ健康の森,駒生町3337-1,4,-99,9999
139.844184,36.583591,09201,3,99999,03120,とちぎ健康の森,駒生町3337-1,4,-99,9999
139.775334,36.707807,09206,3,99999,03101,今市青少年スポーツセンター,根室609-1,4,-99,9999
139.773997,36.707479,09206,3,99999,03103,今市青少年スポーツセンター,根室609-1,4,-99,9999
139.776457,36.707874,09206,3,99999,03109,今市青少年スポーツセンター,根室609-1,4,-99,9999
139.775447,36.706335,09206,3,99999,03124,今市青少年スポーツセンター,根室609-1,4,-99,9999
139.800878,36.630949,09201,3,99999,03133,栃木県総合射撃場（休止中）,新里町乙1067,4,-99,9999
139.91079,36.561314,09201,3,99999,03109,宇都宮市体育館,元今泉5-6-18,4,-99,1980
139.91079,36.561238,09201,3,99999,03112,宇都宮市体育館,元今泉5-6-18,4,-99,1980
139.91079,36.561163,09201,3,99999,03129,宇都宮市体育館,元今泉5-6-18,4,-99,1980
139.910787,36.561083,09201,3,99999,03113,宇都宮市体育館,元今泉5-6-18,4,-99,1980
139.864901,36.482213,09201,3,99999,03129,雀宮体育館,南町6-3,4,-99,1984
139.864592,36.48155,09201,3,99999,03104,雀宮体育館,南町6-3,4,-99,1984
139.864352,36.482038,09201,3,99999,03115,雀宮体育館,南町6-3,4,-99,1984
139.864954,36.481568,09201,3,99999,03102,雀宮体育館,南町6-3,4,-99,1984
139.864907,36.482278,09201,3,99999,03109,雀宮体育館,南町6-3,4,-99,1984
139.867995,36.548327,09201,3,99999,03129,明保野体育館,明保野町7-9,4,-99,1984
139.868001,36.548404,09201,3,99999,03109,明保野体育館,明保野町7-9,4,-99,1984
139.983053,36.545908,09201,3,99999,03109,清原中央公園,清原工業団地14,4,-99,1988
139.983041,36.545811,09201,3,99999,03112,清原中央公園,清原工業団地14,4,-99,1988
139.983045,36.545713,09201,3,99999,03109,清原体育館,清原工業団地14,4,-99,1988
139.983051,36.545608,09201,3,99999,03112,清原体育館,清原工業団地14,4,-99,1988
139.984007,36.543508,09201,3,99999,03102,清原球場,清原工業団地14,4,-99,1988
139.868186,36.538343,09201,3,99999,03102,宮原運動公園,陽南4-5-6,4,-99,1961
139.86881,36.537493,09201,3,99999,03115,宮原運動公園,陽南4-5-6,4,-99,1961
139.868958,36.537264,09201,3,99999,03121,宮原運動公園,陽南4-5-6,4,-99,1961
139.867015,36.537622,09201,3,99999,03114,宮原運動公園,陽南4-5-6,4,-99,1961
139.847954,36.568496,09201,3,99999,03102,駒生運動場,鶴田町3669,4,-99,1965
139.895523,36.521461,09201,3,99999,03102,屋板運動場,屋板町231-1,4,-99,1987
139.896599,36.520306,09201,3,99999,03115,屋板運動場,屋板町231-1,4,-99,1987
139.895523,36.521356,09201,3,99999,03103,屋板運動場,屋板町231-1,4,-99,1987
139.895529,36.521265,09201,3,99999,03104,屋板運動場,屋板町231-1,4,-99,1987
139.895392,36.522168,09201,3,99999,03121,宇都宮市弓道場,屋板町231-1,4,-99,1992
139.967367,36.570605,09201,3,99999,03102,柳田緑地,柳田町字屋敷東右岸,4,-99,1974
139.966535,36.57229,09201,3,99999,03103,柳田緑地,柳田町字屋敷東右岸,4,-99,1974
139.952961,36.538093,09201,3,99999,03102,鬼怒川緑地運動公園石井緑地,石井町2326,4,-99,1971
139.953686,36.535849,09201,3,99999,03103,鬼怒川緑地運動公園石井緑地,石井町2326,4,-99,1971
139.9705,36.563856,09201,3,99999,03102,道場宿緑地,道場宿上河原地先,4,-99,1987
139.968848,36.561007,09201,3,99999,03138,道場宿緑地,道場宿上河原地先,4,-99,1987
139.924974,36.562546,09201,3,99999,03103,宇都宮市サッカー場,中久保2-1-25,4,-99,1979
139.909468,36.561655,09201,3,99999,03106,宇都宮駅東公園プール,元今泉5-3-19,4,-99,1975
139.863899,36.535187,09201,3,99999,03106,陽南プール,大和1-11-16,4,-99,1969
139.882342,36.511338,09201,3,99999,03124,宇都宮市スケートセンター,城南3-15-32,4,-99,1994
139.882342,36.511229,09201,3,99999,03109,宇都宮市スケートセンター,城南3-15-32,4,-99,1994
139.882342,36.511128,09201,3,99999,03120,宇都宮市スケートセンター,城南3-15-32,4,-99,1994
139.920779,36.505443,09201,3,99999,03102,みずほの中央公園,瑞穂3-3,4,-99,1982
139.921956,36.504478,09201,3,99999,03122,みずほの中央公園,瑞穂3-3,4,-99,1982
139.921682,36.504875,09201,3,99999,03138,みずほの中央公園,瑞穂3-3,4,-99,1982
139.929338,36.583144,09201,3,99999,03102,御幸公園,平出工業団地13-1,4,-99,1971
139.986719,36.537554,09201,3,99999,03102,清原南公園,清原工業団地2,4,-99,1988
139.893764,36.52135,09201,3,99999,03109,宇都宮市サンアビリティーズ,屋板町251-1,4,-99,1984
139.915045,36.573143,09201,3,99999,03115,宇都宮市青少年活動センター（トライ東）,今泉町3007,4,-99,1980
139.91587,36.573557,09201,3,99999,03109,宇都宮市青少年活動センター（トライ東）,今泉町3007,4,-99,1980
139.91587,36.573498,09201,3,99999,03129,宇都宮市青少年活動センター（トライ東）,今泉町3007,4,-99,1980
139.91587,36.573445,09201,3,99999,03120,宇都宮市青少年活動センター（トライ東）,今泉町3007,4,-99,1980
139.91587,36.573388,09201,3,99999,03132,宇都宮市青少年活動センター（トライ東）,今泉町3007,4,-99,1980
139.854822,36.535926,09201,3,99999,03109,姿川地区市民センター附属体育館,西川田1038-1,4,-99,1979
139.854822,36.535831,09201,3,99999,03120,姿川地区市民センター附属体育館,西川田1038-1,4,-99,1979
139.899248,36.568711,09201,3,99999,03102,錦中央公園,今泉町157,4,-99,1982
139.898993,36.569374,09201,3,99999,03115,錦中央公園,今泉町157,4,-99,1982
139.899462,36.569365,09201,3,99999,03138,錦中央公園,今泉町157,4,-99,1982
139.862622,36.535684,09201,3,99999,03102,陽南第１公園,大塚町1,4,-99,1982
139.862628,36.535598,09201,3,99999,03118,陽南第１公園,大塚町1,4,-99,1982
139.862622,36.535508,09201,3,99999,03138,陽南第１公園,大塚町1,4,-99,1982
139.861979,36.530452,09201,3,99999,03138,陽南第２公園,大和2-9,4,-99,1982
139.862858,36.530313,09201,3,99999,03104,陽南第２公園,大和2-9,4,-99,1982
139.826419,36.570019,09201,3,99999,03115,下荒針運動場,下荒針町3065,3,-99,1977
139.827084,36.569948,09201,3,99999,03138,下荒針運動場,下荒針町3065,3,-99,1977
139.788707,36.621866,09201,3,99999,03142,宇都宮市森林公園,福岡町1074-1,4,-99,1979
139.789349,36.618881,09201,3,99999,03144,宇都宮市森林公園,福岡町1074-1,4,-99,1979
139.882137,36.510503,09201,3,99999,03104,城南グラウンド,城南3-15-6,3,-99,1995
139.901594,36.681868,09201,3,99999,03109,上河内体育館,中里町182-1,3,-99,1976
139.901582,36.681768,09201,3,99999,03120,上河内体育館,中里町182-1,3,-99,1976
139.901579,36.681663,09201,3,99999,03112,上河内体育館,中里町182-1,3,-99,1976
139.902741,36.681225,09201,3,99999,03102,上河内運動場,中里町182-1,3,-99,1978
139.872302,36.707921,09201,3,99999,03102,宮山田運動場,宮山田町2936,3,-99,1984
139.941601,36.672637,09201,3,99999,03102,芦沼運動場,芦沼町2191,3,-99,1985
139.901838,36.681362,09201,3,99999,03115,上河内テニスコート,中里町182-1,3,-99,1977
139.92393,36.619759,09201,3,99999,03102,下田原運動場,下田原町3434,3,-99,1979
139.92297,36.619196,09201,3,99999,03115,下田原運動場,下田原町3434,3,-99,1979
139.923033,36.619707,09201,3,99999,03121,下田原運動場,下田原町3434,3,-99,1979
139.924022,36.618979,09201,3,99999,03120,下田原運動場,下田原町3434,3,-99,1979
139.943409,36.617183,09201,3,99999,03129,河内体育館,中岡本町3225,3,-99,1981
139.943409,36.617364,09201,3,99999,03109,河内体育館,中岡本町3225,3,-99,1981
139.943409,36.617278,09201,3,99999,03112,河内体育館,中岡本町3225,3,-99,1981
139.915665,36.64426,09201,3,99999,03102,古田運動場,古田町182,3,-99,1991
139.915671,36.644117,09201,3,99999,03103,古田運動場,古田町182,3,-99,1991
139.943385,36.616188,09201,3,99999,03102,中岡本運動場,中岡本町3225,3,-99,1978
139.943385,36.616081,09201,3,99999,03103,中岡本運動場,中岡本町3225,3,-99,1978
139.908842,36.642049,09201,3,99999,03109,河内農業構造改善センター,上田原町249,3,-99,1990
139.908842,36.641973,09201,3,99999,03120,河内農業構造改善センター,上田原町249,3,-99,1990
139.909439,36.641262,09201,3,99999,03115,河内農業構造改善センター,上田原町249,3,-99,1990
139.909279,36.641636,09201,3,99999,03138,河内農業構造改善センター,上田原町249,3,-99,1990
139.937672,36.631424,09201,3,99999,03106,河内総合運動公園屋内プール・ドリームプールかわち,白沢町1791-3,3,-99,2001
139.937666,36.631324,09201,3,99999,03107,河内総合運動公園屋内プール・ドリームプールかわち,白沢町1791-3,3,-99,2001
139.937565,36.633589,09201,3,99999,03101,河内総合運動公園陸上競技場,白沢町1791-3,3,-99,2005
139.939324,36.633932,09201,3,99999,03102,河内総合運動公園陸上競技場,白沢町1791-3,3,-99,2005
139.460897,36.344884,09202,3,99999,03101,足利市総合運動場,田所町1123,4,-99,1947
139.459233,36.345425,09202,3,99999,03102,足利市総合運動場,田所町1123,4,-99,1947
139.461835,36.347124,09202,3,99999,03115,足利市総合運動場,田所町1123,4,-99,1947
139.461847,36.346071,09202,3,99999,03106,足利市総合運動場,田所町1123,4,-99,1947
139.46114,36.346904,09202,3,99999,03109,足利市総合運動場,田所町1123,4,-99,1947
139.461304,36.324692,09202,3,99999,03102,渡良瀬運動場,伊勢町地先,4,-99,1972
139.458315402317,36.326473026515,09202,3,99999,03103,渡良瀬運動場,伊勢町地先,4,-99,1972
139.460912,36.323768,09202,3,99999,03115,渡良瀬運動場,伊勢町地先,4,-99,1972
139.463967,36.343332,09202,3,99999,03109,足利市民体育館,大橋町1-2007-3,4,-99,1978
139.463964,36.343277,09202,3,99999,03120,足利市民体育館,大橋町1-2007-3,4,-99,1978
139.463967,36.343229,09202,3,99999,03109,足利市民体育館,大橋町1-2007-3,4,-99,1978
139.463967,36.343181,09202,3,99999,03132,足利市民体育館,大橋町1-2007-3,4,-99,1978
139.46397,36.343131,09202,3,99999,03113,足利市民体育館,大橋町1-2007-3,4,-99,1978
139.423226,36.343468,09202,3,99999,03109,三重体育館,五十部町456-1,3,-99,2001
139.423228,36.343439,09202,3,99999,03120,三重体育館,五十部町456-1,3,-99,2001
139.479552,36.321208,09202,3,99999,03109,足利市毛野体育館,山川町55-1,3,-99,1990
139.479546,36.321117,09202,3,99999,03120,足利市毛野体育館,山川町55-1,3,-99,1990
139.459188,36.344464,09202,3,99999,03112,足利市民武道館,西砂原後町1156,4,-99,1990
139.459188,36.344387,09202,3,99999,03121,足利市民武道館,西砂原後町1156,4,-99,1990
139.459183,36.344301,09202,3,99999,03113,足利市民武道館,西砂原後町1156,4,-99,1990
139.446531,36.323516,09202,3,99999,03109,身体障害者スポーツセンター,朝倉町264,4,-99,1979
139.446531,36.32342,09202,3,99999,03120,身体障害者スポーツセンター,朝倉町264,4,-99,1979
139.420908,36.38831,09202,3,99999,03102,三和運動施設,松田町696,3,-99,1980
139.455193,36.30018,09202,3,99999,03109,旧協和中運動施設,百頭町2017,3,-99,1980
139.454504,36.299521,09202,3,99999,03102,旧協和中運動施設,百頭町2017,3,-99,1980
139.454843,36.371973,09202,3,99999,03109,旧月谷分校運動施設,月谷町1105,3,-99,1996
139.468689,36.304803,09202,3,99999,03115,御厨テニスコート,上渋乗町447-1,4,-99,1974
139.442196,36.364449,09202,3,99999,03147,足利おおいわいこいの広場（足利野外趣味活動施設）,大岩町520,4,-99,1976
139.499242,36.303825,09202,3,99999,03135,川崎ゴルフ練習場,川崎町地先,4,-99,1990
139.428764,36.42517,09202,3,99999,03142,松田川ダムふれあい広場,松田町2695-3,4,-99,1996
139.467765,36.321079,09202,3,99999,03102,岩井分水路緑地,岩井町465-1,4,-99,1984
139.452129,36.43055,09202,3,99999,03142,足利市名草キャンプ場,名草上町地内,3,-99,1973
139.476171,36.31757,09202,3,99999,03102,猿田公園,猿田町7-7,4,-99,1967
139.451722,36.319307,09202,3,99999,03102,朝倉公園,朝倉町242,4,-99,1964
139.469717,36.313052,09202,3,99999,03102,福富公園,福富新町1,4,-99,1974
139.37485,36.366594,09202,3,99999,03102,小俣公園,小俣南町3,4,-99,1975
139.374847,36.366532,09202,3,99999,03104,小俣公園,小俣南町3,4,-99,1975
139.469558,36.361175,09202,3,99999,03102,赤松台公園,赤松台2-1-2,4,-99,1982
139.468748,36.349242,09202,3,99999,03102,北郷公園,利保町1-1,4,-99,1983
139.387454,36.365891,09202,3,99999,03102,葉鹿公園,葉鹿町2-2-1,4,-99,1983
139.441245,36.324093,09202,3,99999,03102,八幡公園,八幡町1-28,4,-99,1990
139.440835,36.323473,09202,3,99999,03138,八幡公園,八幡町1-28,4,-99,1990
139.474568,36.279897,09202,3,99999,03102,八坂団地公園,羽刈町867-7,4,-99,1991
139.47537,36.279969,09202,3,99999,03115,八坂団地公園,羽刈町867-7,4,-99,1991
139.510391,36.302776,09202,3,99999,03115,毛野東部工業団地南公園,川崎町1311,4,-99,1992
139.479181,36.320256,09202,3,99999,03102,山川公園,山川町50,4,-99,1991
139.478628,36.3204,09202,3,99999,03138,山川公園,山川町50,4,-99,1991
139.471631,36.356274,09202,3,99999,03138,利保公園,利保町2-4,4,-99,1994
139.437649,36.333894,09202,3,99999,03102,本町緑地,緑町2地先渡良瀬川河川敷,4,-99,1986
139.43614,36.333286,09202,3,99999,03138,本町緑地,緑町2地先渡良瀬川河川敷,4,-99,1986
139.436865,36.333621,09202,3,99999,03103,本町緑地,緑町2地先渡良瀬川河川敷,4,-99,1986
139.428436,36.332224,09202,3,99999,03102,借宿緑地,借宿2地先渡良瀬川河川敷,4,-99,1981
139.426487,36.333205,09202,3,99999,03115,借宿緑地,借宿2地先渡良瀬川河川敷,4,-99,1981
139.427105,36.332884,09202,3,99999,03117,借宿緑地,借宿2地先渡良瀬川河川敷,4,-99,1981
139.458194,36.318078,09202,3,99999,03102,朝倉・福富緑地,朝倉町506-1,4,-99,2004
139.456245,36.319421,09202,3,99999,03138,朝倉・福富緑地,朝倉町506-1,4,-99,2004
139.72323,36.400102,09203,3,99999,03102,栃木市総合運動公園,川原田町760,4,-99,1983
139.727151,36.399184,09203,3,99999,03115,栃木市総合運動公園,川原田町760,4,-99,1983
139.725024,36.402656,09203,3,99999,03101,栃木市総合運動公園,川原田町760,4,-99,1983
139.727906,36.399858,09203,3,99999,03121,栃木市総合運動公園,川原田町760,4,-99,1983
139.72645,36.401403,09203,3,99999,03106,栃木市総合運動公園,川原田町760,4,-99,1983
139.72279,36.40324,09203,3,99999,03104,栃木市総合運動公園,川原田町760,4,-99,1983
139.725737,36.400341,09203,3,99999,03109,栃木市総合体育館,川原田町760,4,-99,1980
139.725731,36.400241,09203,3,99999,03120,栃木市総合体育館,川原田町760,4,-99,1980
139.725731,36.400152,09203,3,99999,03110,栃木市総合体育館,川原田町760,4,-99,1980
139.725731,36.399983,09203,3,99999,03111,栃木市総合体育館,川原田町760,4,-99,1980
139.725731,36.400059,09203,3,99999,03129,栃木市総合体育館,川原田町760,4,-99,1980
139.743184,36.383403,09203,3,99999,03109,栃木市勤労者体育センター,日ノ出町14-36,3,-99,1987
139.743184,36.383343,09203,3,99999,03120,栃木市勤労者体育センター,日ノ出町14-36,3,-99,1987
139.691334,36.396778,09203,3,99999,03103,皆川東宮運動場,皆川城内町925-1,3,-99,1971
139.788442,36.41387,09203,3,99999,03102,柳原河川敷運動場,柳原町294-6,3,-99,1977
139.788073,36.414243,09203,3,99999,03138,柳原河川敷運動場,柳原町294-6,3,-99,1977
139.789042,36.413526,09203,3,99999,03103,柳原河川敷運動場,柳原町294-6,3,-99,1977
139.796391,36.398729,09203,3,99999,03102,大光寺河川敷運動場,大光寺2121-1,3,-99,1977
139.675133,36.431702,09203,3,99999,03104,尻内河川敷運動場,尻内町,3,-99,1979
139.704422,36.392226,09203,3,99999,03104,泉川小学校跡地運動場,泉川町467-1,4,-99,1980
139.703839,36.392556,09203,3,99999,03138,泉川小学校跡地運動場,泉川町467-1,4,-99,1980
139.704422,36.392336,09203,3,99999,03103,泉川小学校跡地運動場,泉川町467-1,4,-99,1980
139.771113,36.408711,09203,3,99999,03102,大塚運動広場,大塚町1235,3,-99,1990
139.77053,36.40905,09203,3,99999,03138,大塚運動広場,大塚町1235,3,-99,1990
139.756071,36.382361,09203,3,99999,03102,大宮運動広場,今泉町1-16,3,-99,1993
139.756071,36.382141,09203,3,99999,03103,大宮運動広場,今泉町1-16,3,-99,1993
139.712187,36.344975,09203,3,99999,03109,大平体育館,大平町蔵井2001-7,3,-99,1974
139.711052,36.344286,09203,3,99999,03110,大平武道館,大平町蔵井2001-1,3,-99,1980
139.711046,36.344219,09203,3,99999,03111,大平武道館,大平町蔵井2001-1,3,-99,1980
139.71104,36.344152,09203,3,99999,03121,大平武道館,大平町蔵井2001-1,3,-99,1980
139.71104,36.344095,09203,3,99999,03113,大平武道館,大平町蔵井2001-1,3,-99,1980
139.713829,36.342287,09203,3,99999,03102,大平運動公園,大平町蔵井1547,3,-99,1994
139.714652,36.341021,09203,3,99999,03115,大平運動公園,大平町蔵井1547,3,-99,1994
139.716158,36.341764,09203,3,99999,03138,大平運動公園,大平町蔵井1547,3,-99,1994
139.713105,36.34031,09203,3,99999,03101,大平運動公園,大平町蔵井1547,3,-99,1994
139.716275,36.342569,09203,3,99999,03103,大平運動公園,大平町蔵井1547,3,-99,1994
139.733538,36.337553,09203,3,99999,03102,下高島・真弓・地域のひろば,大平町上高島136,3,-99,1981
139.733526,36.337332,09203,3,99999,03138,下高島・真弓・地域のひろば,大平町上高島136,3,-99,1981
139.708752,36.325642,09203,3,99999,03102,新・西野田地域のひろば,大平町新928-1,3,-99,1981
139.70855,36.326144,09203,3,99999,03138,新・西野田地域のひろば,大平町新928-1,3,-99,1981
139.74942,36.354571,09203,3,99999,03102,北武井地域のひろば,大平町北武井522,3,-99,1981
139.74942,36.354461,09203,3,99999,03138,北武井地域のひろば,大平町北武井522,3,-99,1981
139.708564,36.301603,09203,3,99999,03102,伯仲地域のひろば,大平町伯仲2985-3,3,-99,1982
139.708564,36.301392,09203,3,99999,03138,伯仲地域のひろば,大平町伯仲2985-3,3,-99,1982
139.696504,36.344714,09203,3,99999,03102,富田北地域のひろば,大平町富田2010,3,-99,1982
139.696343,36.344408,09203,3,99999,03138,富田北地域のひろば,大平町富田2010,3,-99,1982
139.682729,36.350017,09203,3,99999,03102,西山田地域のひろば,大平町西山田941,3,-99,1983
139.682729,36.349883,09203,3,99999,03138,西山田地域のひろば,大平町西山田941,3,-99,1983
139.718836,36.356537,09203,3,99999,03102,川連・土与・藤井・牛久・上牛・久地域のひろば,大平町川連220,3,-99,1982
139.673986,36.348096,09203,3,99999,03102,かかしの里野球場,大平町西山田1738-2,3,-99,1982
139.673689,36.348699,09203,3,99999,03115,かかしの里野球場,大平町西山田1738-2,3,-99,1982
139.715387,36.327881,09203,3,99999,03109,大平南体育館,大平町西野田905-1,3,-99,1985
139.715384,36.327831,09203,3,99999,03129,大平南体育館,大平町西野田905-1,3,-99,1985
139.652208,36.249373,09203,3,99999,03109,栃木市藤岡総合体育館,藤岡町藤岡1788,3,-99,1986
139.652208,36.249287,09203,3,99999,03129,栃木市藤岡総合体育館,藤岡町藤岡1788,3,-99,1986
139.652208,36.249206,09203,3,99999,03112,栃木市藤岡総合体育館,藤岡町藤岡1788,3,-99,1986
139.652802,36.249115,09203,3,99999,03121,栃木市藤岡弓道場,藤岡町藤岡1788,3,-99,1995
139.658138,36.257215,09203,3,99999,03101,藤岡渡良瀬運動公園,藤岡町藤岡1218-1,3,-99,1974
139.656308,36.255806,09203,3,99999,03102,藤岡渡良瀬運動公園,藤岡町藤岡1218-1,3,-99,1974
139.655999,36.257646,09203,3,99999,03103,藤岡渡良瀬運動公園,藤岡町藤岡1218-1,3,-99,1974
139.656391,36.258585,09203,3,99999,03115,藤岡渡良瀬運動公園,藤岡町藤岡1218-1,3,-99,1974
139.654823,36.256103,09203,3,99999,03138,藤岡渡良瀬運動公園,藤岡町藤岡1218-1,3,-99,1974
139.738644,36.428045,09203,3,99999,03109,都賀体育センター,都賀町原宿521,3,-99,1975
139.752745,36.409636,09203,3,99999,03109,都賀南部コミュニティセンター,都賀町原宿521,3,-99,1996
139.753143,36.409942,09203,3,99999,03102,都賀南部コミュニティセンター,都賀町原宿521,3,-99,1996
139.692814,36.455739,09203,3,99999,03109,大柿コミュニティーセンター,都賀町原宿521,3,-99,1985
139.693972,36.455733,09203,3,99999,03138,大柿コミュニティーセンター,都賀町原宿521,3,-99,1985
139.724211,36.428873,09203,3,99999,03109,木コミュニティーセンター,都賀町原宿521,3,-99,1993
139.723682,36.429394,09203,3,99999,03102,木コミュニティーセンター,都賀町原宿521,3,-99,1993
139.723474,36.428729,09203,3,99999,03138,木コミュニティーセンター,都賀町原宿521,3,-99,1993
139.761982,36.442184,09203,3,99999,03102,つがスポーツ公園,都賀町家中4785-3,3,-99,9999
139.761982,36.441907,09203,3,99999,03103,つがスポーツ公園,都賀町家中4785-3,3,-99,9999
139.761994,36.442433,09203,3,99999,03104,つがスポーツ公園,都賀町家中4785-3,3,-99,9999
139.76247,36.441257,09203,3,99999,03115,つがスポーツ公園,都賀町家中4785-3,3,-99,9999
139.762434,36.440846,09203,3,99999,03138,つがスポーツ公園,都賀町家中4785-3,3,-99,9999
139.763896,36.441687,09203,3,99999,03146,つがスポーツ公園,都賀町家中4785-3,3,-99,9999
139.76058,36.443074,09203,3,99999,03121,つがスポーツ公園,都賀町家中4785-3,3,-99,9999
139.738626,36.428949,09203,3,99999,03102,都賀市民運動場,都賀町原宿521,3,-99,1999
139.738626,36.428849,09203,3,99999,03103,都賀市民運動場,都賀町原宿521,3,-99,1999
139.738626,36.429045,09203,3,99999,03104,都賀市民運動場,都賀町原宿521,3,-99,1999
139.54595,36.352156,09204,3,99999,03101,佐野市運動公園,赤見町2130-2,4,-99,1976
139.550592,36.351808,09204,3,99999,03109,佐野市運動公園,赤見町2130-2,4,-99,1976
139.550592,36.351708,09204,3,99999,03129,佐野市運動公園,赤見町2130-2,4,-99,1976
139.55055,36.352887,09204,3,99999,03102,佐野市運動公園,赤見町2130-2,4,-99,1976
139.548604,36.3516,09204,3,99999,03115,佐野市運動公園,赤見町2130-2,4,-99,1976
139.55248,36.351828,09204,3,99999,03106,佐野市運動公園,赤見町2130-2,4,-99,1976
139.552073,36.35284,09204,3,99999,03107,佐野市運動公園,赤見町2130-2,4,-99,1976
139.550168,36.351828,09204,3,99999,03121,佐野市運動公園,赤見町2130-2,4,-99,1976
139.550217,36.354421,09204,3,99999,03104,佐野市運動公園,赤見町2130-2,4,-99,1976
139.550592,36.351929,09204,3,99999,03116,佐野市運動公園,赤見町2130-2,4,-99,1976
139.550592,36.351607,09204,3,99999,03120,佐野市運動公園,赤見町2130-2,4,-99,1976
139.546316,36.350227,09204,3,99999,03103,佐野市運動公園,赤見町2130-2,4,-99,1976
139.547988,36.353952,09204,3,99999,03147,佐野市運動公園,赤見町2130-2,4,-99,1976
139.582402,36.321192,09204,3,99999,03110,佐野市佐野武道館,堀米町167-1,4,-99,1991
139.582402,36.321135,09204,3,99999,03111,佐野市佐野武道館,堀米町167-1,4,-99,1991
139.56618,36.313605,09204,3,99999,03106,佐野市営大橋町プール（休止中）,大橋町2093,4,-99,1964
139.596152,36.308814,09204,3,99999,03102,佐野市栄公園,栄町15,3,-99,1968
139.597096,36.308599,09204,3,99999,03115,佐野市栄公園,栄町15,3,-99,1968
139.588669,36.295603,09204,3,99999,03102,佐野市若宮球場,若宮下町19,3,-99,1976
139.513124,36.533481,09204,3,99999,03142,佐野市青少年教育キャンプ場,秋山町116-1,3,-99,1993
139.496908,36.484442,09204,3,99999,03109,作原野外活動施設,作原町818,4,-99,1987
139.497249,36.485261,09204,3,99999,03106,作原野外活動施設,作原町818,4,-99,1987
139.496931,36.483656,09204,3,99999,03115,作原野外活動施設,作原町818,4,-99,1987
139.496343,36.48507,09204,3,99999,03142,作原野外活動施設,作原町818,4,-99,1987
139.582071,36.376367,09204,3,99999,03102,佐野市田沼総合運動場,田沼町160,4,-99,1964
139.581049,36.376462,09204,3,99999,03115,佐野市田沼総合運動場,田沼町160,4,-99,1964
139.519898,36.400759,09204,3,99999,03102,佐野市田沼西運動場,閑馬町370,4,-99,1978
139.570402,36.388979,09204,3,99999,03102,佐野市グリーンスポーツセンター,戸室町1592-2,4,-99,1994
139.570604,36.387582,09204,3,99999,03103,佐野市グリーンスポーツセンター,戸室町1592-2,4,-99,1994
139.570652,36.387305,09204,3,99999,03104,佐野市グリーンスポーツセンター,戸室町1592-2,4,-99,1994
139.570723,36.385439,09204,3,99999,03115,佐野市グリーンスポーツセンター,戸室町1592-2,4,-99,1994
139.570747,36.38365,09204,3,99999,03138,佐野市グリーンスポーツセンター,戸室町1592-2,4,-99,1994
139.570414,36.386071,09204,3,99999,03117,佐野市グリーンスポーツセンター,戸室町1592-2,4,-99,1994
139.568589,36.374081,09204,3,99999,03109,佐野市アリーナたぬま,戸奈良町21,4,-99,2004
139.568589,36.373976,09204,3,99999,03129,佐野市アリーナたぬま,戸奈良町21,4,-99,2004
139.60562,36.407023,09204,3,99999,03109,佐野市葛生農業者（トレーニングセンター）,あくと町3092,4,-99,1981
139.611359,36.412063,09204,3,99999,03112,佐野市葛生武道館,喜多山町3623-1,4,-99,1984
139.616759,36.386617,09204,3,99999,03102,佐野市中運動公園,中町345-1,4,-99,1979
139.615333,36.386751,09204,3,99999,03103,佐野市中運動公園,中町345-1,4,-99,1979
139.618197,36.386617,09204,3,99999,03115,佐野市中運動公園,中町345-1,4,-99,1979
139.614169,36.386149,09204,3,99999,03106,佐野市中運動公園,中町345-1,4,-99,1979
139.799444,36.510494,09205,3,99999,03109,鹿沼総合体育館〈フォレストアリーナ〉,下石川694-1,4,-99,1998
139.799433,36.510389,09205,3,99999,03129,鹿沼総合体育館〈フォレストアリーナ〉,下石川694-1,4,-99,1998
139.799439,36.510293,09205,3,99999,03112,鹿沼総合体育館〈フォレストアリーナ〉,下石川694-1,4,-99,1998
139.799433,36.510183,09205,3,99999,03120,鹿沼総合体育館〈フォレストアリーナ〉,下石川694-1,4,-99,1998
139.799159,36.511669,09205,3,99999,03102,自然の森総合公園,下石川694-1,4,-99,1987
139.796539,36.510923,09205,3,99999,03103,自然の森総合公園,下石川694-1,4,-99,1987
139.79951,36.512375,09205,3,99999,03115,自然の森総合公園,下石川694-1,4,-99,1987
139.695829,36.539972,09205,3,99999,03101,鹿沼運動公園,旭が丘3164-1,4,-99,1976
139.697464,36.538721,09205,3,99999,03115,鹿沼運動公園,旭が丘3164-1,4,-99,1976
139.696848,36.539326,09205,3,99999,03105,鹿沼運動公園,旭が丘3164-1,4,-99,1976
139.69684,36.539256,09205,3,99999,03120,鹿沼運動公園,旭が丘3164-1,4,-99,1976
139.696846,36.539175,09205,3,99999,03129,鹿沼運動公園,旭が丘3164-1,4,-99,1976
139.698936,36.54107,09205,3,99999,03103,鹿沼運動公園,旭が丘3164-1,4,-99,1976
139.806043,36.536234,09205,3,99999,03109,鹿沼市体育館,さつき町15,4,-99,1975
139.743207,36.567514,09205,3,99999,03102,御殿山公園,今宮町1666-1,4,-99,1950
139.744211,36.567261,09205,3,99999,03115,御殿山公園,今宮町1666-1,4,-99,1950
139.743337,36.566617,09205,3,99999,03112,御殿山公園,今宮町1666-1,4,-99,1950
139.743736,36.566493,09205,3,99999,03121,御殿山公園,今宮町1666-1,4,-99,1950
139.807149,36.542621,09205,3,99999,03102,台の原公園,さつき町2,4,-99,1969
139.808136,36.542783,09205,3,99999,03115,台の原公園,さつき町2,4,-99,1969
139.744246,36.574398,09205,3,99999,03106,千手山公園市民プール,千手町2606,4,-99,1975
139.800008,36.531107,09205,3,99999,03109,鹿沼市北犬飼体育館,上石川1465-4,4,-99,1971
139.66754,36.522369,09205,3,99999,03109,鹿沼市粟野勤労者体育センター,口粟野1771-1,4,-99,1978
139.667539,36.52234,09205,3,99999,03129,鹿沼市粟野勤労者体育センター,口粟野1771-1,4,-99,1978
139.666656,36.522213,09205,3,99999,03112,鹿沼市粟野トレーニングセンター,口粟野1773,4,-99,1982
139.666655,36.52215,09205,3,99999,03121,鹿沼市粟野トレーニングセンター,口粟野1773,4,-99,1982
139.666655,36.522083,09205,3,99999,03129,鹿沼市粟野トレーニングセンター,口粟野1773,4,-99,1982
139.664005,36.5086,09205,3,99999,03101,粟野総合運動公園,口粟野1222-3,4,-99,1999
139.66285,36.50776,09205,3,99999,03102,粟野総合運動公園,口粟野1222-3,4,-99,1999
139.661756,36.507349,09205,3,99999,03103,粟野総合運動公園,口粟野1222-3,4,-99,1999
139.665131,36.508897,09205,3,99999,03115,粟野総合運動公園,口粟野1222-3,4,-99,1999
139.664929,36.508428,09205,3,99999,03138,粟野総合運動公園,口粟野1222-3,4,-99,1999
139.667209,36.522618,09205,3,99999,03105,鹿沼市粟野Ｂ＆Ｇ海洋センター,口粟野1923-1,4,-99,1984
139.615561,36.550724,09205,3,99999,03106,鹿沼市中粟野プール,中粟野2280-1,3,-99,1969
139.542261,36.574997,09205,3,99999,03106,鹿沼市上粕尾プール,上粕尾393-1,3,-99,1982
139.725856,36.495137,09205,3,99999,03106,鹿沼市北半田プール,北半田533,3,-99,1981
139.601169,36.498464,09205,3,99999,03106,鹿沼市永野プール,上永野288-3,3,-99,1990
139.807144,36.535668,09205,3,99999,03115,児子沼公園,さつき町14,4,-99,1978
139.966004679253,36.4132385387152,09209,3,99999,03102,真岡市三ツ谷公園,松山町22,3,-99,1966
139.965559,36.41496,09209,3,99999,03115,真岡市三ツ谷公園,松山町22,3,-99,1966
139.992494,36.437327,09209,3,99999,03102,真岡市大谷台公園,大谷台町11,3,-99,1967
139.966802,36.461511,09209,3,99999,03102,真岡市勝瓜公園,鬼怒ヶ丘12,3,-99,1968
139.966066,36.460517,09209,3,99999,03103,真岡市勝瓜公園,鬼怒ヶ丘12,3,-99,1968
139.945513,36.444635,09209,3,99999,03102,真岡市鬼怒自然公園,柳林1140-2地先,3,-99,1981
139.945168,36.442637,09209,3,99999,03103,真岡市鬼怒自然公園,柳林1140-2地先,3,-99,1981
139.947391,36.443583,09209,3,99999,03138,真岡市鬼怒自然公園,柳林1140-2地先,3,-99,1981
139.959126,36.423892,09209,3,99999,03109,真岡市中村農村環境改善センター,中247,3,-99,1985
139.964278,36.42807,09209,3,99999,03104,真岡市松山公園,松山町13,3,-99,1966
139.92296,36.366608,09209,3,99999,03109,真岡市二宮体育館,堀込1000,3,-99,1979
139.923828,36.366043,09209,3,99999,03101,真岡市二宮運動場,堀込1000,3,-99,1977
139.921451,36.365909,09209,3,99999,03102,真岡市二宮運動場,堀込1000,3,-99,1977
139.922461,36.366369,09209,3,99999,03115,真岡市二宮運動場,堀込1000,3,-99,1977
139.971215,36.378724,09209,3,99999,03121,真岡市二宮弓道場,石島797-2,3,-99,1973
139.934335,36.380427,09209,3,99999,03109,真岡市長沼地域体育館,砂ヶ原1280,3,-99,1987
139.946868,36.865085,09210,3,99999,03115,上石上公園,上石上1838-1,3,-99,1990
139.946482,36.865855,09210,3,99999,03102,上石上公園,上石上1838-1,3,-99,1990
139.953778,36.852767,09210,3,99999,03115,下石上公園,下石上1386,3,-99,1979
139.954515,36.852909,09210,3,99999,03102,下石上公園,下石上1386,3,-99,1979
139.923966,36.806283,09211,3,99999,03109,矢板市体育館,本町5-4,3,-99,1967
139.92396,36.806193,09211,3,99999,03120,矢板市体育館,本町5-4,3,-99,1967
139.929007,36.807352,09211,3,99999,03112,矢板市武道館,本町2-22,3,-99,1983
139.929007,36.807284,09211,3,99999,03113,矢板市武道館,本町2-22,3,-99,1983
139.92901,36.807215,09211,3,99999,03121,矢板市弓道場,本町2-22,3,-99,1987
139.900403,36.804548,09211,3,99999,03101,矢板運動公園,幸岡1955,4,-99,1978
139.899262,36.806594,09211,3,99999,03103,矢板運動公園,幸岡1955,4,-99,1978
139.899595,36.808297,09211,3,99999,03115,矢板運動公園,幸岡1955,4,-99,1978
139.900403,36.807412,09211,3,99999,03106,矢板運動公園,幸岡1955,4,-99,1978
139.901579,36.810457,09211,3,99999,03102,矢板運動公園,幸岡1955,4,-99,1978
139.900937,36.806651,09211,3,99999,03118,矢板運動公園,幸岡1955,4,-99,1978
139.941253,36.76409,09211,3,99999,03109,矢板市農業者トレーニングセンター,片岡1143-1,4,-99,1982
139.941253,36.764018,09211,3,99999,03116,矢板市農業者トレーニングセンター,片岡1143-1,4,-99,1982
139.93974,36.764809,09211,3,99999,03102,片岡運動場,片岡1137-1,4,-99,1983
139.901361,36.842237,09211,3,99999,03102,泉運動場,立足979-2,4,-99,1989
139.917407,36.79439,09211,3,99999,03138,宮川ゲートボール場,幸岡18,4,-99,1993
139.909648,36.843327,09211,3,99999,03109,泉公民館（バレー・テニス兼用コート）,泉428,3,-99,1978
139.942382,36.83062,09211,3,99999,03104,日新多目的グランド,土屋635,4,-99,2010
139.942382,36.830359,09211,3,99999,03109,日新体育館,土屋635,4,-99,1991
139.89202,36.827044,09211,3,99999,03109,長井体育館,長井1248,4,-99,1996
139.908166,36.873469,09211,3,99999,03109,上伊佐野体育館,上伊佐野761-1,4,-99,1997
139.968578,36.900924,09213,3,99999,03109,那須塩原市三島体育センター,三島5-1,4,-99,1975
139.968578,36.900848,09213,3,99999,03112,那須塩原市三島体育センター,三島5-1,4,-99,1975
139.967378,36.900344,09213,3,99999,03102,那須塩原市三島体育センター,三島5-1,4,-99,1975
139.968899,36.901252,09213,3,99999,03121,那須塩原市三島体育センター,三島5-1,4,-99,1975
139.968037,36.901404,09213,3,99999,03115,那須塩原市三島体育センター,三島5-1,4,-99,1975
139.989006,36.90065,09213,3,99999,03109,那須塩原市にしなすの運動公園,高柳10,4,-99,1988
139.989006,36.900545,09213,3,99999,03129,那須塩原市にしなすの運動公園,高柳10,4,-99,1988
139.989137,36.898454,09213,3,99999,03104,那須塩原市にしなすの運動公園,高柳10,4,-99,1988
139.988377,36.898739,09213,3,99999,03102,那須塩原市にしなすの運動公園,高柳10,4,-99,1988
139.989422,36.899918,09213,3,99999,03105,那須塩原市にしなすの運動公園,高柳10,4,-99,1988
139.968965,36.854552,09213,3,99999,03102,那須塩原市南公民館,二区町401,3,-99,1981
139.968959,36.854416,09213,3,99999,03103,那須塩原市南公民館,二区町401,3,-99,1981
139.954687,36.896248,09213,3,99999,03102,那須塩原市西公民館,四区町661,3,-99,1985
139.954372,36.896091,09213,3,99999,03103,那須塩原市西公民館,四区町661,3,-99,1985
139.785674,36.981992,09213,3,99999,03109,那須塩原市Ｂ＆Ｇ海洋センター,上塩原604,4,-99,1994
139.785668,36.981925,09213,3,99999,03129,那須塩原市Ｂ＆Ｇ海洋センター,上塩原604,4,-99,1994
139.786084,36.981759,09213,3,99999,03106,那須塩原市Ｂ＆Ｇ海洋センター,上塩原604,4,-99,1994
139.805136,36.989614,09213,3,99999,03102,那須塩原市塩原運動公園,中塩原1108-2,4,-99,1970
139.804429,36.988959,09213,3,99999,03115,那須塩原市塩原運動公園,中塩原1108-2,4,-99,1970
139.803597,36.989889,09213,3,99999,03104,那須塩原市塩原運動公園,中塩原1108-2,4,-99,1970
139.903844,36.941696,09213,3,99999,03102,那須塩原市関谷南公園,下田野420-1,4,-99,1983
139.902691,36.94144,09213,3,99999,03138,那須塩原市関谷南公園,下田野420-1,4,-99,1983
139.976071,36.884994,09213,3,99999,03102,那須塩原市太夫塚公園,太夫塚1-194-78,4,-99,2006
139.968833,36.686215,09214,3,99999,03109,さくら市氏家体育館,氏家2730,3,-99,1978
139.968833,36.686138,09214,3,99999,03112,さくら市氏家体育館,氏家2730,3,-99,1978
139.968833,36.686062,09214,3,99999,03120,さくら市氏家体育館,氏家2730,3,-99,1978
139.968833,36.685986,09214,3,99999,03129,さくら市氏家体育館,氏家2730,3,-99,1978
139.968833,36.685905,09214,3,99999,03116,さくら市氏家体育館,氏家2730,3,-99,1978
139.984047,36.694589,09214,3,99999,03102,さくら市総合公園,桜野1789,3,-99,1987
139.982194,36.696295,09214,3,99999,03115,さくら市総合公園,桜野1789,3,-99,1987
139.982087,36.696695,09214,3,99999,03138,さくら市総合公園,桜野1789,3,-99,1987
139.983299,36.696695,09214,3,99999,03107,さくら市総合公園,桜野1789,3,-99,1987
139.980756,36.694151,09214,3,99999,03147,さくら市総合公園,桜野1789,3,-99,1987
139.936633,36.697148,09214,3,99999,03102,さくら市鬼怒川運動公園,向河原4101,3,-99,1978
139.935581,36.697891,09214,3,99999,03103,さくら市鬼怒川運動公園,向河原4101,3,-99,1978
139.93731,36.696529,09214,3,99999,03142,さくら市鬼怒川運動公園,向河原4101,3,-99,1978
139.973588,36.744386,09214,3,99999,03102,さくら市鷲宿運動場,鷲宿4432-2,3,-99,1987
139.739595,36.454765,09203,3,99999,03109,西方町総合文化体育館,西方町本郷1705-1,3,-99,2004
139.739595,36.454707,09203,3,99999,03129,西方町総合文化体育館,西方町本郷1705-1,3,-99,2004
139.739595,36.454641,09203,3,99999,03112,西方町総合文化体育館,西方町本郷1705-1,3,-99,2004
139.728616,36.480475,09203,3,99999,03102,西方総合公園,西方町本城1808,3,-99,1983
139.727891,36.480924,09203,3,99999,03115,西方総合公園,西方町本城1808,3,-99,1983
139.727992,36.481335,09203,3,99999,03121,西方総合公園,西方町本城1808,3,-99,1983
139.734952,36.46023,09203,3,99999,03106,西方町民プール,西方町元925-12,3,-99,1983
139.744334,36.48007,09203,3,99999,03102,北グランド（かっぱ広場）,西方町金崎1107-2,3,-99,1994
139.75762,36.456989,09203,3,99999,03102,南グラウンド,西方町金井1796-3,3,-99,1983
139.757667,36.456502,09203,3,99999,03138,南グラウンド,西方町金井1796-3,3,-99,1983
139.750307,36.472973,09203,3,99999,03104,桜グラウンド,西方町金崎706-1,3,-99,1961
139.750504,36.472285,09203,3,99999,03138,桜グラウンド,西方町金崎706-1,3,-99,1961
139.685635,36.480016,09203,3,99999,03102,真名子運動広場,西方町真名子1722,3,-99,1989
139.685623,36.479815,09203,3,99999,03103,真名子運動広場,西方町真名子1722,3,-99,1989
139.815512,36.44466,09361,3,99999,03102,壬生町総合運動場（運動広場）,大字壬生甲3828,3,-99,1975
139.81632,36.444154,09361,3,99999,03103,壬生町総合運動場（運動広場）,大字壬生甲3828,3,-99,1975
139.815874,36.444278,09361,3,99999,03104,壬生町総合運動場（運動広場）,大字壬生甲3828,3,-99,1975
139.815488,36.443614,09361,3,99999,03109,壬生町総合運動場（体育館）,大字壬生甲3828,3,-99,1974
139.815488,36.443547,09361,3,99999,03120,壬生町総合運動場（体育館）,大字壬生甲3828,3,-99,1974
139.815488,36.443475,09361,3,99999,03129,壬生町総合運動場管理棟（トレーニングルーム）,大字壬生甲3828,3,-99,1976
139.814989,36.443733,09361,3,99999,03110,壬生町総合運動場（武道館）,大字壬生甲3828,3,-99,1986
139.814983,36.443642,09361,3,99999,03111,壬生町総合運動場（武道館）,大字壬生甲3828,3,-99,1986
139.814668,36.443633,09361,3,99999,03121,壬生町総合運動場（武道館）,大字壬生甲3828,3,-99,1986
139.813479,36.442739,09361,3,99999,03115,壬生町総合運動場（テニスコート）,大字壬生甲3828,3,-99,1984
139.809736,36.462564,09361,3,99999,03101,壬生町総合公園,大字国谷783-1,4,-99,1995
139.798171,36.409166,09361,3,99999,03102,壬生町南部運動場,大字壬生甲1951-1,3,-99,1990
139.798171,36.409032,09361,3,99999,03103,壬生町南部運動場,大字壬生甲1951-1,3,-99,1990
139.79883,36.40914,09361,3,99999,03115,壬生町南部運動場,大字壬生甲1951-1,3,-99,1990
139.798801,36.409575,09361,3,99999,03138,壬生町南部運動場,大字壬生甲1951-1,3,-99,1990
139.777129,36.467918,09361,3,99999,03104,壬生町北部運動場,大字羽生田2869-1,3,-99,1988
139.780328,36.465224,09361,3,99999,03106,壬生町黒川の里ふれあいプール,大字羽生田241,3,-99,1986
139.779359,36.46596,09361,3,99999,03107,壬生町黒川の里ふれあいプール,大字羽生田241,3,-99,1986
139.788006,36.452321,09361,3,99999,03109,壬生町嘉陽が丘ふれあい広場,大字上稲葉1056-8,4,-99,1985
139.788006,36.452259,09361,3,99999,03120,壬生町嘉陽が丘ふれあい広場,大字上稲葉1056-8,4,-99,1985
139.787602,36.451566,09361,3,99999,03138,壬生町嘉陽が丘ふれあい広場,大字上稲葉1056-8,4,-99,1985
139.788226,36.451833,09361,3,99999,03115,壬生町嘉陽が丘ふれあい広場,大字上稲葉1056-8,4,-99,1985
139.787337,36.452388,09361,3,99999,03142,壬生町嘉陽が丘ふれあい広場,大字上稲葉1056-8,4,-99,1985
139.663922,36.316819,09367,3,99999,03102,岩舟町総合運動場,静2292-1,3,-99,9999
139.664124,36.315459,09367,3,99999,03115,岩舟町総合運動場,静2292-1,3,-99,9999
139.664172,36.316283,09367,3,99999,03138,岩舟町総合運動場,静2292-1,3,-99,9999
139.664552,36.317068,09367,3,99999,03112,岩舟町武道館,静2292-1,3,-99,1970
139.64429,36.337589,09367,3,99999,03102,岩舟町総合運動公園,大字三谷1038-1,3,-99,2005
139.645431,36.337656,09367,3,99999,03103,岩舟町総合運動公園,大字三谷1038-1,3,-99,2005
139.647641,36.339877,09367,3,99999,03138,岩舟町総合運動公園,大字三谷1038-1,3,-99,2005
139.848784,36.778016,09384,3,99999,03109,塩谷町体育館,大字玉生681,3,-99,1972
139.845603,36.800305,09384,3,99999,03109,塩谷町熊ノ木体育館,大字熊ノ木805-1,3,-99,1999
139.838495,36.763943,09384,3,99999,03104,塩谷町総合公園,大字飯岡1160,3,-99,1987
139.837639,36.762619,09384,3,99999,03102,塩谷町総合公園,大字飯岡1160,3,-99,1987
139.838495,36.763733,09384,3,99999,03103,塩谷町総合公園,大字飯岡1160,3,-99,1987
139.835773,36.762924,09384,3,99999,03115,塩谷町総合公園,大字飯岡1160,3,-99,1987
139.855131,36.785883,09384,3,99999,03102,塩谷町自然休養村センター,大字熊ノ木987-2,4,-99,1976
139.853146,36.786711,09384,3,99999,03115,塩谷町自然休養村センター,大字熊ノ木987-2,4,-99,1976
139.854008,36.785569,09384,3,99999,03142,塩谷町自然休養村センター,大字熊ノ木987-2,4,-99,1976
139.855131,36.785778,09384,3,99999,03103,塩谷町自然休養村センター,大字熊ノ木987-2,4,-99,1976
139.856736,36.776625,09384,3,99999,03138,老人福祉センターゲートボール場,大字玉生872,3,-99,1980
139.882886,36.757522,09384,3,99999,03109,塩谷町田所体育館,大字田所973,3,-99,2007
139.85675,36.779221,09384,3,99999,03109,塩谷町玉生体育館,大字玉生956-2,3,-99,2005
139.991708,36.633377,09386,3,99999,03102,石末運動場,大字石末2115,3,-99,1980
139.991708,36.63322,09386,3,99999,03103,石末運動場,大字石末2115,3,-99,1980
139.990529,36.614311,09386,3,99999,03115,情報の森テニスコート,大字宝積寺2034-3,3,-99,1996
139.907035,36.426816,09301,3,99999,03109,上三川町体育センター,大字上三川4270,4,-99,1980
139.907035,36.426739,09301,3,99999,03120,上三川町体育センター,大字上三川4270,4,-99,1980
139.907035,36.426668,09301,3,99999,03129,上三川町体育センター,大字上三川4270,4,-99,1980
139.907041,36.426601,09301,3,99999,03112,上三川町武道館,大字上三川4270,4,-99,1981
139.90653,36.426629,09301,3,99999,03121,上三川町弓道場,大字上三川4270,4,-99,1981
139.90719,36.425172,09301,3,99999,03102,富士山公園,大字上三川3968,4,-99,1974
139.90861,36.425769,09301,3,99999,03115,富士山公園,大字上三川3968,4,-99,1974
139.909038,36.426056,09301,3,99999,03106,富士山公園,大字上三川3968,4,-99,1974
139.936634,36.439298,09301,3,99999,03102,桃畑緑地公園,大字上郷88地先,4,-99,1980
139.936194,36.438151,09301,3,99999,03104,桃畑緑地公園,大字上郷88地先,4,-99,1980
139.948939,36.463261,09301,3,99999,03102,蓼沼緑地公園,大字蓼沼1013地先,4,-99,1987
139.948285,36.461895,09301,3,99999,03104,蓼沼緑地公園,大字蓼沼1013地先,4,-99,1987
139.946645,36.462869,09301,3,99999,03104,蓼沼親水公園,大字蓼沼1013地先,4,-99,2001
139.891512,36.467456,09301,3,99999,03102,石田公園,大字石田448,4,-99,1978
139.92196,36.455172,09301,3,99999,03109,上三川町農村環境改善センター,大字上郷2140,4,-99,1985
139.92174,36.454804,09301,3,99999,03138,上三川町農村環境改善センター,大字上郷2140,4,-99,1985
139.876058,36.45809,09301,3,99999,03102,ゆうき公園,大字ゆうきが丘83,4,-99,1993
139.875817,36.457552,09301,3,99999,03104,ゆうき公園,大字ゆうきが丘83,4,-99,1993
139.740427,36.234531,09364,3,99999,03109,野木町体育センター,大字丸林571,3,-99,1977
139.740427,36.23444,09364,3,99999,03129,野木町体育センター,大字丸林571,3,-99,1977
139.740433,36.234359,09364,3,99999,03111,野木町武道館,大字丸林571,3,-99,2007
139.74171,36.233745,09364,3,99999,03121,野木町弓道場,大字丸林571,3,-99,1979
139.780696,36.227199,09364,3,99999,03104,野木町総合運動公園,大字佐川野916,3,-99,1986
139.779181,36.225975,09364,3,99999,03102,野木町総合運動公園,大字佐川野916,3,-99,1986
139.780696,36.227298,09364,3,99999,03103,野木町総合運動公園,大字佐川野916,3,-99,1986
139.778248,36.226545,09364,3,99999,03115,野木町総合運動公園,大字佐川野916,3,-99,1986
139.757316,36.224802,09364,3,99999,03102,篠山運動場,大字南赤塚2316-1,3,-99,1979
139.73,36.226291,09364,3,99999,03102,あじさい公園運動場,大字友沼5332,3,-99,1983
139.73767,36.235128,09364,3,99999,03102,丸林中央公園運動場,大字丸林577,3,-99,1983
139.696276,36.208159,09364,3,99999,03102,野渡グランド,大字野渡地先（河川敷）,3,-99,1980
139.733504,36.247427,09364,3,99999,03102,友沼グランド,大字友沼地先（河川敷）,3,-99,1985
139.909079,36.374265,09216,3,99999,03109,下野市南河内東体育館,本吉田783,3,-99,1981
139.878207,36.384402,09216,3,99999,03109,下野市南河内体育センター,仁良川1141,3,-99,1980
139.878213,36.384321,09216,3,99999,03110,下野市南河内武道館,仁良川1141,3,-99,1979
139.877511,36.385125,09216,3,99999,03102,下野市南河内球場,田中681-1,3,-99,1977
139.85446,36.3891,09216,3,99999,03102,下野市諏訪山公園,緑1-2,3,-99,1989
139.891974,36.411642,09216,3,99999,03102,下野市五千石球場,成田649-3,3,-99,1984
139.872029,36.364593,09216,3,99999,03102,下野市西坪山球場,下坪山1708,3,-99,1992
139.882786,36.357853,09216,3,99999,03101,下野市別処山公園,絹板611-1,3,-99,1993
139.877923,36.38401,09216,3,99999,03115,下野市南河内テニスコート,仁良川1142,3,-99,1984
139.859612,36.391251,09216,3,99999,03115,祇園原テニスコート,祇園3-4,3,-99,1987
139.879646,36.382181,09216,3,99999,03138,下野市南河内ゲートボール場,仁良川633-1,3,-99,1993
139.902563,36.364403,09216,3,99999,03103,下野市南河内東部運動広場,上坪山15,3,-99,1987
139.857142,36.431821,09216,3,99999,03109,下野市石橋体育センター,大松山1-7-1,3,-99,1978
139.846661,36.437057,09216,3,99999,03112,下野市石橋武道館,大字上大領141,3,-99,1996
139.847017,36.437014,09216,3,99999,03121,下野市石橋弓道場,大字上大領141,3,-99,2002
139.854118,36.430499,09216,3,99999,03102,下野市大松山運動公園,大松山1-7-1,3,-99,1982
139.855027,36.43017,09216,3,99999,03104,下野市大松山運動公園,大松山1-7-1,3,-99,1982
139.856049,36.429734,09216,3,99999,03138,下野市大松山運動公園,大松山1-7-1,3,-99,1982
139.855657,36.431743,09216,3,99999,03106,下野市大松山運動公園プール,大松山1-7-2,3,-99,1985
139.855295,36.431513,09216,3,99999,03107,下野市大松山運動公園プール,大松山1-7-2,3,-99,1985
139.85615,36.431532,09216,3,99999,03102,下野市大松山運動公園テニスコート,大松山1-7-2,3,-99,1986
139.835736,36.383772,09216,3,99999,03105,下野市国分寺Ｂ＆Ｇ海洋センタープール,小金井277-2,4,-99,1983
139.836125,36.384186,09216,3,99999,03109,下野市国分寺Ｂ＆Ｇ海洋センター体育館,小金井277-2,4,-99,1983
139.844774,36.369811,09216,3,99999,03112,下野市国分寺武道館,駅東7-3-13,3,-99,1975
139.832281,36.383424,09216,3,99999,03121,下野市国分寺弓道場静思館,川中子1055,3,-99,1986
139.833508,36.383781,09216,3,99999,03102,下野市国分寺運動公園,小金井280,3,-99,1981
139.834399,36.385561,09216,3,99999,03115,下野市国分寺運動公園,小金井280,3,-99,1981
139.836188,36.383509,09216,3,99999,03138,下野市国分寺運動公園,小金井280,3,-99,1981
139.833323,36.402003,09216,3,99999,03102,下野市箕輪公園グラウンド,箕輪河川敷地,3,-99,1982
139.833294,36.401611,09216,3,99999,03103,下野市箕輪公園グラウンド,箕輪河川敷地,3,-99,1982
139.844906,36.370442,09216,3,99999,03102,下野市柴公園グラウンド,駅東7-4,3,-99,1975
139.844906,36.37036,09216,3,99999,03103,下野市柴公園グラウンド,駅東7-4,3,-99,1975
139.809909,36.386293,09216,3,99999,03102,尼寺グラウンド,国分980,3,-99,1997
139.81138,36.385515,09216,3,99999,03109,下野市国分寺聖武館,国分寺682-2,3,-99,1977
139.634394,36.747101,09206,3,99999,03102,日光運動公園,所野2832-2,3,-99,1966
139.635903,36.746892,09206,3,99999,03115,日光運動公園,所野2832-2,3,-99,1966
139.637127,36.746568,09206,3,99999,03103,日光運動公園,所野2832-2,3,-99,1966
139.620137,36.745574,09206,3,99999,03109,日光体育館,相生町15,3,-99,1978
139.620137,36.745519,09206,3,99999,03129,日光体育館,相生町15,3,-99,1978
139.620137,36.745462,09206,3,99999,03110,日光体育館,相生町15,3,-99,1978
139.561532,36.737685,09206,3,99999,03109,清滝体育館,清滝桜ケ丘210-7,3,-99,1983
139.561532,36.737604,09206,3,99999,03129,清滝体育館,清滝桜ケ丘210-7,3,-99,1983
139.616691,36.75415,09206,3,99999,03115,小倉山テニスコート,所野2854,3,-99,1984
139.554647,36.728834,09206,3,99999,03124,細尾ドームリンク,細尾町676-12,3,-99,1995
139.61053,36.759691,09206,3,99999,03125,霧降スケートセンター,所野2854地先,4,-99,1991
139.618595,36.750654,09206,3,99999,03138,大谷川緑地公園,稲荷町大谷川河川敷,3,-99,1988
139.712325,36.726858,09206,3,99999,03109,今市運動公園,今市1659,4,-99,1962
139.712111,36.727496,09206,3,99999,03102,今市運動公園,今市1659,4,-99,1962
139.711256,36.726629,09206,3,99999,03103,今市運動公園,今市1659,4,-99,1962
139.712658,36.726334,09206,3,99999,03138,今市運動公園,今市1659,4,-99,1962
139.711244,36.726468,09206,3,99999,03104,今市運動公園,今市1659,4,-99,1962
139.668433,36.738059,09206,3,99999,03102,丸山運動公園,瀬尾1640-20,4,-99,1977
139.670923,36.737068,09206,3,99999,03103,丸山運動公園,瀬尾1640-20,4,-99,1977
139.667144,36.738059,09206,3,99999,03115,丸山運動公園,瀬尾1640-20,4,-99,1977
139.669687,36.737344,09206,3,99999,03106,丸山運動公園,瀬尾1640-20,4,-99,1977
139.71445,36.760937,09206,3,99999,03109,豊岡運動公園,大桑町136,3,-99,1965
139.713927,36.760223,09206,3,99999,03102,豊岡運動公園,大桑町136,3,-99,1965
139.715021,36.760761,09206,3,99999,03115,豊岡運動公園,大桑町136,3,-99,1965
139.715235,36.761166,09206,3,99999,03138,豊岡運動公園,大桑町136,3,-99,1965
139.713682,36.682242,09206,3,99999,03109,落合運動公園,明神2436,3,-99,1989
139.713705,36.68268,09206,3,99999,03102,落合運動公園,明神2436,3,-99,1989
139.713099,36.682089,09206,3,99999,03115,落合運動公園,明神2436,3,-99,1989
139.71323,36.681842,09206,3,99999,03138,落合運動公園,明神2436,3,-99,1989
139.839155,36.731286,09206,3,99999,03102,塩野室運動公園,小林字河原地内,3,-99,1998
139.838561,36.73051,09206,3,99999,03103,塩野室運動公園,小林字河原地内,3,-99,1998
139.837937,36.731138,09206,3,99999,03115,塩野室運動公園,小林字河原地内,3,-99,1998
139.837782,36.730929,09206,3,99999,03138,塩野室運動公園,小林字河原地内,3,-99,1998
139.717674,36.814903,09206,3,99999,03102,藤原運動公園,鬼怒川温泉大原485,3,-99,1975
139.716182,36.815241,09206,3,99999,03115,藤原運動公園,鬼怒川温泉大原485,3,-99,1975
139.735215,36.852136,09206,3,99999,03102,藤原運動場,藤原355-1,3,-99,1991
139.735286,36.851851,09206,3,99999,03138,藤原運動場,藤原355-1,3,-99,1991
139.703629,36.893745,09206,3,99999,03102,川治運動場,川治温泉川治245,3,-99,1975
139.702857,36.893774,09206,3,99999,03115,川治運動場,川治温泉川治245,3,-99,1975
139.713905,36.817647,09206,3,99999,03106,藤原プール,鬼怒川温泉大原785,3,-99,1969
139.707778,36.800368,09206,3,99999,03115,鬼怒川レジャー公園,鬼怒川温泉大原35,3,-99,1984
139.708545,36.800216,09206,3,99999,03138,鬼怒川レジャー公園,鬼怒川温泉大原35,3,-99,1984
139.41377,36.616419,09206,3,99999,03109,足尾原体育館,足尾町3376,3,-99,1996
139.439886,36.633217,09206,3,99999,03109,足尾市民センター,足尾町通洞9-1,3,-99,1977
139.437472,36.63382,09206,3,99999,03102,足尾中央グラウンド,足尾町2805-4,3,-99,1981
139.437498,36.634009,09206,3,99999,03115,足尾中央グラウンド,足尾町2805-4,3,-99,1981
139.437463,36.633599,09206,3,99999,03138,足尾中央グラウンド,足尾町2805-4,3,-99,1981
139.445672,36.638532,09206,3,99999,03115,足尾向原テニスコート,足尾町向原2479-1,3,-99,1993
139.442754,36.635646,09206,3,99999,03106,足尾プール,足尾町赤沢6-1,3,-99,1970
139.410818,36.653134,09206,3,99999,03142,銀山平キャンプ場,足尾町銀山平5488,3,-99,1978
139.611556,36.868855,09206,3,99999,03102,栗山運動場,日蔭570,3,-99,1986
139.611556,36.868741,09206,3,99999,03103,栗山運動場,日蔭570,3,-99,1986
139.611562,36.868589,09206,3,99999,03138,栗山運動場,日蔭570,3,-99,1986
139.583891,36.961786,09206,3,99999,03109,湯西川体験農業交流センター,湯西川1156,3,-99,1986
139.598239,36.986471,09206,3,99999,03142,安らぎの森自然公園,湯西川1878-3,4,-99,1968
139.567901,36.893376,09206,3,99999,03142,キャンプインドロブックル,土呂部97,3,-99,1993
139.580384,36.864097,09206,3,99999,03142,上栗山オートキャンプ場,上栗山561,3,-99,2000
139.703408,36.797846,09206,3,99999,03102,下原運動場,鬼怒川温泉大原2,3,-99,1970
139.704574,36.893465,09206,3,99999,03106,川治プール,川治温泉川治245,3,-99,1976
139.759377,36.696975,09206,3,99999,03109,大沢体育館,大沢町809-1,3,-99,2009
139.759377,36.696922,09206,3,99999,03129,大沢体育館,大沢町809-1,3,-99,2009
139.75938,36.696865,09206,3,99999,03120,大沢体育館,大沢町809-1,3,-99,2009
139.82688,36.314064,09208,3,99999,03109,勤労者体育センター,犬塚3-1-2,4,-99,1974
139.854272,36.313905,09208,3,99999,03101,小山運動公園,向野187,4,-99,1973
139.852525,36.314384,09208,3,99999,03102,小山運動公園,向野187,4,-99,1973
139.855116,36.314834,09208,3,99999,03115,小山運動公園,向野187,4,-99,1973
139.832049,36.292464,09208,3,99999,03102,あけぼの公園,横倉新田465,4,-99,1977
139.830587,36.291803,09208,3,99999,03115,あけぼの公園,横倉新田465,4,-99,1977
139.794736,36.314256,09208,3,99999,03101,思川緑地,大行寺1289,4,-99,1991
139.790695,36.310924,09208,3,99999,03102,思川緑地,大行寺1289,4,-99,1991
139.789911,36.311374,09208,3,99999,03115,思川緑地,大行寺1289,4,-99,1991
139.792098,36.312284,09208,3,99999,03138,思川緑地,大行寺1289,4,-99,1991
139.793452,36.313174,09208,3,99999,03104,思川緑地,大行寺1289,4,-99,1991
139.804094,36.285692,09208,3,99999,03115,原の内公園,神鳥谷1864-1,4,-99,1984
139.805619,36.307934,09208,3,99999,03112,小山市立武道館,三峯2-1-12,3,-99,1972
139.798972,36.315196,09208,3,99999,03121,小山市営弓道場,中央町1-1-1,3,-99,1965
139.815404,36.293311,09208,3,99999,03102,自由ヶ丘グラウンド,東城南3-9-1～7,3,-99,1992
139.814917,36.29232,09208,3,99999,03104,自由ヶ丘グラウンド,東城南3-9-1～7,3,-99,1992
139.702563,36.194679,08204,3,03001,03001,古河街角美術館,中央町2-6-60,3,2,1995
139.703019,36.194471,08204,3,03001,03001,古河歴史博物館別館・篆刻美術館,中央町2-4-18,3,3,1920
139.979152,36.309264,08227,3,03001,03001,しもだて美術館,丙372（しもだて地域交流センター・アルテリオ3階）,3,4,2003
139.979809,36.311303,08227,3,03001,03001,板谷波山記念館,田町甲866,4,2,1980
139.819327,36.185421,08204,3,03002,03002,古河市三和資料館,仁連2042-1,3,-99,2000
139.701493,36.191657,08204,3,03002,03002,古河歴史博物館,中央町3-10-56,3,2,1990
139.877327,36.303618,08207,3,03002,03002,本場結城紬染織資料館（手緒里）,大字結城12-2,4,2,1977
139.942419,36.194816,08210,3,03002,03002,下妻市ふるさと博物館,大字長塚乙77,3,2,1996
139.979984,36.113311,08211,3,03002,03002,常総市地域交流センター（豊田城）,大字新石下2010,3,-99,1992
139.953908,36.119663,08211,3,03002,03002,常総市民俗資料館,大字杉山687,3,2,1978
139.916242,36.005338,08228,3,03002,03002,ミュージアムパーク茨城県自然博物館,大崎700,2,-99,1994
139.883685,36.117474,08228,3,03002,03002,坂東市立猿島資料館（さしま郷土館ミューズ）,山2726,3,5,1997
139.889622,36.179434,08521,3,03002,03002,八千代町歴史民俗資料館,菅谷1017-1,3,-99,1984
139.808432,36.120792,08546,3,03002,03002,境町歴史民俗資料館,大字西泉田1326-1,3,2,1979
139.714582,36.197294,08204,3,03003,03003,古河市古河図書館,東3-7-19,3,-99,9999
139.819327,36.185421,08204,3,03003,03003,古河市三和図書館,仁連2042-1,3,2,9999
139.873244,36.298523,08207,3,03003,03003,ゆうき図書館,国府町1-1-1,3,4,2004
139.953842,36.181375,08210,3,03003,03003,下妻市立図書館,砂沼新田35-1,3,2,2001
139.987494,36.017023,08211,3,03003,03003,常総市立図書館,水海道天満町1606,3,-99,9999
139.983959,36.306007,08227,3,03003,03003,筑西市立中央図書館,下岡崎1-11-1,3,2,9999
139.883685,36.117474,08228,3,03003,03003,坂東市立猿島図書館,山2726,3,-99,9999
139.882836,36.041708,08228,3,03003,03003,坂東市立岩井図書館,岩井5082,3,-99,9999
139.886733,36.187382,08521,3,03003,03003,八千代町立図書館,大字菅谷561-1,3,-99,1999
139.728955,36.194876,08204,3,99999,03109,古河市古河体育館,旭町2-21-4,3,-99,9999
139.728952,36.194843,08204,3,99999,03110,古河市古河体育館,旭町2-21-4,3,-99,9999
139.728955,36.194802,08204,3,99999,03111,古河市古河体育館,旭町2-21-4,3,-99,9999
139.728961,36.194766,08204,3,99999,03129,古河市古河体育館,旭町2-21-4,3,-99,9999
139.728952,36.194732,08204,3,99999,03119,古河市古河体育館,旭町2-21-4,3,-99,9999
139.728955,36.194694,08204,3,99999,03120,古河市古河体育館,旭町2-21-4,3,-99,9999
139.695544,36.181174,08204,3,99999,03105,古河スポーツ交流センター,立崎510-1,3,-99,9999
139.69555,36.181107,08204,3,99999,03129,古河スポーツ交流センター,立崎510-1,3,-99,9999
139.694483,36.186088,08204,3,99999,03102,リバーフイールド古河,渡良瀬川河川敷,3,-99,9999
139.693343,36.181561,08204,3,99999,03103,リバーフイールド古河,渡良瀬川河川敷,3,-99,9999
139.696962,36.199005,08204,3,99999,03134,古河ゴルフリンクス,西町10-1,3,-99,9999
139.696736,36.198602,08204,3,99999,03109,古河リバーサイド倶楽部,西町10-1,3,-99,9999
139.703095,36.172213,08204,3,99999,03103,古河市サッカー場,駒ヶ崎44-1,3,-99,9999
139.704362,36.17167,08204,3,99999,03102,古河市古河市民球場,駒ヶ崎19,3,-99,9999
139.702305,36.173415,08204,3,99999,03115,古河市古河テニス場,鴻巣1495,3,-99,9999
139.702304,36.173483,08204,3,99999,03115,古河市古河ふれあいテニス広場,鴻巣1498,3,-99,9999
139.704063,36.167994,08204,3,99999,03115,古河市新久田テニス場,新久田264,3,-99,9999
139.728955,36.194656,08204,3,99999,03119,古河市相撲場,旭町2-21-4,3,-99,9999
139.698501,36.156865,08204,3,99999,03103,古河市利根運動場,中田新田地先,3,-99,9999
139.752868,36.181419,08204,3,99999,03109,古河市中央運動公園（総合体育館）,下大野2528,3,-99,9999
139.752868,36.181347,08204,3,99999,03120,古河市中央運動公園（総合体育館）,下大野2528,3,-99,9999
139.752862,36.181275,08204,3,99999,03129,古河市中央運動公園（総合体育館）,下大野2528,3,-99,9999
139.751983,36.181002,08204,3,99999,03105,古河市中央運動公園（総合体育館）,下大野2528,3,-99,9999
139.752036,36.1827,08204,3,99999,03115,古河市中央運動公園（総合体育館）,下大野2528,3,-99,9999
139.755329,36.198853,08204,3,99999,03102,古河市丘里公園,丘里9,3,-99,9999
139.755334,36.198777,08204,3,99999,03102,野球場兼ソフトボール場,丘里9,3,-99,9999
139.764662,36.158382,08204,3,99999,03102,古河市北利根北公園野球場・テニスコート,北利根11,3,-99,9999
139.764281,36.157648,08204,3,99999,03115,古河市北利根北公園野球場・テニスコート,北利根11,3,-99,9999
139.767392,36.147729,08204,3,99999,03102,古河市北利根南公園ソフトボール場,北利根6,3,-99,9999
139.780272,36.210521,08204,3,99999,03102,古河市上大野グランド,上大野1532-1,3,-99,9999
139.760466,36.208827,08204,3,99999,03102,古河市小堤スポーツ広場,小堤227-1,3,-99,9999
139.751989,36.180944,08204,3,99999,03105,古河市中央運動公園（温水プール）,下大野2528,3,-99,9999
139.819369,36.185708,08204,3,99999,03109,古河市三和健康ふれあいスポーツセンター,仁連2042-1,3,-99,9999
139.819369,36.185636,08204,3,99999,03105,古河市三和健康ふれあいスポーツセンター,仁連2042-1,3,-99,9999
139.819369,36.185564,08204,3,99999,03129,古河市三和健康ふれあいスポーツセンター,仁連2042-1,3,-99,9999
139.819357,36.184413,08204,3,99999,03102,古河市三和健康ふれあいスポーツセンター,仁連2042-1,3,-99,9999
139.817843,36.157907,08204,3,99999,03102,古河市三和野球場,東山田1808-1,3,-99,9999
139.816466,36.158319,08204,3,99999,03115,古河市三和農村環境改善センターテニスコート,東山田1808-12,3,-99,9999
139.904763,36.277415,08207,3,99999,03102,久保田河川敷県民運動公園,大字久保田1152-2,3,-99,9999
139.88941,36.25938,08207,3,99999,03102,才光寺河川敷県民運動公園,大字上山川4030-4,3,-99,9999
139.833754,36.258506,08207,3,99999,03102,田間グラウンド,大字田間758-1,3,-99,9999
139.860885,36.298576,08207,3,99999,03102,川木谷野球場,大字結城10045,3,-99,9999
139.883989,36.275359,08207,3,99999,03138,いこいスポーツセンター,大字鹿窪888-1,3,-99,9999
139.876814,36.281333,08207,3,99999,03102,鹿窪運動公園（かなくぼ総合体育館等）,大字鹿窪1,3,-99,9999
139.877509,36.283379,08207,3,99999,03115,鹿窪運動公園（かなくぼ総合体育館等）,大字鹿窪1,3,-99,9999
139.87704,36.280428,08207,3,99999,03138,鹿窪運動公園（かなくぼ総合体育館等）,大字鹿窪1,3,-99,9999
139.875578,36.279628,08207,3,99999,03104,鹿窪運動公園（かなくぼ総合体育館等）,大字鹿窪1,3,-99,9999
139.877801,36.282483,08207,3,99999,03109,鹿窪運動公園（かなくぼ総合体育館等）,大字鹿窪1,3,-99,9999
139.951874,36.020023,08211,3,99999,03109,水海道総合体育館,坂手町3552,3,2,9999
139.95188,36.01986,08211,3,99999,03129,水海道総合体育館,坂手町3552,3,2,9999
139.951868,36.019941,08211,3,99999,03120,水海道総合体育館,坂手町3552,3,2,9999
139.953033,36.023714,08211,3,99999,03102,水海道球場,坂手町3552,3,-99,9999
139.951357,36.019797,08211,3,99999,03115,水海道球場,坂手町3552,3,-99,9999
139.952813,36.022277,08211,3,99999,03105,きぬ温水プール,坂手町3552,3,2,9999
139.935403,36.109927,08211,3,99999,03109,石下総合体育館,鴻野山字芝原1670,3,2,9999
139.935415,36.109855,08211,3,99999,03129,石下総合体育館,鴻野山字芝原1670,3,2,9999
139.93434,36.109557,08211,3,99999,03102,石下球場,鴻野山字芝原1670,3,-99,9999
139.980529,36.112758,08211,3,99999,03109,石下体育館,新石下2010,3,2,9999
139.925871,36.113609,08211,3,99999,03109,石下西体育館,鴻野山164-1,3,2,9999
139.951304,36.082168,08211,3,99999,03102,原山球場,大生郷町6134,3,-99,9999
139.983091,36.024807,08211,3,99999,03102,豊岡球場,豊岡町乙1500-2,3,-99,9999
139.987887,36.014191,08211,3,99999,03102,天満運動場,水海道天満町4228,3,-99,9999
139.987893,36.014114,08211,3,99999,03138,天満運動場,水海道天満町4228,3,-99,9999
139.988218,36.111612,08211,3,99999,03102,豊田球場,本豊田1580,3,-99,9999
139.98817,36.112553,08211,3,99999,03102,豊田サブグラウンド,本豊田1580,3,-99,9999
139.957752,36.079553,08211,3,99999,03115,花島テニスコート（花島近隣公園内）,大生郷町6126,3,-99,9999
139.982017,36.075871,08211,3,99999,03106,三妻プール,三坂町1857-1,3,-99,9999
139.98478,36.017538,08211,3,99999,03109,水海道小学校,水海道天満町2516-1,3,-99,9999
139.984792,36.017461,08211,3,99999,03112,水海道小学校,水海道天満町2516-1,3,-99,9999
139.985042,36.016918,08211,3,99999,03104,水海道小学校,水海道天満町2516-1,3,-99,9999
139.980862,36.06864,08211,3,99999,03109,三妻小学校,中妻町4146,3,-99,9999
139.980865,36.06857,08211,3,99999,03112,三妻小学校,中妻町4146,3,-99,9999
139.981537,36.067859,08211,3,99999,03104,三妻小学校,中妻町4146,3,-99,9999
139.972117,36.066487,08211,3,99999,03109,大花羽小学校,大輪町386-1,3,-99,9999
139.972117,36.066417,08211,3,99999,03112,大花羽小学校,大輪町386-1,3,-99,9999
139.972776,36.066823,08211,3,99999,03104,大花羽小学校,大輪町386-1,3,-99,9999
139.950471,36.064743,08211,3,99999,03109,菅原小学校,大生郷町1615,3,-99,9999
139.950477,36.064662,08211,3,99999,03112,菅原小学校,大生郷町1615,3,-99,9999
139.950917,36.06469,08211,3,99999,03104,菅原小学校,大生郷町1615,3,-99,9999
139.97093,36.034064,08211,3,99999,03109,豊岡小学校,豊岡町丙3362,3,-99,9999
139.970936,36.033992,08211,3,99999,03112,豊岡小学校,豊岡町丙3362,3,-99,9999
139.971762,36.033982,08211,3,99999,03104,豊岡小学校,豊岡町丙3362,3,-99,9999
139.959983,36.002485,08211,3,99999,03109,絹西小学校,坂手町7303-3,3,-99,9999
139.959992,36.002418,08211,3,99999,03112,絹西小学校,坂手町7303-3,3,-99,9999
139.960396,36.001694,08211,3,99999,03104,絹西小学校,坂手町7303-3,3,-99,9999
139.984794,36.034414,08211,3,99999,03109,水海道中学校,小山戸町61,3,-99,9999
139.984729,36.035198,08211,3,99999,03112,水海道中学校,小山戸町61,3,-99,9999
139.986131,36.034991,08211,3,99999,03104,水海道中学校,小山戸町61,3,-99,9999
139.980699,36.069366,08211,3,99999,03109,鬼怒中学校,中妻町4180,3,-99,9999
139.981989,36.06945,08211,3,99999,03112,鬼怒中学校,中妻町4180,3,-99,9999
139.980898,36.069904,08211,3,99999,03104,鬼怒中学校,中妻町4180,3,-99,9999
139.968858,36.027984,08211,3,99999,03109,水海道西小学校,豊岡町乙1005-1,3,-99,9999
139.96925,36.028009,08211,3,99999,03112,水海道西小学校,豊岡町乙1005-1,3,-99,9999
139.968109,36.027283,08211,3,99999,03104,水海道西小学校,豊岡町乙1005-1,3,-99,9999
139.974833,36.122581,08211,3,99999,03109,石下中学校,本石下1000-1,3,-99,9999
139.976753,36.122101,08211,3,99999,03112,石下中学校,本石下1000-1,3,-99,9999
139.975796,36.122034,08211,3,99999,03104,石下中学校,本石下1000-1,3,-99,9999
139.969461,36.185219,08210,3,99999,03109,総合体育館,本城町3-36-1,3,-99,9999
139.947532,36.200215,08210,3,99999,03102,砂沼球場,半谷724-1,3,-99,9999
139.974882,36.195959,08210,3,99999,03110,東部柔道剣道場,大串610,3,-99,9999
139.974876,36.196035,08210,3,99999,03111,東部柔道剣道場,大串610,3,-99,9999
139.975101,36.196755,08210,3,99999,03103,東部柔道剣道場,大串610,3,-99,9999
139.993629,36.19423,08210,3,99999,03102,小貝川ふれあい公園,堀篭1650-1,3,-99,9999
139.992648,36.19598,08210,3,99999,03103,小貝川ふれあい公園,堀篭1650-1,3,-99,9999
139.961317,36.152444,08210,3,99999,03102,千代川運動公園,鬼怒257,3,-99,9999
139.962238,36.153279,08210,3,99999,03104,千代川運動公園,鬼怒257,3,-99,9999
139.975128,36.152342,08210,3,99999,03109,千代川体育館,唐崎944,3,-99,9999
139.974965,36.151877,08210,3,99999,03115,千代川体育館,唐崎944,3,-99,9999
139.966179,36.153103,08210,3,99999,03109,千代川第二体育館,原188,3,-99,9999
139.967094,36.153161,08210,3,99999,03103,千代川第二体育館,原188,3,-99,9999
139.930858,36.319275,08227,3,99999,03109,下館総合体育館,上平塚627,3,-99,9999
139.930858,36.319352,08227,3,99999,03129,下館総合体育館,上平塚627,3,-99,9999
139.976861,36.295494,08227,3,99999,03129,下館トレーニングセンター,二木成1622,3,-99,9999
139.93375,36.319058,08227,3,99999,03103,下館運動場,上平塚639,3,-99,9999
139.931231,36.318235,08227,3,99999,03104,下館運動場,上平塚639,3,-99,9999
139.982253,36.306243,08227,3,99999,03112,下館武道館,下中山732-1,3,-99,9999
139.977338,36.332225,08227,3,99999,03144,サイクリングロード,五行川沿い,3,-99,9999
139.956502,36.259957,08227,3,99999,03109,関城体育館,藤ヶ谷1845-1,3,-99,9999
139.956508,36.25988,08227,3,99999,03129,関城体育館,藤ヶ谷1845-1,3,-99,9999
139.94983,36.248381,08227,3,99999,03109,関城体育センター,犬塚51-14,3,-99,9999
139.955377,36.266704,08227,3,99999,03102,関城運動場,辻字西原2435,3,-99,9999
139.954331,36.266397,08227,3,99999,03104,関城運動場,辻字西原2435,3,-99,9999
139.954081,36.267097,08227,3,99999,03115,関城運動場,辻字西原2435,3,-99,9999
139.955682,36.259574,08227,3,99999,03102,関城運動場,藤ヶ谷1845-1,3,-99,9999
139.957143,36.25908,08227,3,99999,03142,関城運動場,藤ヶ谷1845-1,3,-99,9999
139.955688,36.259487,08227,3,99999,03103,関城運動場,藤ヶ谷1845-1,3,-99,9999
139.900265,36.24925,08227,3,99999,03102,関城富士ノ宮球場,関本上中306-1,3,-99,9999
139.878905,36.049349,08228,3,99999,03120,坂東市総合体育館,岩井3086,3,2,1981
139.878905,36.049416,08228,3,99999,03109,坂東市総合体育館,岩井3086,3,2,1981
139.878899,36.04921,08228,3,99999,03112,坂東市総合体育館,岩井3086,3,2,1981
139.878905,36.049277,08228,3,99999,03129,坂東市総合体育館,岩井3086,3,2,1981
139.883451,36.118152,08228,3,99999,03109,坂東市猿島体育館,山2724,3,-99,1980
139.88335,36.118498,08228,3,99999,03112,坂東市猿島武道館,山2724,3,-99,1987
139.878136,36.050165,08228,3,99999,03102,坂東市岩井球場,鵠戸255,3,-99,1983
139.870311,36.112827,08228,3,99999,03102,坂東市猿島球場,生子新田804,3,-99,1983
139.877957,36.04896,08228,3,99999,03115,坂東市岩井テニスコート,鵠戸268,3,-99,1984
139.859809,36.105766,08228,3,99999,03115,坂東市生子テニスコート,生子新田884-1,3,-99,9999
139.863723,36.133012,08228,3,99999,03115,坂東市逆井山テニスコート,逆井1825-30,3,-99,9999
139.878317,36.047649,08228,3,99999,03103,八坂公園,岩井3162-3,3,-99,9999
139.879796,36.048427,08228,3,99999,03106,八坂公園,岩井3162-3,3,-99,9999
139.905567,36.043651,08228,3,99999,03102,宝堀運動公園,神田山2137-1,3,-99,1985
139.906875,36.070256,08228,3,99999,03102,馬立運動公園,馬立1185,3,-99,1985
139.860546,36.105027,08228,3,99999,03103,生子運動公園,生子新田884-1,3,-99,1992
139.860552,36.104945,08228,3,99999,03102,生子運動公園,生子新田884-1,3,-99,1992
139.859809,36.10568,08228,3,99999,03115,生子運動公園,生子新田884-1,3,-99,1992
139.908767,36.099995,08228,3,99999,03102,沓掛球場,沓掛6083,3,-99,1973
139.923452,36.084306,08228,3,99999,03102,内野山運動公園,内野山854-1,3,-99,1993
139.92287,36.084911,08228,3,99999,03138,内野山運動公園,内野山854-1,3,-99,1993
139.890248,36.181946,08521,3,99999,03109,総合体育館,菅谷1027,3,-99,9999
139.890248,36.181984,08521,3,99999,03120,総合体育館,菅谷1027,3,-99,9999
139.890248,36.181869,08521,3,99999,03110,総合体育館,菅谷1027,3,-99,9999
139.890248,36.182023,08521,3,99999,03111,総合体育館,菅谷1027,3,-99,9999
139.890248,36.18191,08521,3,99999,03129,総合体育館,菅谷1027,3,-99,9999
139.872554,36.182599,08521,3,99999,03142,八千代グリーンビレッジ,松本592,4,-99,9999
139.871043,36.187713,08521,3,99999,03102,町民公園,菅谷883-1,3,-99,9999
139.871815,36.186989,08521,3,99999,03101,町民公園,菅谷883-1,3,-99,9999
139.874317,36.184073,08521,3,99999,03103,町民公園,菅谷883-1,3,-99,9999
139.873342,36.185512,08521,3,99999,03115,町民公園,菅谷883-1,3,-99,9999
139.874337,36.185301,08521,3,99999,03102,体育センター（屋内運動場）,菅谷882-37,3,-99,9999
139.873333,36.185383,08521,3,99999,03115,体育センター（屋内運動場）,菅谷882-37,3,-99,9999
139.889349,36.181306,08521,3,99999,03105,八千代海洋センター,菅谷1029,3,-99,9999
139.933557,36.169875,08521,3,99999,03102,粟野運動公園,大字粟野291-2,3,-99,9999
139.918305,36.184802,08521,3,99999,03104,貝谷運動公園,大字貝谷37,3,-99,9999
139.901866,36.156527,08521,3,99999,03104,東蕗田運動公園,大字東蕗田241-1,3,-99,9999
139.889729,36.194018,08521,3,99999,03104,中結城地区公園,大字菅谷35,3,-99,9999
139.874851,36.206157,08521,3,99999,03104,中結城北部地区運動広場,大字西大山313-2,3,-99,9999
139.86776,36.160776,08521,3,99999,03104,下結城地区公園,大字平塚2175-1,3,-99,9999
139.904333,36.199837,08521,3,99999,03104,川西地区運動広場,大字新井428,3,-99,9999
139.743957,36.112853,08542,3,99999,03105,Ｂ＆Ｇ海洋センター,大字元栗橋6250,3,-99,9999
139.744254,36.113069,08542,3,99999,03109,Ｂ＆Ｇ海洋センター,大字元栗橋6250,3,-99,9999
139.793114,36.120336,08546,3,99999,03115,境シンパシホールＮＡ・ＫＡ・ＭＡ（境町勤労青少年ホーム）,大字長井戸1689-1,3,-99,9999
139.793049,36.120756,08546,3,99999,03109,境シンパシホールＮＡ・ＫＡ・ＭＡ（境町勤労青少年ホーム）,大字長井戸1689-1,3,-99,9999
