X,Y,P27_001,P27_002,P27_003,P27_004,P27_005,P27_006,P27_007,P27_008,P27_009
133.005134,34.064209,38202,3,03001,03001,愛媛文華館,黄金町2-6-2,4,4,1955
133.003364,34.249049,38202,3,03001,03001,今治市大三島美術館,大三島町宮浦9099,3,1,1986
133.053487,34.255859,38202,3,03002,03002,今治市上浦歴史民俗資料館（村上三島記念館）,上浦町井口7505,3,-99,1982
133.087717,34.168945,38202,3,03002,03002,今治市村上水軍博物館,宮窪町宮窪1285,3,3,2004
133.006712,34.062981,38202,3,03002,03002,今治城,通町3-1-3,3,6,1980
133.004292,34.247801,38202,3,03002,03002,大三島海事博物館,大三島町宮浦3327,4,2,1971
133.004875,34.247301,38202,3,03002,03002,大山祗神社宝物館,大三島町宮浦3327,4,3,1926
133.579654,34.011434,38213,3,03003,03003,四国中央市川之江図書館,川之江町2242-1,3,-99,9999
133.573771,34.008054,38213,3,99999,03002,紙のまち資料館,川之江町4069-1,3,3,1988
133.579929,34.009765,38213,3,99999,03002,かわのえ高原ふるさと館,川之江町2217-83,3,2,1999
133.04922,34.009091,38202,3,99999,03103,桜井スポーツランド,桜井甲1054-3,4,-99,9999
133.048798,34.010175,38202,3,99999,03115,桜井スポーツランド,桜井甲1054-3,4,-99,9999
133.049226,34.009013,38202,3,99999,03101,桜井スポーツランド,桜井甲1054-3,4,-99,9999
133.051801,34.005218,38202,3,99999,03103,桜井海浜ふれあい広場（サッカー場）,桜井甲1130-2,4,-99,9999
133.006765,34.000492,38202,3,99999,03105,朝倉Ｂ＆Ｇ海洋センター,朝倉下乙104-2,4,-99,9999
133.006973,34.00077,38202,3,99999,03109,朝倉Ｂ＆Ｇ海洋センター,朝倉下乙104-2,4,-99,9999
133.006973,34.00073,38202,3,99999,03129,朝倉Ｂ＆Ｇ海洋センター,朝倉下乙104-2,4,-99,9999
133.041441,34.155002,38202,3,99999,03106,吉海Ｂ＆Ｇ海洋センター,吉海町福田1290,4,-99,9999
133.041625,34.155364,38202,3,99999,03109,吉海Ｂ＆Ｇ海洋センター,吉海町福田1290,4,-99,9999
133.040523,34.154845,38202,3,99999,03137,吉海Ｂ＆Ｇ海洋センター,吉海町福田1290,4,-99,9999
133.040891,34.155071,38202,3,99999,03115,吉海テニスコート,吉海町福田1290,3,-99,9999
133.040867,34.154796,38202,3,99999,03138,吉海健康のひろば,吉海町福田1290,3,-99,9999
133.069669,34.15923,38202,3,99999,03102,宮窪石文化運動公園,宮窪町宮窪3546,3,-99,9999
133.069473,34.158345,38202,3,99999,03115,宮窪石文化運動公園,宮窪町宮窪3546,3,-99,9999
133.068659,34.159397,38202,3,99999,03138,宮窪石文化運動公園,宮窪町宮窪3546,3,-99,9999
133.071333,34.159648,38202,3,99999,03104,宮窪石文化運動公園,宮窪町宮窪3546,3,-99,9999
133.071939,34.160823,38202,3,99999,03109,宮窪石文化運動公園,宮窪町宮窪3546,3,-99,9999
133.08486,34.169421,38202,3,99999,03104,宮窪浜レクレーション広場,宮窪町宮窪1407-3,3,-99,9999
133.074378,34.20312,38202,3,99999,03109,伯方体育センター,伯方町叶浦甲1668-29,3,-99,9999
133.074205,34.203812,38202,3,99999,03115,伯方Ｓ・Ｃパーク,伯方町叶浦甲1668-32,3,-99,9999
133.112167,34.205499,38202,3,99999,03104,伯方木浦グランド,伯方町木浦甲1157-2,3,-99,9999
133.096425,34.230942,38202,3,99999,03104,伯方北浦グランド,伯方町北浦甲2313,3,-99,9999
133.066884,34.217804,38202,3,99999,03104,伯方伊方グランド,伯方町伊方甲1820-5,3,-99,9999
133.093648,34.205054,38202,3,99999,03104,伯方有津グランド,伯方町有津甲921,3,-99,9999
133.048022,34.260182,38202,3,99999,03104,上浦多々羅スポーツ公園運動場,上浦町井口7074-20,3,-99,9999
133.04694,34.260854,38202,3,99999,03115,上浦多々羅スポーツ公園運動場,上浦町井口7074-20,3,-99,9999
133.047213,34.261561,38202,3,99999,03105,上浦多々羅スポーツ公園運動場,上浦町井口7074-20,3,-99,9999
133.047213,34.261507,38202,3,99999,03109,上浦多々羅スポーツ公園運動場,上浦町井口7074-20,3,-99,9999
133.047208,34.261453,38202,3,99999,03129,上浦多々羅スポーツ公園運動場,上浦町井口7074-20,3,-99,9999
133.048319,34.260658,38202,3,99999,03102,上浦多々羅スポーツ公園運動場,上浦町井口7074-20,3,-99,9999
133.04801,34.260236,38202,3,99999,03103,上浦多々羅スポーツ公園運動場,上浦町井口7074-20,3,-99,9999
133.047213,34.261394,38202,3,99999,03120,上浦多々羅スポーツ公園運動場,上浦町井口7074-20,3,-99,9999
133.051799,34.236168,38202,3,99999,03109,上浦瀬戸崎体育館,上浦町甘崎3878,3,-99,9999
133.013558,34.048433,38202,3,99999,03104,鳥生小学校運動場,南高下町3-3-71,4,-99,9999
133.012941,34.059736,38202,3,99999,03104,城東小学校運動場,東門町4-3-16,4,-99,9999
133.031726,34.03301,38202,3,99999,03104,国分小学校運動場,古国分2-7-1,4,-99,9999
133.033067,34.016843,38202,3,99999,03104,桜井中学校運動場,郷桜井1-8-8,4,-99,9999
133.000657,34.031315,38202,3,99999,03104,南中学校運動場,松木349-1,4,-99,9999
133.040865,34.144325,38202,3,99999,03104,吉海小学校運動場,吉海町八幡157,3,-99,9999
133.040056,34.143309,38202,3,99999,03104,吉海中学校運動場,吉海町幸新田250,3,-99,9999
133.072203,34.1719,38202,3,99999,03104,宮窪小学校運動場,宮窪町宮窪4765,3,-99,9999
133.075117,34.172222,38202,3,99999,03104,宮窪中学校運動場,宮窪町宮窪2886,3,-99,9999
133.036272,34.264938,38202,3,99999,03104,上浦中学校運動場,上浦町井口5610,3,-99,9999
133.565597,34.010651,38213,3,99999,03102,川之江運動場,川之江町594,4,-99,9999
133.565679,34.01887,38213,3,99999,03104,浜公園（野球場・多目的・サフ゛）,川之江町4017-2,4,-99,9999
133.580152,34.024698,38213,3,99999,03104,川之江東部グラウンド,川之江町1432,4,-99,9999
133.604823,34.021051,38213,3,99999,03115,川之江テニスセンター,金生町山田井乙67-3,4,-99,9999
133.570932,34.010318,38213,3,99999,03109,川之江体育館,川之江町1012-48,4,-99,9999
133.570938,34.010269,38213,3,99999,03120,川之江体育館,川之江町1012-48,4,-99,9999
133.570938,34.010215,38213,3,99999,03116,川之江体育館,川之江町1012-48,4,-99,9999
133.570932,34.01017,38213,3,99999,03111,川之江体育館,川之江町1012-48,4,-99,9999
133.570932,34.010126,38213,3,99999,03121,川之江体育館,川之江町1012-48,4,-99,9999
133.570932,34.010087,38213,3,99999,03110,川之江体育館,川之江町1012-48,4,-99,9999
133.570932,34.010042,38213,3,99999,03129,川之江体育館,川之江町1012-48,4,-99,9999
133.57092,34.010003,38213,3,99999,03122,川之江体育館,川之江町1012-48,4,-99,9999
133.556315,34.000917,38213,3,99999,03104,川之江埋立グラウンド,妻鳥町3053,4,-99,9999
133.200081,34.265744,38356,3,99999,03109,上島町弓削体育館,弓削明神1-1地先,3,2,1982
133.200081,34.265685,38356,3,99999,03129,上島町弓削体育館,弓削明神1-1地先,3,2,1982
133.200075,34.265626,38356,3,99999,03120,上島町弓削体育館,弓削明神1-1地先,3,2,1982
133.177864,34.276879,38356,3,99999,03129,上島町生名開発総合センター,生名1885,3,3,9999
133.173173,34.262276,38356,3,99999,03105,上島町いきなスポレク公園,生名4528,4,-99,9999
133.172376,34.26207,38356,3,99999,03106,上島町いきなスポレク公園,生名4528,4,-99,9999
133.173179,34.262222,38356,3,99999,03109,上島町いきなスポレク公園,生名4528,4,-99,9999
133.173179,34.262168,38356,3,99999,03120,上島町いきなスポレク公園,生名4528,4,-99,9999
133.173119,34.261205,38356,3,99999,03102,上島町いきなスポレク公園,生名4528,4,-99,9999
133.173173,34.262124,38356,3,99999,03129,上島町いきなスポレク公園,生名4528,4,-99,9999
133.167097,34.282229,38356,3,99999,03148,サウンド波間田（はかんだ）,生名4528,4,-99,9999
133.167451,34.281804,38356,3,99999,03142,サウンド波間田（はかんだ）,生名4528,4,-99,9999
133.175819,34.279699,38356,3,99999,03115,上島町生名立石テニスコート,生名2228-1,3,-99,9999
133.79193,34.29108,37202,3,03001,03001,丸亀市猪熊弦一郎現代美術館,浜町80-1,3,3,1991
133.772372,34.388384,37202,3,03001,03001,正覚院（山寺）宝物館,本島町泊842,4,-99,1972
133.769434,34.285477,37202,3,03001,03001,中津万象園・丸亀美術館,中津町25-1,4,1,1982
133.824143,34.349462,37203,3,03001,03001,香川県立東山魁夷せとうち美術館,沙弥島字南通224-13,2,2,2005
133.849194,34.314462,37203,3,03001,03001,坂出市民美術館,寿町1-3-35,3,1,1985
133.990895,34.445065,37364,3,03001,03001,ベネッセアートサイト直島,琴弾地,4,3,1992
133.985314,34.449036,37364,3,03001,03001,地中美術館,3449-1,4,-99,2004
133.931263,34.378347,37201,3,03002,03002,瀬戸内海歴史民俗資料館,亀水町1412-2,2,2,1973
133.798409,34.285642,37202,3,03002,03002,丸亀市立資料館,1番丁（城内）,3,2,1972
133.852241,34.313327,37203,3,03002,03002,鎌田共済会郷土博物館,本町1-1-24,4,-99,1925
133.92752,34.377831,37203,3,03002,03002,香川県立五色台少年自然センター自然科学館,王越町木沢1901-2,2,2,1970
133.82875,34.347817,37203,3,03002,03002,瀬戸大橋記念館,番の州緑町6-13,2,4,1988
133.777784,34.227236,37204,3,03002,03002,善通寺市立郷土館,善通寺町6-1-4,3,2,2005
133.774157,34.225086,37204,3,03002,03002,善通寺宝物館,善通寺町3-3-1,4,2,1973
133.644106,34.084542,37205,3,03002,03002,観音寺市ちょうさ会館,豊浜町姫浜982-1,3,2,1993
133.64351,34.130842,37205,3,03002,03002,観音寺市郷土資料館,有明町3-35,3,2,1980
133.644106,34.084542,37205,3,03002,03002,豊浜郷土資料館,豊浜町姫浜982-1,3,2,1996
133.674779,34.220283,37208,3,03002,03002,三豊市詫間町民俗資料館・考古館,詫間町詫間1328-10,3,-99,9999
133.817847,34.186309,37403,3,03002,03002,海の科学館,953,4,5,1966
133.813248,34.18462,37403,3,03002,03002,金刀比羅宮博物館,892-1,4,-99,9999
133.818779,34.187713,37403,3,03002,03002,金陵の郷,623,4,-99,1988
133.753154,34.273868,37404,3,03002,03002,多度津町立資料館,家中1-6,3,2,1990
133.960206,34.297214,37201,3,03003,03003,高松市国分寺図書館,国分寺町新居1298,3,-99,9999
133.878212,34.232559,37202,3,03003,03003,丸亀市立綾歌図書館,綾歌町栗熊西1638,3,-99,9999
133.79193,34.29108,37202,3,03003,03003,丸亀市立中央図書館,浜町80-1,3,-99,9999
133.840731,34.262414,37202,3,03003,03003,丸亀市立飯山図書館,飯山町西坂元547-1,3,-99,9999
133.849123,34.313961,37203,3,03003,03003,坂出市立大橋記念図書館,寿町1-3-10,3,-99,9999
133.783578,34.227328,37204,3,03003,03003,善通寺市立図書館,文京町3-3-1,3,-99,9999
133.661595,34.127495,37205,3,03003,03003,観音寺市立中央図書館,坂本町1-1-1,3,-99,9999
133.636368,34.074253,37205,3,03003,03003,観音寺市立豊浜図書館,大字和田浜1531-1,3,-99,9999
133.713768,34.182295,37208,3,03003,03003,三豊市高瀬町図書館,高瀬町下勝間2347-1,3,-99,9999
133.706128,34.202866,37208,3,03003,03003,三豊市三野町図書館,三野町下高瀬569-2,3,-99,9999
133.733759,34.1203,37208,3,03003,03003,三豊市山本町図書館,山本町財田西154,3,-99,9999
133.645924,34.200399,37208,3,03003,03003,三豊市仁尾町図書館,仁尾町仁尾丁296-1,3,-99,9999
133.693801,34.147547,37208,3,03003,03003,三豊市豊中町図書館,豊中町本山甲236,3,-99,9999
133.674328,34.220574,37208,3,03003,03003,三豊市詫間町図書館,詫間町詫間1338-5,3,-99,9999
133.816858,34.305695,37386,3,03003,03003,ライブラリーうたづ,浜6番丁88,3,-99,9999
133.925455,34.246744,37387,3,03003,03003,綾南町立綾南図書館,大字滝宮469-5,3,-99,9999
133.815078,34.186652,37403,3,03003,03003,金刀比羅宮図書館,892,0,-99,9999
133.753707,34.270043,37404,3,03003,03003,多度津町立明徳会図書館,栄町3-1-56,3,-99,9999
133.699547,34.192927,37208,3,99999,03002,宗吉かわらの里展示館,三野町吉津甲153-1,3,-99,2009
133.663488,34.083735,37205,3,99999,03003,観音寺市立大野原図書館,大野原町大野原1368-1,3,-99,9999
133.92417,34.24991,37387,3,99999,03003,綾川町立図書館,滝宮318,3,-99,9999
133.949514,34.226164,37387,3,99999,03003,綾川町立綾上図書館,山田下2224,3,-99,9999
133.782509,34.226225,37204,3,99999,03003,四国学院大学図書館,文京町3-2-1,4,-99,9999
133.808525,34.309818,37386,3,99999,03003,香川短期大学附属図書館,浜1番丁10,4,-99,9999
133.921094,34.248073,37387,3,99999,03003,綾川町立生涯学習センター,滝宮318,3,-99,9999
133.786111,34.261845,37202,3,99999,03101,香川県立丸亀競技場,金倉町830,3,-99,1997
133.786117,34.261742,37202,3,99999,03103,香川県立丸亀競技場,金倉町830,3,-99,1997
133.787771,34.262676,37202,3,99999,03103,丸亀市総合運動公園,新田町1-1,4,-99,1973
133.788603,34.265166,37202,3,99999,03101,陸上競技場,新田町1-2,4,-99,1973
133.687386,34.111025,37205,3,99999,03101,観音寺市総合運動公園陸上競技場,池之尻町1071,3,-99,1976
133.950716,34.263775,37387,3,99999,03101,綾川町総合運動公園陸上競技場,陶1458-9,3,-99,1996
133.950716,34.263874,37387,3,99999,03103,綾川町総合運動公園陸上競技場,陶1458-9,3,-99,1996
133.964137,34.362856,37201,3,99999,03103,香川県総合運動公園（サッカー・ラグビー場）,生島町614,3,-99,1987
133.957904,34.365921,37201,3,99999,03104,香川県総合運動公園（サッカー・ラグビー場）,生島町614,3,-99,1987
133.826146,34.348305,37203,3,99999,03103,瀬戸大橋記念公園球技場,番の州緑町6-12,4,-99,2004
133.826152,34.348524,37203,3,99999,03104,瀬戸大橋記念公園球技場,番の州緑町6-12,4,-99,2004
133.728095,34.195972,37208,3,99999,03103,三豊市高瀬町緑ヶ丘サッカー場,高瀬町上高瀬751-1,3,-99,1996
133.987387,34.459729,37364,3,99999,03103,直島町民グランド,1701,3,-99,1970
133.95214,34.271715,37201,3,99999,03104,高松市国分寺橘ノ丘総合運動公園多目的広場,国分寺町新名2111-2,3,-99,1993
133.951783,34.308146,37201,3,99999,03104,高松市如意輪寺公園（多目的広場）,国分寺町国分2533-2,3,-99,2002
133.811196,34.260893,37202,3,99999,03104,郡家運動広場,郡家町3207-5,4,-99,2002
133.838877,34.233164,37202,3,99999,03103,綾歌土器川公園,綾歌町岡田西,3,-99,1986
133.838824,34.234088,37202,3,99999,03102,綾歌土器川公園,綾歌町岡田西,3,-99,1986
133.840223,34.24591,37202,3,99999,03103,飯山土器川公園,飯山町東小川,3,-99,1983
133.840419,34.244663,37202,3,99999,03102,飯山土器川公園,飯山町東小川,3,-99,1983
133.872981,34.267108,37202,3,99999,03103,飯山総合運動公園,飯山町東坂元2713-1,3,-99,1991
133.872975,34.267206,37202,3,99999,03102,飯山総合運動公園,飯山町東坂元2713-1,3,-99,1991
133.787779,34.262587,37202,3,99999,03104,丸亀市総合運動公園多目的広場,金倉町1010-1,4,-99,2009
133.804429,34.230187,37204,3,99999,03103,鉢伏ふれあい公園グラウンド,与北町2055-1,3,-99,2003
133.803265,34.229774,37204,3,99999,03102,鉢伏ふれあい公園グラウンド,与北町2055-1,3,-99,2003
133.810912,34.228123,37204,3,99999,03103,上池運動広場,与北町1424,3,-99,1984
133.810911,34.228044,37204,3,99999,03102,上池運動広場,与北町1424,3,-99,1984
133.810924,34.227976,37204,3,99999,03104,上池運動広場,与北町1424,3,-99,1984
133.763937,34.228872,37204,3,99999,03102,朝比奈運動広場,弘田町84,3,-99,1989
133.68667,34.078564,37205,3,99999,03103,萩の丘公園多目的広場,大野原町萩原乙139-1,3,-99,1991
133.687401,34.078982,37205,3,99999,03102,萩の丘公園多目的広場,大野原町萩原乙139-1,3,-99,1991
133.686658,34.078653,37205,3,99999,03104,萩の丘公園多目的広場,大野原町萩原乙139-1,3,-99,1991
133.638511,34.084103,37205,3,99999,03102,一の宮公園ソフトボールグラウンド,豊浜町姫浜宮前後,3,-99,1983
133.638511,34.084172,37205,3,99999,03138,一の宮公園ソフトボールグラウンド,豊浜町姫浜宮前後,3,-99,1983
133.647975,34.068215,37205,3,99999,03102,観音寺市立豊浜南部広場,豊浜町和田甲495-1,3,-99,1987
133.647849,34.067922,37205,3,99999,03138,観音寺市立豊浜南部広場,豊浜町和田甲495-1,3,-99,1987
133.63259,34.072901,37205,3,99999,03103,高須賀夕映公園,豊浜町和田浜高須賀1531-28,3,-99,1998
133.632578,34.072744,37205,3,99999,03102,高須賀夕映公園,豊浜町和田浜高須賀1531-28,3,-99,1998
133.632578,34.072577,37205,3,99999,03104,高須賀夕映公園,豊浜町和田浜高須賀1531-28,3,-99,1998
133.688281,34.110005,37205,3,99999,03103,観音寺市総合運動公園広場,池之尻町1071,3,-99,1974
133.68905,34.110951,37205,3,99999,03102,観音寺市総合運動公園広場,池之尻町1071,3,-99,1974
133.715326,34.128775,37208,3,99999,03104,三豊市山本町河川敷運動公園,山本町大野西光寺2733-4,3,-99,1983
133.717215,34.127605,37208,3,99999,03102,三豊市山本町河川敷運動公園,山本町大野西光寺2733-4,3,-99,1983
133.732207,34.119883,37208,3,99999,03103,三豊市山本ふれあい公園多目的広場,山本町財田西154,3,-99,2001
133.731999,34.120266,37208,3,99999,03102,三豊市山本ふれあい公園多目的広場,山本町財田西154,3,-99,2001
133.691704,34.138312,37208,3,99999,03102,財田川リバーサイドパーク,豊中町本山甲番外2,3,-99,1998
133.645968,34.213472,37208,3,99999,03104,仁尾の上緑地公園,仁尾町仁尾戌549-1,3,-99,1987
133.770071,34.116168,37208,3,99999,03104,三豊市財田町総合運動公園多目的広場,財田町財田上2361-1,3,-99,1991
133.770071,34.116064,37208,3,99999,03103,三豊市財田町総合運動公園多目的広場,財田町財田上2361-1,3,-99,1991
133.770065,34.115951,37208,3,99999,03102,三豊市財田町総合運動公園多目的広場,財田町財田上2361-1,3,-99,1991
133.949142,34.223458,37387,3,99999,03102,大柳河川敷グラウンド,山田下大柳,3,-99,1976
133.95127,34.217676,37387,3,99999,03104,綾川町ふれあい運動公園（多目的広場）,山田下3698-1,3,-99,1988
133.951276,34.217578,37387,3,99999,03102,綾川町ふれあい運動公園（多目的広場）,山田下3698-1,3,-99,1988
133.909423,34.263301,37387,3,99999,03102,横山農村運動ひろば,滝宮2927-1,3,-99,1980
133.821774,34.176913,37403,3,99999,03102,琴平町いこいの郷公園（ヴィスポことひら）,五條1022-1,3,-99,2000
133.939692,34.161354,37406,3,99999,03102,健康ふれあいの里,造田49-25,3,-99,1995
133.942051,34.160012,37406,3,99999,03115,健康ふれあいの里,造田49-25,3,-99,1995
133.939692,34.161261,37406,3,99999,03138,健康ふれあいの里,造田49-25,3,-99,1995
133.879807,34.181961,37406,3,99999,03102,長炭橋河川敷公園,炭所西1481,3,-99,1973
133.879809,34.181859,37406,3,99999,03138,長炭橋河川敷公園,炭所西1481,3,-99,1973
133.840249,34.19783,37406,3,99999,03102,祓川河川敷広場,吉野下186-2,3,-99,1977
133.839768,34.198198,37406,3,99999,03138,祓川河川敷広場,吉野下186-2,3,-99,1977
133.839919,34.152432,37406,3,99999,03102,サン・スポーツランド仲南,帆山744-18,3,-99,1990
133.838737,34.152613,37406,3,99999,03115,サン・スポーツランド仲南,帆山744-18,3,-99,1990
133.871865,34.173326,37406,3,99999,03102,かりんの丘公園,吉野4314-1,3,-99,2009
133.868906,34.173581,37406,3,99999,03104,かりんの丘公園,吉野4314-1,3,-99,2009
133.942092,34.29935,37201,3,99999,03109,香川県青年センター体育館,国分寺町国分1009,3,-99,1986
133.942098,34.299282,37201,3,99999,03120,香川県青年センター体育館,国分寺町国分1009,3,-99,1986
133.943624,34.374554,37201,3,99999,03109,高松市亀水運動センター,亀水町458-1,3,-99,1986
133.943628,34.374482,37201,3,99999,03120,高松市亀水運動センター,亀水町458-1,3,-99,1986
133.98182,34.309689,37201,3,99999,03109,高松市西部運動センター,鬼無町鬼無10-2,3,-99,1992
133.98182,34.309621,37201,3,99999,03120,高松市西部運動センター,鬼無町鬼無10-2,3,-99,1992
133.961418,34.283195,37201,3,99999,03109,高松市国分寺勤労青少年ホーム,国分寺町福家甲3005,3,-99,1983
133.961424,34.28309,37201,3,99999,03120,高松市国分寺勤労青少年ホーム,国分寺町福家甲3005,3,-99,1983
133.949923,34.272596,37201,3,99999,03109,高松市国分寺橘ノ丘総合運動公園Ｂ＆Ｇ海洋センターアリーナ,国分寺町新名2069-1,4,-99,1983
133.949926,34.272537,37201,3,99999,03120,高松市国分寺橘ノ丘総合運動公園Ｂ＆Ｇ海洋センターアリーナ,国分寺町新名2069-1,4,-99,1983
133.788799,34.263015,37202,3,99999,03109,丸亀市民体育館,金倉町924-1,4,-99,1979
133.788801,34.262898,37202,3,99999,03120,丸亀市民体育館,金倉町924-1,4,-99,1979
133.788793,34.263148,37202,3,99999,03129,丸亀市民体育館,金倉町924-1,4,-99,1979
133.834427,34.252512,37202,3,99999,03109,サン・ビレッジ土器川,川西町南字岸ノ上甲307,4,-99,1999
133.834433,34.252453,37202,3,99999,03132,サン・ビレッジ土器川,川西町南字岸ノ上甲307,4,-99,1999
133.834439,34.252394,37202,3,99999,03112,サン・ビレッジ土器川,川西町南字岸ノ上甲307,4,-99,1999
133.859001,34.259148,37202,3,99999,03109,飯山体育館,飯山町下法軍寺583,3,-99,1980
133.859001,34.259101,37202,3,99999,03120,飯山体育館,飯山町下法軍寺583,3,-99,1980
133.870646,34.268325,37202,3,99999,03109,飯山総合運動公園体育館,飯山町東坂元2713-1,3,-99,1991
133.870646,34.268227,37202,3,99999,03120,飯山総合運動公園体育館,飯山町東坂元2713-1,3,-99,1991
133.857771,34.323304,37203,3,99999,03109,坂出市立体育館,入船町2-1-59,3,-99,1983
133.857771,34.323248,37203,3,99999,03120,坂出市立体育館,入船町2-1-59,3,-99,1983
133.787163,34.227715,37204,3,99999,03109,善通寺市農業振興センター（多目的ホール）,文京町2-1-1,3,-99,1982
133.792312,34.239138,37204,3,99999,03109,善通寺市民体育館,金蔵寺町398-6,3,-99,1992
133.792309,34.239081,37204,3,99999,03120,善通寺市民体育館,金蔵寺町398-6,3,-99,1992
133.792309,34.23901,37204,3,99999,03129,善通寺市民体育館,金蔵寺町398-6,3,-99,1992
133.662052,34.12853,37205,3,99999,03120,観音寺共同福祉施設,坂本町1-1-1,3,-99,1979
133.686234,34.108847,37205,3,99999,03109,観音寺市立総合体育館,池之尻町1071,3,-99,1992
133.642066,34.075371,37205,3,99999,03109,観音寺市豊浜総合体育館（すぽっシュＴＯＹＯＨＡＭＡ）,豊浜町和田浜784-1,3,-99,2006
133.642063,34.075305,37205,3,99999,03120,観音寺市豊浜総合体育館（すぽっシュＴＯＹＯＨＡＭＡ）,豊浜町和田浜784-1,3,-99,2006
133.64195,34.074741,37205,3,99999,03105,観音寺市豊浜総合体育館（すぽっシュＴＯＹＯＨＡＭＡ）,豊浜町和田浜784-1,3,-99,2006
133.641953,34.07469,37205,3,99999,03129,観音寺市豊浜総合体育館（すぽっシュＴＯＹＯＨＡＭＡ）,豊浜町和田浜784-1,3,-99,2006
133.64195,34.074633,37205,3,99999,03132,観音寺市豊浜総合体育館（すぽっシュＴＯＹＯＨＡＭＡ）,豊浜町和田浜784-1,3,-99,2006
133.704195839626,34.1734001770062,37208,3,99999,03109,三豊市高瀬Ｂ＆Ｇ海洋センター,高瀬町比地中2986-2,4,-99,1985
133.704078,34.173338,37208,3,99999,03120,三豊市高瀬Ｂ＆Ｇ海洋センター,高瀬町比地中2986-2,4,-99,1985
133.727039,34.194014,37208,3,99999,03109,三豊市総合体育館,高瀬町上高瀬741-2,3,-99,1992
133.727039,34.193969,37208,3,99999,03120,三豊市総合体育館,高瀬町上高瀬741-2,3,-99,1992
133.727042,34.193923,37208,3,99999,03129,三豊市総合体育館,高瀬町上高瀬741-2,3,-99,1992
133.720214,34.18034,37208,3,99999,03109,三豊市高瀬町体育館,高瀬町下勝間2687-1,3,-99,2002
133.720214,34.180241,37208,3,99999,03120,三豊市高瀬町体育館,高瀬町下勝間2687-1,3,-99,2002
133.726095,34.118557,37208,3,99999,03109,三豊市山本町農村環境改善センター,山本町財田西375,3,-99,1987
133.703281,34.202753,37208,3,99999,03109,三豊市三野町体育センター,三野町下高瀬752-2,3,-99,1982
133.696097,34.147489,37208,3,99999,03109,三豊市豊中町農村環境改善センター,豊中町本山甲192-1,3,-99,1981
133.696134,34.146153,37208,3,99999,03109,三豊市豊中町体育館,豊中町本山甲148-1,3,-99,2000
133.667157,34.226221,37208,3,99999,03109,三豊市詫間町体育センター,詫間町詫間3560-36,3,-99,1977
133.66716,34.226164,37208,3,99999,03120,三豊市詫間町体育センター,詫間町詫間3560-36,3,-99,1977
133.66716,34.22611,37208,3,99999,03110,三豊市詫間町体育センター,詫間町詫間3560-36,3,-99,1977
133.66716,34.226056,37208,3,99999,03111,三豊市詫間町体育センター,詫間町詫間3560-36,3,-99,1977
133.645224563215,34.1978314915147,37208,3,99999,03109,三豊市仁尾町体育センター,仁尾町仁尾辛34-1,3,-99,1981
133.645224563215,34.1977874915147,37208,3,99999,03120,三豊市仁尾町体育センター,仁尾町仁尾辛34-1,3,-99,1981
133.771110232075,34.1162704215693,37208,3,99999,03109,三豊市財田Ｂ＆Ｇ海洋センター,財田町財田上2361-1,4,-99,1981
133.771104232075,34.1161824215693,37208,3,99999,03120,三豊市財田Ｂ＆Ｇ海洋センター,財田町財田上2361-1,4,-99,1981
133.995891,34.459568,37364,3,99999,03109,直島町東部公民館体育館,696-1,3,-99,1986
133.975479,34.459674,37364,3,99999,03109,直島町西部公民館体育室,2310-5,3,-99,1985
133.949243911327,34.2176119653655,37387,3,99999,03109,綾川町Ｂ＆Ｇ綾上海洋センター,山田下3698-1,4,-99,1986
133.949243911327,34.2175286190158,37387,3,99999,03120,綾川町Ｂ＆Ｇ綾上海洋センター,山田下3698-1,4,-99,1986
133.949237911327,34.2174600995117,37387,3,99999,03129,綾川町Ｂ＆Ｇ綾上海洋センター,山田下3698-1,4,-99,1986
133.949512,34.226269,37387,3,99999,03109,綾上農村環境改善センター,山田下2224,3,-99,1989
133.949514,34.226213,37387,3,99999,03120,綾上農村環境改善センター,山田下2224,3,-99,1989
133.950274,34.265274,37387,3,99999,03109,綾川町総合運動公園体育館,陶1536-1,3,-99,1999
133.950262,34.265146,37387,3,99999,03120,綾川町総合運動公園体育館,陶1536-1,3,-99,1999
133.835202,34.30371,37386,3,99999,03109,宇多津町民体育館,815,3,-99,1978
133.835202,34.303612,37386,3,99999,03120,宇多津町民体育館,815,3,-99,1978
133.837038,34.308058,37386,3,99999,03109,総合型スポーツ施設（地域ふれあいスポーツセンター）,3300,3,-99,2008
133.825525,34.310299,37386,3,99999,03120,総合型スポーツ施設（地域ふれあいスポーツセンター）,3300,3,-99,2008
133.819118,34.176943,37403,3,99999,03109,琴平町いこいの郷公園（ヴィスポことひら）体育館,五條1022,4,-99,2004
133.863475201421,34.1827760886423,37406,3,99999,03109,まんのう町吉野体育館,吉野1932-1,3,-99,1990
133.738588,34.268014,37404,3,99999,03109,多度津町総合スポーツセンター内町民体育館,西港町41,3,-99,1980
133.738594,34.267943,37404,3,99999,03120,多度津町総合スポーツセンター内町民体育館,西港町41,3,-99,1980
133.7386,34.267864,37404,3,99999,03109,多度津町総合スポーツセンター内町民体育館,西港町41,3,-99,1993
133.738605,34.26779,37404,3,99999,03120,多度津町総合スポーツセンター内町民体育館,西港町41,3,-99,1993
133.96072,34.36697,37201,3,99999,03115,香川県総合運動公園県営テニス場,生島町614,3,-99,1986
133.94351,34.373941,37201,3,99999,03115,高松市亀水運動センター,亀水町458-1,3,-99,1993
133.950776,34.272402,37201,3,99999,03115,高松市国分寺橘ノ丘総合運動公園,国分寺町新名2069-1,3,-99,1986
133.789447,34.266143,37202,3,99999,03115,丸亀市総合運動公園テニスコート,新田町1-1,3,-99,1973
133.862914,34.212522,37202,3,99999,03115,綾歌総合運動公園テニスコート,綾歌町岡田上国吉2294-9,3,-99,2004
133.871679,34.267653,37202,3,99999,03115,飯山総合運動公園テニスコート,飯山町東坂元2713-1,3,-99,1991
133.854631,34.299805,37203,3,99999,03115,坂出市営テニスコート小山コート,小山町353,3,-99,1981
133.767664,34.228458,37204,3,99999,03115,善通寺市営テニスコート,仙遊町2-9-1,3,-99,1976
133.637985,34.086031,37205,3,99999,03115,一の宮公園テニスコート,豊浜町姫浜141,3,-99,1992
133.687182,34.109151,37205,3,99999,03115,観音寺市総合運動公園テニスコート,池之尻町1071,3,-99,1976
133.703253,34.173419,37208,3,99999,03115,三豊市高瀬Ｂ＆Ｇ海洋センター,高瀬町比地中2986-2,4,-99,1985
133.727351,34.195087,37208,3,99999,03115,三豊市高瀬町緑ヶ丘テニス場,高瀬町上高瀬740-1,3,-99,1999
133.73112,34.120138,37208,3,99999,03115,三豊市山本ふれあい公園（テニスコート）,山本町財田西154,3,-99,2001
133.720149,34.150452,37208,3,99999,03115,三豊市豊中サン・スポーツランドテニスコート,豊中町笠田笠岡3917-1,3,-99,1991
133.630905,34.269693,37208,3,99999,03115,三豊市粟島海洋記念公園（テニスコート）,詫間町粟島1418-2,3,-99,1990
133.666685,34.226635,37208,3,99999,03115,三豊市詫間町市民運動場（テニスコート）,詫間町詫間6812,3,-99,1976
133.693292,34.230973,37208,3,99999,03115,三豊市詫間町水出運動公園テニスコート,詫間町松崎2810,3,-99,1988
133.639961,34.198166,37208,3,99999,03115,仁尾公園テニスコート,仁尾町仁尾辛44-1,3,-99,1980
133.770821,34.115008,37208,3,99999,03115,三豊市財田町総合運動公園テニス場,財田町財田中5325-1,3,-99,1980
133.950486,34.217479,37387,3,99999,03115,綾川町ふれあい運動公園テニスコート,山田下3698-1,3,-99,1988
133.949307,34.265602,37387,3,99999,03115,綾川町総合運動公園テニスコート,陶1458-9,3,-99,1997
133.820601,34.177219,37403,3,99999,03115,琴平町いこいの郷公園（ヴィスポことひら）テニスコート,五條1022-1,4,-99,2005
133.737756,34.267226,37404,3,99999,03115,多度津町総合スポーツセンター内町民テニスコート,西港41,3,-99,1975
133.759302,34.282357,37404,3,99999,03115,堀江公園,堀江5-5,3,-99,1990
133.942253,34.29952,37201,3,99999,03142,香川県青年センター野外活動場,国分寺町国分1009,3,-99,1971
133.957842,34.34881,37201,3,99999,03142,香川県五色台野外活動センター,中山町1502-13,3,-99,1972
133.953289,34.272034,37201,3,99999,03142,高松市国分寺橘ノ丘総合運動公園キャンプ場,国分寺町新名2069-1,3,-99,1995
133.839584,34.272901,37202,3,99999,03142,丸亀市野外活動センター,飯野町東二24-12,4,-99,1974
133.887163,34.214162,37202,3,99999,03142,綾歌森林公園畦田キャンプ場,綾歌町栗熊西68-1,4,-99,1984
133.873444,34.26586,37202,3,99999,03142,飯山総合運動公園ちびっ子広場,飯山町東坂元2713-1,3,-99,1991
133.780709,34.197448,37204,3,99999,03142,大麻山キャンプ場,善通寺町2380-17,3,-99,1973
133.804909,34.228142,37204,3,99999,03142,鉢伏ふれあい公園キャンプ場,与北町1705,3,-99,2003
133.641998,34.138862,37205,3,99999,03142,青少年育成キャンプサイト,室本町1312-5,3,-99,1970
133.643374,34.145841,37205,3,99999,03142,観音寺ファミリーキャンプ場,室本町1312-2,3,-99,1992
133.687948,34.076852,37205,3,99999,03142,萩の丘公園,大野原町萩原乙139-1,3,-99,1991
133.638564,34.085865,37205,3,99999,03142,一の宮公園キャンプ場,豊浜町姫浜宮前後,3,-99,1984
133.741105,34.116923,37208,3,99999,03142,天神山ふれあいの森キャンプ場,山本町財田西1535-10,3,-99,1974
133.630875,34.268348,37208,3,99999,03142,三豊市粟島海洋記念公園キャンプ場,詫間町粟島1418-2,3,-99,1991
133.988483,34.160175,37387,3,99999,03142,柏原渓谷キャンプ村,枌所東3808,3,-99,1984
133.940772,34.191913,37387,3,99999,03142,高鉢山キャンプ場,西分,3,-99,1995
133.94146,34.114869,37406,3,99999,03142,大川山キャンプ場,中通1150,3,-99,1982
133.941492,34.161001,37406,3,99999,03142,健康ふれあいの里内オートキャンプ,造田49-25,3,-99,1995
133.62854,34.343669,37404,3,99999,03142,多度津町佐柳島体験センター,佐柳1353,3,-99,1995
133.740206,34.082707,37208,3,99999,03143,雲辺寺山のへんろみち,山本町河内,1,-99,1981
133.812086,34.076632,37208,3,99999,03143,中蓮寺峰野鳥のみち,財田町財田上,1,-99,1981
133.814194,34.117588,37208,3,99999,03143,箸蔵街道をたどるみち,財田町財田上,1,-99,1981
133.849982,34.156041,37406,3,99999,03143,土の香りとお茶のみち,帆山,1,-99,1981
133.880069,34.181125,37406,3,99999,03143,満濃池とカリンのみち,炭所西,1,-99,1981
133.948336,34.200435,37387,3,99999,03143,修験道と峠のみち,西分乙,1,-99,1981
133.920303,34.249064,37387,3,99999,03143,たかんぼさんみどりのみち,滝宮,1,-99,1981
133.948322,34.200522,37387,3,99999,03143,やまびこのみち,西分,1,-99,1981
133.941733,34.300549,37201,3,99999,03143,水辺のみち,国分寺町国分,1,-99,1981
133.818052,34.184662,37403,3,99999,03143,タケノコ山のみち,乙1241,1,-99,1981
133.754907,34.148241,37208,3,99999,03143,茶摘みのみち,高瀬町羽方2136-1,1,-99,1981
133.987887,34.206541,37387,3,99999,03143,長柄ダムとサクラのみち,枌所西,1,-99,1981
133.679499,34.012672,37205,3,99999,03143,阿讃山麓のへんろみち,大野原町海老済,1,-99,1981
133.693394,34.13906,37208,3,99999,03143,宮川沿いの歴史のみち,豊中町本山甲1757,1,-99,1981
133.649958,34.152407,37205,3,99999,03143,不動の滝とみのりのみち,室本町2797,1,-99,1981
133.658545,34.202938,37208,3,99999,03143,ミカンのみち,仁尾町仁尾,1,-99,1981
133.608703,34.233961,37208,3,99999,03143,しおさいのみち,詫間町大浜甲1893,1,-99,1981
133.585771,34.254889,37208,3,99999,03143,紫雲出山ロマンのみち,詫間町箱745,1,-99,1981
133.559908,34.262139,37208,3,99999,03143,岬めぐりのみち,詫間町生里,1,-99,1981
133.90699,34.335707,37203,3,99999,03143,五色台のへんろみち,高屋町,1,-99,1981
133.995309,34.224223,37201,3,99999,03143,竜満池－水辺のウォーキング＜高松市＞,香川町川東下,1,-99,1992
133.962713,34.305024,37201,3,99999,03143,盆栽といん石のまちで歴史を偲ぶ＜高松市＞,国分寺町新居1684,1,-99,1992
133.797899,34.288907,37202,3,99999,03143,丸亀城内散策コース＜丸亀市＞,大手町3,1,-99,1992
133.846058,34.266509,37202,3,99999,03143,飯ノ山登山道＜丸亀市＞,飯山町西坂元162,1,-99,1992
133.821473,34.350454,37203,3,99999,03143,沙弥島史跡めぐり＜坂出市＞,沙弥島163-1,1,-99,1992
133.772862,34.223655,37204,3,99999,03143,善通寺ミニ八十八ヵ所めぐり＜善通寺市＞,善通寺町1079,1,-99,1992
133.649572,34.131753,37205,3,99999,03143,銭形健康のみち＜観音寺市＞,詳細住所不明,1,-99,1992
133.685235,34.077575,37205,3,99999,03143,大野原健康のみち＜観音寺市＞,大野原町丸井乙139,1,-99,1992
133.656316,34.059749,37205,3,99999,03143,梨の郷－健康ハイキングコース＜観音寺市＞,豊浜町和田丙,1,-99,1992
133.713613,34.182572,37208,3,99999,03143,手づくりの公園で自然に親しもう＜三豊市＞,高瀬町下勝間,1,-99,1992
133.723901,34.116765,37208,3,99999,03143,史跡と健康のみち＜三豊市＞,山本町辻383,1,-99,1992
133.713156,34.218859,37208,3,99999,03143,歴史と緑の中で森林浴＜三豊市＞,三野町大見,1,-99,1992
133.711703,34.163647,37208,3,99999,03143,笠田遊歩道＜三豊市＞,豊中町笠田笠岡,1,-99,1992
133.689623,34.167748,37208,3,99999,03143,歴史巡りと山歩き＜三豊市＞,豊中町比地大,1,-99,1992
133.616225,34.235873,37208,3,99999,03143,紫雲出山健康のみち＜三豊市＞,詫間町大浜1633-10,1,-99,1992
133.64553,34.201237,37208,3,99999,03143,史跡と緑の中を散策＜三豊市＞,仁尾町仁尾丁877,1,-99,1992
133.774692,34.116639,37208,3,99999,03143,野に山に紅葉の中で健康を＜三豊市＞,財田町財田上,1,-99,1992
133.974302,34.45811,37364,3,99999,03143,島つつじウォーキングコース＜直島町＞,詳細住所不明,1,-99,1992
133.82501,34.310299,37386,3,99999,03143,聖通寺山歴史散策めぐり＜宇多津町＞,詳細住所不明,1,-99,1992
133.966441,34.202045,37387,3,99999,03143,高山航空公園トリムコース＜綾川町＞,東分,1,-99,1992
133.922836,34.249998,37387,3,99999,03143,五社参りで森林浴＜綾川町＞,滝宮,1,-99,1992
133.820751,34.191553,37403,3,99999,03143,金山寺山おはようコース＜琴平町＞,詳細住所不明,1,-99,1992
133.747634,34.271412,37404,3,99999,03143,桜並木と瀬戸のゆうなぎ＜多度津町＞,詳細住所不明,1,-99,1992
133.866274,34.165944,37406,3,99999,03143,健康は満濃池から＜まんのう町＞,神野,1,-99,1992
133.821606,34.154919,37406,3,99999,03143,二宮公園＜まんのう町＞,追上,1,-99,1992
133.958756,34.141797,37406,3,99999,03143,りんどうのみち＜まんのう町＞,中通,1,-99,1992
133.806074,34.2963,37202,3,99999,03144,丸亀琴平観音寺自転車道線（丸亀琴平観音寺自転車道）,土器町東9,1,-99,1989
133.854246,34.233182,37202,3,99999,03143,大師の里めぐりハイキングコース,綾歌町岡田東,3,-99,1978
133.760159,34.180135,37208,3,99999,03143,三豊市高瀬町朝日山森林公園,高瀬町下麻3829-188,3,-99,1988
133.741104,34.117017,37208,3,99999,03143,天神山ふれあいの森,山本町河内,3,-99,1985
133.64205,34.194749,37208,3,99999,03143,仁尾海岸緑地,仁尾町仁尾辛89,3,-99,1986
133.831431,34.325692,37203,3,99999,03102,番の州球場,番の州公園5,3,-99,1977
133.959532,34.365077,37201,3,99999,03102,香川県総合運動公園・県営野球場,生島町614,3,-99,1982
133.958819,34.366912,37201,3,99999,03102,香川県総合運動公園・県営第２野球場,生島町614,3,-99,1984
133.943581,34.373646,37201,3,99999,03102,高松市亀水運動センター,亀水町458-1,3,-99,1988
133.980774,34.310195,37201,3,99999,03102,高松市西部運動センター,鬼無町鬼無10-2,3,-99,1986
133.982355,34.31021,37201,3,99999,03104,高松市西部運動センター,鬼無町鬼無10-2,3,-99,1986
133.950782,34.273575,37201,3,99999,03102,高松市国分寺橘ノ丘総合運動公園グラウンド,国分寺町新名2069-1,3,-99,1984
133.79853,34.285216,37202,3,99999,03102,丸亀市城内グラウンド,一番丁,4,-99,1948
133.834856,34.256037,37202,3,99999,03102,土器川公園,川西町南字岸ノ上,4,-99,1976
133.835082,34.254799,37202,3,99999,03103,土器川公園,川西町南字岸ノ上,4,-99,1976
133.804324,34.30656,37202,3,99999,03102,三浦運動広場,土器町北1-51,4,-99,1977
133.804324,34.306472,37202,3,99999,03104,三浦運動広場,土器町北1-51,4,-99,1977
133.768565,34.287069,37202,3,99999,03102,中津運動公園,中津町11-1,4,-99,1978
133.768562,34.287,37202,3,99999,03104,中津運動公園,中津町11-1,4,-99,1978
133.878902,34.336788,37203,3,99999,03102,坂出市林田運動公園,林田町4285-155,3,-99,1985
133.765173,34.229169,37204,3,99999,03102,善通寺市営野球場,弘田町1847,3,-99,1989
133.689026,34.110775,37205,3,99999,03102,観音寺市総合運動公園野球場,池之尻町1071,3,-99,1973
133.639322,34.071203,37205,3,99999,03102,観音寺市立豊浜野球場,豊浜町和田浜1128-1,3,-99,1987
133.720871,34.151359,37208,3,99999,03102,三豊市豊中サン・スポーツランド野球場,豊中町笠田笠岡3917-1,3,-99,1991
133.667527,34.227265,37208,3,99999,03102,三豊市詫間町・市民運動場野球場,詫間町詫間6811,3,-99,1980
133.697551,34.234171,37208,3,99999,03102,三豊市詫間町・水出運動公園グラウンド,詫間町松崎2824,3,-99,1986
133.640593,34.199078,37208,3,99999,03102,仁尾公園野球場,仁尾町仁尾辛44-1,3,-99,1980
133.988065,34.458545,37364,3,99999,03102,直島町民グランド,1701,3,-99,1970
133.951098,34.219034,37387,3,99999,03102,綾川町ふれあい運動公園（野球場）,山田下3698-1,4,-99,1988
133.736547,34.266816,37404,3,99999,03102,多度津町総合スポーツセンター内町民野球場,西港町41,3,-99,1980
133.980829,34.309173,37201,3,99999,03105,香川県立総合水泳プール,御厩町1585-1,3,-99,1990
133.980341,34.308682,37201,3,99999,03106,香川県立総合水泳プール,御厩町1585-1,3,-99,1990
133.980276,34.308181,37201,3,99999,03108,香川県立総合水泳プール,御厩町1585-1,3,-99,1990
133.94386,34.374,37201,3,99999,03106,高松市亀水運動センター,亀水町458-1,3,-99,1987
133.949632,34.272353,37201,3,99999,03105,高松市国分寺橘ノ丘総合運動公園Ｂ＆Ｇ海洋センタープール,国分寺町新名2069-1,4,-99,1987
133.949938,34.272458,37201,3,99999,03137,高松市国分寺橘ノ丘総合運動公園Ｂ＆Ｇ海洋センター艇庫,国分寺町新名2069-1,4,-99,1987
133.788746,34.266075,37202,3,99999,03105,丸亀市総合運動公園プール,新田町1-1,4,-99,1973
133.841534,34.308674,37203,3,99999,03105,角山運動公園温水プール,新浜町6-51,3,-99,1986
133.841534,34.308615,37203,3,99999,03129,角山運動公園温水プール,新浜町6-51,3,-99,1986
133.929634,34.28352,37203,3,99999,03137,坂出市カヌー研修センター,府中町1417-5,3,-99,1992
133.791462,34.238344,37204,3,99999,03107,善通寺市民プール,金蔵寺町398-6,3,-99,1993
133.64318766886,34.1495090650756,37205,3,99999,03107,観音寺ファミリープール（休止中）,室本町473,3,-99,1992
133.64319366886,34.1494250650756,37205,3,99999,03106,観音寺ファミリープール（休止中）,室本町473,3,-99,1992
133.771235232075,34.1164924215693,37208,3,99999,03105,三豊市財田Ｂ＆Ｇ海洋センター,財田町財田上2361-1,4,-99,1989
133.704075,34.173401,37208,3,99999,03105,三豊市高瀬Ｂ＆Ｇ海洋センター,高瀬町比地中2986-2,4,-99,1985
133.94924979529,34.2172138724059,37387,3,99999,03105,綾川町Ｂ＆Ｇ綾上海洋センター,山田下3698-1,4,-99,1986
133.836544,34.308719,37386,3,99999,03105,デュアル・スポーツセンター,3390-1,3,-99,1999
133.819115,34.176786,37403,3,99999,03105,琴平町いこいの郷公園（ヴィスポことひら）プール,五條1022,3,-99,2004
133.958904798579,34.1434083418463,37406,3,99999,03106,琴南中通町民プール（琴南中学校プール）,中通938,3,-99,1974
133.925514,34.164407,37406,3,99999,03106,琴南造田民プール（小学校プール）,造田1984-1,3,-99,1974
133.761649,34.282843,37404,3,99999,03105,多度津町立屋内温水水泳プール,堀江5-5,3,-99,1991
133.95971,34.367113,37201,3,99999,03119,香川県営相撲場,生島町614,3,-99,2001
133.631713,34.268488,37208,3,99999,03112,粟島海洋記念会館武道場,詫間町粟島1541,3,-99,1990
133.857656,34.319491,37203,3,99999,03110,坂出市民武道場,久米町1-17-11（東大浜第2公園内）,3,-99,2001
133.857662,34.319437,37203,3,99999,03111,坂出市民武道場,久米町1-17-11（東大浜第2公園内）,3,-99,2001
133.781127,34.224152,37204,3,99999,03110,善通寺市武道館,文京町4-1-1,3,-99,1980
133.781127,34.224083,37204,3,99999,03111,善通寺市武道館,文京町4-1-1,3,-99,1980
133.781127,34.224014,37204,3,99999,03130,善通寺市武道館,文京町4-1-1,3,-99,1980
133.781121,34.22395,37204,3,99999,03113,善通寺市武道館,文京町4-1-1,3,-99,1980
133.640297,34.07078,37205,3,99999,03129,観音寺市豊浜トレーニングセンター,豊浜町和田浜1126-2,3,-99,1988
133.640303,34.070691,37205,3,99999,03112,観音寺市豊浜トレーニングセンター,豊浜町和田浜1126-2,3,-99,1988
133.719843232075,34.1795141561355,37208,3,99999,03110,三豊市高瀬町武道館,高瀬町下勝間2686-2,3,-99,1972
133.719843232075,34.1794161561355,37208,3,99999,03111,三豊市高瀬町武道館,高瀬町下勝間2686-2,3,-99,1972
133.704081,34.173273,37208,3,99999,03110,三豊市高瀬Ｂ＆Ｇ海洋センター,高瀬町比地中2986-2,4,-99,1980
133.704176,34.173278,37208,3,99999,03111,三豊市高瀬Ｂ＆Ｇ海洋センター,高瀬町比地中2986-2,4,-99,1980
133.667497,34.225831,37208,3,99999,03121,三豊市詫間町武道館,詫間町詫間256-39,3,-99,1988
133.668481,34.227591784576,37208,3,99999,03121,三豊市詫間町弓道場,詫間町詫間6811,3,-99,1976
133.771110232075,34.1160884215693,37208,3,99999,03111,三豊市財田Ｂ＆Ｇ海洋センター,財田町財田上2361-1,3,-99,1986
133.771122232075,34.1159954215693,37208,3,99999,03110,三豊市財田Ｂ＆Ｇ海洋センター,財田町財田上2361-1,3,-99,1986
133.949238027365,34.2176861380075,37387,3,99999,03111,綾川町Ｂ＆Ｇ綾上海洋センター武道場,山田下3698-1,4,-99,1986
133.949244027365,34.2177691380075,37387,3,99999,03113,綾川町Ｂ＆Ｇ綾上海洋センター武道場,山田下3698-1,4,-99,1986
133.945342,34.247248,37387,3,99999,03111,町民武道館,陶5598-1,3,-99,1979
133.945339,34.247191,37387,3,99999,03110,町民武道館,陶5598-1,3,-99,1979
133.836544,34.308885,37386,3,99999,03111,デュアル・スポーツセンター,3390-1,3,-99,1999
133.836544,34.308802,37386,3,99999,03110,デュアル・スポーツセンター,3390-1,3,-99,1999
133.848811709907,34.1896677642912,37406,3,99999,03111,まんのう町満濃武道館,吉野下873-1,3,-99,1973
133.848808709907,34.1895957642912,37406,3,99999,03110,まんのう町満濃武道館,吉野下873-1,3,-99,1973
133.848808709907,34.1895177642912,37406,3,99999,03120,まんのう町満濃武道館,吉野下873-1,3,-99,1973
133.839185,34.153333,37406,3,99999,03111,まんのう町仲南武道館,帆山744-40,3,-99,1982
133.738344,34.268386,37404,3,99999,03111,多度津町町民武道館,西港町41,3,-99,1980
133.751567,34.263807,37404,3,99999,03112,多度津町勤労青少年ホーム,本通2-11-14,3,-99,1984
133.951762,34.272299,37201,3,99999,03138,高松市国分寺橘ノ丘総合運動公園屋内ゲートボール場,国分寺町新名2069-1,3,-99,1992
133.95178,34.308004,37201,3,99999,03138,高松市如意輪寺公園（ゲートボール場）,国分寺町国分2530-2,3,-99,2002
133.687199,34.078343,37205,3,99999,03138,萩の丘公園,大野原町萩原乙139-1,3,-99,1984
133.731132,34.120596,37208,3,99999,03138,三豊市山本ふれあい公園ゲートボール場,山本町財田西154,3,-99,2001
133.69171,34.138234,37208,3,99999,03138,財田川リバーサイドパーク,豊中町本山甲番外2,3,-99,9999
133.819118,34.176869,37403,3,99999,03138,琴平町いこいの郷公園（ヴィスポことひら）ゲートボール場,五條1022-1,4,-99,2005
133.95786,34.348688,37201,3,99999,03145,香川県五色台野外活動センター,中山町1502-13,3,-99,1973
133.788432,34.227231,37204,3,99999,03145,善通寺パーマネントコース,文京町2-1-4,3,-99,1980
133.74655,34.269548,37404,3,99999,03147,桃陵公園,桃山,3,-99,2010
133.797722,34.275903,37202,3,99999,03104,蓮池公園,中府町1-1,3,-99,1991
133.798459,34.276166,37202,3,99999,03115,蓮池公園,中府町1-1,3,-99,1991
133.798224,34.27642,37202,3,99999,03138,蓮池公園,中府町1-1,3,-99,1991
133.723721,34.035212,37205,3,99999,03143,五郷山公園,大野原町井関乙1-1,3,-99,9999
133.79594,34.104868,37208,3,99999,03143,たからだの里／塔重山公園,財田町財田上7880,3,-99,1999
133.67242,34.150118,37208,3,99999,03134,不動の滝ミニゴルフ場,豊中町岡本3567-6,3,-99,1987
133.693888,34.147868,37208,3,99999,03129,豊中トレーニングセンター,豊中町本甲240,3,-99,1994
133.808961,34.029731,36208,3,03002,03002,阿波池田うだつの家・阿波池田たばこ資料館,池田町マチ2465-1,3,-99,1999
133.949607,34.036083,36489,3,03002,03002,東みよし町立歴史民俗資料館,中庄1189,3,2,1983
133.876893,34.027954,36208,3,03003,03003,三好市井川図書館,井川町岡野前64,3,-99,9999
133.938324,34.041552,36489,3,03003,03003,東みよし町立図書館,西庄字横手51,3,-99,9999
133.805407,34.029141,36208,3,99999,03003,三好市中央図書館,池田町マチ2183,3,-99,9999
133.963855,34.051667,36208,3,99999,03109,三好市三野体育館,三野町芝生1293-30,3,-99,9999
133.964278,34.050635,36208,3,99999,03102,三好市三野グラウンド,三野町芝生1293-28,3,-99,9999
133.964308,34.050502,36208,3,99999,03103,三好市三野グラウンド,三野町芝生1293-28,3,-99,9999
133.963825,34.049264,36208,3,99999,03103,三好市三野サッカー場,三野町芝生1293-11地先,3,-99,9999
133.965199,34.049934,36208,3,99999,03138,三好市屋内ゲートボール場「すぱーく三野」,三野町芝生1283-45,3,-99,9999
133.963712,34.051288,36208,3,99999,03115,三好市三野テニスコート,三野町芝生1293-30,3,-99,9999
133.798531,34.028301,36208,3,99999,03109,三好市池田総合体育館,池田町マチ2551-1,3,-99,9999
133.798531,34.028188,36208,3,99999,03116,三好市池田総合体育館,池田町マチ2551-1,3,-99,9999
133.798537,34.028065,36208,3,99999,03129,三好市池田総合体育館,池田町マチ2551-1,3,-99,9999
133.786281,34.02518,36208,3,99999,03102,三好市吉野川運動公園,池田町イタノ3184-1地先,3,-99,9999
133.787713,34.025729,36208,3,99999,03103,三好市吉野川運動公園,池田町イタノ3184-1地先,3,-99,9999
133.797598,34.042134,36208,3,99999,03104,三好市洞草運動場,池田町西山岡田402,3,-99,9999
133.837585,34.039772,36208,3,99999,03102,三好市箸蔵近隣公園,池田町州津藤ノ井386-5,3,-99,9999
133.838566,34.039624,36208,3,99999,03115,三好市箸蔵近隣公園,池田町州津藤ノ井386-5,3,-99,9999
133.838269,34.039634,36208,3,99999,03138,三好市箸蔵近隣公園,池田町州津藤ノ井386-5,3,-99,9999
133.787465,34.006293,36208,3,99999,03106,三好市中西市民プール,池田町中西ナガウチ290-6,3,-99,9999
133.802807,34.034709,36208,3,99999,03106,三好市西山浜市民プール,池田町西山枇杷木谷4324-11,3,-99,9999
133.785284651888,34.0241275086441,36208,3,99999,03106,三好市板野市民プール,池田町イタノ3300-1,3,-99,9999
133.790956,34.02255,36208,3,99999,03104,三好市新山多目的広場,池田町シンヤマ3797-7,3,-99,9999
133.781141,34.013528,36208,3,99999,03109,池田一中体育館,池田町白地本名869,3,-99,9999
133.780306,34.013681,36208,3,99999,03111,池田一中武道場,池田町白地本名869,3,-99,9999
133.781438,34.012804,36208,3,99999,03102,池田一中運動場,池田町白地本名880,3,-99,9999
133.867670071701,34.0301509707498,36208,3,99999,03112,井川柔剣道場,井川町タクミ田15-2,3,-99,9999
133.875138,34.031747,36208,3,99999,03103,井川グランド,井川町野津後流67,3,-99,9999
133.87626,34.031518,36208,3,99999,03122,井川グランド,井川町野津後流67,3,-99,9999
133.873255,34.031952,36208,3,99999,03138,井川屋内ゲートボール場,井川町野津後流68,3,-99,9999
133.938147,34.043495,36489,3,99999,03109,東みよし町立体育館,西庄字横手9-2,3,-99,9999
133.938673,34.043278,36489,3,99999,03109,東みよし町三加茂農業者トレーニングセンター,西庄字横手40,3,-99,9999
133.938985,34.043702,36489,3,99999,03105,東みよし町三加茂Ｂ＆Ｇ海洋センター,西庄字横手5-2,4,-99,9999
133.893865,34.036128,36489,3,99999,03115,美濃田の渕キャンプ場,足代,4,-99,9999
133.893871,34.036194,36489,3,99999,03142,美濃田の渕キャンプ場,足代,4,-99,9999
133.876138,34.038895,36489,3,99999,03109,東みよし町ふれアリーナみよし,昼間1734,3,-99,9999
133.858435,34.038471,36489,3,99999,03104,小川谷運動公園,昼間2597,4,-99,9999
133.857722,34.038303,36489,3,99999,03115,小川谷運動公園,昼間2597,4,-99,9999
133.858435,34.038387,36489,3,99999,03138,小川谷運動公園,昼間2597,4,-99,9999
133.893074,34.047821,36489,3,99999,03104,足代総合運動公園,足代3936-1,4,-99,9999
133.87523,34.039338,36489,3,99999,03112,東みよし町民柔剣道場,昼間1893,3,-99,9999
133.989788,34.051032,36208,3,99999,03109,王地小学校,三野町加茂野宮1393,3,-99,9999
133.9898,34.051179,36208,3,99999,03112,王地小学校,三野町加茂野宮1393,3,-99,9999
133.989336,34.051032,36208,3,99999,03104,王地小学校,三野町加茂野宮1393,3,-99,9999
133.967133,34.041758,36208,3,99999,03109,芝生小学校,三野町芝生1230,3,-99,9999
133.967127,34.041689,36208,3,99999,03112,芝生小学校,三野町芝生1230,3,-99,9999
133.96598,34.041606,36208,3,99999,03104,芝生小学校,三野町芝生1230,3,-99,9999
133.953224,34.048119,36208,3,99999,03109,芝生小学校太刀野分校（休校中）,三野町太刀野970,3,-99,9999
133.953218,34.048075,36208,3,99999,03112,芝生小学校太刀野分校（休校中）,三野町太刀野970,3,-99,9999
133.953189,34.047937,36208,3,99999,03104,芝生小学校太刀野分校（休校中）,三野町太刀野970,3,-99,9999
133.878909392449,34.027986211047,36208,3,99999,03109,辻小学校,井川町辻53-1,3,-99,9999
133.878909392449,34.028050211047,36208,3,99999,03112,辻小学校,井川町辻53-1,3,-99,9999
133.878523,34.028262,36208,3,99999,03104,辻小学校,井川町辻53-1,3,-99,9999
133.845812,34.032461,36208,3,99999,03109,西井川小学校,井川町西井川734-3,3,-99,9999
133.845812,34.03251,36208,3,99999,03112,西井川小学校,井川町西井川734-3,3,-99,9999
133.846768,34.03253,36208,3,99999,03104,西井川小学校,井川町西井川734-3,3,-99,9999
133.837172174056,34.0368547504599,36208,3,99999,03109,箸蔵小学校,池田町州津井関1208,3,-99,9999
133.837160174056,34.0367997504599,36208,3,99999,03112,箸蔵小学校,池田町州津井関1208,3,-99,9999
133.836673,34.036997,36208,3,99999,03104,箸蔵小学校,池田町州津井関1208,3,-99,9999
133.809302,34.031083,36208,3,99999,03109,池田小学校,池田町ウエノ2379-4,3,-99,9999
133.809302,34.031137,36208,3,99999,03112,池田小学校,池田町ウエノ2379-4,3,-99,9999
133.810746,34.031383,36208,3,99999,03104,池田小学校,池田町ウエノ2379-4,3,-99,9999
133.782795,34.017099,36208,3,99999,03109,白地小学校,池田町白地本名57,3,-99,9999
133.782795,34.017025,36208,3,99999,03112,白地小学校,池田町白地本名57,3,-99,9999
133.782296,34.016975,36208,3,99999,03104,白地小学校,池田町白地本名57,3,-99,9999
133.73558,34.010191,36208,3,99999,03109,馬路小学校,池田町馬路立石33-1,3,-99,9999
133.73558,34.010097,36208,3,99999,03112,馬路小学校,池田町馬路立石33-1,3,-99,9999
133.735619054729,34.0095352834244,36208,3,99999,03104,馬路小学校,池田町馬路立石33-1,3,-99,9999
133.70288,34.001916,36208,3,99999,03109,佐野小学校（休校中）,池田町佐野金氏942,3,-99,9999
133.70288,34.001857,36208,3,99999,03112,佐野小学校（休校中）,池田町佐野金氏942,3,-99,9999
133.703385,34.001773,36208,3,99999,03104,佐野小学校（休校中）,池田町佐野金氏942,3,-99,9999
133.966928,34.041768,36208,3,99999,03109,三野中学校,三野町芝生1232,3,-99,9999
133.966917,34.041631,36208,3,99999,03112,三野中学校,三野町芝生1232,3,-99,9999
133.966976,34.041059,36208,3,99999,03104,三野中学校,三野町芝生1232,3,-99,9999
133.868505348112,34.0289362723415,36208,3,99999,03109,井川中学校,井川町タクミ田100-2,3,-99,9999
133.868505348112,34.0288722723415,36208,3,99999,03112,井川中学校,井川町タクミ田100-2,3,-99,9999
133.867869,34.029458,36208,3,99999,03104,井川中学校,井川町タクミ田100-2,3,-99,9999
133.808608,34.031662,36208,3,99999,03109,池田中学校,池田町ウエノ2861-1,3,-99,9999
133.808608,34.031608,36208,3,99999,03112,池田中学校,池田町ウエノ2861-1,3,-99,9999
133.807158,34.031504,36208,3,99999,03104,池田中学校,池田町ウエノ2861-1,3,-99,9999
133.723736,34.035225,36208,3,99999,03143,阿讃県境山稜（あさんけんきょうさんりょう）のみち,池田町白地ノロウチ763-2,2,-99,1981
133.091168,34.305348,34205,3,03001,03001,耕三寺博物館,瀬戸田町瀬戸田553-2,4,-99,9999
133.195772,34.409826,34205,3,03001,03001,尾道市立美術館,西土堂町17-19（千光寺公園内）,3,-99,1980
133.090501,34.305792,34205,3,03001,03001,平山郁夫美術館,瀬戸田町沢200-2,3,2,1997
133.363638,34.493738,34207,3,03001,03001,しぶや美術館,本町8-27,4,-99,2003
133.358082,34.487915,34207,3,03001,03001,ふくやま書道美術館,西町1-1-1（福山ロッツ8階）,4,-99,2003
133.358921,34.49094,34207,3,03001,03001,ふくやま美術館,西町2-4-3,3,2,1988
133.364242,34.487213,34207,3,03001,03001,国際聚蔵館（歌舞藍）,元町7-2,4,3,1994
133.368763,34.398052,34207,3,03001,03001,中川美術館,熊野町鶯の里,4,1,1989
133.310003,34.423319,34207,3,03001,03001,弥勒之里美術館,沼隈町大字上山南字黒瀬西70,4,1,1988
133.07808,34.394788,34204,3,03002,03002,三原市歴史民俗資料館,円一町2-3-2,3,2,1976
133.204857,34.409778,34205,3,03002,03002,おのみち歴史博物館,久保1-14-1,3,-99,1923
133.166409,34.327973,34205,3,03002,03002,因島水軍城,因島中庄町3228-2,3,-99,1983
133.210128,34.411956,34205,3,03002,03002,浄土寺宝物館,東久保町20-28,4,-99,1974
133.166524,34.327055,34205,3,03002,03002,尾道市因島史料館,因島中庄町寺迫3222,3,-99,1964
133.08433,34.304422,34205,3,03002,03002,尾道市瀬戸田歴史民俗資料館,瀬戸田町瀬戸田254-2,3,-99,1976
133.358949,34.489662,34207,3,03002,03002,広島県立歴史博物館,西町2-4-1,2,2,1989
133.389945,34.55735,34207,3,03002,03002,菅茶山記念館,神辺町大字新湯野30-2,3,2,1990
133.26077,34.450305,34207,3,03002,03002,日本はきもの博物館,松永町4-16-27,4,-99,1978
133.260667,34.450624,34207,3,03002,03002,日本郷土玩具博物館,松永町4-16-27,4,1,1994
133.275575,34.55805,34207,3,03002,03002,福山市しんいち歴史民俗博物館,新市町新市916,3,2,1985
133.387039,34.537236,34207,3,03002,03002,福山市神辺歴史民俗資料館,神辺町川北6-1,3,-99,1979
133.362175,34.490755,34207,3,03002,03002,福山市人権平和資料館,丸之内1-1-1,3,2,1994
133.381893,34.384204,34207,3,03002,03002,福山市鞆の浦歴史民俗資料館,鞆町後地536-1,3,2,1988
133.363143,34.497828,34207,3,03002,03002,福山自動車時計博物館,北吉津町3-1-22,4,-99,1989
133.361087,34.491079,34207,3,03002,03002,福山城博物館,丸之内1-8,3,-99,1966
133.263604,34.562801,34208,3,03002,03002,府中家具木工資料館,中須町1650-1（府中家具協同会館内）,4,3,2008
133.229768,34.562214,34208,3,03002,03002,府中市歴史民俗資料館,土生町882-2,3,-99,1977
133.075303,34.783437,34210,3,03002,03002,庄原市総領郷土資料館,総領町下領家278,3,1,1990
133.059429,34.583838,34462,3,03002,03002,大田庄歴史館,大字甲山159,3,-99,1995
133.223555,34.843914,34545,3,03002,03002,神石高原町立神石民俗資料館,永野37-13,3,2,1978
133.026076,34.517217,34204,3,03003,03003,三原市立久井図書館,久井町和草1883-6,3,-99,9999
133.077913,34.394516,34204,3,03003,03003,三原市立中央図書館,円一町2-3-3,3,-99,9999
133.170512,34.295966,34205,3,03003,03003,尾道市立因島図書館,因島土生町100-4,3,-99,9999
133.14429,34.511906,34205,3,03003,03003,尾道市立みつぎ子ども図書館「すくすく」,御調町大田33,3,-99,9999
133.208006,34.413018,34205,3,03003,03003,尾道市立中央図書館,東久保町4-1,3,-99,9999
133.374692,34.545695,34207,3,03003,03003,福山市神辺図書館,神辺町大字川北1155-1,3,-99,1996
133.257222,34.449572,34207,3,03003,03003,福山市松永図書館,松永町3-1-29,3,-99,2008
133.317952,34.394233,34207,3,03003,03003,福山市沼隈図書館,沼隈町大字常石1810,3,-99,9999
133.42698,34.507008,34207,3,03003,03003,福山市東部図書館,伊勢丘6-6-1,3,-99,9999
133.318964,34.546734,34207,3,03003,03003,福山市北部図書館,駅家町近田60-1,3,-99,1989
133.37324,34.494487,34207,3,03003,03003,福山市民図書館,三吉町1-6-1,3,-99,9999
133.233887,34.572295,34208,3,03003,03003,府中市立図書館,府中町43,3,-99,9999
133.089391,34.700541,34209,3,03003,03003,三次市立甲奴図書館,甲奴町本郷940,3,-99,9999
133.010025,34.854354,34210,3,03003,03003,庄原市立図書館,西本町2-20-10,3,-99,9999
133.117397,34.940024,34210,3,03003,03003,庄原市立図書館西城分館,西城町大佐739-1,3,-99,9999
133.074745,34.783221,34210,3,03003,03003,庄原市立図書館総領分館,総領町下領家278,3,-99,9999
133.276214,34.894691,34210,3,03003,03003,庄原市立図書館東城分館,東城町川東1175,3,-99,9999
133.057497,34.586857,34462,3,03003,03003,世羅町甲山図書館,西上原123-3,3,2,9999
133.040272,34.587106,34462,3,03003,03003,世羅町世羅図書館,寺町1158-3,3,1,9999
133.267448,34.788065,34545,3,03003,03003,神石高原町シルトピアカレッジ図書館,油木甲5071-1,3,-99,1995
133.089223,34.306263,34205,3,99999,03003,尾道市立瀬戸田図書館,瀬戸田町瀬戸田535-1,3,-99,9999
133.198548,34.395702,34205,3,99999,03003,尾道市立向島子ども図書館「わくわく」,向島町5531-1,3,-99,9999
133.366155,34.482878,34207,3,99999,03003,福山市中央図書館,霞町1-10-1,3,-99,2008
133.273286,34.558598,34207,3,99999,03003,福山市新市図書館,新市町大字新市1061-1,3,-99,2005
133.056314,34.391274,34204,3,99999,03003,広島大学三原学術情報センター図書館,学園町1-1,0,-99,9999
133.162243,34.42518,34205,3,99999,03003,尾道大学附属図書館,久山田町1600,0,-99,9999
133.232060133009,34.4575621006378,34207,3,99999,03003,福山大学附属図書館,学園町1-三蔵,4,-99,9999
133.348673,34.549878,34207,3,99999,03003,福山平成大学附属図書館,御幸町上岩成正戸117-1,4,-99,9999
133.227353958953,34.4585708044492,34207,3,99999,03003,福山大学附属図書館薬学部分館,学園町1-三蔵,4,-99,9999
133.381107,34.481758,34207,3,99999,03003,福山市立大学附属図書館,港町2-19-1,0,-99,9999
133.392982,34.547226,34207,3,99999,03104,神辺運動場,神辺町字平野376-1,4,-99,9999
133.392539,34.546809,34207,3,99999,03102,神辺運動場,神辺町字平野376-1,4,-99,9999
133.392827,34.54796,34207,3,99999,03103,神辺運動場,神辺町字平野376-1,4,-99,9999
133.392764,34.547231,34207,3,99999,03115,神辺運動場,神辺町字平野376-1,4,-99,9999
133.381581,34.552682,34207,3,99999,03102,神辺スポーツ広場,神辺町字湯野22,4,-99,9999
133.377984,34.55758,34207,3,99999,03115,神辺テニスセンター,神辺町字湯野1859-1,4,-99,9999
133.010575,34.37971,34204,3,99999,03101,三原運動公園（陸上競技場）,沼田東町釜山253-1,3,-99,9999
133.012263,34.379494,34204,3,99999,03102,三原運動公園（市民球場）,沼田東町釜山253-1,3,-99,9999
133.022265,34.504667,34204,3,99999,03138,三原市ふれあい運動公園（ゲートボール場）,久井町坂井原409-3,3,-99,9999
133.07736,34.396371,34204,3,99999,03109,三原リージョンプラザ（主体育館）,円一町2-1-1,3,-99,9999
133.077324,34.396268,34204,3,99999,03120,三原リージョンプラザ（主体育館）,円一町2-1-1,3,-99,9999
133.077282,34.39615,34204,3,99999,03116,三原リージョンプラザ（主体育館）,円一町2-1-1,3,-99,9999
133.077526,34.396812,34204,3,99999,03109,三原リージョンプラザ（副体育館）,円一町2-1-1,3,-99,9999
133.07749,34.396689,34204,3,99999,03120,三原リージョンプラザ（副体育館）,円一町2-1-1,3,-99,9999
133.077413,34.396513,34204,3,99999,03121,三原リージョンプラザ（弓道場）,円一町2-1-1,3,-99,9999
133.078149,34.396072,34204,3,99999,03129,三原リージョンプラザ（南館）（トレーニング室）,円一町2-1-2,3,-99,9999
133.078125,34.395965,34204,3,99999,03112,三原市武道館,円一町2-1-2,3,-99,9999
133.023455839626,34.5042634482417,34204,3,99999,03109,三原市久井Ｂ＆Ｇ海洋センター,久井町坂井原409-3,3,-99,9999
133.077734,34.396121,34204,3,99999,03105,三原リージョンプラザ,円一町2-1-1,3,-99,9999
133.023476767925,34.5047878617355,34204,3,99999,03105,三原市久井Ｂ＆Ｇ海洋センター,久井町坂井原409-3,3,-99,9999
133.013831,34.380229,34204,3,99999,03115,三原運動公園,沼田東町釜山253-1,3,-99,9999
133.021509,34.504371,34204,3,99999,03115,三原市ふれあい運動公園,久井町坂井原409-3,3,-99,9999
133.087747,34.703767,34209,3,99999,03102,カーター記念野球場,甲奴町本郷861,3,-99,9999
133.087907,34.703518,34209,3,99999,03103,カーター記念野球場,甲奴町本郷861,3,-99,9999
133.175828,34.434963,34205,3,99999,03101,広島県立びんご運動公園（陸上競技場）,栗原町997,2,-99,9999
133.17786,34.437345,34205,3,99999,03102,広島県立びんご運動公園（球技場）,栗原町997,2,-99,9999
133.178026,34.43761,34205,3,99999,03103,広島県立びんご運動公園（球技場）,栗原町997,2,-99,9999
133.179203,34.432856,34205,3,99999,03138,広島県立びんご運動公園（球技場）,栗原町997,2,-99,9999
133.179072,34.439001,34205,3,99999,03102,広島県立びんご運動公園（野球場）／しまなみ球場,栗原町997,2,-99,9999
133.17994,34.432386,34205,3,99999,03104,広島県立びんご運動公園（多目的広場）,栗原町997,2,-99,9999
133.176992,34.434395,34205,3,99999,03146,広島県立びんご運動公園（ジョギングコース）,栗原町997,2,-99,9999
133.197423,34.41066,34205,3,99999,03102,千光寺公園グラウンド,西土堂町19-1,3,-99,9999
133.208583,34.440749,34205,3,99999,03102,長者原市民スポーツ広場,長者原1-220-54,3,-99,9999
133.242949,34.427435,34205,3,99999,03102,東尾道市民スポーツ広場（グラウンド北側）,東尾道19-3,3,-99,9999
133.242307,34.427317,34205,3,99999,03103,東尾道市民スポーツ広場（グラウンド北側）,東尾道19-3,3,-99,9999
133.243281,34.426651,34205,3,99999,03102,東尾道市民スポーツ広場（グラウンド側）,東尾道19-3,3,-99,9999
133.24258,34.426513,34205,3,99999,03103,東尾道市民スポーツ広場（グラウンド側）,東尾道19-3,3,-99,9999
133.134182,34.514203,34205,3,99999,03102,御調ソフトボール球場（Ｃ、Ｄ球場）,御調町高尾230_64,3,-99,9999
133.134622,34.515065,34205,3,99999,03102,御調町ソフトボール球場（Ａ、Ｂ球場）,御調町高尾230,3,-99,9999
133.130637,34.513459,34205,3,99999,03102,尾道ふれあいの里（多目的グラウンド）,御調町高尾1369,3,-99,9999
133.130672,34.513253,34205,3,99999,03103,尾道ふれあいの里（多目的グラウンド）,御調町高尾1369,3,-99,9999
133.130732,34.512969,34205,3,99999,03104,尾道ふれあいの里（多目的グラウンド）,御調町高尾1369,3,-99,9999
133.070777,34.505446,34205,3,99999,03138,みつぎグリーンランド（クロッケー場）,御調町津蟹163-5,4,-99,9999
133.070623,34.505289,34205,3,99999,03138,みつぎグリーンランド（ゲートボール場）,御調町津蟹163-5,4,-99,9999
133.20232,34.384907,34205,3,99999,03103,江奥市民スポーツ広場,向島町3983,3,-99,9999
133.184748,34.381988,34205,3,99999,03104,向島運動公園（多目的グラウンド）,向島町11098-289,3,-99,9999
133.154374,34.328381,34205,3,99999,03102,因島運動公園（多目的球技場）,因島重井町4749,3,-99,9999
133.155004,34.326055,34205,3,99999,03104,因島運動公園（多目的球技場）,因島重井町4749,3,-99,9999
133.178157365084,34.433728603299,34205,3,99999,03109,広島県立びんご運動公園（メインアリーナ）,栗原町997,2,-99,9999
133.178068365084,34.433649603299,34205,3,99999,03120,広島県立びんご運動公園（メインアリーナ）,栗原町997,2,-99,9999
133.177984365084,34.433571603299,34205,3,99999,03116,広島県立びんご運動公園（メインアリーナ）,栗原町997,2,-99,9999
133.177913365084,34.433502603299,34205,3,99999,03109,広島県立びんご運動公園（サブアリーナ）,栗原町997,2,-99,9999
133.177794365084,34.433419603299,34205,3,99999,03120,広島県立びんご運動公園（サブアリーナ）,栗原町997,2,-99,9999
133.177955365084,34.433943603299,34205,3,99999,03116,広島県立びんご運動公園（サブアリーナ）,栗原町997,2,-99,9999
133.177877365084,34.433870603299,34205,3,99999,03110,広島県立びんご運動公園（サブアリーナ）,栗原町997,2,-99,9999
133.177770365084,34.433787603299,34205,3,99999,03111,広島県立びんご運動公園（サブアリーナ）,栗原町997,2,-99,9999
133.211334392449,34.4372774097912,34205,3,99999,03109,長者原スポーツセンター（アリーナ）,高須町985-25,3,-99,9999
133.211239392449,34.4371994097912,34205,3,99999,03120,長者原スポーツセンター（アリーナ）,高須町985-25,3,-99,9999
133.211144392449,34.4371114097912,34205,3,99999,03116,長者原スポーツセンター（アリーナ）,高須町985-25,3,-99,9999
133.211227392449,34.4373364097912,34205,3,99999,03129,長者原スポーツセンター（トレーニング室）,高須町985-25,3,-99,9999
133.194284197785,34.4102818363321,34205,3,99999,03109,尾道勤労者体育センター（体育館）,西土堂町18-5,3,-99,9999
133.194165197785,34.4102418363321,34205,3,99999,03120,尾道勤労者体育センター（体育館）,西土堂町18-5,3,-99,9999
133.194058197785,34.4101638363321,34205,3,99999,03129,尾道勤労者体育センター（トレーニング室）,西土堂町18-5,3,-99,9999
133.221103251582,34.3990160793296,34205,3,99999,03109,サンボル尾道,向東町8670-2,4,-99,9999
133.221044251582,34.3991240793296,34205,3,99999,03120,サンボル尾道,向東町8670-2,4,-99,9999
133.147469359177,34.5132737444965,34205,3,99999,03109,御調体育センター,御調町市1156,3,-99,9999
133.147493359177,34.5131567444965,34205,3,99999,03120,御調体育センター,御調町市1156,3,-99,9999
133.130101932113,34.5124065029456,34205,3,99999,03109,尾道ふれあいの里（体育館）,御調町高尾1369,3,-99,9999
133.130101539664,34.5123326645619,34205,3,99999,03120,尾道ふれあいの里（体育館）,御調町高尾1369,3,-99,9999
133.130096310879,34.5122596742147,34205,3,99999,03116,尾道ふれあいの里（体育館）,御調町高尾1369,3,-99,9999
133.212408670886,34.3626021324627,34205,3,99999,03109,マリン・ユース・センター（アリーナ）,向島町立花3035-3,3,-99,9999
133.212396670886,34.3624941324627,34205,3,99999,03116,マリン・ユース・センター（アリーナ）,向島町立花3035-3,3,-99,9999
133.185318922469,34.3814545234748,34205,3,99999,03109,向島運動公園／向島町Ｂ＆Ｇ海洋センター（アリーナ）,向島町1098-289,3,-99,9999
133.185315335443,34.381536155392,34205,3,99999,03116,向島運動公園／向島町Ｂ＆Ｇ海洋センター（アリーナ）,向島町1098-289,3,-99,9999
133.139093781608,34.3276614649828,34205,3,99999,03109,因島青少年ホーム・勤労者体育センター（体育館）,因島重井町5800-36,3,-99,9999
133.139010781608,34.3275534649828,34205,3,99999,03120,因島青少年ホーム・勤労者体育センター（体育館）,因島重井町5800-36,3,-99,9999
133.138927781608,34.3274554649828,34205,3,99999,03116,因島青少年ホーム・勤労者体育センター（体育館）,因島重井町5800-36,3,-99,9999
133.138856781608,34.3273574649828,34205,3,99999,03132,因島青少年ホーム・勤労者体育センター（体育館）,因島重井町5800-36,3,-99,9999
133.117703102355,34.3094405290391,34205,3,99999,03109,瀬戸田町Ｂ＆Ｇ海洋センター（体育館）,瀬戸田町林19-5,4,-99,9999
133.117697723589,34.3092981942736,34205,3,99999,03120,瀬戸田町Ｂ＆Ｇ海洋センター（体育館）,瀬戸田町林19-5,4,-99,9999
133.117697,34.309372,34205,3,99999,03116,瀬戸田町Ｂ＆Ｇ海洋センター（体育館）,瀬戸田町林19-5,4,-99,9999
133.08895,34.305438,34205,3,99999,03109,瀬戸田体育館,瀬戸田町瀬戸田535-1,4,-99,9999
133.194151823576,34.4095303800139,34205,3,99999,03106,尾道市営プール,西土堂町18-1（千光寺公園内）,3,-99,9999
133.185745350475,34.3815756684884,34205,3,99999,03105,向島運動公園／向島町Ｂ＆Ｇ海洋センター（屋内プール）,向島町11098-289,3,-99,9999
133.167889503165,34.3569172079007,34205,3,99999,03106,因島アメニティプール,因島大浜町57,4,-99,9999
133.117681679589,34.309862,34205,3,99999,03105,瀬戸田町Ｂ＆Ｇ海洋センター,瀬戸田町林19-5,4,-99,9999
133.175079,34.436287,34205,3,99999,03115,広島県立びんご運動公園（テニスコート）,栗原町997,2,-99,9999
133.212155,34.436788,34205,3,99999,03115,長者原スポーツセンター（テニスコート）,高須町985-25,3,-99,9999
133.213147,34.424233,34205,3,99999,03115,新高山テニスコート,新高山3-1170-41,3,-99,9999
133.070349,34.505544,34205,3,99999,03115,みつぎグリーンランド（テニスコート）,御調町津蟹163-5,4,-99,9999
133.186683098892,34.3810162219957,34205,3,99999,03115,向島運動公園（テニスコート）,向島町10098-289,3,-99,9999
133.153387,34.327233,34205,3,99999,03115,因島運動公園（テニスコート）,因島重井町4749,3,-99,9999
133.176784,34.436086,34205,3,99999,03105,広島県立びんご運動公園（コミュニティープール）,栗原町997,2,-99,9999
133.002064,34.64586,34462,3,99999,03102,世羅町大見スポーツ広場,大字安田412,3,-99,9999
133.006065,34.616795,34462,3,99999,03102,せら香遊ランド,大字京丸809-3,3,-99,9999
133.005305,34.618751,34462,3,99999,03103,せら香遊ランド,大字京丸809-3,3,-99,9999
133.116584,34.556906,34462,3,99999,03102,世羅町宇津戸スポーツ広場（運動場）,大字宇津戸843,4,-99,9999
133.116025,34.556495,34462,3,99999,03138,世羅町宇津戸スポーツ広場（ゲートボール場）,大字宇津戸843,3,-99,9999
133.098847,34.589684,34462,3,99999,03102,世羅町中央スポーツ広場（グランド）,大字川尻1816-1,3,-99,9999
133.099013,34.589723,34462,3,99999,03138,世羅町中央スポーツ広場（ゲートボール場）,大字川尻1816-1,3,-99,9999
133.042812,34.653738,34462,3,99999,03102,世羅町東スポーツ広場,大字別迫1111,3,-99,9999
133.04286,34.653327,34462,3,99999,03103,世羅町東スポーツ広場,大字別迫1111,3,-99,9999
133.057183013682,34.5868600562568,34462,3,99999,03109,世羅町甲山農村環境改善センター,大字西上原,3,-99,9999
133.004948,34.616589,34462,3,99999,03115,せら香遊ランド,大字京丸809-3,3,-99,9999
133.116316,34.556769,34462,3,99999,03115,世羅町宇津戸スポーツ広場,大字宇津843,3,-99,9999
133.056571,34.586904,34462,3,99999,03115,世羅町甲山テニスコート,大字西上原,3,-99,9999
133.014146,34.840383,34210,3,99999,03102,庄原市運動広場,板橋町257,3,-99,9999
133.001473,34.83786,34210,3,99999,03147,国営備北丘陵公園（林間アスレチック）,上原町1300,1,-99,9999
133.007486,34.847281,34210,3,99999,03144,国営備北丘陵公園（サイクリングコース）,上原町1300,1,-99,9999
133.233872,34.844802,34210,3,99999,03104,帝釈峡国民休暇村多目的広場（多目的広場）,東城町三坂（帝釈峡国民休暇村）,4,-99,9999
133.233753,34.844382,34210,3,99999,03102,帝釈峡国民休暇村多目的広場（多目的広場）,東城町三坂（帝釈峡国民休暇村）,4,-99,9999
133.233693,34.84488,34210,3,99999,03103,帝釈峡国民休暇村多目的広場（多目的広場）,東城町三坂（帝釈峡国民休暇村）,4,-99,9999
133.233979,34.844704,34210,3,99999,03138,帝釈峡国民休暇村多目的広場（ゲートボール場）,東城町三坂（帝釈峡国民休暇村）,4,-99,9999
133.23405,34.845543,34210,3,99999,03144,帝釈峡国民休暇村多目的広場（サイクリングコース）,東城町三坂（帝釈峡国民休暇村）,4,-99,9999
133.283947,34.899028,34210,3,99999,03102,東城中央運動公園（野球場）,東城町川東223,4,-99,9999
133.083437,34.944189,34210,3,99999,03102,大屋農村広場,西城町大屋196-5,3,-99,9999
133.118751,34.940354,34210,3,99999,03102,西城町営球技場,西城町大佐732,3,-99,9999
133.015849,34.995632,34210,3,99999,03102,比和総合運動公園（多目的広場）,比和町三河内3256-2,3,-99,9999
133.016419,34.994123,34210,3,99999,03103,比和総合運動公園（多目的広場）,比和町三河内3256-2,3,-99,9999
133.016169,34.99385,34210,3,99999,03104,比和総合運動公園（多目的広場）,比和町三河内3256-2,3,-99,9999
133.015956,34.995924,34210,3,99999,03102,比和総合運動公園（野球場）,比和町三河内3256-2,3,-99,9999
133.015932,34.993577,34210,3,99999,03138,比和総合運動公園（ゲートボール場）,比和町三河内3256-2,3,-99,9999
133.074734,34.783446,34210,3,99999,03101,総領スポーツ広場,総領町下領家276,3,-99,9999
133.074744,34.783337,34210,3,99999,03102,総領スポーツ広場,総領町下領家276,3,-99,9999
133.010772,34.862081,34210,3,99999,03109,庄原市総合体育館（アリーナ）,西本町4-3-2,3,-99,9999
133.010748,34.861964,34210,3,99999,03120,庄原市総合体育館（アリーナ）,西本町4-3-2,3,-99,9999
133.010724,34.861876,34210,3,99999,03112,庄原市総合体育館（武道場）,西本町4-3-2,3,-99,9999
133.0107,34.861788,34210,3,99999,03129,庄原市総合体育館（トレーニング室）,西本町4-3-2,3,-99,9999
133.235151,34.84592,34210,3,99999,03109,帝釈峡国民休暇村,東城町三坂,4,-99,9999
133.234925027365,34.845959022249,34210,3,99999,03120,帝釈峡国民休暇村,東城町三坂,4,-99,9999
133.282984,34.89821,34210,3,99999,03109,東城中央運動公園,東城町川東223,4,-99,9999
133.264361856598,34.9206316333265,34210,3,99999,03129,リフレッシュハウス東城,東城町粟田2538-1,4,-99,9999
133.118819061308,34.9414898525964,34210,3,99999,03109,西城町営体育館,西城町大佐730-2,3,-99,9999
133.119086436785,34.9439361886928,34210,3,99999,03111,西城町武道館,西城町中野,3,-99,9999
133.014938740561,34.9926611163616,34210,3,99999,03109,比和町総合体育館／サンビレッジ比和（体育館）,比和町比和3263-3,3,-99,9999
133.014725535851,34.9929336988942,34210,3,99999,03120,比和町総合体育館／サンビレッジ比和（体育館）,比和町比和3263-3,3,-99,9999
133.014808812262,34.9927976421308,34210,3,99999,03129,比和町総合体育館／サンビレッジ比和（トレーニングルーム）,比和町比和3263-3,3,-99,9999
133.073005,34.783409,34210,3,99999,03109,里山総領体育館,総領町下領家61,3,-99,9999
133.023431607551,34.8563937581543,34210,3,99999,03106,庄原市水泳プール,東本町1-27-10,3,-99,9999
133.264374,34.920758,34210,3,99999,03105,リフレッシュハウス東城（東城温泉）,東城町粟田2538-1,4,-99,9999
133.119105320748,34.9412184513611,34210,3,99999,03105,西城町営温水プール,西城町大佐729-1,3,-99,9999
133.029216,34.976448,34210,3,99999,03106,三河内町民プール,比和町三河内1624,3,-99,9999
133.074882,34.7849959189984,34210,3,99999,03106,総領水泳プール,総領町下領家271,3,-99,9999
133.011509,34.862498,34210,3,99999,03115,庄原市テニスコート,西本町4-3-2,3,-99,9999
133.282533,34.898551,34210,3,99999,03115,東城中央運動公園,東城町川東223,4,-99,9999
133.235947,34.846379,34210,3,99999,03115,帝釈峡国民休暇村,東城町三坂,3,-99,9999
133.015456,34.994512,34210,3,99999,03115,比和町総合運動公園,比和町三河内3256-2,3,-99,9999
133.049011,34.78477,34210,3,99999,03115,総領テニスコート,総領町稲草1072,3,-99,9999
133.283531,34.896894,34210,3,99999,03101,東城中央運動公園（陸上競技場）,東城町川東223,4,-99,9999
133.31669,34.742326,34545,3,99999,03102,仙養ケ原青少年センターグランド,原近田835-23,3,-99,9999
133.270823,34.778106,34545,3,99999,03102,油木町営天神原グランド,油木甲7551-1,3,-99,9999
133.266016371663,34.7883383949801,34545,3,99999,03102,油木町シルトピアセンター多目的グランド,油木甲71-1,4,-99,9999
133.266027648074,34.788436428393,34545,3,99999,03104,油木町シルトピアセンター多目的グランド,油木甲71-1,4,-99,9999
133.316669,34.742565,34545,3,99999,03102,仙養ケ原ふれあいの里（多目的グラウンド）,上豊松72-8,3,-99,9999
133.316741,34.742126,34545,3,99999,03103,仙養ケ原ふれあいの里（多目的グラウンド）,上豊松72-8,3,-99,9999
133.316669,34.742731,34545,3,99999,03104,仙養ケ原ふれあいの里（多目的グラウンド）,上豊松72-8,3,-99,9999
133.337338,34.77951,34545,3,99999,03102,山村広場,下豊松中筋谷321,3,-99,9999
133.192742,34.66906,34545,3,99999,03102,三和町営グランド,階見1159-1,3,-99,9999
133.266693,34.789374,34545,3,99999,03109,油木町立体育館,油木甲71-1,3,-99,9999
133.266444215103,34.7890317608616,34545,3,99999,03138,油木町シルトピアセンター屋内ゲートボール場,甲71-1,4,-99,9999
133.180794,34.806743,34545,3,99999,03109,神石町トレーニングセンター（体育館）,高光甲2556-1,3,-99,9999
133.18102,34.806997,34545,3,99999,03116,神石町トレーニングセンター（体育館）,高光甲2556-1,3,-99,9999
133.181139,34.807134,34545,3,99999,03120,神石町トレーニングセンター（小体育館）,高光甲2556-1,3,-99,9999
133.180901,34.80687,34545,3,99999,03129,神石町トレーニングセンター（小体育館）,高光甲2556-1,3,-99,9999
133.338212,34.77834,34545,3,99999,03109,陽光の里健康広場,下豊松中筋谷301,3,-99,9999
133.28416,34.762814,34545,3,99999,03106,油木町営プール,油木乙1237,3,-99,9999
133.266788,34.788828,34545,3,99999,03115,シルトピアセンターテニスコート,油木71-1,4,-99,9999
133.284789,34.762775,34545,3,99999,03115,油木町営庭球場,油木乙1237,3,-99,9999
133.337017,34.777279,34545,3,99999,03115,陽光の里健康広場,下豊松中筋谷301,3,-99,9999
133.317002,34.741726,34545,3,99999,03115,仙養ケ原ふれあいの里,上豊松72-8,3,-99,9999
133.191589,34.668747,34545,3,99999,03115,三和町営グランド,階見1159-1,3,-99,9999
133.38977,34.445894,34207,3,99999,03101,福山竹ヶ端（たけがはな）運動公園（運動広場・サブグランド）,水呑町4748,4,-99,9999
133.395225,34.440985,34207,3,99999,03101,福山竹ヶ端（たけがはな）運動公園（陸上競技場）,水呑町4748,4,-99,9999
133.393537,34.442259,34207,3,99999,03102,福山竹ヶ端（たけがはな）運動公園（野球場）,水呑町4748,4,-99,9999
133.397447,34.440602,34207,3,99999,03137,福山竹ヶ端（たけがはな）運動公園（芦田川漕艇場水上スポーツセンター（ふくやまリヴァマリン））,水呑町4748,4,-99,9999
133.39681450316,34.4402748195669,34207,3,99999,03121,福山竹ヶ端運動公園（弓道場）,水呑町4748,4,-99,9999
133.338684,34.548497,34207,3,99999,03102,駅家公園運動場,駅家町万能倉35-29,3,-99,9999
133.338791,34.548027,34207,3,99999,03103,駅家公園運動場,駅家町万能倉35-29,3,-99,9999
133.262696,34.471478,34207,3,99999,03102,松永運動場,福山神村町字若木原237,3,-99,9999
133.262744,34.471184,34207,3,99999,03103,松永運動場,福山神村町字若木原237,3,-99,9999
133.400464,34.480529,34207,3,99999,03103,手城東公園サッカー場,南手城町4-25,4,-99,9999
133.420473,34.441593,34207,3,99999,03102,箕沖球場,箕沖町127-9,4,-99,9999
133.29088,34.491167,34207,3,99999,03102,福山市自然研修センター［ふくやまふれ愛ランド］（第１グランド）,赤坂町大字赤坂甲545,4,-99,9999
133.290948,34.491438,34207,3,99999,03103,福山市自然研修センター［ふくやまふれ愛ランド］（第１グランド）,赤坂町大字赤坂甲545,4,-99,9999
133.290571,34.489113,34207,3,99999,03102,福山市自然研修センター［ふくやまふれ愛ランド］（第２グランド）,赤坂町大字赤坂甲545,4,-99,9999
133.29059,34.488859,34207,3,99999,03103,福山市自然研修センター［ふくやまふれ愛ランド］（第２グランド）,赤坂町大字赤坂甲545,4,-99,9999
133.342538,34.494544,34207,3,99999,03102,芦田川緑地運動場,内芦田川河川敷,4,-99,9999
133.356749,34.593318,34207,3,99999,03102,加茂公園野球場,加茂町粟根961,3,-99,9999
133.399979,34.503712,34207,3,99999,03102,蔵王公園運動場,南蔵王町5-284,3,-99,9999
133.397596,34.459185,34207,3,99999,03102,新涯四丁目公園運動場,新涯4-33,4,-99,9999
133.32188,34.473347,34207,3,99999,03102,瀬戸公園運動場,瀬戸町地頭分373,3,-99,9999
133.296375,34.539309,34207,3,99999,03102,富谷運動場,芦田町福田268,3,-99,9999
133.296363,34.539201,34207,3,99999,03103,富谷運動場,芦田町福田268,3,-99,9999
133.417297,34.506998,34207,3,99999,03102,のうじま運動場（運動場Ａ・Ｂ）,春日町7-9,3,-99,9999
133.408335,34.450625,34207,3,99999,03102,福山テクノ公園運動場,箕島町6280-80,4,-99,9999
133.403534,34.470441,34207,3,99999,03102,曙公園野球場,曙4-80,4,-99,9999
133.41302,34.442853,34207,3,99999,03102,みのしま運動場,箕島町399-28,4,-99,9999
133.279689,34.55805,34207,3,99999,03102,大佐山運動公園野球場,新市町新市2019-1,3,-99,9999
133.284833,34.580838,34207,3,99999,03102,新市中央運動場,新市町下安井1427,3,-99,9999
133.284845,34.580613,34207,3,99999,03103,新市中央運動場,新市町下安井1427,3,-99,9999
133.284828254209,34.5810074979776,34207,3,99999,03102,常金運動場,新市町常3466-5,3,-99,9999
133.366479,34.468707,34207,3,99999,03109,福山市体育館（アリーナ）,草戸町5-12-4,4,-99,9999
133.36655,34.468579,34207,3,99999,03120,福山市体育館（アリーナ）,草戸町5-12-4,4,-99,9999
133.366538,34.468354,34207,3,99999,03116,福山市体育館（アリーナ）,草戸町5-12-4,4,-99,9999
133.366265,34.468618,34207,3,99999,03129,福山市体育館（トレーニング室）,草戸町5-12-4,4,-99,9999
133.375144802215,34.4769901374023,34207,3,99999,03109,福山市緑町公園屋内競技場ローズアリーナ（アリーナ）,緑町2-2,4,-99,9999
133.375113,34.476846,34207,3,99999,03116,福山市緑町公園屋内競技場ローズアリーナ（アリーナ）,緑町2-2,4,-99,9999
133.375374,34.47664,34207,3,99999,03129,福山市緑町公園屋内競技場ローズアリーナ（トレーニング室）,緑町2-2,4,-99,9999
133.351332,34.547771,34207,3,99999,03109,広島県立ふくやま産業交流館（ビッグ・ローズ）,御幸町上岩成476-5,2,-99,9999
133.351338,34.547448,34207,3,99999,03116,広島県立ふくやま産業交流館（ビッグ・ローズ）,御幸町上岩成476-5,2,-99,9999
133.350827,34.547634,34207,3,99999,03120,広島県立ふくやま産業交流館（ビッグ・ローズ）,御幸町上岩成476-5,2,-99,9999
133.35091,34.547428,34207,3,99999,03138,広島県立ふくやま産業交流館（ビッグ・ローズ）,御幸町上岩成476-5,2,-99,9999
133.287953587025,34.4510179696368,34207,3,99999,03109,広島県立福山少年自然の家,金江町藁江619-2,2,-99,9999
133.288036587025,34.4508559696368,34207,3,99999,03116,広島県立福山少年自然の家,金江町藁江619-2,2,-99,9999
133.287977587025,34.4509349696368,34207,3,99999,03120,広島県立福山少年自然の家,金江町藁江619-2,2,-99,9999
133.291131976266,34.4898245731222,34207,3,99999,03109,福山市自然研修センター（ふくやまふれ愛ランド）,赤坂町赤坂甲545,4,-99,9999
133.291191976266,34.4897165731222,34207,3,99999,03116,福山市自然研修センター（ふくやまふれ愛ランド）,赤坂町赤坂甲545,4,-99,9999
133.291286976266,34.4896185731222,34207,3,99999,03120,福山市自然研修センター（ふくやまふれ愛ランド）,赤坂町赤坂甲545,4,-99,9999
133.366644,34.468464,34207,3,99999,03109,福山市福山勤労青少年ホーム（Ｂｕｃｈｉパル福山）,草戸町5-12-3,3,-99,9999
133.366382,34.468474,34207,3,99999,03120,福山市福山勤労青少年ホーム（Ｂｕｃｈｉパル福山）,草戸町5-12-3,3,-99,9999
133.258295670886,34.444914,34207,3,99999,03109,福山市松永勤労青少年ホーム（Ｂｕｃｈｉパル松永）,松永町5-2-7,3,-99,9999
133.258188670886,34.444885,34207,3,99999,03120,福山市松永勤労青少年ホーム（Ｂｕｃｈｉパル松永）,松永町5-2-7,3,-99,9999
133.381411,34.484527,34207,3,99999,03109,福山市勤労障害者体育センター,港町1-11-10,3,-99,9999
133.381363,34.48437,34207,3,99999,03120,福山市勤労障害者体育センター,港町1-11-10,3,-99,9999
133.381387,34.484458,34207,3,99999,03122,福山市勤労障害者体育センター,港町1-11-10,3,-99,9999
133.276021,34.55736,34207,3,99999,03109,新市スポーツセンター（アリーナ）,新市町新市816-3,4,-99,9999
133.276009,34.557213,34207,3,99999,03116,新市スポーツセンター（アリーナ）,新市町新市816-3,4,-99,9999
133.275997,34.557037,34207,3,99999,03120,新市スポーツセンター（アリーナ）,新市町新市816-3,4,-99,9999
133.275961,34.55688,34207,3,99999,03110,新市スポーツセンター（柔道場）,新市町新市816-3,4,-99,9999
133.360617526899,34.492242147636,34207,3,99999,03112,福山市武道館,丸の内1-9-6,4,-99,9999
133.306637060127,34.3989033124416,34207,3,99999,03109,沼隈体育館（アリーナ）,沼隈町下山南1235,3,-99,9999
133.306649060127,34.3987963124416,34207,3,99999,03120,沼隈体育館（アリーナ）,沼隈町下山南1235,3,-99,9999
133.306649060127,34.3986583124416,34207,3,99999,03112,沼隈体育館（武道場）,沼隈町下山南1235,3,-99,9999
133.312898311709,34.4135661832566,34207,3,99999,03120,沼隈体育センター,沼隈町中山南18,4,-99,9999
133.375410754747,34.4764254325155,34207,3,99999,03105,福山市緑町公園屋内競技場ローズアリーナ,緑町2-2,4,-99,9999
133.373615,34.477208,34207,3,99999,03106,福山市緑町公園屋内競技場ローズアリーナ,緑町2-2,4,-99,9999
133.373889,34.476998,34207,3,99999,03108,福山市緑町公園屋内競技場ローズアリーナ,緑町2-2,4,-99,9999
133.391862,34.444189,34207,3,99999,03106,福山市竹ヶ端（たけがはな）運動公園水泳場,水呑町4748,4,-99,9999
133.245544886076,34.5904486979665,34208,3,99999,03102,府中市月見ヶ丘体育施設,本山町530-80,3,-99,9999
133.244706,34.590794,34208,3,99999,03103,府中市月見ヶ丘体育施設,本山町530-80,3,-99,9999
133.257686449367,34.442971,34207,3,99999,03106,松永グリーンパーク水泳場,松永町6-8-16,3,-99,9999
133.231437,34.580077,34208,3,99999,03102,府中公園グランド,出口町471-4,3,-99,9999
133.259724365507,34.4476447052162,34207,3,99999,03105,福山市松永健康スポーツセンター,松永町4-14-1,3,-99,9999
133.362659,34.492353,34207,3,99999,03106,丸之内公園水泳場,丸之内2-1-1,4,-99,9999
133.197201,34.627832,34208,3,99999,03102,木野山町スポーツグランド,木野山町724,3,-99,9999
133.250577,34.572415,34208,3,99999,03102,ウカイランド公園グランド,鵜飼町162-4,3,-99,9999
133.39103,34.444758,34207,3,99999,03115,福山竹ヶ端（たけがはな）運動公園（庭球場）,水呑町4748,4,-99,9999
133.428113,34.485364,34207,3,99999,03115,福山テニスセンター,大門町津之下192-7,4,-99,9999
133.257485,34.553699,34208,3,99999,03102,府中市中須グランド,中須町1462-1,3,-99,9999
133.256629,34.554031,34208,3,99999,03103,府中市中須グランド,中須町1462-1,3,-99,9999
133.358938,34.491674,34207,3,99999,03115,福山城公園庭球場,丸之内1-1-1,4,-99,9999
133.346391,34.498984,34207,3,99999,03115,北本庄庭球場,北本庄4-150-17,4,-99,9999
133.164542,34.558664,34208,3,99999,03102,羽高湖サンスポーツランド,諸毛町ニ反田3000,3,-99,9999
133.164471,34.55837,34208,3,99999,03127,羽高湖サンスポーツランド,諸毛町ニ反田3000,3,-99,9999
133.393891,34.471129,34207,3,99999,03115,二の川公園庭球場,曙3-184,4,-99,9999
133.182358,34.61107,34208,3,99999,03102,府中市阿字スポーツグランド体育館,阿字955,3,-99,9999
133.245306,34.581821,34208,3,99999,03102,府中市桜ケ丘グランド,桜ケ丘3-4-1,3,-99,9999
133.256946,34.440831,34207,3,99999,03115,松永グリーンパーク庭球場,松永町7-2,3,-99,9999
133.279831491514,34.5595174682178,34207,3,99999,03115,大佐山運動公園庭球場,新市町新市2019-1,4,-99,9999
133.116942,34.700965,34208,3,99999,03101,上下運動公園（多目的グラウンド）,上下町字上下2400,3,-99,9999
133.119413,34.70035,34208,3,99999,03102,上下運動公園（多目的グラウンド）,上下町字上下2400,3,-99,9999
133.11687,34.70117,34208,3,99999,03104,上下運動公園（多目的グラウンド）,上下町字上下2400,3,-99,9999
133.288545,34.450006,34207,3,99999,03115,広島県立福山少年自然の家,金江町藁江619-2,3,-99,9999
133.313228,34.413936,34207,3,99999,03115,沼隈体育センター,沼隈町中山南18,4,-99,9999
133.11939,34.700585,34208,3,99999,03102,上下運動公園（野球場）,上下町字上下2400,3,-99,9999
133.231376359177,34.5632023984689,34208,3,99999,03109,府中市立総合体育館（ウッドアリーナ）,土生町416-4,3,-99,9999
133.231376359177,34.5630653984689,34208,3,99999,03116,府中市立総合体育館（ウッドアリーナ）,土生町416-4,3,-99,9999
133.231376359177,34.5629183984689,34208,3,99999,03120,府中市立総合体育館（ウッドアリーナ）,土生町416-4,3,-99,9999
133.256213,34.553425,34208,3,99999,03115,府中市中須グランド,中須町1462-1,3,-99,9999
133.245544886076,34.5903506979665,34208,3,99999,03109,府中市月見ヶ丘体育施設,本山町530-80,3,-99,9999
133.164435,34.559545,34208,3,99999,03115,羽高湖サンスポーツランド,諸毛町ニ反田3000,3,-99,9999
133.117227,34.702275,34208,3,99999,03115,上下運動公園,上下町上下2400,3,-99,9999
133.229301580696,34.5616154655903,34208,3,99999,03109,府中市勤労青少年体育センター,土生町400-1,3,-99,9999
133.229301580696,34.5615174655903,34208,3,99999,03116,府中市勤労青少年体育センター,土生町400-1,3,-99,9999
133.229313580696,34.5614194655903,34208,3,99999,03120,府中市勤労青少年体育センター,土生町400-1,3,-99,9999
133.183023651888,34.6113341941001,34208,3,99999,03109,府中市阿字スポーツグランド体育館,阿字955,3,-99,9999
133.246103085383,34.590657820128,34208,3,99999,03106,府中市月見ヶ丘体育施設,本山町530-80,3,-99,9999
133.23219,34.562453,34208,3,99999,03105,府中市Ｂ＆Ｇ海洋センター,土生町426,3,-99,9999
133.443296,34.489838,34207,3,99999,03103,ローザス・フットサルクラブ福山,大門町5,4,-99,9999
133.202687,34.854775,34545,3,99999,03103,神石コスモドーム,相渡2188,3,-99,9999
133.070302,34.5057,34205,3,99999,03103,みつぎグリーンランド（芝生広場）,御調町津蟹163-5,4,-99,9999
133.191495,34.402749,34205,3,99999,03144,しまなみ海道サイクリングコース,東御所町地先,2,-99,9999
133.31784335574,34.7446832126888,34545,3,99999,03127,仙養ケ原ふれあいの里（ローラースケート場）,詳細住所不明,3,-99,9999
133.009801,34.863944,34210,3,99999,03127,庄原プレイランド,西本町4-629-1,3,-99,9999
133.32756,34.545565,34207,3,99999,03109,北部市民センター,駅家町倉光37-1,3,-99,9999
133.373758,34.4771,34207,3,99999,03108,福山市緑町公園屋内競技場ローズアリーナ（飛込プール）,緑町2-2,4,-99,9999
133.397222,34.494289,34207,3,99999,03106,メモリアルパーク,深津町3-15-1,4,-99,9999
133.373082,34.477301,34207,3,99999,03115,広島厚生年金健康福祉センター「ウエルネスサンピア福山」,緑町9-7,4,-99,9999
133.259362,34.447661,34207,3,99999,03115,松永ローンテニスクラブ,松永町4-6-17,4,-99,9999
133.4433,34.489706,34207,3,99999,03103,ローザス・フットサルクラブ福山,大門町5-10-17,4,-99,9999
133.042179,34.780582,34210,3,99999,03102,庄原市田総の里スポーツ公園（多目的グラウンド）,総領町稲草470,4,-99,9999
133.042524,34.780661,34210,3,99999,03103,庄原市田総の里スポーツ公園（多目的グラウンド）,総領町稲草470,4,-99,9999
133.042833,34.780739,34210,3,99999,03104,庄原市田総の里スポーツ公園（多目的グラウンド）,総領町稲草470,4,-99,9999
133.043962,34.781078,34210,3,99999,03138,庄原市田総の里スポーツ公園（ゲートボール場）,詳細住所不明,4,-99,9999
133.177653365084,34.433697603299,34205,3,99999,03132,広島県立びんご運動公園（スタジオ）,栗原町997,2,-99,9999
133.072571,34.279577,34205,3,99999,03102,瀬戸田サンセットビーチ（多目的グラウンド）,瀬戸田町垂水1506-16,3,-99,9999
133.072703,34.279768,34205,3,99999,03103,瀬戸田サンセットビーチ（多目的グラウンド）,瀬戸田町垂水1506-16,3,-99,9999
133.072598,34.279401,34205,3,99999,03104,瀬戸田サンセットビーチ（多目的グラウンド）,瀬戸田町垂水1506-16,3,-99,9999
133.072755,34.279932,34205,3,99999,03138,瀬戸田サンセットビーチ（ゲートボール場）,瀬戸田町垂水1506-17,3,-99,9999
133.073215,34.280191,34205,3,99999,03115,瀬戸田町サンセットビーチ（テニスコート）,瀬戸田町垂水1506-15,3,-99,9999
133.072258,34.2802,34205,3,99999,03148,瀬戸田サンセットビーチ,瀬戸田町垂水1506-15,3,-99,9999
133.021776,34.503422,34204,3,99999,03102,三原市ふれあい運動公園（総合スポーツグラウンド）,久井町坂井原409-3,3,-99,9999
133.177527365084,34.433610603299,34205,3,99999,03129,広島県立びんご運動公園（トレーニング室）,栗原町997,2,-99,9999
133.15517,34.672688,34208,3,99999,03104,府中市清岳多目的広場,上下町水永69,4,-99,9999
133.186836,34.691296,34208,3,99999,03104,府中市階見多目的広場,上下町階見2835,4,-99,9999
133.136999,34.726807,34208,3,99999,03104,府中市吉野多目的広場,上下町小堀2092-1,4,-99,9999
133.116588,34.701812,34208,3,99999,03138,府中市上下ゲートボール場,上下町上下2256-1,4,-99,9999
133.136155,34.518002,34205,3,99999,03102,御調ソフトボール球場（Ｅ球場）,御調町高尾230-64,3,-99,9999
133.155033955664,34.3131412254545,34205,3,99999,03106,市営因島ひまわりプール,因島中庄町1924-2,3,-99,9999
133.115233,34.494567,34205,3,99999,03102,河内市民スポーツ広場,御調町丸門田1484,3,-99,9999
133.115233,34.494302,34205,3,99999,03103,河内市民スポーツ広場,御調町丸門田1484,3,-99,9999
133.202038,34.360029,34205,3,99999,03104,立花市民スポーツ広場,向島町立花2324-2,3,-99,9999
133.21296454193,34.3612717361985,34205,3,99999,03137,マリン・ユース・センター（舟艇）,向島町立花3035-3,3,-99,9999
133.117626,34.30891,34205,3,99999,03137,瀬戸田町Ｂ＆Ｇ海洋センター（プール・舟艇）,瀬戸田町林19-5,4,-99,9999
133.929839,34.667647,33101,3,03001,03001,岡山県立美術館,天神町8-48,2,3,1988
133.9302,34.66648,33101,3,03001,03001,岡山市立オリエント美術館,天神町9-31,3,3,1979
133.859736,34.663339,33101,3,03001,03001,黒住教宝物館「まることセンター」,尾上神道山,4,-99,1990
133.944939,34.739897,33101,3,03001,03001,招き猫美術館,金山寺865-1,4,-99,1994
133.934561,34.670702,33102,3,03001,03001,夢二郷土美術館,浜2-1-32,4,-99,1984
133.933256,34.663592,33101,3,03001,03001,林原美術館,丸の内2-7-15,4,1,1964
133.773875,34.595584,33202,3,03001,03001,いがらしゆみこ美術館,本町9-30,4,-99,2000
133.802366,34.437989,33202,3,03001,03001,荻野美術館,下津井吹上1-3-9,4,-99,9999
133.771445,34.595729,33202,3,03001,03001,加計美術館,中央1-4-7（美観地区内）,4,-99,2002
133.768937,34.594568,33202,3,03001,03001,倉敷市立美術館,中央2-6-1,3,3,1983
133.771409,34.595345,33202,3,03001,03001,倉敷民藝館,中央1-4-11,4,3,2011
133.770242,34.596206,33202,3,03001,03001,大原美術館,中央1-1-15,4,2,1930
133.513807,34.498162,33205,3,03001,03001,ワコーミュージアム,五番町6-20（笹岡グランドホテル内）,4,-99,1998
133.516306,34.497026,33205,3,03001,03001,笠岡市立竹喬美術館,六番町1-17,3,1,2001
133.46352,34.598013,33207,3,03001,03001,井原市立田中美術館,井原町315,3,3,1983
133.433745,34.58182,33207,3,03001,03001,華鴒大塚美術館,高屋町3-11-5,4,2,1994
133.483494,34.736577,33209,3,03001,03001,高梁市吉備川上ふれあい漫画美術館,川上町地頭1834,3,2,1994
133.536896,34.780714,33209,3,03001,03001,高梁市成羽美術館,成羽町下原1068-3,3,2,1994
133.457204,34.985523,33210,3,03001,03001,新見美術館,西方361,3,2,1990
133.587343,34.624927,33461,3,03001,03001,やかげ郷土美術館,矢掛3118-1,3,-99,1990
133.590466,34.624438,33461,3,03001,03001,遊び心の美術館古意庵,矢掛2603,4,-99,1990
133.933811,34.668508,33101,3,03002,03002,岡山県立博物館,後楽園1-5,2,2,1971
133.915992,34.666503,33101,3,03002,03002,岡山市デジタルミュージアム,駅元町15-1,3,-99,2005
133.935422,34.686874,33101,3,03002,03002,岡山市水道記念館,三野1-2-1（三野浄水場内）,3,-99,1905
133.936102,34.665164,33101,3,03002,03002,岡山城,丸の内2-3-1,3,-99,1966
133.924117,34.675229,33101,3,03002,03002,吉備路文学館,南方3-5-35,4,3,1986
133.842783,34.652112,33101,3,03002,03002,犬養木堂記念館,川入102-1,2,1,1993
133.930009,34.798168,33101,3,03002,03002,御津町郷土歴史資料館,御津金川529,3,-99,2003
133.907575,34.718639,33101,3,03002,03002,日本郵政公社郵政資料館分館坂野記念館,栢谷1039-1,1,-99,1993
133.818832,34.537296,33202,3,03002,03002,五流博物館,林952,4,-99,9999
133.810567,34.631877,33202,3,03002,03002,川崎医科大学現代医学教育博物館,松島577,4,-99,1981
133.773386,34.594886,33202,3,03002,03002,倉敷アイビースクエア・オルゴールミュゼ,本町7-2,4,-99,1888
133.769189,34.535935,33202,3,03002,03002,倉敷科学センター,福田町古新田940,3,3,1993
133.771909,34.596067,33202,3,03002,03002,倉敷考古館,中央1-3-13,4,3,1950
133.768686,34.595575,33202,3,03002,03002,倉敷市立自然史博物館,中央2-6-1,3,3,1983
133.773995,34.584687,33202,3,03002,03002,倉敷市歴史民俗資料館,西中新田669,3,1,1981
133.769189,34.535935,33202,3,03002,03002,倉敷埋蔵文化財センター,福田町古新田940,3,-99,1993
133.771437,34.595043,33202,3,03002,03002,日本郷土玩具館,中央1-4-16,4,2,1967
133.803159,34.472307,33202,3,03002,03002,野崎家塩業歴史館,児島味野1-11-19,4,-99,9999
133.521398,34.477389,33205,3,03002,03002,笠岡市立カブトガニ博物館,横島1946-2,3,-99,1990
133.496936,34.504883,33205,3,03002,03002,笠岡市立郷土館,笠岡5628-10,3,1,1969
133.433275,34.629108,33207,3,03002,03002,井原市芳井歴史民俗資料館,芳井町吉井4110-1,3,-99,1983
133.540098,34.674057,33207,3,03002,03002,中世夢が原,美星町三山5007,3,-99,1992
133.768379,34.659538,33208,3,03002,03002,吉備考古館,地頭片山183,4,2,1942
133.754453,34.675535,33208,3,03002,03002,総社市まちかど郷土館,総社2-17-33,3,-99,1910
133.618034,34.795453,33209,3,03002,03002,高梁市郷土資料館,向町21,3,2,1904
133.614971,34.785381,33209,3,03002,03002,高梁市歴史美術館,原田北町1203-1,3,4,1997
133.5391,34.782708,33209,3,03002,03002,成羽歴史史料館,成羽町下原967,3,-99,1997
133.587783,34.542575,33216,3,03002,03002,かもがた町家公園,鴨方町鴨方240,3,-99,1998
133.594261,34.576071,33216,3,03002,03002,岡山天文博物館,鴨方町本庄3037-5（竹林寺山）,3,2,1960
133.582397,34.531867,33216,3,03002,03002,浅口市立鴨方郷土資料館,鴨方町鴨方2244-13,3,-99,1983
133.902697,34.869546,33101,3,03002,03002,江坂コレクション展示室,福渡830-1,3,-99,1996
133.826516,34.59953,33423,3,03002,03002,早島町立歴史民俗資料館,前潟240,3,-99,1977
133.953006,34.95528,33663,3,03002,03002,誕生寺宝物館,里方808,4,-99,1969
133.760576,34.835006,33681,3,03002,03002,岡崎嘉平太記念館,吉川4860-6,2,-99,2001
133.934568,34.66264,33101,3,03003,03003,岡山県立図書館,丸の内2-6-30,2,-99,9999
133.911729,34.68003,33101,3,03003,03003,岡山市立伊島図書館,伊島町2-9-38,3,-99,9999
133.915878,34.600228,33104,3,03003,03003,岡山市立浦安総合公園図書館,浦安南町493-2,3,-99,9999
133.928937,34.784573,33101,3,03003,03003,岡山市立御津図書館,御津宇垣1629,3,-99,9999
133.921998,34.661108,33101,3,03003,03003,岡山市立幸町図書館,幸町10-16,3,-99,9999
133.800805,34.729502,33101,3,03003,03003,岡山市立足守図書館,足守718,3,-99,9999
133.928451,34.645233,33101,3,03003,03003,岡山市立中央図書館,二日市町56,3,-99,9999
133.865987,34.543798,33104,3,03003,03003,岡山市立灘崎図書館,片岡186,3,-99,9999
133.834143,34.709573,33101,3,03003,03003,最上図書館,高松稲荷712,4,-99,9999
133.67441,34.545228,33202,3,03003,03003,倉敷市立玉島図書館,玉島1-2-37,3,-99,9999
133.803174,34.467937,33202,3,03003,03003,倉敷市立児島図書館,児島味野2-2-37,3,-99,9999
133.698347,34.632954,33202,3,03003,03003,倉敷市立真備図書館,真備町箭田47-1,3,-99,9999
133.739093,34.535604,33202,3,03003,03003,倉敷市立水島図書館,水島青葉町4-40,3,-99,9999
133.708729,34.584477,33202,3,03003,03003,倉敷市立船穂図書館,船穂町船穂1702-1,3,-99,9999
133.768926,34.594673,33202,3,03003,03003,倉敷市立中央図書館,中央2-6-1,3,-99,9999
133.94283,34.493071,33204,3,03003,03003,玉野市立図書館,宇野2-1-12,3,-99,9999
133.515705,34.497234,33205,3,03003,03003,笠岡市立図書館,六番町1-15,3,-99,9999
133.461441,34.605075,33207,3,03003,03003,井原市井原図書館,井原町1260-1,3,-99,9999
133.432997,34.626154,33207,3,03003,03003,井原市芳井図書館,芳井町吉井4058-1,3,-99,9999
133.768742,34.59504,33208,3,03003,03003,総社市図書館,中央3-10-113,3,-99,9999
133.5391,34.782708,33209,3,03003,03003,高梁市立成羽図書館,成羽町下原967,3,-99,9999
133.618034,34.795453,33209,3,03003,03003,高梁市立中央図書館,向町21,3,-99,9999
133.469085,34.984092,33210,3,03003,03003,新見市立新見図書館,新見823-1,3,-99,9999
133.331634,34.932836,33210,3,03003,03003,新見市立哲西図書館,哲西町矢田3604,3,-99,9999
133.582056,34.532367,33216,3,03003,03003,浅口市立鴨方図書館,鴨方町鴨方2244-13,3,-99,9999
133.624114,34.538457,33216,3,03003,03003,金光図書館,金光町大谷320,4,-99,9999
133.627882,34.542151,33216,3,03003,03003,浅口市立金光さつき図書館,金光町占見新田790-1,3,-99,9999
133.902697,34.869546,33101,3,03003,03003,岡山市立建部町図書館,建部町福渡830-1,3,-99,9999
133.827739,34.601291,33423,3,03003,03003,早島町立図書館,前潟370-1,3,-99,9999
133.559633,34.5135,33445,3,03003,03003,里庄町立図書館,里見2621,3,-99,9999
133.588191,34.627433,33461,3,03003,03003,矢掛町立図書館,矢掛2677-1,3,-99,9999
133.960831,34.929616,33663,3,03003,03003,久米南町図書館,下弓削515-1,3,-99,9999
133.826463,34.969053,33666,3,03003,03003,美咲町立旭図書館,西川1001-7,3,-99,9999
133.905395,34.454952,33204,3,03004,03004,玉野海洋博物館,渋川2-6-1,3,-99,1953
133.930478,34.693227,33101,3,03005,03005,岡山市半田山植物園,法界院3-1,3,-99,1964
133.905646,34.675618,33101,3,03005,03005,池田動物園,京山2-5-1,4,-99,1953
133.773171,34.603559,33202,3,03005,03005,倉敷昆虫館,幸町2-30（しげい病院8階）,4,-99,1962
133.588792,34.483327,33216,3,99999,03003,浅口市立寄島図書館,寄島町16010,3,-99,9999
133.542844,34.683857,33207,3,99999,03003,井原市美星図書館,美星町三山1055,3,-99,9999
133.811867,34.861037,33681,3,99999,03003,かもがわ図書館,下賀茂1073-1,3,-99,9999
133.693872,34.86326,33681,3,99999,03003,ロマン高原かよう図書館,豊野1-2,3,-99,9999
133.909119,34.645403,33101,3,99999,03003,岡山県視覚障害者センター,西古松268-1,4,-99,9999
133.769381,34.592455,33202,3,99999,03003,岡山大学附属図書館資源植物科学研究所分館,中央2-20-1,0,-99,9999
133.677538,34.574217,33202,3,99999,03003,くらしき作陽大学附属図書館,玉島長尾3515,4,-99,9999
133.808891,34.497903,33202,3,99999,03003,倉敷市立短期大学付属図書館,児島稗田町160,0,-99,9999
133.814492,34.633981,33202,3,99999,03003,川崎医療短期大学附属図書館,松島316,4,-99,9999
133.90161,34.682865,33101,3,99999,03003,岡山商科大学附属図書館,津島京町2-10-1,4,-99,9999
133.943811,34.643194,33102,3,99999,03003,山陽学園大学山陽学園短期大学図書館,平井1-14-1,4,-99,9999
133.936926,34.678018,33102,3,99999,03003,就実大学・就実短期大学図書館,西川原1-5-22,4,-99,9999
133.91715,34.67378,33101,3,99999,03003,ノートルダム清心女子大学附属図書館,伊福町2-16-9,4,-99,9999
133.919979,34.651798,33101,3,99999,03003,岡山大学附属図書館鹿田分館,鹿田町2-5-1,0,-99,9999
133.926389,34.696543,33101,3,99999,03003,岡山理科大学図書館,理大町1-1,4,-99,9999
133.919531,34.689519,33101,3,99999,03003,岡山大学附属図書館,津島中3-1-1,0,-99,9999
133.441633,34.997122,33210,3,99999,03003,新見公立大学・短期大学付属図書館,西方1263-2,0,-99,9999
133.780694,34.6917,33208,3,99999,03003,岡山県立大学附属図書館,窪木111,0,-99,9999
133.623788,34.797376,33209,3,99999,03003,吉備国際大学短期大学部・順正高等看護専門学校附属図書館,伊賀町8,4,-99,9999
133.91964,34.680649,33101,3,99999,03101,岡山県総合グラウンド,いずみ町2-1-11,3,-99,9999
133.919761,34.677498,33101,3,99999,03109,岡山県総合グラウンド,いずみ町2-1-11,3,-99,9999
133.917269,34.676808,33101,3,99999,03102,岡山県総合グラウンド,いずみ町2-1-11,3,-99,9999
133.914874,34.680947,33101,3,99999,03115,岡山県総合グラウンド,いずみ町2-1-11,3,-99,9999
133.918796,34.680615,33101,3,99999,03105,岡山県総合グラウンド,いずみ町2-1-11,3,-99,9999
133.91555,34.677433,33101,3,99999,03121,岡山県総合グラウンド,いずみ町2-1-11,3,-99,9999
133.913788,34.680903,33101,3,99999,03109,岡山武道館,いずみ町2-1-8,3,-99,9999
133.913793,34.680835,33101,3,99999,03112,岡山武道館,いずみ町2-1-8,3,-99,9999
133.913794,34.680766,33101,3,99999,03130,岡山武道館,いずみ町2-1-8,3,-99,9999
133.800547,34.729188,33101,3,99999,03115,足守テニスコート,足守718,3,-99,9999
133.849823,34.669378,33101,3,99999,03121,吉備津弓道場,吉備津931,3,-99,9999
133.838046,34.549357,33104,3,99999,03109,灘崎体育センター,灘崎町彦崎2686,3,-99,9999
133.853909,34.588641,33104,3,99999,03115,興除テニスコート,中畦589-3,3,-99,9999
133.877332,34.664258,33101,3,99999,03112,野山武道館（武道館・テニスコート）,野殿西町1650,3,-99,9999
133.877635,34.664285,33101,3,99999,03115,野山武道館（武道館・テニスコート）,野殿西町1650,3,-99,9999
133.894602,34.622476,33104,3,99999,03103,当新田公園サッカー場,当新田488,3,-99,9999
133.911718,34.555325,33104,3,99999,03102,灘崎野球場,北七区61-4,3,-99,9999
133.929821,34.644524,33101,3,99999,03115,二日市公園,二日市町51,3,-99,9999
133.928597,34.644553,33101,3,99999,03102,二日市公園,二日市町51,3,-99,9999
133.93671,34.649209,33102,3,99999,03106,東山プール・テニスコート・バレーボールコート,赤坂本町11-50,3,-99,9999
133.937224,34.650277,33102,3,99999,03115,東山プール・テニスコート・バレーボールコート,赤坂本町11-50,3,-99,9999
133.937224,34.650223,33102,3,99999,03114,東山プール・テニスコート・バレーボールコート,赤坂本町11-50,3,-99,9999
133.952409,34.656761,33102,3,99999,03102,奥市公園,奥市3-11,3,-99,9999
133.949758,34.656458,33102,3,99999,03118,奥市公園,奥市3-11,3,-99,9999
133.974042,34.634768,33102,3,99999,03102,桑野スポーツ広場,桑野291-8,3,-99,9999
133.97403,34.63465,33102,3,99999,03104,桑野スポーツ広場,桑野291-8,3,-99,9999
133.974042,34.634523,33102,3,99999,03103,桑野スポーツ広場,桑野291-8,3,-99,9999
133.983968,34.683936,33102,3,99999,03102,財田スポーツ広場,長岡4-101,3,-99,9999
133.984966,34.683975,33102,3,99999,03104,財田スポーツ広場,長岡4-101,3,-99,9999
133.984045,34.683042,33102,3,99999,03103,財田スポーツ広場,長岡4-101,3,-99,9999
133.892417,34.653825,33101,3,99999,03102,岡山ドーム,北長瀬表町1-1-1,3,-99,9999
133.891062,34.65317,33101,3,99999,03103,岡山ドーム,北長瀬表町1-1-1,3,-99,9999
133.889588,34.652985,33101,3,99999,03138,岡山ドーム,北長瀬表町1-1-1,3,-99,9999
133.980869,34.731245,33101,3,99999,03102,牟佐スポーツ広場,牟佐1177-1,3,-99,9999
133.980857,34.731343,33101,3,99999,03104,牟佐スポーツ広場,牟佐1177-1,3,-99,9999
133.981457,34.731861,33101,3,99999,03115,牟佐スポーツ広場,牟佐1177-1,3,-99,9999
133.865298,34.766339,33101,3,99999,03102,岡山市日応寺自然の森,日応寺100-1,3,-99,9999
133.865025,34.765124,33101,3,99999,03115,岡山市日応寺自然の森,日応寺100-1,3,-99,9999
133.889766,34.891496,33101,3,99999,03102,建部町総合スポーツセンター,建部町川口11,4,-99,9999
133.891282,34.892227,33101,3,99999,03115,建部町総合スポーツセンター,建部町川口11,4,-99,9999
133.91586,34.600317,33104,3,99999,03109,浦安総合公園,浦安南町493-2,3,-99,9999
133.917292,34.600097,33104,3,99999,03102,浦安総合公園,浦安南町493-2,3,-99,9999
133.915313,34.598752,33104,3,99999,03115,浦安総合公園,浦安南町493-2,3,-99,9999
133.847197,34.622455,33104,3,99999,03102,山田グリーンパーク,山田2263-2,3,-99,9999
133.845902,34.623355,33104,3,99999,03115,山田グリーンパーク,山田2263-2,3,-99,9999
133.84611,34.622577,33104,3,99999,03103,山田グリーンパーク,山田2263-2,3,-99,9999
133.996958,34.61787,33102,3,99999,03102,六番川水の公園,升田614-64,3,-99,9999
133.998859,34.616515,33102,3,99999,03109,六番川水の公園,升田614-64,3,-99,9999
133.998705,34.615552,33102,3,99999,03104,六番川水の公園,升田614-64,3,-99,9999
133.996607,34.61409,33102,3,99999,03115,六番川水の公園,升田614-64,3,-99,9999
133.837213,34.654205,33101,3,99999,03102,撫川公園,中撫川28,3,-99,9999
133.837772,34.653609,33101,3,99999,03115,撫川公園,中撫川28,3,-99,9999
133.889424,34.809584,33101,3,99999,03109,御津スポーツパーク,御津町高津1566,3,-99,9999
133.88962,34.808754,33101,3,99999,03115,御津スポーツパーク,御津町高津1566,3,-99,9999
133.889424,34.809457,33101,3,99999,03105,御津スポーツパーク,御津町高津1566,3,-99,9999
133.808216,34.481275,33202,3,99999,03101,中山公園,児島小川町2831,3,-99,9999
133.809285,34.482813,33202,3,99999,03102,中山公園,児島小川町2831,3,-99,9999
133.810165,34.48154,33202,3,99999,03115,中山公園,児島小川町2831,3,-99,9999
133.810498,34.480629,33202,3,99999,03109,中山公園体育館,児島小川町2831,3,-99,9999
133.810498,34.480746,33202,3,99999,03120,中山公園体育館,児島小川町2831,3,-99,9999
133.810498,34.480864,33202,3,99999,03116,中山公園体育館,児島小川町2831,3,-99,9999
133.810498,34.481001,33202,3,99999,03111,中山公園体育館,児島小川町2831,3,-99,9999
133.81051,34.481148,33202,3,99999,03113,中山公園体育館,児島小川町2831,3,-99,9999
133.681615,34.517345,33202,3,99999,03101,玉島の森,玉島乙島8255-1,3,-99,9999
133.683195,34.517257,33202,3,99999,03102,玉島の森,玉島乙島8255-1,3,-99,9999
133.68001,34.51663,33202,3,99999,03115,玉島の森,玉島乙島8255-1,3,-99,9999
133.679677,34.518148,33202,3,99999,03106,玉島の森,玉島乙島8255-1,3,-99,9999
133.680432,34.518329,33202,3,99999,03109,玉島の森体育館,玉島乙島8255-1,3,-99,9999
133.680438,34.51827,33202,3,99999,03120,玉島の森体育館,玉島乙島8255-1,3,-99,9999
133.680432,34.518207,33202,3,99999,03116,玉島の森体育館,玉島乙島8255-1,3,-99,9999
133.680438,34.518138,33202,3,99999,03111,玉島の森体育館,玉島乙島8255-1,3,-99,9999
133.680438,34.51807,33202,3,99999,03113,玉島の森体育館,玉島乙島8255-1,3,-99,9999
133.770718,34.531689,33202,3,99999,03101,水島緑地福田公園,福田町古新田1027,3,-99,9999
133.767081,34.531062,33202,3,99999,03102,水島緑地福田公園,福田町古新田1027,3,-99,9999
133.771324,34.533539,33202,3,99999,03115,水島緑地福田公園,福田町古新田1027,3,-99,9999
133.770159,34.533862,33202,3,99999,03103,水島緑地福田公園,福田町古新田1027,3,-99,9999
133.770373,34.530328,33202,3,99999,03106,水島緑地福田公園,福田町古新田1027,3,-99,9999
133.768127,34.533588,33202,3,99999,03109,水島緑地福田公園体育館,福田町古新田1027,3,-99,9999
133.768121,34.533519,33202,3,99999,03111,水島緑地福田公園体育館,福田町古新田1027,3,-99,9999
133.768121,34.533446,33202,3,99999,03113,水島緑地福田公園体育館,福田町古新田1027,3,-99,9999
133.768115,34.533387,33202,3,99999,03120,水島緑地福田公園体育館,福田町古新田1027,3,-99,9999
133.768109,34.533324,33202,3,99999,03116,水島緑地福田公園体育館,福田町古新田1027,3,-99,9999
133.768115,34.533255,33202,3,99999,03130,水島緑地福田公園体育館,福田町古新田1027,3,-99,9999
133.737202,34.535191,33202,3,99999,03102,水島中央公園,水島青葉町95-1,3,-99,9999
133.738485,34.53432,33202,3,99999,03115,水島中央公園,水島青葉町95-1,3,-99,9999
133.737202,34.534985,33202,3,99999,03138,水島中央公園,水島青葉町95-1,3,-99,9999
133.738842,34.535015,33202,3,99999,03106,水島中央公園,水島青葉町95-1,3,-99,9999
133.738527,34.535137,33202,3,99999,03109,水島体育館,水島青葉町95-1,3,-99,1985
133.738527,34.535069,33202,3,99999,03120,水島体育館,水島青葉町95-1,3,-99,1985
133.738527,34.535005,33202,3,99999,03116,水島体育館,水島青葉町95-1,3,-99,1985
133.738527,34.534956,33202,3,99999,03111,水島体育館,水島青葉町95-1,3,-99,1985
133.738527,34.534897,33202,3,99999,03113,水島体育館,水島青葉町95-1,3,-99,1985
133.774368,34.585498,33202,3,99999,03105,倉敷市屋内水泳センター,新田2458,3,-99,9999
133.774362,34.585376,33202,3,99999,03129,倉敷市屋内水泳センター,新田2458,3,-99,9999
133.7491,34.612551,33202,3,99999,03102,酒津公園,酒津1556,3,-99,9999
133.750972,34.610575,33202,3,99999,03106,酒津公園,酒津1556,3,-99,9999
133.7491,34.612624,33202,3,99999,03138,酒津公園,酒津1556,3,-99,9999
133.745332,34.588363,33202,3,99999,03102,倉敷運動公園,四十瀬4,3,-99,9999
133.746511,34.589472,33202,3,99999,03101,倉敷運動公園,四十瀬4,3,-99,9999
133.74666,34.591789,33202,3,99999,03115,倉敷運動公園,四十瀬4,3,-99,9999
133.745842,34.591029,33202,3,99999,03121,倉敷運動公園,四十瀬4,3,-99,9999
133.746563,34.588443,33202,3,99999,03109,倉敷運動公園ウェイトリフティング場,四十瀬4,3,-99,9999
133.746575,34.588399,33202,3,99999,03120,倉敷運動公園ウェイトリフティング場,四十瀬4,3,-99,9999
133.746575,34.588355,33202,3,99999,03111,倉敷運動公園ウェイトリフティング場,四十瀬4,3,-99,9999
133.746586,34.588311,33202,3,99999,03113,倉敷運動公園ウェイトリフティング場,四十瀬4,3,-99,9999
133.745148,34.586159,33202,3,99999,03109,倉敷体育館,四十瀬4,3,-99,9999
133.745142,34.586095,33202,3,99999,03120,倉敷体育館,四十瀬4,3,-99,9999
133.745142,34.586036,33202,3,99999,03116,倉敷体育館,四十瀬4,3,-99,9999
133.745137,34.585978,33202,3,99999,03111,倉敷体育館,四十瀬4,3,-99,9999
133.745137,34.585919,33202,3,99999,03113,倉敷体育館,四十瀬4,3,-99,9999
133.685139,34.642733,33202,3,99999,03109,真備総合公園,真備町箭田2208,3,-99,9999
133.685133,34.642669,33202,3,99999,03120,真備総合公園,真備町箭田2208,3,-99,9999
133.685145,34.64262,33202,3,99999,03111,真備総合公園,真備町箭田2208,3,-99,9999
133.685139,34.642572,33202,3,99999,03113,真備総合公園,真備町箭田2208,3,-99,9999
133.683642,34.64285,33202,3,99999,03102,真備総合公園,真備町箭田2208,3,-99,9999
133.684896,34.641281,33202,3,99999,03115,真備総合公園,真備町箭田2208,3,-99,9999
133.684955,34.641863,33202,3,99999,03103,真備総合公園,真備町箭田2208,3,-99,9999
133.684955,34.641926,33202,3,99999,03138,真備総合公園,真備町箭田2208,3,-99,9999
133.804037,34.620404,33202,3,99999,03102,倉敷スポーツ公園,中庄3250-1,3,-99,9999
133.80406,34.618957,33202,3,99999,03115,倉敷スポーツ公園,中庄3250-1,3,-99,9999
133.805313,34.618231,33202,3,99999,03104,倉敷スポーツ公園,中庄3250-1,3,-99,9999
133.805325,34.618145,33202,3,99999,03103,倉敷スポーツ公園,中庄3250-1,3,-99,9999
133.803532,34.619594,33202,3,99999,03129,倉敷スポーツ公園,中庄3250-1,3,-99,9999
133.804708,34.619707,33202,3,99999,03112,倉敷スポーツ公園,中庄3250-1,3,-99,9999
133.803879,34.61952,33202,3,99999,03139,倉敷スポーツ公園,中庄3250-1,3,-99,9999
133.917835,34.468594,33204,3,99999,03104,高山ドーム（生涯学習センター）,和田4-7-1,3,-99,9999
133.917847,34.468525,33204,3,99999,03103,高山ドーム（生涯学習センター）,和田4-7-1,3,-99,9999
133.917865,34.468452,33204,3,99999,03138,高山ドーム（生涯学習センター）,和田4-7-1,3,-99,9999
133.935163,34.481026,33204,3,99999,03109,玉野市総合体育館（レクレセンター）,玉2-3-1,3,-99,9999
133.935151,34.480942,33204,3,99999,03120,玉野市総合体育館（レクレセンター）,玉2-3-1,3,-99,9999
133.935151,34.480859,33204,3,99999,03129,玉野市総合体育館（レクレセンター）,玉2-3-1,3,-99,9999
133.935157,34.480761,33204,3,99999,03112,玉野市総合体育館（レクレセンター）,玉2-3-1,3,-99,9999
133.909648,34.474039,33204,3,99999,03101,玉野市民総合運動公園,玉原3-17-1,3,-99,9999
133.910896,34.474,33204,3,99999,03102,玉野市民総合運動公園,玉原3-17-1,3,-99,9999
133.909125,34.47545,33204,3,99999,03103,玉野市民総合運動公園,玉原3-17-1,3,-99,9999
133.909957,34.476243,33204,3,99999,03115,玉野市民総合運動公園,玉原3-17-1,3,-99,9999
133.910599,34.476753,33204,3,99999,03121,玉野市民総合運動公園,玉原3-17-1,3,-99,9999
133.488193,34.502439,33205,3,99999,03109,笠岡総合体育館,平成町63-2,3,-99,9999
133.488181,34.502332,33205,3,99999,03120,笠岡総合体育館,平成町63-2,3,-99,9999
133.488193,34.502234,33205,3,99999,03116,笠岡総合体育館,平成町63-2,3,-99,9999
133.488193,34.502145,33205,3,99999,03112,笠岡総合体育館,平成町63-2,3,-99,9999
133.488205,34.502028,33205,3,99999,03129,笠岡総合体育館,平成町63-2,3,-99,9999
133.488455,34.504055,33205,3,99999,03101,岡山県笠岡陸上競技場,平成町63-2,3,-99,9999
133.490178,34.502811,33205,3,99999,03104,岡山県笠岡陸上競技場,平成町63-2,3,-99,9999
133.518213,34.407386,33205,3,99999,03109,笠岡市Ｂ＆Ｇ海洋センター,白石島2364-6,4,-99,9999
133.518724,34.407112,33205,3,99999,03106,笠岡市Ｂ＆Ｇ海洋センター,白石島2364-6,4,-99,9999
133.519873,34.494555,33205,3,99999,03109,笠岡市民体育センター,八番町1-9,3,-99,9999
133.517992,34.493988,33205,3,99999,03102,笠岡運動公園,九番町1-4,3,-99,9999
133.517054,34.493978,33205,3,99999,03115,笠岡運動公園,九番町1-4,3,-99,9999
133.521348,34.578048,33205,3,99999,03102,かさおか古代の丘スポーツ公園,走出3478-4,3,-99,9999
133.523225,34.57888,33205,3,99999,03103,かさおか古代の丘スポーツ公園,走出3478-4,3,-99,9999
133.458474,34.48759,33205,3,99999,03102,笠岡市茂平運動場,茂平1637-1,3,-99,9999
133.458468,34.487673,33205,3,99999,03103,笠岡市茂平運動場,茂平1637-1,3,-99,9999
133.461366,34.587243,33207,3,99999,03101,井原運動公園,上出部町1583,3,-99,9999
133.46341,34.590647,33207,3,99999,03102,井原運動公園,上出部町1583,3,-99,9999
133.461354,34.58737,33207,3,99999,03103,井原運動公園,上出部町1583,3,-99,9999
133.45994,34.586675,33207,3,99999,03115,井原運動公園,上出部町1583,3,-99,9999
133.458847,34.584738,33207,3,99999,03121,井原運動公園,上出部町1583,3,-99,9999
133.45018,34.579572,33207,3,99999,03102,井原リフレッシュ公園,大江町1419-2,3,-99,9999
133.450191,34.579699,33207,3,99999,03104,井原リフレッシュ公園,大江町1419-2,3,-99,9999
133.451641,34.578985,33207,3,99999,03103,井原リフレッシュ公園,大江町1419-2,3,-99,9999
133.423687,34.628748,33207,3,99999,03102,井原志芳井運動場,芳井町吉井1851-1,3,-99,9999
133.424055,34.628078,33207,3,99999,03115,井原志芳井運動場,芳井町吉井1851-1,3,-99,9999
133.525847,34.676672,33207,3,99999,03102,井原市美星運動場,美星町明治330-2,3,-99,9999
133.525847,34.676594,33207,3,99999,03104,井原市美星運動場,美星町明治330-2,3,-99,9999
133.525225,34.67524,33207,3,99999,03115,井原市星の郷庭球場,美星町明治330-4,3,-99,9999
133.462643,34.588572,33207,3,99999,03109,井原市井原体育館,上出部町1671-1,3,-99,9999
133.462643,34.588518,33207,3,99999,03120,井原市井原体育館,上出部町1671-1,3,-99,9999
133.462643,34.58846,33207,3,99999,03129,井原市井原体育館,上出部町1671-1,3,-99,9999
133.425815,34.63026,33207,3,99999,03109,井原市芳井体育館,芳井町吉井1675,3,-99,9999
133.425812,34.630208,33207,3,99999,03120,井原市芳井体育館,芳井町吉井1675,3,-99,9999
133.527024,34.675861,33207,3,99999,03109,井原市Ｂ＆Ｇ美星海洋センター,美星町星田2-14,3,-99,9999
133.747611,34.664683,33208,3,99999,03109,総社市スポーツセンター,三輪1300,3,-99,9999
133.747617,34.664604,33208,3,99999,03120,総社市スポーツセンター,三輪1300,3,-99,9999
133.747629,34.664531,33208,3,99999,03116,総社市スポーツセンター,三輪1300,3,-99,9999
133.747623,34.664448,33208,3,99999,03103,総社市スポーツセンター,三輪1300,3,-99,9999
133.747641,34.664365,33208,3,99999,03129,総社市スポーツセンター,三輪1300,3,-99,9999
133.748309,34.666398,33208,3,99999,03112,総社市武道館,真壁423-1,3,-99,9999
133.748309,34.666364,33208,3,99999,03113,総社市武道館,真壁423-1,3,-99,9999
133.748312,34.666323,33208,3,99999,03121,総社市武道館,真壁423-1,3,-99,9999
133.747626,34.696181,33208,3,99999,03101,総社北公園陸上競技場,福井1200,3,-99,9999
133.748357,34.697046,33208,3,99999,03115,総社北公園陸上競技場,福井1200,3,-99,9999
133.782539,34.654108,33208,3,99999,03104,山手スポーツ広場,宿1778-1,3,-99,9999
133.782539,34.654172,33208,3,99999,03102,山手スポーツ広場,宿1778-1,3,-99,9999
133.781202,34.654025,33208,3,99999,03115,山手スポーツ広場,宿1778-1,3,-99,9999
133.754955,34.653868,33208,3,99999,03104,清音ふるさとふれあい広場,清音三因1017-4,3,-99,9999
133.754919,34.654034,33208,3,99999,03103,清音ふるさとふれあい広場,清音三因1017-4,3,-99,9999
133.753698,34.655693,33208,3,99999,03115,清音ふるさとふれあい広場,清音三因1017-4,3,-99,9999
133.721981,34.678147,33208,3,99999,03104,高梁川河川敷グラウンド,真壁地先河川敷（高梁川左岸）,3,-99,9999
133.730085,34.638671,33208,3,99999,03104,清音河川敷グラウンド,清音上中島地先河川敷（高梁川左岸）,3,-99,9999
133.623232,34.800309,33209,3,99999,03101,高梁運動公園,小高下町2-1,3,-99,9999
133.622424,34.801051,33209,3,99999,03115,高梁運動公園,小高下町2-1,3,-99,9999
133.624218,34.799836,33209,3,99999,03121,高梁運動公園,小高下町2-1,3,-99,9999
133.59825,34.81141,33209,3,99999,03102,神原スポーツ公園,松原町神原2323-5,3,-99,9999
133.596929,34.810682,33209,3,99999,03104,神原スポーツ公園,松原町神原2323-5,3,-99,9999
133.598626,34.810635,33209,3,99999,03115,神原スポーツ公園,松原町神原2323-5,3,-99,9999
133.60689,34.784115,33209,3,99999,03104,ききょう緑地,落合町近似93-1,3,-99,9999
133.609385,34.789226,33209,3,99999,03109,高梁市民体育館,落合町近似267-7,3,-99,9999
133.609382,34.789182,33209,3,99999,03116,高梁市民体育館,落合町近似267-7,3,-99,9999
133.609385,34.78914,33209,3,99999,03121,高梁市民体育館,落合町近似267-7,3,-99,9999
133.609385,34.789099,33209,3,99999,03120,高梁市民体育館,落合町近似267-7,3,-99,9999
133.607419,34.784871,33209,3,99999,03106,高梁市民プール,落合町近似93-1,3,-99,9999
133.662886,34.903392,33209,3,99999,03104,有漢総合グラウンド,有漢町有漢3349,3,-99,9999
133.676483,34.902408,33209,3,99999,03104,有漢スポーツパーク,有漢町有漢7996-1,3,-99,9999
133.66356,34.904055,33209,3,99999,03109,有漢体育館,有漢町有漢3387,3,-99,9999
133.663697,34.903719,33209,3,99999,03106,有漢市民プール,有漢町有漢3387,3,-99,9999
133.654049,34.895712,33209,3,99999,03115,有漢社会教育センターテニスコート,有漢町有漢10343-2,3,-99,9999
133.523979,34.788756,33209,3,99999,03102,なりわ運動公園,成羽町成羽1860,3,-99,9999
133.524193,34.790883,33209,3,99999,03104,なりわ運動公園,成羽町成羽1860,3,-99,9999
133.539494,34.784835,33209,3,99999,03106,成羽市民プール,成羽町成羽601,3,-99,9999
133.451308,34.862445,33209,3,99999,03106,坂本市民プール,成羽町坂本1060,3,-99,9999
133.540859,34.782,33209,3,99999,03112,成羽武道館,成羽町下原884,3,-99,9999
133.487824,34.737619,33209,3,99999,03115,川上テニスコート,川上町地頭1719-2,3,-99,9999
133.478963,34.957355,33210,3,99999,03101,新見市防災公園陸上競技場・サッカー場,石蟹157,3,-99,9999
133.478975,34.957268,33210,3,99999,03103,新見市防災公園陸上競技場・サッカー場,石蟹157,3,-99,9999
133.469558,34.965404,33210,3,99999,03102,憩いとふれあいの公園,正田330,3,-99,9999
133.47086,34.965039,33210,3,99999,03104,憩いとふれあいの公園,正田330,3,-99,9999
133.471662,34.965526,33210,3,99999,03138,憩いとふれあいの公園,正田330,3,-99,9999
133.466502,34.998003,33210,3,99999,03101,新見市民運動公園,下熊谷22-2,3,-99,9999
133.46649,34.997847,33210,3,99999,03102,新見市民運動公園,下熊谷22-2,3,-99,9999
133.465498,34.997984,33210,3,99999,03109,新見市民運動公園,下熊谷22-2,3,-99,9999
133.465361,34.999609,33210,3,99999,03115,新見市民運動公園,下熊谷22-2,3,-99,9999
133.465884,34.999746,33210,3,99999,03106,新見市民運動公園,下熊谷22-2,3,-99,9999
133.464803,34.998319,33210,3,99999,03118,新見市民運動公園,下熊谷22-2,3,-99,9999
133.46649,34.998125,33210,3,99999,03104,新見市民運動公園,下熊谷22-2,3,-99,9999
133.461542,34.941547,33210,3,99999,03104,哲多総合グラウンド,哲多町花木1090,4,-99,1979
133.463301,34.942059,33210,3,99999,03102,哲多総合グラウンド,哲多町花木1090,4,-99,1979
133.462088,34.94199,33210,3,99999,03109,哲多総合グラウンド,哲多町花木1090,4,-99,1979
133.462338,34.942088,33210,3,99999,03105,哲多Ｂ＆Ｇ海洋センター,哲多町花木1090,4,-99,9999
133.46235,34.942005,33210,3,99999,03109,哲多Ｂ＆Ｇ海洋センター,哲多町花木1090,4,-99,9999
133.338396,34.928142,33210,3,99999,03109,哲西市民グラウンド,哲西町矢田3834,3,-99,9999
133.33738,34.928863,33210,3,99999,03104,哲西市民グラウンド,哲西町矢田3834,3,-99,9999
133.468592,34.984954,33210,3,99999,03109,城山体育館,新見1191-1,3,-99,1981
133.6236,34.937545,33214,3,99999,03109,北房Ｂ＆Ｇ海洋センター（北房運動公園）,上中津井243-2,4,-99,9999
133.622655,34.937053,33214,3,99999,03115,北房Ｂ＆Ｇ海洋センター（北房運動公園）,上中津井243-2,4,-99,9999
133.622919,34.937838,33214,3,99999,03102,北房Ｂ＆Ｇ海洋センター（北房運動公園）,上中津井243-2,4,-99,9999
133.651517,34.960036,33214,3,99999,03104,北房英賀公園,上水田4454,3,-99,9999
133.652319,34.959714,33214,3,99999,03138,北房英賀公園,上水田4454,3,-99,9999
133.61538,34.540089,33216,3,99999,03104,金光駅西公園,金光町占見新田255,3,-99,9999
133.615891,34.540177,33216,3,99999,03115,金光駅西公園,金光町占見新田255,3,-99,9999
133.615901,34.571458,33216,3,99999,03104,遙照山総合公園,金光町上竹2536-25,3,-99,9999
133.616757,34.570744,33216,3,99999,03115,遙照山総合公園,金光町上竹2536-25,3,-99,9999
133.6342,34.541328,33216,3,99999,03104,金光スポーツ公園,金光町八重47,3,-99,9999
133.63565,34.541456,33216,3,99999,03115,金光スポーツ公園,金光町八重47,3,-99,9999
133.584095,34.532449,33216,3,99999,03109,天草公園,鴨方町鴨方2244-2,3,-99,9999
133.584095,34.53239,33216,3,99999,03120,天草公園,鴨方町鴨方2244-2,3,-99,9999
133.584095,34.532331,33216,3,99999,03112,天草公園,鴨方町鴨方2244-2,3,-99,9999
133.584558,34.532767,33216,3,99999,03115,天草公園,鴨方町鴨方2244-2,3,-99,9999
133.582402,34.531772,33216,3,99999,03104,ふるさとかもがたプラザ,鴨方町鴨方2244-13,3,-99,9999
133.581489,34.531694,33445,3,99999,03105,鴨方Ｂ＆Ｇ海洋センター,大字里見5400-1,3,-99,9999
133.582596,34.478628,33216,3,99999,03104,寄島運動場,寄島町7555-11,3,-99,9999
133.593651,34.493349,33216,3,99999,03109,寄島東体育館,寄島町3202,3,-99,9999
133.593651,34.49331,33216,3,99999,03120,寄島東体育館,寄島町3202,3,-99,9999
133.581834,34.482647,33216,3,99999,03112,寄島武道場,寄島町7676,3,-99,9999
133.581664,34.482162,33216,3,99999,03115,寄島テニスコート,寄島町7757,3,-99,9999
133.59266,34.47454,33216,3,99999,03103,三ツ山スポーツ公園,寄島町16089-24,3,-99,9999
133.583311,34.478064,33216,3,99999,03109,寄島Ｂ＆Ｇ海洋センター,寄島町7555-2,4,-99,9999
133.583305,34.477917,33216,3,99999,03120,寄島Ｂ＆Ｇ海洋センター,寄島町7555-2,4,-99,9999
133.583305,34.477986,33216,3,99999,03105,寄島Ｂ＆Ｇ海洋センター,寄島町7555-2,4,-99,9999
133.820072,34.616518,33423,3,99999,03102,深砂運動公園,矢尾858,3,-99,9999
133.820452,34.617193,33423,3,99999,03115,深砂運動公園,矢尾858,3,-99,9999
133.829651,34.601153,33423,3,99999,03102,南グランド,前潟395-2,3,-99,9999
133.830287,34.616571,33423,3,99999,03102,若宮グランド,若宮4-4及び4-5,3,-99,9999
133.830287,34.616527,33423,3,99999,03103,若宮グランド,若宮4-4及び4-5,3,-99,9999
133.819215,34.600443,33423,3,99999,03103,宮山グランド,早島2240-1,3,-99,9999
133.561612,34.518885,33445,3,99999,03104,つばきの丘運動公園,大字里見2392,3,-99,9999
133.561612,34.518709,33445,3,99999,03102,つばきの丘運動公園,大字里見2392,3,-99,9999
133.561623,34.518552,33445,3,99999,03103,つばきの丘運動公園,大字里見2392,3,-99,9999
133.556457,34.523689,33445,3,99999,03102,里庄町野球場,里見1685-1,3,-99,1982
133.558114,34.51447,33445,3,99999,03116,里庄町全天候型テニスコート,大字里見2535,3,-99,9999
133.553927,34.518673,33445,3,99999,03121,里庄町弓道場,里見1383,3,-99,9999
133.558086,34.513857,33445,3,99999,03104,里庄中学校運動場,里見1293,3,-99,9999
133.569434,34.620722,33461,3,99999,03109,矢掛町Ｂ＆Ｇ海洋センター,西川面1307-3,4,-99,9999
133.569437,34.620681,33461,3,99999,03129,矢掛町Ｂ＆Ｇ海洋センター,西川面1307-3,4,-99,9999
133.56922,34.620896,33461,3,99999,03105,矢掛町Ｂ＆Ｇ海洋センター,西川面1307-3,4,-99,9999
133.56944,34.620617,33461,3,99999,03110,矢掛町Ｂ＆Ｇ海洋センター,西川面1307-3,4,-99,9999
133.569434,34.620539,33461,3,99999,03111,矢掛町Ｂ＆Ｇ海洋センター,西川面1307-3,4,-99,9999
133.569428,34.620471,33461,3,99999,03120,矢掛町Ｂ＆Ｇ海洋センター,西川面1307-3,4,-99,9999
133.568382,34.620402,33461,3,99999,03104,矢掛町Ｂ＆Ｇ海洋センター,西川面1307-3,4,-99,9999
133.568768,34.620833,33461,3,99999,03137,矢掛町Ｂ＆Ｇ海洋センター,西川面1307-3,4,-99,9999
133.602995,34.626096,33461,3,99999,03102,矢掛町総合運動公園,矢掛342,3,-99,9999
133.603874,34.625382,33461,3,99999,03115,矢掛町総合運動公園,矢掛342,3,-99,9999
133.605680829758,34.6259003273864,33461,3,99999,03104,矢掛町総合運動公園,矢掛342,3,-99,9999
133.547872,34.615447,33461,3,99999,03102,小田球場,小田1355-15,3,-99,9999
133.968165,34.938129,33663,3,99999,03109,久米南町民運動公園,上弓削1500,3,-99,9999
133.968765,34.939424,33663,3,99999,03102,久米南町民運動公園,上弓削1500,3,-99,9999
133.968343,34.937442,33663,3,99999,03115,久米南町民運動公園,上弓削1500,3,-99,9999
133.968771,34.939361,33663,3,99999,03104,久米南町民運動公園,上弓削1500,3,-99,9999
133.953663,34.996541,33666,3,99999,03109,美咲中央運動公園,原田2155,3,-99,9999
133.953663,34.996448,33666,3,99999,03129,美咲中央運動公園,原田2155,3,-99,9999
133.953804,34.996864,33666,3,99999,03112,美咲中央運動公園,原田2155,3,-99,9999
133.951549,34.996179,33666,3,99999,03115,美咲中央運動公園,原田2155,3,-99,9999
133.949933,34.995671,33666,3,99999,03102,美咲中央運動公園,原田2155,3,-99,9999
133.953798,34.99693,33666,3,99999,03138,美咲中央運動公園,原田2155,3,-99,9999
133.952611,34.996641,33666,3,99999,03104,美咲中央運動公園,原田2155,3,-99,9999
133.826064,34.968068,33666,3,99999,03104,旭グラウンド,西川1001-10,3,-99,9999
133.8418,34.962957,33666,3,99999,03104,さくらグラウンド,西垪和2533-1,3,-99,9999
133.961266,34.98254,33666,3,99999,03104,加美小学校,原田11,3,-99,9999
133.887039,34.957807,33666,3,99999,03104,大垪和小学校,大垪和西1001-2,3,-99,9999
133.826052,34.96823,33666,3,99999,03104,旭小学校,西川1001-12,3,-99,9999
133.956067,34.997921,33666,3,99999,03104,中央中学校,原田2130,3,-99,9999
133.830033,34.972399,33666,3,99999,03104,旭中学校,西川829-2,3,-99,9999
133.820211,34.896296,33681,3,99999,03109,かもがわ総合スポーツ公園,上田東2360-3,3,-99,9999
133.820857,34.895006,33681,3,99999,03102,かもがわ総合スポーツ公園,上田東2360-3,3,-99,9999
133.820063,34.895668,33681,3,99999,03115,かもがわ総合スポーツ公園,上田東2360-3,3,-99,9999
133.820211,34.896219,33681,3,99999,03129,かもがわ総合スポーツ公園,上田東2360-3,3,-99,9999
133.821287,34.896776,33681,3,99999,03103,かもがわ総合スポーツ公園,上田東2360-3,3,-99,9999
133.821287,34.896688,33681,3,99999,03101,かもがわ総合スポーツ公園,上田東2360-3,3,-99,9999
133.661846,34.828857,33681,3,99999,03109,かよう総合スポーツ公園,上竹5743-2,3,-99,9999
133.661846,34.828798,33681,3,99999,03120,かよう総合スポーツ公園,上竹5743-2,3,-99,9999
133.660473,34.828515,33681,3,99999,03102,かよう総合スポーツ公園,上竹5743-2,3,-99,9999
133.661186,34.829359,33681,3,99999,03104,かよう総合スポーツ公園,上竹5743-2,3,-99,9999
133.819112,34.859051,33681,3,99999,03104,下加茂プレーパーク,下加茂地内,3,-99,9999
133.819106,34.859129,33681,3,99999,03138,下加茂プレーパーク,下加茂地内,3,-99,9999
133.777512,34.82254,33681,3,99999,03142,鳴滝森林公園キャンプ場,竹部地内,3,-99,9999
133.790439,34.914318,33681,3,99999,03142,湯の瀬温泉郷キャンプ場,豊岡下地内,3,-99,9999
133.829483,34.912691,33681,3,99999,03142,Ｃａｍｐｅｒｓ－ｉｎｎチロリン村キャンプグランド,神瀬1612-1,3,-99,9999
133.801051,34.918242,33681,3,99999,03142,小森オートキャンプ場,小森,4,-99,9999
