X,Y,P27_001,P27_002,P27_003,P27_004,P27_005,P27_006,P27_007,P27_008,P27_009
135.171421,34.225022,30201,3,03001,03001,和歌山県立近代美術館,吹上1-4-14,2,2,1994
135.229667,34.227801,30201,3,03002,03002,和歌山県立紀伊風土記の丘,岩橋1411,2,-99,1971
135.171644,34.224495,30201,3,03002,03002,和歌山県立博物館,吹上1-4-14,2,2,1994
135.169005,34.232855,30201,3,03002,03002,和歌山市立こども科学館,寄合町19,3,4,1981
135.163061,34.233133,30201,3,03002,03002,和歌山市立博物館,湊本町3-2,3,4,1985
135.276243,34.155271,30202,3,03002,03002,海南市海南歴史民俗資料館,木津233-23,3,2,1982
135.192088,34.158754,30202,3,03002,03002,和歌山県立自然博物館,船尾370-1,2,2,1982
135.600551,34.341093,30203,3,03002,03002,橋本市郷土資料館,御幸辻786（杉内公園内）,3,2,1974
135.124278,34.083565,30204,3,03002,03002,有田市郷土資料館,箕島27（有田市文化福祉センター内）,3,-99,1989
135.317741,34.285741,30209,3,03002,03002,岩出市民俗資料館,根来2306-1,3,2,1989
135.581025,34.21128,30344,3,03002,03002,高野山霊宝館,高野山306,4,1,1961
135.174231,34.037221,30361,3,03002,03002,湯浅しょうゆ資料館角長の職入蔵,湯浅7,4,-99,1984
135.169144,34.20758,30201,3,03003,03003,和歌山県立図書館,西高松1-7-38,2,3,1993
135.163367,34.233633,30201,3,03003,03003,和歌山市民図書館,湊本町3-1,3,3,9999
135.15087,34.108953,30202,3,03003,03003,海南市下津図書館,下津町下津500-1,3,-99,9999
135.209864,34.155255,30202,3,03003,03003,海南市児童図書館,日方1525-2,3,-99,9999
135.605521,34.315491,30203,3,03003,03003,橋本市図書館,東家1-6-27,3,-99,9999
135.124346,34.083651,30204,3,03003,03003,有田市図書館,箕島27,3,-99,9999
135.306695,34.217728,30208,3,03003,03003,紀の川市立貴志川図書館,貴志川町長原447-1,3,-99,2005
135.35075,34.239323,30208,3,03003,03003,紀の川市立桃山図書館,桃山町元376,3,2,9999
135.436574,34.272324,30208,3,03003,03003,紀の川市立那賀図書館,名手市場146-4,3,-99,9999
135.410706,34.267438,30208,3,03003,03003,紀の川市立粉河図書館,粉河580,3,-99,9999
135.321399,34.255591,30209,3,03003,03003,岩出市立駅前ライブラリー,高塚63-5,3,-99,9999
135.50465,34.29478,30341,3,03003,03003,かつらぎ町立図書館,丁ノ町2454,3,-99,9999
135.181702,34.036187,30361,3,03003,03003,湯浅町立図書館,大字湯浅1982,3,2,9999
135.254388,34.064048,30366,3,03003,03003,有田川町立金屋図書館,金屋7（有田川町金屋文化保健センター内）,3,-99,9999
135.309745,34.28395,30209,3,99999,03003,岩出市立岩出図書館,根来1472-1,3,1,2006
135.361993,34.270519,30208,3,99999,03003,紀の川市立打田図書館,西大井363番地,3,-99,9999
135.17355,34.232658,30201,3,99999,03003,和歌山点字図書館,駿河町35番地,2,-99,9999
135.189963,34.194758,30201,3,99999,03003,和歌山県立医科大学図書館三葛館,三葛580,2,-99,9999
135.150859,34.266732,30201,3,99999,03003,和歌山大学附属図書館,栄谷930番地,0,-99,9999
135.230485,34.199597,30201,3,99999,03003,和歌山信愛女子短期大学図書館,相坂702-2,4,-99,9999
135.181137,34.189246,30201,3,99999,03003,和歌山県立医科大学図書館紀三井寺館,紀三井寺811-1,2,-99,9999
135.585909,34.211464,30344,3,99999,03003,高野山大学図書館,高野山385,4,-99,9999
135.172366,34.22655,30201,3,03005,03005,和歌山公園動物園,一番丁3,3,-99,1970
135.18686,34.237452,30201,3,99999,03109,和歌山県立体育館,中之島2238,4,2,9999
135.186857,34.237415,30201,3,99999,03131,和歌山県立体育館,中之島2238,4,2,9999
135.186842,34.237324,30201,3,99999,03120,和歌山県立体育館,中之島2238,4,2,9999
135.186851,34.237366,30201,3,99999,03116,和歌山県立体育館,中之島2238,4,2,9999
135.165918,34.191168,30201,3,99999,03112,和歌山県立武道館,和歌浦西2-1-22,2,1,9999
135.616586,34.33135,30203,3,99999,03109,和歌山県立橋本体育館,北馬場455（橋本市運動公園内）,2,-99,9999
135.616589,34.331391,30203,3,99999,03120,和歌山県立橋本体育館,北馬場455（橋本市運動公園内）,2,-99,9999
135.616589,34.331266,30203,3,99999,03116,和歌山県立橋本体育館,北馬場455（橋本市運動公園内）,2,-99,9999
135.616592,34.331225,30203,3,99999,03112,和歌山県立橋本体育館,北馬場455（橋本市運動公園内）,2,-99,9999
135.616586,34.331308,30203,3,99999,03129,和歌山県立橋本体育館,北馬場455（橋本市運動公園内）,2,-99,9999
135.191944,34.166175,30201,3,99999,03101,紀三井寺公園,毛見200,2,-99,9999
135.190304,34.166101,30201,3,99999,03102,紀三井寺公園,毛見200,2,-99,9999
135.189752,34.167792,30201,3,99999,03103,紀三井寺公園,毛見200,2,-99,9999
135.189455,34.166991,30201,3,99999,03115,紀三井寺公園,毛見200,2,-99,9999
135.191938,34.166096,30201,3,99999,03129,紀三井寺公園,毛見200,2,-99,9999
135.100759,34.255685,30201,3,99999,03104,河西緩衝緑地公園,松江字29町場2000,2,-99,9999
135.110801,34.251112,30201,3,99999,03102,河西緩衝緑地公園,松江字29町場2000,2,-99,9999
135.104069,34.254737,30201,3,99999,03106,河西緩衝緑地公園,松江字29町場2000,2,-99,9999
135.120326,34.246873,30201,3,99999,03101,河西緩衝緑地公園,松江字29町場2000,2,-99,9999
135.121425,34.247735,30201,3,99999,03109,河西緩衝緑地公園,松江字29町場2000,2,-99,9999
135.108573,34.252306,30201,3,99999,03115,河西緩衝緑地公園,松江字29町場2000,2,-99,9999
135.109684,34.25192,30201,3,99999,03138,河西緩衝緑地公園,松江字29町場2000,2,-99,9999
135.106523,34.25288,30201,3,99999,03118,河西緩衝緑地公園,松江字29町場2000,2,-99,9999
135.111978,34.250017,30201,3,99999,03122,河西緩衝緑地公園,松江字29町場2000,2,-99,9999
135.190829,34.221249,30201,3,99999,03109,和歌山ビッグホエール,手平2-1-1,2,-99,9999
135.187152,34.236718,30201,3,99999,03105,和歌山県体力開発センター,中之島2252,2,3,9999
135.187151,34.236739,30201,3,99999,03129,和歌山県体力開発センター,中之島2252,2,3,9999
135.173396,34.181823,30201,3,99999,03109,片男波公園,和歌浦南,2,-99,9999
135.173396,34.181755,30201,3,99999,03129,片男波公園,和歌浦南,2,-99,9999
135.173277,34.17998,30201,3,99999,03148,片男波公園,和歌浦南,2,-99,9999
135.180701,34.20253,30201,3,99999,03115,和歌山河川公園,塩屋1-6,2,-99,9999
135.181379,34.201498,30201,3,99999,03102,和歌山河川公園,塩屋1-6,2,-99,9999
135.181652,34.200151,30201,3,99999,03103,和歌山河川公園,塩屋1-6,2,-99,9999
135.179846,34.206363,30201,3,99999,03138,和歌山河川公園,塩屋1-6,2,-99,9999
135.535228,34.313693,30341,3,99999,03109,紀北青少年の家,中飯降1317-3,2,-99,9999
135.537985,34.313607,30341,3,99999,03142,紀北青少年の家,中飯降1317-3,2,-99,9999
135.536149,34.314346,30341,3,99999,03115,紀北青少年の家,中飯降1317-3,2,-99,9999
135.537836,34.314304,30341,3,99999,03104,紀北青少年の家,中飯降1317-3,2,-99,9999
135.53559,34.313359,30341,3,99999,03106,紀北青少年の家,中飯降1317-3,2,-99,9999
135.223586,34.043983,30366,3,99999,03102,吉見グラウンド,吉見385-1,3,-99,1990
135.300843,34.058872,30366,3,99999,03102,長谷川野球場,長谷川1552-137,3,-99,1985
135.233729,34.071716,30366,3,99999,03103,きび東グラウンド,庄926-1,3,-99,1982
135.233741,34.071642,30366,3,99999,03104,きび東グラウンド,庄926-1,3,-99,1982
135.261718,34.057085,30366,3,99999,03104,明恵の里スポーツ公園,中井原738-2,3,-99,2003
135.261718,34.057184,30366,3,99999,03102,明恵の里スポーツ公園,中井原738-2,3,-99,2003
135.248045,34.043951,30366,3,99999,03104,金屋若者広場,吉原1828,3,-99,1956
135.248035,34.044016,30366,3,99999,03102,金屋若者広場,吉原1828,3,-99,1956
135.416115,34.093603,30366,3,99999,03104,清水若者広場,三田456-3,3,-99,1974
135.416118,34.093564,30366,3,99999,03102,清水若者広場,三田456-3,3,-99,1974
135.417087,34.09332,30366,3,99999,03138,清水若者広場,三田456-3,3,-99,1974
135.243048,34.056598,30366,3,99999,03104,秋葉多目的スポーツ施設,徳田1446-4,3,-99,1997
135.243048,34.056509,30366,3,99999,03116,秋葉多目的スポーツ施設,徳田1446-4,3,-99,1997
135.243042,34.056692,30366,3,99999,03138,秋葉多目的スポーツ施設,徳田1446-4,3,-99,1997
135.301972,34.058291,30366,3,99999,03106,長谷川プール,長谷川1552-137,3,-99,1985
135.232778,34.070853,30366,3,99999,03109,きび体育館,庄814-1,3,-99,1979
135.232784,34.070799,30366,3,99999,03111,きび体育館,庄814-1,3,-99,1979
135.260198,34.064439,30366,3,99999,03109,金屋体育館,中井原878-26,3,-99,1987
135.260198,34.064402,30366,3,99999,03111,金屋体育館,中井原878-26,3,-99,1987
135.249208,34.046821,30366,3,99999,03115,金屋テニス公園,吉原1138-1,3,-99,1994
135.262113,34.056011,30366,3,99999,03138,中井原ゲートボール場,中井原782,3,-99,1997
135.236441,34.071851,30366,3,99999,03142,花の里キャンプ場,庄691-2,3,-99,1995
135.235042,34.072134,30366,3,99999,03127,花の里キャンプ場,庄691-2,3,-99,1995
135.619341,34.315699,30203,3,99999,03104,向副緑地,向副字海田島113（河川敷）,4,-99,1970
135.618076,34.315336,30203,3,99999,03102,向副緑地,向副字海田島113（河川敷）,4,-99,1970
135.580816,34.300652,30203,3,99999,03104,神野々緑地,神野々1193（河川敷）,4,-99,1976
135.579194,34.300024,30203,3,99999,03102,神野々緑地,神野々1193（河川敷）,4,-99,1976
135.591372,34.307169,30203,3,99999,03104,南馬場緑地広場,南馬場1158-29,4,-99,1996
135.591384,34.306924,30203,3,99999,03102,南馬場緑地広場,南馬場1158-29,4,-99,1996
135.616784,34.334674,30203,3,99999,03101,橋本市運動公園,北馬場454,4,-99,1991
135.617777,34.332844,30203,3,99999,03106,橋本市運動公園,北馬場454,4,-99,1991
135.6172,34.332172,30203,3,99999,03107,橋本市運動公園,北馬場454,4,-99,1991
135.61827,34.334557,30203,3,99999,03115,橋本市運動公園,北馬場454,4,-99,1991
135.576675,34.300202,30203,3,99999,03104,若もの広場,高野口町伏原1373,4,-99,1969
135.576681,34.300153,30203,3,99999,03102,若もの広場,高野口町伏原1373,4,-99,1969
135.610638,34.347583,30203,3,99999,03104,城山台中央公園,城山台2-10-1,3,-99,1980
135.610632,34.347654,30203,3,99999,03102,城山台中央公園,城山台2-10-1,3,-99,1980
135.573453,34.297513,30203,3,99999,03104,学文路スポーツセンター,学文路172-2,4,-99,1984
135.573459,34.297442,30203,3,99999,03102,学文路スポーツセンター,学文路172-2,4,-99,1984
135.572939,34.29716,30203,3,99999,03115,学文路スポーツセンター,学文路172-2,4,-99,1984
135.599262,34.357844,30203,3,99999,03104,三石台中央公園,三石台2-23-11,3,-99,1988
135.599693,34.358131,30203,3,99999,03102,三石台中央公園,三石台2-23-11,3,-99,1988
135.564,34.31281,30203,3,99999,03104,住吉運動公園,高野口町名古曽1390,4,-99,1996
135.564003,34.312764,30203,3,99999,03102,住吉運動公園,高野口町名古曽1390,4,-99,1996
135.563347,34.312116,30203,3,99999,03115,住吉運動公園,高野口町名古曽1390,4,-99,1996
135.551893,34.30107,30203,3,99999,03105,温水プール,高野口町向島135,4,-99,1990
135.584418,34.310339,30203,3,99999,03106,きしかみ子ども館プール,岸上200,3,-99,1980
135.57263,34.297663,30203,3,99999,03109,学文路体育館,学文路172-2,4,-99,1984
135.572942,34.297209,30203,3,99999,03115,学文路体育館,学文路172-2,4,-99,1984
135.573456,34.297577,30203,3,99999,03102,学文路体育館,学文路172-2,4,-99,1984
135.576827,34.307323,30203,3,99999,03109,伏原体育館,高野口町伏原806-1,4,-99,1983
135.576826,34.307373,30203,3,99999,03120,伏原体育館,高野口町伏原806-1,4,-99,1983
135.576827,34.30735,30203,3,99999,03116,伏原体育館,高野口町伏原806-1,4,-99,1983
135.551052,34.331296,30203,3,99999,03109,勤労者体育センター,高野口町上中176,4,-99,1983
135.551046,34.331392,30203,3,99999,03120,勤労者体育センター,高野口町上中176,4,-99,1983
135.551049,34.331343,30203,3,99999,03116,勤労者体育センター,高野口町上中176,4,-99,1983
135.575913,34.302633,30203,3,99999,03115,伏原テニスコート,高野口町伏原395,4,-99,1987
135.623046,34.316418,30203,3,99999,03118,向副緑地相撲場,向副字海田島113,4,-99,1981
135.612665,34.312261,30203,3,99999,03138,紀の川,賢堂80,3,-99,1984
135.581745,34.301272,30203,3,99999,03142,神野々緑地キャンプ場,神野々1193,4,-99,2003
135.580812,34.3007,30203,3,99999,03104,神野々緑地キャンプ場,神野々1193,4,-99,2003
135.178887,34.015766,30362,3,99999,03102,広川町男山球場,南金屋215,3,-99,1991
135.171914,34.030145,30362,3,99999,03104,広川町民多目的広場,広1473,3,-99,1998
135.169292,34.025767,30362,3,99999,03104,少年スポーツ広場,広1121-5,3,-99,1988
135.169292,34.025693,30362,3,99999,03102,少年スポーツ広場,広1121-5,3,-99,1988
135.167313,34.02529,30362,3,99999,03106,広川町Ｂ＆Ｇ海洋センタープール,広1121-3,3,-99,1981
135.167942,34.024369,30362,3,99999,03109,広川町Ｂ＆Ｇ海洋センタープール,広1121-3,3,-99,1981
135.166926,34.025768,30362,3,99999,03140,広川町Ｂ＆Ｇ海洋センタープール,広1121-3,3,-99,1981
135.173493,34.031049,30362,3,99999,03109,広川町民体育館,広1469,3,-99,1998
135.171964,34.030942,30362,3,99999,03115,広川町民テニスコート,広1471,3,-99,2000
135.168579,34.025545,30362,3,99999,03138,町民ゲートボール場,広1121-5,3,-99,1988
135.309835,34.287192,30209,3,99999,03102,若もの広場,根来2347-2,3,-99,1979
135.328457,34.249274,30209,3,99999,03102,岡田スポーツ広場,岡田1091,3,-99,1982
135.309837,34.2871,30209,3,99999,03103,根来総合運動広場,根来1478-1,3,-99,1982
135.308583,34.286113,30209,3,99999,03115,根来総合運動広場,根来1478-1,3,-99,1982
135.308547,34.285592,30209,3,99999,03138,根来総合運動広場,根来1478-1,3,-99,1982
135.305284,34.255766,30209,3,99999,03102,大宮緑地総合運動公園,西野417,3,-99,1996
135.307892,34.254724,30209,3,99999,03104,大宮緑地総合運動公園,西野417,3,-99,1996
135.308689,34.254273,30209,3,99999,03115,大宮緑地総合運動公園,西野417,3,-99,1996
135.306656,34.255206,30209,3,99999,03101,大宮緑地総合運動公園,西野417,3,-99,1996
135.307892,34.254626,30209,3,99999,03138,大宮緑地総合運動公園,西野417,3,-99,1996
135.304456,34.271134,30209,3,99999,03106,市民プール（堀口プール）,堀口41,3,-99,1976
135.331547,34.266385,30209,3,99999,03106,市民プール（東公園プール）,西国分491,3,-99,1980
135.310451,34.263785,30209,3,99999,03109,市民総合体育館,荊本63-2,3,-99,1984
135.310451,34.263748,30209,3,99999,03112,市民総合体育館,荊本63-2,3,-99,1984
135.310445,34.263864,30209,3,99999,03129,市民総合体育館,荊本63-2,3,-99,1984
135.310451,34.263827,30209,3,99999,03120,市民総合体育館,荊本63-2,3,-99,1984
135.309922,34.256424,30209,3,99999,03109,体育館,西野264,3,-99,1971
135.309922,34.256387,30209,3,99999,03120,体育館,西野264,3,-99,1971
135.309922,34.256461,30209,3,99999,03112,体育館,西野264,3,-99,1971
135.309925,34.256351,30209,3,99999,03113,体育館,西野264,3,-99,1971
135.230591,34.157425,30202,3,99999,03104,市民運動場,大野中1006,3,-99,1979
135.230585,34.157331,30202,3,99999,03102,市民運動場,大野中1006,3,-99,1979
135.278766,34.151526,30202,3,99999,03104,東部運動場,木津382,3,-99,1990
135.278754,34.151615,30202,3,99999,03102,東部運動場,木津382,3,-99,1990
135.276906,34.150676,30202,3,99999,03138,東部運動場,木津382,3,-99,1990
135.273123,34.163447,30202,3,99999,03104,沖野々スポーツ広場,沖野々278-1,3,-99,1988
135.273129,34.163359,30202,3,99999,03102,沖野々スポーツ広場,沖野々278-1,3,-99,1988
135.180464,34.136287,30202,3,99999,03104,下津総合運動場,下津町下647,3,-99,1970
135.18047,34.136189,30202,3,99999,03102,下津総合運動場,下津町下647,3,-99,1970
135.227738,34.164104,30202,3,99999,03105,市民温水プール,且来1387-3,4,-99,1985
135.147504,34.123937,30202,3,99999,03105,下津室内プール,下津町方453,3,-99,1970
135.192614,34.159367,30202,3,99999,03106,温山荘プール,船尾396,3,-99,1972
135.230538,34.156576,30202,3,99999,03109,市総合体育館,大野中1106,3,-99,1977
135.230541,34.156522,30202,3,99999,03120,市総合体育館,大野中1106,3,-99,1977
135.230544,34.156467,30202,3,99999,03110,市総合体育館,大野中1106,3,-99,1977
135.23055,34.156374,30202,3,99999,03111,市総合体育館,大野中1106,3,-99,1977
135.230553,34.156322,30202,3,99999,03129,市総合体育館,大野中1106,3,-99,1977
135.230547,34.156418,30202,3,99999,03116,市総合体育館,大野中1106,3,-99,1977
135.150261,34.108892,30202,3,99999,03109,拝待体育館,下津町下津500-1,3,-99,1970
135.206489,34.155342,30202,3,99999,03109,市民体育館,日方1274,3,-99,1964
135.277732,34.150981,30202,3,99999,03115,東部テニスコート,木津382,3,-99,1990
135.230478,34.155973,30202,3,99999,03115,市民テニスコート,大野中1106,3,-99,1979
135.153917,34.116028,30202,3,99999,03115,下津テニスコート,下津町上14,3,-99,2000
135.153345,34.123672,30202,3,99999,03138,丸田ゲートボール場,下津町丸田269-2,3,-99,1982
135.178743,34.129725,30202,3,99999,03138,梅田ゲートボール場,下津町梅田552-3,3,-99,1985
135.517555,34.295234,30341,3,99999,03101,かつらぎ公園,丁ノ町2527,3,-99,1970
135.517567,34.295155,30341,3,99999,03102,かつらぎ公園,丁ノ町2527,3,-99,1970
135.516153,34.295106,30341,3,99999,03106,かつらぎ公園,丁ノ町2527,3,-99,1970
135.515826,34.295464,30341,3,99999,03115,かつらぎ公園,丁ノ町2527,3,-99,1970
135.49041,34.284063,30341,3,99999,03102,河南公園グラウンド,東渋田,3,-99,1982
135.538593,34.310068,30341,3,99999,03102,中飯降公園グラウンド,中飯降,3,-99,1983
135.489208,34.293185,30341,3,99999,03102,佐野若者広場,佐野827-1,3,-99,1970
135.520413,34.294656,30341,3,99999,03103,かつらぎ公園河川グラウンド,丁ノ町2527-7地先,3,-99,1992
135.560819,34.131267,30341,3,99999,03104,金剛緑地広場運動場,花園新子267,3,-99,1987
135.560819,34.13122,30341,3,99999,03102,金剛緑地広場運動場,花園新子267,3,-99,1987
135.479529,34.282829,30341,3,99999,03104,笠田東少年スポーツ広場,笠田東地先,3,-99,1977
135.51787,34.29437,30341,3,99999,03104,妙寺・紀ノ川第２スポーツ公園,丁ノ町2531-5地先,3,-99,1996
135.515904,34.294351,30341,3,99999,03127,妙寺・紀ノ川第２スポーツ公園,丁ノ町2531-5地先,3,-99,1996
135.517865,34.294473,30341,3,99999,03101,妙寺・紀ノ川第２スポーツ公園,丁ノ町2531-5地先,3,-99,1996
135.518488,34.295219,30341,3,99999,03109,かつらぎ体育センター,丁ノ町2527,3,2,1979
135.518479,34.295307,30341,3,99999,03120,かつらぎ体育センター,丁ノ町2527,3,2,1979
135.518479,34.295351,30341,3,99999,03112,かつらぎ体育センター,丁ノ町2527,3,2,1979
135.518482,34.295263,30341,3,99999,03116,かつらぎ体育センター,丁ノ町2527,3,2,1979
135.51919,34.14047,30341,3,99999,03109,守口体育館,花園梁瀬783,3,-99,1976
135.51919,34.140433,30341,3,99999,03116,守口体育館,花園梁瀬783,3,-99,1976
135.560159,34.130701,30341,3,99999,03115,金剛緑地テニスコート（改修中）,花園新子,3,-99,1987
135.519238,34.139661,30341,3,99999,03138,花園屋内ゲートボール場,花園梁瀬,3,-99,1990
135.559936,34.134161,30341,3,99999,03147,花園グリーンパーク（休業中）,花園新子256-1,3,-99,2000
135.38141,34.141299,30304,3,99999,03102,上神野公園広場,鎌滝691,3,-99,1978
135.352856,34.142858,30304,3,99999,03102,紀美野町農村総合センター,野中410,3,-99,1979
135.351472,34.143502,30304,3,99999,03106,紀美野町農村総合センター,野中410,3,-99,1979
135.351864,34.143438,30304,3,99999,03109,紀美野町農村総合センター,野中410,3,-99,1979
135.351864,34.143386,30304,3,99999,03120,紀美野町農村総合センター,野中410,3,-99,1979
135.351582,34.142867,30304,3,99999,03115,紀美野町農村総合センター,野中410,3,-99,1979
135.350741,34.142986,30304,3,99999,03138,紀美野町農村総合センター,野中410,3,-99,1979
135.307967,34.174473,30304,3,99999,03104,紀美野町スポーツ公園,動木518,3,-99,1971
135.307504,34.174626,30304,3,99999,03103,紀美野町スポーツ公園,動木518,3,-99,1971
135.307943,34.175353,30304,3,99999,03109,紀美野町スポーツ公園,動木518,3,-99,1971
135.307129,34.175427,30304,3,99999,03115,紀美野町スポーツ公園,動木518,3,-99,1971
135.308228,34.174139,30304,3,99999,03101,紀美野町スポーツ公園,動木518,3,-99,1971
135.308347,34.174886,30304,3,99999,03102,紀美野町スポーツ公園,動木518,3,-99,1971
135.349038,34.179621,30304,3,99999,03142,ふれあい公園,西野971-1,3,-99,2000
135.350453,34.180226,30304,3,99999,03147,ふれあい公園,西野971-1,3,-99,2000
135.349353,34.180275,30304,3,99999,03104,ふれあい公園,西野971-1,3,-99,2000
135.330053,34.156408,30304,3,99999,03104,福井町民運動場,福井1030,3,-99,1979
135.330059,34.156334,30304,3,99999,03102,福井町民運動場,福井1030,3,-99,1979
135.313217,34.154378,30304,3,99999,03112,紀美野町立武道館,下佐々926,3,-99,1993
135.461002,34.158092,30304,3,99999,03138,紀美野町毛原公園ゲートゴルフ場,毛原宮10,3,-99,2001
135.356519,34.221952,30208,3,99999,03101,桃源郷運動公園陸上競技場,桃山町最上1147-11,3,-99,2006
135.40372,34.264912,30208,3,99999,03102,粉河運動場,粉河地先（河川敷）,3,-99,1970
135.401729,34.264337,30208,3,99999,03104,粉河運動場,粉河地先（河川敷）,3,-99,1970
135.401724,34.264411,30208,3,99999,03101,粉河運動場,粉河地先（河川敷）,3,-99,1970
135.400541,34.264052,30208,3,99999,03115,粉河運動場,粉河地先（河川敷）,3,-99,1970
135.328012,34.194187,30208,3,99999,03102,貴志川スポーツ公園,貴志川町井ノ口1411-10,3,-99,1991
135.32683,34.194055,30208,3,99999,03115,貴志川スポーツ公園,貴志川町井ノ口1411-10,3,-99,1991
135.328774,34.241218,30208,3,99999,03102,丸栖北広場,貴志川町丸栖地先（河川敷）,3,-99,1980
135.384838,34.28891,30208,3,99999,03102,粉河西部運動場,北志野560,3,-99,1988
135.355975,34.255116,30208,3,99999,03104,打田グラウンド,花野地先（河川敷）,3,-99,1981
135.355981,34.255038,30208,3,99999,03102,打田グラウンド,花野地先（河川敷）,3,-99,1981
135.440725,34.27039,30208,3,99999,03104,那賀若もの広場,名手市場地先（河川敷）,3,-99,1989
135.440719,34.270464,30208,3,99999,03102,那賀若もの広場,名手市場地先（河川敷）,3,-99,1989
135.34034,34.249111,30208,3,99999,03104,桃山グラウンド,桃山町段地先（河川敷）,3,-99,1975
135.338094,34.24807,30208,3,99999,03102,桃山グラウンド,桃山町段地先（河川敷）,3,-99,1975
135.286121,34.211281,30208,3,99999,03104,長山ふれあい公園,貴志川町長山277-735,3,-99,1993
135.286121,34.211192,30208,3,99999,03102,長山ふれあい公園,貴志川町長山277-735,3,-99,1993
135.285432,34.211156,30208,3,99999,03138,長山ふれあい公園,貴志川町長山277-735,3,-99,1993
135.356968,34.256407,30208,3,99999,03104,打田若もの広場,花野604,3,-99,1969
135.35698,34.256319,30208,3,99999,03102,打田若もの広場,花野604,3,-99,1969
135.35698,34.25623,30208,3,99999,03101,打田若もの広場,花野604,3,-99,1969
135.331846,34.242689,30208,3,99999,03102,那賀スポーツレクリエーションセンター,桃山町調月12,4,-99,1991
135.331843,34.242647,30208,3,99999,03104,那賀スポーツレクリエーションセンター,桃山町調月12,4,-99,1991
135.330655,34.242922,30208,3,99999,03105,那賀スポーツレクリエーションセンター,桃山町調月12,4,-99,1991
135.330863,34.242834,30208,3,99999,03107,那賀スポーツレクリエーションセンター,桃山町調月12,4,-99,1991
135.331288,34.24276,30208,3,99999,03142,那賀スポーツレクリエーションセンター,桃山町調月12,4,-99,1991
135.396471,34.220153,30208,3,99999,03104,奥安楽川広場,桃山町善田362,3,-99,1988
135.396468,34.220111,30208,3,99999,03102,奥安楽川広場,桃山町善田362,3,-99,1988
135.455172,34.268624,30208,3,99999,03104,愛宕池公園,北湧1068,3,-99,2008
135.454429,34.268712,30208,3,99999,03115,愛宕池公園,北湧1068,3,-99,2008
135.454447,34.268967,30208,3,99999,03138,愛宕池公園,北湧1068,3,-99,2008
135.455172,34.26854,30208,3,99999,03102,愛宕池公園,北湧1068,3,-99,2008
135.440155,34.272249,30208,3,99999,03105,那賀Ｂ＆Ｇ海洋センター（上屋付きプール）,名手市場405,3,-99,1996
135.355305,34.256795,30208,3,99999,03106,打田プール,花野604,3,-99,1980
135.403648,34.266923,30208,3,99999,03106,粉河プール,粉河750,3,-99,1976
135.440283,34.271332,30208,3,99999,03109,那賀体育館,名手西野114-1,3,-99,1997
135.44028,34.271295,30208,3,99999,03112,那賀体育館,名手西野114-1,3,-99,1997
135.440283,34.271376,30208,3,99999,03129,那賀体育館,名手西野114-1,3,-99,1997
135.307606,34.21748,30208,3,99999,03109,貴志川体育館,貴志川町長原447-1,3,-99,1973
135.355358,34.256417,30208,3,99999,03109,打田体育館,花野604,3,-99,1970
135.334799,34.231528,30208,3,99999,03109,桃山勤労者体育センター,桃山町調月349-1,3,-99,1985
135.408717,34.270178,30208,3,99999,03109,粉河体育館,粉河446-2,3,-99,1963
135.409062,34.270212,30208,3,99999,03112,粉河武道館,粉河459,3,-99,1975
135.409053,34.270256,30208,3,99999,03113,粉河武道館,粉河459,3,-99,1975
135.363051,34.254334,30208,3,99999,03115,打田スポーツ公園,上野354-83,3,-99,2002
135.361477,34.254894,30208,3,99999,03138,打田スポーツ公園,上野354-83,3,-99,2002
135.307169,34.21746,30208,3,99999,03129,貴志川トレーニングプラザ,貴志川町長原447-1,3,-99,2003
135.406816,34.261952,30208,3,99999,03138,河南ゲートボール場,杉原風市地先（河川敷）,3,-99,1987
135.396066,34.258493,30208,3,99999,03144,粉河河南緑地公園,荒見杉原風市先（河川敷）,3,-99,1978
135.59135,34.223046,30344,3,99999,03102,総合レクリエーションセンター,高野山26-2,3,-99,1977
135.590489,34.222289,30344,3,99999,03115,総合レクリエーションセンター,高野山26-2,3,-99,1977
135.594036,34.220126,30344,3,99999,03102,高野山森林公園スポーツ広場,高野山地内,3,-99,1993
135.593696,34.21062,30344,3,99999,03109,高野町民体育館,高野山486,3,-99,1982
135.593708,34.210552,30344,3,99999,03120,高野町民体育館,高野山486,3,-99,1982
135.593355,34.220186,30344,3,99999,03138,高野町ゲートボール場,高野山144-24,3,-99,1992
135.570999,34.297634,30343,3,99999,03102,安田島公園多目的広場,九度山字外新開地内,3,-99,1989
135.571005,34.297546,30343,3,99999,03104,安田島公園多目的広場,九度山字外新開地内,3,-99,1989
135.548766,34.267391,30343,3,99999,03102,九度山町若者広場,大字中古沢1-1,3,-99,1979
135.552955,34.294799,30343,3,99999,03106,九度山町民プール,大字入郷633-4,3,-99,1977
135.554068,34.294308,30343,3,99999,03109,九度山文化スポーツセンター,大字入郷637-6,3,-99,2012
135.554068,34.294377,30343,3,99999,03116,九度山文化スポーツセンター,大字入郷637-6,3,-99,2012
135.553068,34.294591,30343,3,99999,03112,九度山町民武道館,大字入郷637-5,3,-99,1985
135.553068,34.294518,30343,3,99999,03111,九度山町民武道館,大字入郷637-5,3,-99,1985
135.553068,34.294557,30343,3,99999,03113,九度山町民武道館,大字入郷637-5,3,-99,1985
135.553431,34.294722,30343,3,99999,03115,九度山町民テニスコート,大字入郷633-5,3,-99,1985
135.567183,34.283308,30343,3,99999,03138,広良ゲートボール場,大字九度山802,3,-99,1981
135.552308,34.295443,30343,3,99999,03138,旭ゲートボール場,大字入郷1179,3,-99,1982
135.557348,34.270861,30343,3,99999,03138,下古沢ゲートボール場,大字下古沢120-3,3,-99,1987
135.166589,34.24596,30201,3,99999,03101,市民スポーツ広場,福島796-1,3,-99,1971
135.167683,34.246564,30201,3,99999,03115,市民スポーツ広場,福島796-1,3,-99,1971
135.170481,34.247532,30201,3,99999,03102,市民スポーツ広場,福島796-1（河川敷）,3,-99,1971
135.16877,34.247208,30201,3,99999,03103,市民スポーツ広場,福島796-1（河川敷）,3,-99,1971
135.147095,34.211417,30201,3,99999,03102,西浜広場,西浜1160,3,-99,1978
135.198809,34.22001,30201,3,99999,03102,和歌山東公園市民球場,北出島133,3,-99,1991
135.224361,34.246397,30201,3,99999,03102,紀の川第２緑地（田井ノ瀬広場）,田井ノ瀬地先（河川敷）,3,-99,1969
135.102626,34.267948,30201,3,99999,03102,つつじが丘中央公園,つつじが丘4-5,3,-99,1998
135.102531,34.267427,30201,3,99999,03115,つつじが丘中央公園,つつじが丘4-5,3,-99,1998
135.166248,34.227142,30201,3,99999,03102,雄湊公園,有田屋町5,3,-99,1951
135.166245,34.227194,30201,3,99999,03104,雄湊公園,有田屋町5,3,-99,1951
135.166251,34.227091,30201,3,99999,03102,雄湊公園,有田屋町5,3,-99,1951
135.187098,34.239516,30201,3,99999,03102,中之島公園,中之島1495,3,-99,1952
135.187095,34.239471,30201,3,99999,03104,中之島公園,中之島1495,3,-99,1952
135.187101,34.239432,30201,3,99999,03102,中之島公園,中之島1495,3,-99,1952
135.187532,34.239061,30201,3,99999,03115,中之島公園,中之島1495,3,-99,1952
135.275466,34.250808,30201,3,99999,03102,満屋広場,大垣内672-2（河川敷）,3,-99,2005
135.176897,34.248881,30201,3,99999,03102,紀の川第８緑地,粟66（河川敷）,3,-99,2005
135.166853,34.240174,30201,3,99999,03104,紀の川第５緑地（水場跡運動公園）,西布経町地先（河川敷）,3,-99,1980
135.169901,34.242434,30201,3,99999,03138,紀の川第５緑地（水場跡運動公園）,西布経町地先（河川敷）,3,-99,1980
135.16813,34.241255,30201,3,99999,03102,紀の川第５緑地（水場跡運動公園）,西布経町地先（河川敷）,3,-99,1980
135.187812,34.248521,30201,3,99999,03104,紀の川第３緑地（せせらぎ運動公園）,有本地先,3,-99,1980
135.187818,34.248438,30201,3,99999,03103,紀の川第３緑地（せせらぎ運動公園）,有本地先,3,-99,1980
135.187824,34.248349,30201,3,99999,03102,紀の川第３緑地（せせらぎ運動公園）,有本地先,3,-99,1980
135.191603,34.250776,30201,3,99999,03104,紀の川第４緑地（せせらぎ運動公園）,有本地先（河川敷）,3,-99,1980
135.191615,34.250682,30201,3,99999,03103,紀の川第４緑地（せせらぎ運動公園）,有本地先（河川敷）,3,-99,1980
135.191609,34.250589,30201,3,99999,03102,紀の川第４緑地（せせらぎ運動公園）,有本地先（河川敷）,3,-99,1980
135.230205,34.24915,30201,3,99999,03104,紀の川第７緑地（小豆島運動公園）,小豆島地先（河川敷）,3,-99,1983
135.169505,34.228271,30201,3,99999,03104,砂の丸広場,一番丁,3,-99,1948
135.169505,34.228207,30201,3,99999,03102,砂の丸広場,一番丁,3,-99,1948
135.169654,34.228816,30201,3,99999,03115,砂の丸広場,一番丁,3,-99,1948
135.188068,34.195782,30201,3,99999,03104,中央終末処理場屋上スポーツ広場,三葛510-1,3,-99,1988
135.18808,34.19588,30201,3,99999,03102,中央終末処理場屋上スポーツ広場,三葛510-1,3,-99,1988
135.138683,34.253109,30201,3,99999,03105,市民温水プール,土入318-1,3,-99,1984
135.139298,34.253069,30201,3,99999,03109,市民体育館,土入318-1,3,-99,1978
135.139292,34.253035,30201,3,99999,03120,市民体育館,土入318-1,3,-99,1978
135.139292,34.252996,30201,3,99999,03116,市民体育館,土入318-1,3,-99,1978
135.139295,34.252959,30201,3,99999,03129,市民体育館,土入318-1,3,-99,1978
135.23876,34.236232,30201,3,99999,03109,河南総合体育館,和佐中165-1,3,-99,1983
135.23876,34.236274,30201,3,99999,03120,河南総合体育館,和佐中165-1,3,-99,1983
135.23876,34.236193,30201,3,99999,03116,河南総合体育館,和佐中165-1,3,-99,1983
135.23876,34.236159,30201,3,99999,03129,河南総合体育館,和佐中165-1,3,-99,1983
135.23876,34.236124,30201,3,99999,03112,河南総合体育館,和佐中165-1,3,-99,1983
135.23876,34.236306,30201,3,99999,03113,河南総合体育館,和佐中165-1,3,-99,1983
135.23876,34.23634,30201,3,99999,03121,河南総合体育館,和佐中165-1,3,-99,1983
135.158382,34.195132,30201,3,99999,03109,松下体育館,西浜1037,3,-99,1970
135.158382,34.195056,30201,3,99999,03120,松下体育館,西浜1037,3,-99,1970
135.158382,34.195019,30201,3,99999,03116,松下体育館,西浜1037,3,-99,1970
135.158382,34.195098,30201,3,99999,03112,松下体育館,西浜1037,3,-99,1970
135.197841,34.219523,30201,3,99999,03109,和歌山東公園体育館,北出島133,3,-99,1992
135.197841,34.219482,30201,3,99999,03120,和歌山東公園体育館,北出島133,3,-99,1992
135.197841,34.21944,30201,3,99999,03116,和歌山東公園体育館,北出島133,3,-99,1992
135.197844,34.2194,30201,3,99999,03112,和歌山東公園体育館,北出島133,3,-99,1992
135.175946,34.224737,30201,3,99999,03112,岡公園室内体育館（武徳殿）,岡山町3,3,-99,1961
135.175943,34.224701,30201,3,99999,03113,岡公園室内体育館（武徳殿）,岡山町3,3,-99,1961
135.138033,34.253439,30201,3,99999,03115,市民テニスコート,松江775-1,3,-99,1981
135.068722,34.269438,30201,3,99999,03142,少年自然の家,加太1907-2,3,-99,1974
135.070279,34.266992,30201,3,99999,03147,少年自然の家,加太1907-2,3,-99,1974
135.067094,34.27179,30201,3,99999,03106,少年自然の家,加太1907-2,3,-99,1974
135.197885,34.037571,30366,3,99999,03102,湯浅町総合グラウンドなぎの里球場,熊井714-3,3,-99,1980
135.19798,34.03681,30366,3,99999,03104,湯浅町総合グラウンドママさんソフトボール場,熊井726-9,3,-99,1976
135.197986,34.036736,30366,3,99999,03102,湯浅町総合グラウンドママさんソフトボール場,熊井726-9,3,-99,1976
135.19798,34.036662,30366,3,99999,03104,湯浅町総合グラウンド町民グラウンド,熊井713-9,3,-99,1979
135.19798,34.036589,30366,3,99999,03102,湯浅町総合グラウンド町民グラウンド,熊井713-9,3,-99,1979
135.178079,34.039605,30361,3,99999,03106,宝栄プール,湯浅2716-1,3,-99,1983
135.202577,34.02728,30361,3,99999,03106,湯浅町民プール,山田1951-6,3,-99,2000
135.181427,34.041841,30361,3,99999,03109,有田郡民体育館,湯浅2435-1,3,-99,1980
135.181424,34.041807,30361,3,99999,03116,有田郡民体育館,湯浅2435-1,3,-99,1980
135.181427,34.04177,30361,3,99999,03120,有田郡民体育館,湯浅2435-1,3,-99,1980
135.181427,34.041738,30361,3,99999,03110,有田郡民体育館,湯浅2435-1,3,-99,1980
135.151539,34.055055,30361,3,99999,03109,田体育館,田369-5,3,-99,1982
135.181611,34.034437,30361,3,99999,03109,湯浅町民体育館,湯浅1546,3,-99,1984
135.181611,34.034398,30361,3,99999,03129,湯浅町民体育館,湯浅1546,3,-99,1984
135.196735,34.036524,30366,3,99999,03115,湯浅町総合グラウンドテニスコート,熊井713-1,3,-99,1980
135.195791,34.036018,30366,3,99999,03138,湯浅町総合グラウンドゲートボール場兼多目的スポーツ施設,熊井719,3,-99,1994
135.196724,34.036594,30366,3,99999,03115,湯浅町総合グラウンドゲートボール場兼多目的スポーツ施設,熊井719,3,-99,1994
135.436696,34.088235,30366,3,99999,03142,高石市ふるさと村キャンプ場,大字清水字樫木平903-1,3,-99,9999
135.524975,34.159203,30341,3,99999,03109,守口花園屋内レクリェーションセンター,花園大字梁瀬919,3,-99,9999
135.846605,34.681593,29201,3,03001,03001,春日大社宝物殿,春日野町160,4,-99,1973
135.747168,34.7102,29201,3,03001,03001,松伯美術館,登美ケ丘2-1-4,4,2,1994
135.778889,34.693588,29201,3,03001,03001,西大寺聚宝館,西大寺芝町1-1-5,4,-99,1960
135.756723,34.695396,29201,3,03001,03001,大和文華館,学園南1-11-6,4,-99,1960
135.755751,34.694202,29201,3,03001,03001,中野美術館,あやめ池南9-946-2,4,2,1984
135.832439,34.686037,29201,3,03001,03001,奈良県立美術館,登大路町10-6,2,2,1973
135.836689,34.683593,29201,3,03001,03001,独立行政法人文化財機構国立博物館・奈良国立博物館,登大路町50,0,-99,9999
135.845432,34.675592,29201,3,03001,03001,入江泰吉記念奈良市写真美術館,高畑町600-1,3,1,1992
135.837161,34.686037,29201,3,03001,03001,寧楽美術館,水門町74,4,-99,1969
135.853829,34.524666,29206,3,03001,03001,喜多美術館,金屋730,4,1,1988
135.922713,34.481061,29212,3,03001,03001,大亀和尚民芸館,大宇陀区迫間422-1,4,2,1990
135.822312,34.47723,29402,3,03001,03001,奈良県立万葉文化館,飛鳥10,2,1,2001
135.830395,34.682788,29201,3,03002,03002,興福寺国宝館,登大路町48,4,-99,1959
135.831327,34.677802,29201,3,03002,03002,元興寺総合収蔵庫,中院町11,4,-99,9999
135.722446,34.686238,29201,3,03002,03002,帝塚山大学附属博物館,帝塚山7-1-1,4,3,2004
135.756845,34.699735,29201,3,03002,03002,東洋民俗博物館,あやめ池北1-5-26,4,-99,1928
135.789626,34.692335,29201,3,03002,03002,独立行政法人文化財研究所奈良文化財研究所・平城宮跡資料館,佐紀町,0,-99,1970
135.754113,34.652983,29203,3,03002,03002,奈良県立民俗博物館,矢田町545,2,2,1974
135.843062,34.59732,29204,3,03002,03002,天理大学附属天理参考館,守目堂町250,4,5,2001
135.827052,34.491333,29205,3,03002,03002,橿原市昆虫館,南山町624,3,-99,1989
135.772033,34.47994,29205,3,03002,03002,橿原市千塚資料館,川西町858-1,3,2,1978
135.791362,34.492169,29205,3,03002,03002,奈良県立橿原考古学研究所附属博物館,畝傍町50-2,2,-99,1980
135.685291,34.379541,29207,3,03002,03002,五條文化博物館,北山町930-2,3,1,1995
135.761206,34.460309,29208,3,03002,03002,水平社博物館,柏原235-2,4,-99,1998
135.699397,34.542716,29210,3,03002,03002,香芝市二上山博物館,藤山1-17-17（香芝市ふたかみ文化センター内）,3,2,1992
135.703187,34.515611,29211,3,03002,03002,葛城市相撲館「けはや座」,當麻83-1,3,-99,1990
135.730955,34.477121,29211,3,03002,03002,葛城市歴史博物館,忍海250-1,3,-99,2000
135.694701,34.515813,29211,3,03002,03002,當麻寺奥院宝物館,當麻1263,4,-99,1976
135.736059,34.614098,29344,3,03002,03002,法隆寺大宝蔵殿,法隆寺山内1-1,4,-99,1941
135.758396,34.604829,29345,3,03002,03002,安堵町歴史民俗資料館,東安堵1322,3,2,1993
135.806334,34.462173,29402,3,03002,03002,高松塚壁画館,平田439,4,-99,1977
135.825221,34.484393,29402,3,03002,03002,独立行政法人文化財研究所奈良文化財研究所・飛鳥資料館,大字奥山601,0,1,1975
135.867852,34.364564,29441,3,03002,03002,如意輪寺宝物殿,吉野山1024,4,1,1967
135.805431,34.67576,29201,3,03003,03003,奈良県立図書情報館,大安寺西1-1000,2,-99,9999
135.831305,34.686393,29201,3,03003,03003,奈良県立奈良図書館,登大路町6-2,2,-99,9999
135.749915,34.705699,29201,3,03003,03003,奈良市立西部図書館,鶴舞西町1-1,3,-99,9999
135.831749,34.679791,29201,3,03003,03003,奈良市立中央図書館,東寺林町38（ならまちセンター内）,3,-99,9999
135.790939,34.721206,29201,3,03003,03003,奈良市立北部図書館,右京1-1-4,3,-99,9999
135.740227,34.516332,29202,3,03003,03003,大和高田市立図書館,西町1-45,3,-99,9999
135.782361,34.651941,29203,3,03003,03003,大和郡山市立図書館,北郡山町211-3,3,-99,9999
135.836468,34.596297,29204,3,03003,03003,天理市立図書館,守目堂町117,3,-99,9999
135.791112,34.49278,29205,3,03003,03003,橿原市立図書館,小房町11-5,3,-99,9999
135.791088,34.492746,29205,3,03003,03003,奈良県立橿原図書館,畝傍町50,2,-99,9999
135.85194,34.506946,29206,3,03003,03003,桜井市立図書館,河西31,3,-99,9999
135.693124,34.351544,29207,3,03003,03003,五條市立図書館,本町1-1-5,3,-99,9999
135.739951,34.463838,29208,3,03003,03003,御所市立図書館,13,3,-99,9999
135.708588,34.69634,29209,3,03003,03003,生駒市図書館,辻町238,3,-99,9999
135.706925,34.66629,29209,3,03003,03003,生駒市図書館南分館,小瀬町18,3,-99,9999
135.722496,34.718448,29209,3,03003,03003,生駒市図書館北分館,上町1543,3,-99,9999
135.699397,34.542716,29210,3,03003,03003,香芝市民図書館,藤山1-17-17,3,-99,9999
135.714675,34.484668,29211,3,03003,03003,葛城市立新庄図書館,南藤井70-1,3,-99,9999
135.70662,34.511054,29211,3,03003,03003,葛城市立當麻図書館,長尾89-1,3,-99,9999
135.957433,34.532167,29212,3,03003,03003,宇陀市立中央図書館,大字萩原2610-1,3,-99,9999
135.694149,34.600988,29343,3,03003,03003,三郷町立図書館,勢野西1-4-4,3,-99,9999
135.738306,34.596702,29344,3,03003,03003,斑鳩町立図書館,興留10-6-43,3,-99,9999
135.774668,34.58438,29361,3,03003,03003,川西町立図書館,大字結崎32-1,3,-99,9999
135.802372,34.557742,29363,3,03003,03003,田原本町立図書館,阪手233-1,3,-99,9999
135.71698,34.567744,29424,3,03003,03003,上牧町立図書館,上牧3241,3,-99,9999
135.706367,34.594821,29425,3,03003,03003,王寺町立図書館,王寺2-1-18,3,-99,9999
135.73595,34.553021,29426,3,03003,03003,広陵町立図書館,大字三吉396-1,3,-99,9999
135.72245,34.580212,29427,3,03003,03003,河合町立図書館,高塚台1-8-3,3,-99,9999
135.789756,34.390605,29442,3,03003,03003,大淀町立図書館,桧垣本2090,3,-99,9999
135.789949,34.36885,29443,3,03003,03003,下市町立図書館,下市3071,3,-99,9999
135.957879,34.333929,29452,3,03003,03003,川上村立図書館,迫590-1,3,-99,9999
135.844327,34.682343,29201,3,03005,03005,春日大社神苑萬葉植物園,春日野町160,4,-99,1932
135.932873,34.47788,29212,3,03005,03005,森野旧薬園,大宇陀区上新1880,4,-99,9999
135.839217,34.686237,29201,3,99999,03001,東大寺ミュージアム,水門町100,4,-99,2011
135.784608,34.714289,29201,3,99999,03002,奈良大学博物館,山陵町1500,4,-99,2007
135.792544,34.686212,29201,3,99999,03002,平城京歴史館,二条大路南4-6-1,2,-99,2011
135.932503,34.475293,29212,3,99999,03003,宇陀市立大宇陀図書館,大字陀拾生871,3,-99,9999
135.699441,34.629237,29342,3,99999,03003,平群町立図書館,福貴1037-2,3,-99,9999
135.795268,34.494554,29205,3,99999,03003,奈良県視覚障害者福祉センター,大久保町320-11（奈良県社会福祉総合センター3階）,2,-99,9999
135.679172,34.59571,29343,3,99999,03003,奈良産業大学図書館,立野北3-12-1,4,-99,9999
135.820877,34.688036,29201,3,99999,03003,奈良県立大学附属図書館,船橋町10,0,-99,9999
135.732944,34.672301,29201,3,99999,03003,近畿大学農学部図書館,中町3327-20,4,-99,9999
135.722107,34.68633,29201,3,99999,03003,帝塚山大学東生駒キャンパス図書館,帝塚山7-1-1,4,-99,9999
135.750062,34.695826,29201,3,99999,03003,帝塚山大学学園前キャンパス図書館,学園南3-1-3,4,-99,9999
135.841155,34.674525,29201,3,99999,03003,奈良教育大学学術情報研究センター図書館,高畑町,0,-99,9999
135.784608,34.714289,29201,3,99999,03003,奈良大学図書館,山陵町1500,0,-99,9999
135.828008,34.687502,29201,3,99999,03003,奈良女子大学附属図書館,北魚屋西町,0,-99,9999
135.722938,34.546998,29426,3,99999,03003,畿央大学図書館,馬見中4-2-2,4,-99,9999
135.793506,34.503673,29205,3,99999,03003,奈良県立医科大学附属図書館,四条町840,0,-99,9999
135.732825,34.732092,29209,3,99999,03003,奈良先端科学技術大学院大学附属図書館,高山町8916-5,0,-99,9999
135.667992,34.552432,29210,3,99999,03003,大阪樟蔭女子大学関屋図書館,関屋958,4,-99,9999
135.780207,34.650982,29203,3,99999,03002,郡山城史跡・柳沢文庫保存会,城内町2-18,4,-99,1961
135.785213,34.647718,29203,3,99999,03001,大和郡山市箱本館｢紺屋｣,紺屋町19-1,3,-99,2000
135.79242,34.489524,29205,3,99999,03101,橿原公苑陸上競技場,畝傍町53,2,-99,9999
135.79286,34.48829,29205,3,99999,03103,橿原公苑陸上競技場,畝傍町53,2,-99,9999
135.79286,34.488407,29205,3,99999,03138,橿原公苑陸上競技場,畝傍町53,2,-99,9999
135.792973,34.487295,29205,3,99999,03102,橿原公苑野球場,畝傍町53,2,-99,9999
135.791442,34.490827,29205,3,99999,03109,橿原公苑第一体育館,畝傍町53,2,2,9999
135.791441,34.490745,29205,3,99999,03116,橿原公苑第一体育館,畝傍町53,2,2,9999
135.791441,34.490666,29205,3,99999,03120,橿原公苑第一体育館,畝傍町53,2,2,9999
135.791438,34.490584,29205,3,99999,03111,橿原公苑第一体育館,畝傍町53,2,2,9999
135.790982,34.491424,29205,3,99999,03109,橿原公苑第二体育館,畝傍町53,2,1,9999
135.790988,34.491351,29205,3,99999,03129,橿原公苑第二体育館,畝傍町53,2,1,9999
135.790982,34.491267,29205,3,99999,03120,橿原公苑第二体育館,畝傍町53,2,1,9999
135.794108,34.48875,29205,3,99999,03111,橿原公苑第二体育館,畝傍町53,2,1,9999
135.791256,34.491525,29205,3,99999,03121,橿原公苑弓道場,畝傍町53,2,1,9999
135.794129,34.488047,29205,3,99999,03112,橿原公苑柔剣道場,畝傍町53,2,1,9999
135.791316,34.490078,29205,3,99999,03118,橿原公苑相撲場,畝傍町53,2,1,9999
135.79222,34.490866,29205,3,99999,03115,橿原公苑庭球場,畝傍町53,2,-99,9999
135.79223,34.491013,29205,3,99999,03115,橿原公苑庭球場,畝傍町53,2,-99,9999
135.79287,34.488209,29205,3,99999,03104,橿原公苑陸上競技場補助競技場,畝傍町53,2,-99,9999
135.792867,34.488115,29205,3,99999,03138,橿原公苑陸上競技場補助競技場,畝傍町53,2,-99,9999
135.812596,34.489865,29402,3,99999,03115,橿原公苑明日香庭球場,小山,4,-99,9999
135.752788,34.710517,29201,3,99999,03109,大渕池公園体育館,中山町西1-839-1,4,-99,9999
135.752788,34.710493,29201,3,99999,03120,大渕池公園体育館,中山町西1-839-1,4,-99,9999
135.752787,34.711577,29201,3,99999,03115,大渕池公園テニスコート,中山町西1-839-1,4,-99,9999
135.784072,34.600879,29203,3,99999,03106,浄化センター公園プール,額田部南160,4,-99,9999
135.783535,34.596287,29203,3,99999,03115,浄化センター公園庭球場,額田部南160,4,-99,9999
135.782413,34.598842,29203,3,99999,03102,浄化センター公園野球場,額田部南160,4,-99,9999
135.75453,34.574212,29426,3,99999,03102,第二浄化センター（スポーツ広場）,萱野,2,-99,9999
135.754534,34.574144,29426,3,99999,03103,第二浄化センター（スポーツ広場）,萱野,2,-99,9999
135.754528,34.573973,29426,3,99999,03138,第二浄化センター（スポーツ広場）,萱野,2,-99,9999
135.754534,34.57407,29426,3,99999,03101,第二浄化センター（スポーツ広場）,萱野,2,-99,9999
135.753108,34.573796,29426,3,99999,03106,第二浄化センタープール,萱野,2,-99,9999
135.753179,34.574281,29426,3,99999,03107,第二浄化センタープール,萱野,2,-99,9999
135.753607,34.573518,29426,3,99999,03115,第二浄化センターテニスコート,萱野,2,-99,9999
135.751141,34.573381,29426,3,99999,03138,第二浄化センターゲートボール場,萱野,2,-99,9999
135.956038,34.577047,29201,3,99999,03109,野外活動センター体育館,吐山2040,2,-99,9999
135.955176,34.576646,29201,3,99999,03104,野外活動センター多目的運動場,吐山2040,2,-99,9999
135.957655,34.576621,29201,3,99999,03142,野外活動センター,吐山2040,2,-99,9999
135.958696,34.578509,29201,3,99999,03147,野外活動センター,吐山2040,2,-99,9999
135.828621,34.697317,29201,3,99999,03101,鴻ノ池陸上競技場,法蓮佐保山4-5-1,4,3,1983
135.830048,34.699507,29201,3,99999,03101,鴻ノ池補助競技場,法蓮佐保山4-5-1,4,-99,1983
135.82625,34.698297,29201,3,99999,03102,鴻ノ池球場,法蓮佐保山4-3-1,4,-99,1955
135.848653,34.707254,29201,3,99999,03102,緑ケ丘球場,奈良阪町25-3,4,-99,1991
135.733039,34.675413,29201,3,99999,03103,黒谷球技場,中町2877,4,-99,1979
135.751086,34.667262,29201,3,99999,03103,西部生涯スポーツセンター球技場,丸山1-905,4,-99,1990
135.796061,34.666986,29201,3,99999,03103,柏木球技場,柏木町255-1,4,-99,1976
135.752986,34.722967,29201,3,99999,03103,登美ケ丘球技場,北登美ケ丘1-1761-2,4,-99,1987
135.804256,34.710508,29201,3,99999,03103,平城第一球技場,左京2-1,4,-99,1987
135.862095,34.704501,29201,3,99999,03103,中ノ川球技場,芝辻町556-1,4,-99,1983
135.795711,34.719058,29201,3,99999,03103,平城第二球技場,朱雀2-12,4,-99,1980
135.821457,34.704786,29201,3,99999,03103,奈良阪球技場,奈良阪町1367,4,-99,1982
135.803097,34.662176,29201,3,99999,03103,南部生涯スポーツセンター球技場,杏町467-1,4,-99,1993
135.803099,34.66215,29201,3,99999,03102,南部生涯スポーツセンター球技場,杏町467-1,4,-99,1993
135.979534,34.715754,29201,3,99999,03103,邑地コミュニティスポーツ広場,邑地町469,3,-99,1986
135.979534,34.715768,29201,3,99999,03102,邑地コミュニティスポーツ広場,邑地町469,3,-99,1986
135.916646,34.734721,29201,3,99999,03103,狭川コミュニティスポーツ広場,下狭川町2882-3,3,-99,1995
135.802844,34.662062,29201,3,99999,03115,南部生涯スポーツセンター多目的コート,杏町467-1,4,-99,1993
135.802165,34.662266,29201,3,99999,03138,南部生涯スポーツセンター多目的コート,杏町467-1,4,-99,1993
135.910836,34.660664,29201,3,99999,03102,田原コミニティスポーツ広場,横田町203-1,3,-99,2002
135.834048,34.706655,29201,3,99999,03106,青山プール,青山3-2,4,-99,1984
135.786833,34.719001,29201,3,99999,03106,平城プール,右京3-18,3,-99,9999
135.809847,34.715775,29201,3,99999,03105,ならやま屋内温水プール,左京5-3-1,4,-99,9999
135.756245,34.670215,29201,3,99999,03105,西部生涯スポーツセンター屋内温水プール,中町4861-1,4,-99,1990
135.828054,34.695153,29201,3,99999,03109,中央体育館,法蓮佐保山4-1-3,4,-99,1972
135.828054,34.695075,29201,3,99999,03120,中央体育館,法蓮佐保山4-1-3,4,-99,1972
135.828054,34.694992,29201,3,99999,03116,中央体育館,法蓮佐保山4-1-3,4,-99,1972
135.828229,34.695894,29201,3,99999,03109,第二中央体育館,法蓮佐保山4-6-1,4,-99,1978
135.828229,34.695803,29201,3,99999,03120,第二中央体育館,法蓮佐保山4-6-1,4,-99,1978
135.828229,34.695852,29201,3,99999,03116,第二中央体育館,法蓮佐保山4-6-1,4,-99,1978
135.829758,34.650833,29201,3,99999,03109,南部体育館,横井5-337-1,3,-99,1986
135.829758,34.650808,29201,3,99999,03120,南部体育館,横井5-337-1,3,-99,1986
135.783469,34.66447,29201,3,99999,03109,七条コミュニティスポーツ会館,七条町1-2-1,4,2,1986
135.783469,34.664392,29201,3,99999,03120,七条コミュニティスポーツ会館,七条町1-2-1,4,2,1986
135.833374,34.666098,29201,3,99999,03109,南紀寺コミュニティスポーツ会館,南紀寺町5-54-1,3,2,1986
135.833377,34.666022,29201,3,99999,03120,南紀寺コミュニティスポーツ会館,南紀寺町5-54-1,3,2,1986
135.794838,34.719991,29201,3,99999,03109,ならやまコミュニティスポーツ会館,朱雀2-12,4,-99,1986
135.794835,34.719952,29201,3,99999,03120,ならやまコミュニティスポーツ会館,朱雀2-12,4,-99,1986
135.840511,34.655252,29201,3,99999,03109,東市コミュニティスポーツ会館,古市町265-1,4,-99,1986
135.840511,34.655229,29201,3,99999,03120,東市コミュニティスポーツ会館,古市町265-1,4,-99,1986
135.778292,34.71895,29201,3,99999,03109,高の原コミュニティスポーツ会館,神功3-6,4,1,1995
135.778298,34.718886,29201,3,99999,03120,高の原コミュニティスポーツ会館,神功3-6,4,1,1995
135.756248,34.670259,29201,3,99999,03109,西部生涯スポーツセンター体育館,中町4861-1,4,-99,1990
135.802721,34.662348,29201,3,99999,03109,南部生涯スポーツセンター体育館,杏町467-1,4,-99,1991
135.802721,34.662327,29201,3,99999,03120,南部生涯スポーツセンター体育館,杏町467-1,4,-99,1991
135.802721,34.662304,29201,3,99999,03116,南部生涯スポーツセンター体育館,杏町467-1,4,-99,1991
135.827266,34.694856,29201,3,99999,03111,中央武道場,法蓮佐保山4-1-2,3,-99,1974
135.82726,34.694788,29201,3,99999,03112,中央武道場,法蓮佐保山4-1-2,3,-99,1974
135.82726,34.694724,29201,3,99999,03113,中央武道場,法蓮佐保山4-1-2,3,-99,1974
135.828487,34.696297,29201,3,99999,03110,中央第二武道場,法蓮佐保山4-6-3,3,2,1990
135.828487,34.696255,29201,3,99999,03113,中央第二武道場,法蓮佐保山4-6-3,3,2,1990
135.828645,34.69586,29201,3,99999,03121,弓道場,法蓮佐保山4-6-2,3,-99,1978
135.829355,34.698828,29201,3,99999,03118,鴻ノ池相撲場,法蓮佐保山4-8-9,3,-99,1990
135.829914,34.701072,29201,3,99999,03115,鴻ノ池コート,法蓮佐保山4-9-1,4,-99,1985
135.83455,34.706553,29201,3,99999,03115,青山コート,青山3-2,4,-99,1984
135.817397,34.706704,29201,3,99999,03115,佐保山コート,佐保台2-902-374,4,-99,1984
135.731385,34.673914,29201,3,99999,03115,黒谷コート,中町2877,4,-99,1979
135.796982,34.666915,29201,3,99999,03115,柏木コート,柏木町255-1,4,-99,1976
135.803959,34.711236,29201,3,99999,03115,平城第一コート,左京2-1,4,-99,1987
135.795925,34.718208,29201,3,99999,03115,平城第二コート,朱雀2-12,4,-99,1980
135.750866,34.666603,29201,3,99999,03115,西部生涯スポーツセンターコート,丸山1-905,4,-99,1990
135.802842,34.662109,29201,3,99999,03115,南部生涯スポーツセンターコート,杏町467-1,4,-99,1993
135.751116,34.668294,29201,3,99999,03138,西部生涯スポーツセンターゲートボール場,丸山1-905,4,-99,1990
135.955962,34.60522,29201,3,99999,03109,都祁体育館,都祁白石町1161,4,-99,2010
135.757592,34.51762,29202,3,99999,03102,市民グランド,材木町831-1,3,-99,9999
135.7485,34.49246,29202,3,99999,03103,大和高田市総合公園多目的グランド,西坊城414,3,-99,9999
135.748423,34.490203,29202,3,99999,03102,大和高田市総合公園多目的グランド,西坊城414,3,-99,9999
135.748494,34.492353,29202,3,99999,03101,大和高田市総合公園多目的グランド,西坊城414,3,-99,9999
135.717598,34.516517,29202,3,99999,03102,第二健民運動場,野口20-2,3,-99,9999
135.747597,34.491334,29202,3,99999,03105,大和高田市立総合公園大和高田市コミュニティプール,西坊城414,3,-99,9999
135.747603,34.491275,29202,3,99999,03129,大和高田市立総合公園大和高田市コミュニティプール,西坊城414,3,-99,9999
135.747527,34.518396,29202,3,99999,03109,大和高田市立総合体育館,幸町11-14,3,-99,9999
135.747527,34.518303,29202,3,99999,03101,大和高田市立総合体育館サブ競技場,幸町11-14,3,-99,9999
135.747524,34.51784,29202,3,99999,03110,大和高田市立武道館（第１道場）,幸町11-14,3,-99,9999
135.747708,34.517835,29202,3,99999,03111,大和高田市立武道館（第１道場）,幸町11-14,3,-99,9999
135.747533,34.517745,29202,3,99999,03110,大和高田市立武道館（第２道場）,幸町11-14,3,-99,9999
135.747711,34.51775,29202,3,99999,03111,大和高田市立武道館（第２道場）,幸町11-14,3,-99,9999
135.747527,34.51822,29202,3,99999,03119,大和高田市立総合体育館相撲場,幸町11-14,3,-99,9999
135.74938,34.491975,29202,3,99999,03115,大和高田市総合公園テニス場,西坊城414,3,-99,9999
135.744769,34.646116,29203,3,99999,03102,大和郡山市総合公園施設市営球場,矢田山町2,4,-99,9999
135.747152,34.646371,29203,3,99999,03104,大和郡山市総合公園施設多目的運動場,矢田山町2,4,-99,9999
135.747158,34.646273,29203,3,99999,03138,大和郡山市総合公園施設多目的運動場,矢田山町2,4,-99,9999
135.747152,34.64618,29203,3,99999,03102,大和郡山市総合公園施設多目的運動場,矢田山町2,4,-99,9999
135.747152,34.646097,29203,3,99999,03103,大和郡山市総合公園施設多目的運動場,矢田山町2,4,-99,9999
135.789815,34.65865,29203,3,99999,03138,九条運動施設運動場,九条町100,4,-99,9999
135.789203,34.659813,29203,3,99999,03104,九条運動施設運動場,九条町100,4,-99,9999
135.789905,34.660082,29203,3,99999,03102,九条運動施設運動場,九条町100,4,-99,9999
135.789209,34.658956,29203,3,99999,03103,九条運動施設運動場,九条町100,4,-99,9999
135.7746,34.625848,29203,3,99999,03104,大和郡山市西池グラウンド,北西町48-1,4,-99,9999
135.774594,34.625757,29203,3,99999,03104,大和郡山市西池グラウンド,北西町48-1,4,-99,9999
135.774594,34.625674,29203,3,99999,03103,大和郡山市西池グラウンド,北西町48-1,4,-99,9999
135.774594,34.625581,29203,3,99999,03138,大和郡山市西池グラウンド,北西町48-1,4,-99,9999
135.790362,34.658853,29203,3,99999,03105,九条スポーツセンタープール,九条町100,4,-99,9999
135.745968,34.646141,29203,3,99999,03129,大和郡山市総合公園施設多目的体育館,矢田山町2,4,-99,9999
135.74596,34.646356,29203,3,99999,03109,大和郡山市総合公園施設多目的体育館,矢田山町2,4,-99,9999
135.74596,34.646261,29203,3,99999,03116,大和郡山市総合公園施設多目的体育館,矢田山町2,4,-99,9999
135.74596,34.646209,29203,3,99999,03120,大和郡山市総合公園施設多目的体育館,矢田山町2,4,-99,9999
135.790267,34.658843,29203,3,99999,03129,九条スポーツセンター体育室,九条町100,4,-99,9999
135.790381,34.658838,29203,3,99999,03132,九条スポーツセンター体育室,九条町100,4,-99,9999
135.790274,34.65877,29203,3,99999,03109,九条スポーツセンター体育室,九条町100,4,-99,9999
135.790386,34.658772,29203,3,99999,03120,九条スポーツセンター体育室,九条町100,4,-99,9999
135.782598,34.64846,29203,3,99999,03109,大和郡山市立体育館（三の丸）,南郡山町529-1,3,-99,9999
135.782601,34.648416,29203,3,99999,03116,大和郡山市立体育館（三の丸）,南郡山町529-1,3,-99,9999
135.782598,34.648362,29203,3,99999,03120,大和郡山市立体育館（三の丸）,南郡山町529-1,3,-99,9999
135.776076,34.605146,29203,3,99999,03109,大和郡山市立額田部北町社会教育会館,額田部北町734-1,3,-99,9999
135.776076,34.605077,29203,3,99999,03120,大和郡山市立額田部北町社会教育会館,額田部北町734-1,3,-99,9999
135.744485,34.655449,29203,3,99999,03109,大和郡山市立北矢田社会教育会館,矢田町1521,3,-99,9999
135.744485,34.655371,29203,3,99999,03120,大和郡山市立北矢田社会教育会館,矢田町1521,3,-99,9999
135.767722,34.61026,29203,3,99999,03109,大和郡山市立椎木町社会教育会館,椎木町417-1,3,-99,9999
135.809747,34.612789,29203,3,99999,03109,大和郡山市立新庄町社会教育会館,新庄町472,3,-99,9999
135.80975,34.61283,29203,3,99999,03120,大和郡山市立新庄町社会教育会館,新庄町472,3,-99,9999
135.788017,34.650682,29203,3,99999,03109,大和郡山市立立茶町社会教育会館,西野垣内町22-1,3,-99,9999
135.788023,34.650623,29203,3,99999,03120,大和郡山市立立茶町社会教育会館,西野垣内町22-1,3,-99,9999
135.80729,34.619796,29203,3,99999,03109,大和郡山市立横田町社会教育会館,横田町25,3,-99,9999
135.743508,34.642436,29203,3,99999,03109,大和郡山市立矢田山町社会教育会館,矢田山町81-2,4,-99,9999
135.743509,34.642422,29203,3,99999,03115,大和郡山市立矢田山町社会教育会館,矢田山町81-2,4,-99,9999
135.80712,34.645546,29203,3,99999,03109,大和郡山市立平和地区社会教育会館,美濃庄町434,4,-99,9999
135.807126,34.645482,29203,3,99999,03120,大和郡山市立平和地区社会教育会館,美濃庄町434,4,-99,9999
135.786011,34.62391,29203,3,99999,03109,大和郡山市立筒井地区社会教育会館,丹後庄町484,3,-99,9999
135.786011,34.623832,29203,3,99999,03120,大和郡山市立筒井地区社会教育会館,丹後庄町484,3,-99,9999
135.791085,34.627858,29203,3,99999,03109,大和郡山市立番条町社会教育会館,番条町469-1,3,-99,9999
135.748134,34.639542,29203,3,99999,03109,大和郡山市立新町社会教育会館,矢田町5518-4,4,-99,9999
135.76166,34.647747,29203,3,99999,03109,大和郡山市立外川町社会教育会館,外川町282,3,-99,9999
135.76166,34.647669,29203,3,99999,03120,大和郡山市立外川町社会教育会館,外川町282,3,-99,9999
135.785436,34.616183,29203,3,99999,03109,大和郡山市立馬司町社会教育会館,馬司町941-2,3,-99,9999
135.774712,34.628791,29203,3,99999,03109,大和郡山市立南井町社会教育会館,南井町1,4,-99,9999
135.774712,34.628718,29203,3,99999,03120,大和郡山市立南井町社会教育会館,南井町1,4,-99,9999
135.771418,34.615634,29203,3,99999,03109,大和郡山市立今国府町社会教育会館,今国府町380-1,3,-99,9999
135.771418,34.61559,29203,3,99999,03120,大和郡山市立今国府町社会教育会館,今国府町380-1,3,-99,9999
135.737548,34.630977,29203,3,99999,03109,大和郡山市立山田町社会教育会館,山田町847,3,-99,9999
135.772342,34.657426,29203,3,99999,03109,大和郡山市立九条町社会教育会館,九条町852,3,-99,9999
135.758297,34.625684,29203,3,99999,03109,大和郡山市立小泉西方社会教育会館,小泉町1506-1,3,-99,9999
135.750611,34.625743,29203,3,99999,03109,大和郡山市立小泉出屋敷社会教育会館,小泉町2690-1,4,-99,9999
135.750605,34.625675,29203,3,99999,03120,大和郡山市立小泉出屋敷社会教育会館,小泉町2690-1,4,-99,9999
135.790417,34.600076,29203,3,99999,03109,大和郡山市立宮堂町社会教育会館,宮堂町1-1,3,-99,9999
135.783057,34.651583,29203,3,99999,03110,大和郡山市立武道場,北郡山町211-3,4,2,9999
135.783057,34.651536,29203,3,99999,03111,大和郡山市立武道場,北郡山町211-3,4,2,9999
135.783066,34.65171,29203,3,99999,03121,大和郡山市立武道場,北郡山町211-3,4,2,9999
135.74473,34.644946,29203,3,99999,03115,大和郡山市総合公園施設庭球場,矢田山町2,4,-99,9999
135.796323,34.591227,29204,3,99999,03115,二階堂運動場,嘉幡町520,3,-99,9999
135.795663,34.591525,29204,3,99999,03102,二階堂運動場,嘉幡町520,3,-99,9999
135.795663,34.591432,29204,3,99999,03104,二階堂運動場,嘉幡町520,3,-99,9999
135.819109,34.574599,29204,3,99999,03102,天理健民運動場,西長柄町595,3,-99,9999
135.823181,34.563437,29204,3,99999,03138,天理市多世代交流広場,遠田町488,4,-99,9999
135.901071,34.604909,29204,3,99999,03102,福住運動場,福住町4792-26,3,-99,9999
135.900114,34.604464,29204,3,99999,03115,福住運動場,福住町4792-26,3,-99,9999
135.900536,34.60442,29204,3,99999,03138,福住運動場,福住町4792-26,3,-99,9999
135.847813,34.621535,29204,3,99999,03104,白川ダム運動場,楢町895,3,-99,9999
135.847813,34.621447,29204,3,99999,03103,白川ダム運動場,楢町895,3,-99,9999
135.847813,34.621364,29204,3,99999,03102,白川ダム運動場,楢町895,3,-99,9999
135.88007,34.584744,29204,3,99999,03102,天理ダム運動場,下仁興町458-1,3,-99,9999
135.820303,34.575729,29204,3,99999,03109,長柄運動公園天理市立総合体育館,西長柄町595,3,3,9999
135.820303,34.575656,29204,3,99999,03120,長柄運動公園天理市立総合体育館,西長柄町595,3,3,9999
135.820309,34.575573,29204,3,99999,03116,長柄運動公園天理市立総合体育館,西長柄町595,3,3,9999
135.820303,34.575485,29204,3,99999,03129,長柄運動公園天理市立総合体育館,西長柄町595,3,3,9999
135.836923,34.60355,29204,3,99999,03109,三島体育館,三島町140-1,3,-99,9999
135.836923,34.603487,29204,3,99999,03120,三島体育館,三島町140-1,3,-99,9999
135.796281,34.591662,29204,3,99999,03109,二階堂体育館,嘉幡町520,3,-99,9999
135.79627,34.591594,29204,3,99999,03116,二階堂体育館,嘉幡町520,3,-99,9999
135.844107,34.560578,29204,3,99999,03109,天理市障害者ふれあいセンター,柳本町719,4,1,9999
135.820042,34.574579,29204,3,99999,03115,天理市立庭球場,西長柄町595,3,-99,9999
135.773889,34.494688,29205,3,99999,03102,橿原運動公園硬式野球場,雲梯町323-2,4,-99,9999
135.772308,34.498444,29205,3,99999,03102,橿原運動公園軟式野球場,雲梯町323-2,4,-99,9999
135.77251,34.49719,29205,3,99999,03102,橿原運動公園ソフトボール場,雲梯町323-2,4,-99,9999
135.773455,34.49267,29205,3,99999,03103,橿原運動公園多目的グランド,雲梯町323-2,4,-99,9999
135.774364,34.492655,29205,3,99999,03104,橿原運動公園多目的グランド,雲梯町323-2,4,-99,9999
135.76776,34.518401,29205,3,99999,03104,橿原市曽我川緑地公園多目的広場,曽我町1212,4,-99,9999
135.76776,34.518308,29205,3,99999,03103,橿原市曽我川緑地公園多目的広場,曽我町1212,4,-99,9999
135.767754,34.51821,29205,3,99999,03102,橿原市曽我川緑地公園多目的広場,曽我町1212,4,-99,9999
135.770805,34.497097,29205,3,99999,03106,橿原運動公園総合プール,雲梯町323-2,4,-99,9999
135.770472,34.497815,29205,3,99999,03107,橿原運動公園総合プール,雲梯町323-2,4,-99,9999
135.797342,34.500239,29205,3,99999,03109,橿原市中央体育館,小房町11-1,3,-99,9999
135.797336,34.50016,29205,3,99999,03120,橿原市中央体育館,小房町11-1,3,-99,9999
135.797342,34.500072,29205,3,99999,03116,橿原市中央体育館,小房町11-1,3,-99,9999
135.826949,34.491359,29205,3,99999,03109,橿原市香久山体育館,南山町624,3,2,9999
135.82706,34.491362,29205,3,99999,03120,橿原市香久山体育館,南山町624,3,2,9999
135.826956,34.491312,29205,3,99999,03122,橿原市香久山体育館,南山町624,3,2,9999
135.827048,34.491313,29205,3,99999,03129,橿原市香久山体育館,南山町624,3,2,9999
135.824416,34.495016,29205,3,99999,03122,万葉の丘スポーツ広場アーチェリー・弓道場遠的場,戒外町43-1,3,-99,9999
135.772445,34.495981,29205,3,99999,03115,橿原運動公園テニスコート,雲梯町323-2,4,-99,9999
135.825322,34.495506,29205,3,99999,03115,万葉の丘スポーツ広場テニスコート,戒外町43-1,3,-99,9999
135.768883,34.51827,29205,3,99999,03109,橿原市曽我川緑地体育館,曽我町1212,3,2,9999
135.768996,34.518266,29205,3,99999,03120,橿原市曽我川緑地体育館,曽我町1212,3,2,9999
135.768889,34.518207,29205,3,99999,03129,橿原市曽我川緑地体育館,曽我町1212,3,2,9999
135.768993,34.518206,29205,3,99999,03132,橿原市曽我川緑地体育館,曽我町1212,3,2,9999
135.768893,34.518142,29205,3,99999,03112,橿原市曽我川緑地体育館,曽我町1212,3,2,9999
135.768993,34.518144,29205,3,99999,03113,橿原市曽我川緑地体育館,曽我町1212,3,2,9999
135.768913,34.517422,29205,3,99999,03115,橿原市曽我川緑地テニスコート,曽我町1212,3,-99,9999
135.81982,34.526614,29205,3,99999,03116,ひがしたけだドーム,東竹田町124-1,3,-99,9999
135.81982,34.526577,29205,3,99999,03138,ひがしたけだドーム,東竹田町124-1,3,-99,9999
135.838854,34.53094,29206,3,99999,03102,芝運動公園運動場,大字芝地内,4,-99,9999
135.838854,34.530862,29206,3,99999,03101,芝運動公園運動場,大字芝地内,4,-99,9999
135.838854,34.530769,29206,3,99999,03103,芝運動公園運動場,大字芝地内,4,-99,9999
135.840411,34.529937,29206,3,99999,03106,芝運動公園市民プール,大字芝地内,4,-99,9999
135.840854,34.529356,29206,3,99999,03109,芝運動公園総合体育館,大字三輪元馬場方686,4,2,9999
135.840854,34.529287,29206,3,99999,03116,芝運動公園総合体育館,大字三輪元馬場方686,4,2,9999
135.841188,34.529825,29206,3,99999,03109,桜井市民体育館,大字芝54-1,4,-99,9999
135.841182,34.529752,29206,3,99999,03116,桜井市民体育館,大字芝54-1,4,-99,9999
135.840854,34.529219,29206,3,99999,03110,芝運動公園総合体育館内柔剣道場,大字三輪元馬場方686,4,2,9999
135.840854,34.529155,29206,3,99999,03111,芝運動公園総合体育館内柔剣道場,大字三輪元馬場方686,4,2,9999
135.840854,34.529082,29206,3,99999,03120,芝運動公園総合体育館内柔剣道場,大字三輪元馬場方686,4,2,9999
135.84132,34.528708,29206,3,99999,03138,桜井市ゲートボール場,大字芝地内,4,-99,9999
135.838218,34.529903,29206,3,99999,03115,芝運動公園庭球場,大字芝地内,4,-99,9999
135.908717,34.567995,29206,3,99999,03109,上之郷体育館,大字笠82,4,-99,9999
135.908901,34.568343,29206,3,99999,03104,上之郷運動場,大字笠82,4,-99,9999
135.672539,34.336711,29207,3,99999,03102,上野公園野球場,上野町246,4,-99,9999
135.697257,34.337225,29207,3,99999,03103,五條健民運動場,霊安寺町2210-14,3,-99,9999
135.67362,34.335841,29207,3,99999,03104,上野公園多目的グラウンド,上野町246,4,-99,9999
135.72943,34.381942,29207,3,99999,03104,阿田峯公園多目的グラウンド,三在町1680,4,-99,9999
135.671891,34.334891,29207,3,99999,03106,上野公園市民プール,上野町246,4,-99,9999
135.691419,34.353163,29207,3,99999,03109,五條市立中央体育館,本町3-1-13,3,-99,9999
135.728063,34.381055,29207,3,99999,03109,阿田峯公園体育館,三在町1680,4,-99,9999
135.693108,34.346235,29207,3,99999,03115,五條市野原テニスコート,野原西1-1-19,4,-99,9999
135.748658,34.359929,29207,3,99999,03115,水辺の広場,原町487-1,3,-99,9999
135.73025,34.381295,29207,3,99999,03115,阿田峯公園テニスコート,三在町1680,4,-99,9999
135.671356,34.334518,29207,3,99999,03115,上野公園テニスコート,上野町246,4,-99,9999
135.756195,34.288539,29207,3,99999,03104,きすみ広場,西吉野村川岸,3,-99,9999
135.756195,34.288451,29207,3,99999,03102,きすみ広場,西吉野村川岸,3,-99,9999
135.756195,34.288358,29207,3,99999,03103,きすみ広場,西吉野村川岸,3,-99,9999
135.748004,34.263911,29207,3,99999,03109,宗川野体育館,宗川野町57-1,3,-99,9999
135.748105,34.263916,29207,3,99999,03110,宗川野体育館,宗川野町57-1,3,-99,9999
135.748004,34.263838,29207,3,99999,03120,宗川野体育館,宗川野町57-1,3,-99,9999
135.734922,34.288181,29207,3,99999,03115,西吉野テニスコート（休止中）,西吉野町黒淵739-2,3,-99,9999
135.75241,34.287733,29207,3,99999,03115,きすみテニスコート,西吉野町城戸650,3,-99,1995
135.764741,34.303457,29207,3,99999,03138,西吉野コミュニティセンターゲートボール場,西吉野町八ツ川451,4,-99,9999
135.721497,34.298891,29207,3,99999,03106,五條市賀名生スイミングプール,西吉野町屋那瀬233,3,-99,9999
135.746179,34.156551,29207,3,99999,03109,大塔体育館,大搭町宇井171,3,-99,9999
135.731499,34.4289,29208,3,99999,03101,御所市民運動公園競技場,朝町1337,3,-99,9999
135.732093,34.428217,29208,3,99999,03102,御所市民運動公園競技場,朝町1337,3,-99,9999
135.751513,34.449659,29208,3,99999,03102,御所市民運動場,池之内1094,3,-99,9999
135.751513,34.449563,29208,3,99999,03103,御所市民運動場,池之内1094,3,-99,9999
135.720994,34.459251,29208,3,99999,03115,御所健民運動場,櫛羅1964,3,-99,9999
135.720411,34.459427,29208,3,99999,03104,御所健民運動場,櫛羅1964,3,-99,9999
135.720411,34.459339,29208,3,99999,03102,御所健民運動場,櫛羅1964,3,-99,9999
135.732236,34.429182,29208,3,99999,03102,御所市民運動公園競技場第２グラウンド,朝町1337,3,-99,9999
135.73223,34.429104,29208,3,99999,03103,御所市民運動公園競技場第２グラウンド,朝町1337,3,-99,9999
135.732331,34.429089,29208,3,99999,03115,御所市民運動公園競技場第２グラウンド,朝町1337,3,-99,9999
135.732337,34.429138,29208,3,99999,03115,御所市民運動公園庭球場,朝町1337,3,-99,9999
135.743948,34.466753,29208,3,99999,03138,中央コート（ゲートボール場）,南十三地内（河川敷）,3,-99,9999
135.730085,34.429006,29208,3,99999,03102,御所市民運動公園競技場第３グラウンド,朝町1337,3,-99,9999
135.730079,34.428937,29208,3,99999,03103,御所市民運動公園競技場第３グラウンド,朝町1337,3,-99,9999
135.735537,34.722331,29209,3,99999,03102,生駒市立北大和野球場,北大和3-5077,4,-99,9999
135.710912,34.71284,29209,3,99999,03102,生駒市総合公園グラウンド,小明町1807ｰ1,4,-99,9999
135.692722,34.690357,29209,3,99999,03102,生駒市健民グラウンド,門前町9-20,4,-99,9999
135.692722,34.69042,29209,3,99999,03103,生駒市健民グラウンド,門前町9-20,4,-99,9999
135.692722,34.690293,29209,3,99999,03104,生駒市健民グラウンド,門前町9-20,4,-99,9999
135.71244,34.730097,29209,3,99999,03102,イモ山公園グラウンド,北田原町2476-8,4,-99,9999
135.703379,34.657654,29209,3,99999,03102,生駒市小平尾南少年グラウンド,小平尾町1629,4,-99,9999
135.736042,34.723323,29209,3,99999,03102,生駒市北大和グラウンド,北大和3-5077,4,-99,9999
135.736036,34.723235,29209,3,99999,03103,生駒市北大和グラウンド,北大和3-5077,4,-99,9999
135.736042,34.723142,29209,3,99999,03104,生駒市北大和グラウンド,北大和3-5077,4,-99,9999
135.707803,34.652724,29209,3,99999,03102,生駒市井出山グラウンド,小平尾町957,4,-99,9999
135.697814,34.663251,29209,3,99999,03102,むかいやま公園グラウンド,萩原町673,4,-99,9999
135.697808,34.663158,29209,3,99999,03103,むかいやま公園グラウンド,萩原町673,4,-99,9999
135.697802,34.663071,29209,3,99999,03104,むかいやま公園グラウンド,萩原町673,4,-99,9999
135.690812,34.690625,29209,3,99999,03106,滝寺公園プール,元町2-14,4,-99,9999
135.713515,34.730761,29209,3,99999,03106,イモ山公園プール,北田原町2476-8,4,-99,9999
135.706935,34.652507,29209,3,99999,03105,生駒市井出山屋内温水プール,小平尾町956-1,4,-99,9999
135.710681,34.711741,29209,3,99999,03109,生駒市総合公園体育館,小明町1807-1,4,-99,9999
135.690253,34.687816,29209,3,99999,03109,生駒市市民体育館,門前町9-20,4,-99,9999
135.703388,34.658124,29209,3,99999,03109,生駒市小平尾南体育館,小平尾町1629,4,-99,9999
135.703388,34.65805,29209,3,99999,03120,生駒市小平尾南体育館,小平尾町1629,4,-99,9999
135.735139,34.721452,29209,3,99999,03109,生駒市北大和体育館,北大和3-5077,4,-99,9999
135.735139,34.721406,29209,3,99999,03120,生駒市北大和体育館,北大和3-5077,4,-99,9999
135.707056,34.652989,29209,3,99999,03109,生駒市井出山体育館,小平尾町1766-1,4,-99,9999
135.707143,34.652991,29209,3,99999,03120,生駒市井出山体育館,小平尾町1766-1,4,-99,9999
135.707059,34.65294,29209,3,99999,03129,生駒市井出山体育館,小平尾町1766-1,4,-99,9999
135.707154,34.652935,29209,3,99999,03132,生駒市井出山体育館,小平尾町1766-1,4,-99,9999
135.69631,34.663393,29209,3,99999,03116,むかいやま公園体育館,萩原町673,4,-99,9999
135.696394,34.663396,29209,3,99999,03138,むかいやま公園体育館,萩原町673,4,-99,9999
135.696313,34.663347,29209,3,99999,03120,むかいやま公園体育館,萩原町673,4,-99,9999
135.696402,34.663347,29209,3,99999,03103,むかいやま公園体育館,萩原町673,4,-99,9999
135.69025,34.687743,29209,3,99999,03110,生駒市武道館,門前町9-20,4,-99,9999
135.690262,34.687665,29209,3,99999,03111,生駒市武道館,門前町9-20,4,-99,9999
135.710378,34.713079,29209,3,99999,03118,生駒市総合公園相撲場,小明町1807-1,4,-99,9999
135.710722,34.714198,29209,3,99999,03115,生駒市総合公園テニスコート,小明町1807-1,4,-99,9999
135.691797,34.690887,29209,3,99999,03115,滝寺公園テニスコート,元町2-11,4,-99,9999
135.712264,34.730629,29209,3,99999,03115,イモ山公園テニスコート,北田原町2476-8,4,-99,9999
135.710306,34.65254,29209,3,99999,03115,生駒市浄化センターテニスコート,東山町201-21,4,-99,9999
135.677325,34.703756,29209,3,99999,03115,生駒山麓公園テニスコート,俵口町2088,4,-99,9999
135.697065,34.663227,29209,3,99999,03115,むかいやま公園テニスコート,萩原町673,4,-99,9999
135.692434,34.690858,29209,3,99999,03115,生駒市健民テニスコート,門前町9-20,4,-99,9999
135.701281,34.557663,29210,3,99999,03102,香芝市健民運動場,上中273-1,4,-99,9999
135.701281,34.55757,29210,3,99999,03104,香芝市健民運動場,上中273-1,4,-99,9999
135.701395,34.544048,29210,3,99999,03138,香芝市民いこいの広場,下田西2-397-2,4,-99,9999
135.722811,34.545497,29210,3,99999,03102,高塚グランド,真美ケ丘6-11,4,-99,9999
135.722805,34.545404,29210,3,99999,03103,高塚グランド,真美ケ丘6-11,4,-99,9999
135.722811,34.545316,29210,3,99999,03104,高塚グランド,真美ケ丘6-11,4,-99,9999
135.724699,34.539171,29210,3,99999,03102,観正山グラウンド,真美ケ丘3-4,4,-99,9999
135.724693,34.539078,29210,3,99999,03104,観正山グラウンド,真美ケ丘3-4,4,-99,9999
135.664477,34.546909,29210,3,99999,03106,香芝市総合プール,穴虫2864-1,4,-99,9999
135.665065,34.546498,29210,3,99999,03107,香芝市総合プール,穴虫2864-1,4,-99,9999
135.699669,34.540272,29210,3,99999,03109,香芝市総合体育館,本町1437,4,-99,9999
135.701234,34.556905,29210,3,99999,03109,香芝市北部地域体育館,上中273-1,4,-99,9999
135.701237,34.556839,29210,3,99999,03116,香芝市北部地域体育館,上中273-1,4,-99,9999
135.69911,34.540428,29210,3,99999,03110,香芝市総合体育館サブ競技場,本町1437,4,-99,9999
135.699205,34.540428,29210,3,99999,03111,香芝市総合体育館サブ競技場,本町1437,4,-99,9999
135.699114,34.540367,29210,3,99999,03113,香芝市総合体育館サブ競技場,本町1437,4,-99,9999
135.699205,34.540363,29210,3,99999,03120,香芝市総合体育館サブ競技場,本町1437,4,-99,9999
135.699669,34.540213,29210,3,99999,03129,香芝市総合体育館トレーニングルーム,本町1437,4,-99,9999
135.701638,34.556978,29210,3,99999,03115,香芝市健民テニスコート,上中273-1,4,-99,9999
135.721872,34.545947,29210,3,99999,03115,高塚テニスコート,真美ケ丘6-11,4,-99,9999
135.674178,34.548035,29210,3,99999,03102,高山台グラウンド,詳細住所不明,4,-99,9999
135.674184,34.547956,29210,3,99999,03103,高山台グラウンド,詳細住所不明,4,-99,9999
135.674178,34.547873,29210,3,99999,03104,高山台グラウンド,詳細住所不明,4,-99,9999
135.74146,34.483155,29211,3,99999,03103,新町公園球技場,笛堂376,3,-99,9999
135.744862,34.487563,29211,3,99999,03106,新庄町スポーツセンタープール,笛堂271,3,-99,9999
135.745004,34.487289,29211,3,99999,03109,新庄町スポーツセンター体育館,笛堂271,3,1,9999
135.745004,34.487216,29211,3,99999,03120,新庄町スポーツセンター体育館,笛堂271,3,1,9999
135.714258,34.485447,29211,3,99999,03109,葛城市民体育館,南藤井17,3,1,9999
135.714258,34.485369,29211,3,99999,03120,葛城市民体育館,南藤井17,3,1,9999
135.7406,34.483101,29211,3,99999,03115,新町公園テニスコート,新町347-1,3,-99,9999
135.713744,34.485229,29211,3,99999,03115,屋敷山公園テニスコート,南藤井25,3,-99,9999
135.723354,34.4835,29211,3,99999,03138,葛城市生きがい体育館,林堂120,3,2,9999
135.72336,34.483725,29211,3,99999,03109,葛城市生きがい体育館,林堂120,3,2,9999
135.705755,34.511812,29211,3,99999,03102,農村広場,當麻83-1,3,-99,9999
135.693247,34.517816,29211,3,99999,03102,當麻健民運動場,當麻1018-1,3,-99,9999
135.703953,34.508311,29211,3,99999,03106,當麻スポーツセンタープール,竹内689,3,-99,9999
135.703882,34.508784,29211,3,99999,03109,當麻スポーツセンター総合体育館,竹内689,3,-99,9999
135.703876,34.508703,29211,3,99999,03120,當麻スポーツセンター総合体育館,竹内689,3,-99,9999
135.703876,34.508639,29211,3,99999,03112,當麻スポーツセンター総合体育館,竹内689,3,-99,9999
135.703876,34.508581,29211,3,99999,03129,當麻スポーツセンター総合体育館,竹内689,3,-99,9999
135.704779,34.508639,29211,3,99999,03115,當麻スポーツセンターテニスコート,竹内689,3,-99,9999
135.7412,34.480338,29211,3,99999,03102,新庄第一健民運動場,新町292-3,3,-99,9999
135.741188,34.480559,29211,3,99999,03103,新庄第一健民運動場,新町292-3,3,-99,9999
135.712965,34.485279,29211,3,99999,03102,新庄第二健民運動場,藤井25,3,-99,9999
135.925724,34.483851,29212,3,99999,03102,大宇陀運動場,大宇陀西山509-1,3,-99,9999
135.92825,34.476424,29212,3,99999,03109,大宇陀体育館,大宇陀拾生89,3,-99,9999
135.928244,34.476351,29212,3,99999,03120,大宇陀体育館,大宇陀拾生89,3,-99,9999
135.928244,34.476273,29212,3,99999,03116,大宇陀体育館,大宇陀拾生89,3,-99,9999
135.928688,34.474337,29212,3,99999,03138,大宇陀ふれあい交流ドーム,大宇陀拾生467,3,-99,9999
135.928685,34.474271,29212,3,99999,03116,大宇陀ふれあい交流ドーム,大宇陀拾生467,3,-99,9999
135.970681,34.478242,29212,3,99999,03102,菟田野運動場,菟田野古市場62-2,3,-99,9999
135.988282,34.458318,29212,3,99999,03138,菟田野ゲートボール場,菟田野宇賀志851,3,-99,9999
135.957406,34.540568,29212,3,99999,03102,宇陀市総合運動場,榛原萩原1006,3,-99,9999
135.957403,34.540624,29212,3,99999,03103,宇陀市総合運動場,榛原萩原1006,3,-99,9999
135.942522,34.499176,29212,3,99999,03102,榛原運動場,榛原比布67-2,3,-99,9999
135.993189,34.512793,29212,3,99999,03102,内牧運動場,榛原高井150,3,-99,9999
135.958492,34.539933,29212,3,99999,03109,宇陀市総合体育館,榛原萩原1057,3,2,9999
135.958489,34.539885,29212,3,99999,03129,宇陀市総合体育館,榛原萩原1057,3,2,9999
135.958495,34.539821,29212,3,99999,03112,宇陀市総合体育館,榛原萩原1057,3,2,9999
135.958501,34.539757,29212,3,99999,03120,宇陀市総合体育館,榛原萩原1057,3,2,9999
135.97297,34.542812,29212,3,99999,03109,榛原体育センター,榛原長峯615-1,3,-99,9999
135.972973,34.542771,29212,3,99999,03120,榛原体育センター,榛原長峯615-1,3,-99,9999
135.972976,34.542724,29212,3,99999,03112,榛原体育センター,榛原長峯615-1,3,-99,9999
135.975676,34.522575,29212,3,99999,03138,榛原ゲートボール場,榛原桧牧956,3,-99,9999
135.957387,34.539342,29212,3,99999,03105,アクア・グリーン榛原,榛原萩原1008,3,-99,9999
135.954962,34.495957,29212,3,99999,03109,伊那佐文化センター体育館,榛原石田147-1,3,-99,9999
135.954956,34.495878,29212,3,99999,03120,伊那佐文化センター体育館,榛原石田147-1,3,-99,9999
135.955075,34.495957,29212,3,99999,03112,伊那佐文化センター体育館,榛原石田147-1,3,-99,9999
135.955075,34.495873,29212,3,99999,03132,伊那佐文化センター体育館,榛原石田147-1,3,-99,9999
135.956486,34.539543,29212,3,99999,03115,榛原グリーンテニスコート,榛原萩原1000,3,-99,9999
135.972486,34.682512,29322,3,99999,03104,山添村農村広場多目的広場,桐山,3,-99,9999
135.971794,34.682314,29322,3,99999,03115,山添村農村広場テニスコート,桐山,3,-99,9999
135.97121,34.6822,29322,3,99999,03138,山添村農村広場ゲートボール,桐山,3,-99,9999
135.974702,34.681535,29322,3,99999,03137,山添村Ｂ＆Ｇ海洋センター,桐山59-1,4,-99,9999
135.701987,34.623862,29342,3,99999,03102,平群町中央公園グラウンド,若井、下垣内、西宮地内,4,-99,9999
135.695167,34.633994,29342,3,99999,03102,平群健民運動場,若葉台109-5,4,-99,9999
135.695158,34.633896,29342,3,99999,03103,平群健民運動場,若葉台109-5,4,-99,9999
135.69517,34.633798,29342,3,99999,03104,平群健民運動場,若葉台109-5,4,-99,9999
135.689822,34.626681,29342,3,99999,03102,平群町総合スポーツセンターグラウンド,福貴72,4,-99,9999
135.689822,34.626578,29342,3,99999,03103,平群町総合スポーツセンターグラウンド,福貴72,4,-99,9999
135.689857,34.625669,29342,3,99999,03106,平群町総合スポーツセンターウォーターパーク,福貴72,4,-99,9999
135.689257,34.625723,29342,3,99999,03107,平群町総合スポーツセンターウォーターパーク,福貴72,4,-99,9999
135.688746,34.626476,29342,3,99999,03109,平群町総合スポーツセンター体育館,福貴72,4,-99,9999
135.68874,34.626388,29342,3,99999,03129,平群町総合スポーツセンター体育館,福貴72,4,-99,9999
135.688811,34.626618,29342,3,99999,03109,平群町総合スポーツセンター体育館（サブアリーナ）,福貴72,4,-99,9999
135.699572,34.632465,29342,3,99999,03115,梨本テニスコート,梨本348,4,-99,9999
135.688853,34.627336,29342,3,99999,03115,平群町総合スポーツセンターテニスコート,福貴72,4,-99,9999
135.700962,34.623378,29342,3,99999,03115,平群町中央公園テニスコート,若井、下垣内、西宮地内,4,-99,9999
135.701077,34.62363,29342,3,99999,03138,平群町中央公園ゲートボール場,若井、下垣内、西宮地内,4,-99,9999
135.699554,34.632245,29342,3,99999,03138,梨本ゲートボール場,梨本348,4,-99,9999
135.70789,34.645399,29342,3,99999,03115,北公園テニスコート,菊美台1-11,4,-99,9999
135.684192,34.594448,29343,3,99999,03102,三郷健民運動場,立野北2-31-2,3,-99,9999
135.684198,34.59437,29343,3,99999,03103,三郷健民運動場,立野北2-31-2,3,-99,9999
135.684186,34.594287,29343,3,99999,03104,三郷健民運動場,立野北2-31-2,3,-99,9999
135.683954,34.59368,29343,3,99999,03115,三郷町テニスコート,立野北2-31-2,3,-99,9999
135.69701,34.60163,29343,3,99999,03105,三郷町ウォーターパーク,勢野西1-2-4,4,-99,9999
135.697672,34.601559,29343,3,99999,03106,三郷町ウォーターパーク,勢野西1-2-4,4,-99,9999
135.697036,34.602175,29343,3,99999,03107,三郷町ウォーターパーク,勢野西1-2-4,4,-99,9999
135.696234,34.601339,29343,3,99999,03109,三郷町スポーツセンター,勢野西1-2-3,4,-99,9999
135.696234,34.60127,29343,3,99999,03129,三郷町スポーツセンター,勢野西1-2-3,4,-99,9999
135.69624,34.601192,29343,3,99999,03120,三郷町スポーツセンター,勢野西1-2-3,4,-99,9999
135.696365,34.601407,29343,3,99999,03109,三郷町スポーツセンターサブアリーナ,勢野西1-2-3,4,-99,9999
135.696371,34.601344,29343,3,99999,03120,三郷町スポーツセンターサブアリーナ,勢野西1-2-3,4,-99,9999
135.696395,34.601275,29343,3,99999,03111,三郷町スポーツセンターサブアリーナ,勢野西1-2-3,4,-99,9999
135.696383,34.601197,29343,3,99999,03132,三郷町スポーツセンターサブアリーナ,勢野西1-2-3,4,-99,9999
135.696531,34.601363,29343,3,99999,03113,三郷町スポーツセンターミーティング室,勢野西1-2-3,4,-99,9999
135.696514,34.6013,29343,3,99999,03132,三郷町スポーツセンターミーティング室,勢野西1-2-3,4,-99,9999
135.72647,34.614006,29344,3,99999,03102,斑鳩健民運動場,法隆寺2121ー1,3,-99,9999
135.726482,34.613923,29344,3,99999,03103,斑鳩健民運動場,法隆寺2121ー1,3,-99,9999
135.726476,34.61383,29344,3,99999,03101,斑鳩健民運動場,法隆寺2121ー1,3,-99,9999
135.727338,34.6145,29344,3,99999,03115,斑鳩健民運動場,法隆寺2121ー1,3,-99,9999
135.719256,34.596882,29344,3,99999,03115,神南テニスコート,神南2-73-1,3,-99,9999
135.718806,34.596846,29344,3,99999,03106,斑鳩町立町民プール,神南2ー5ー27,3,-99,9999
135.718722,34.596655,29344,3,99999,03107,斑鳩町立町民プール,神南2ー5ー27,3,-99,9999
135.730698,34.606997,29344,3,99999,03120,すこやか斑鳩・スポーツセンター中央体育館アリーナ,龍田南61,3,-99,9999
135.730698,34.607051,29344,3,99999,03109,すこやか斑鳩・スポーツセンター中央体育館アリーナ,龍田南61,3,-99,9999
135.730208,34.607658,29344,3,99999,03115,すこやか斑鳩・スポーツセンターテニスコート,龍田南1-1-61,3,-99,9999
135.730814,34.607052,29344,3,99999,03120,すこやか斑鳩・スポーツセンター中央体育館サブアリーナ,龍田南1-1-61,3,-99,9999
135.730826,34.606993,29344,3,99999,03129,すこやか斑鳩・スポーツセンター中央体育館サブアリーナ,龍田南1-1-61,3,-99,9999
135.730826,34.606934,29344,3,99999,03138,すこやか斑鳩・スポーツセンター中央体育館サブアリーナ,龍田南1-1-61,3,-99,9999
135.730826,34.606876,29344,3,99999,03110,すこやか斑鳩・スポーツセンター中央体育館武道場,龍田南1-1-61,3,-99,9999
135.730832,34.606812,29344,3,99999,03111,すこやか斑鳩・スポーツセンター中央体育館武道場,龍田南1-1-61,3,-99,9999
135.735079,34.618717,29344,3,99999,03102,天満スポーツグラウンド,大字法隆寺3065-2,3,-99,9999
135.757381,34.59848,29345,3,99999,03102,安堵健民運動場,窪田628-1,3,-99,9999
135.757381,34.598397,29345,3,99999,03103,安堵健民運動場,窪田628-1,3,-99,9999
135.757381,34.598313,29345,3,99999,03104,安堵健民運動場,窪田628-1,3,-99,9999
135.757464,34.597673,29345,3,99999,03109,安堵中央公園体育館,窪田628-1,3,-99,9999
135.757464,34.597604,29345,3,99999,03120,安堵中央公園体育館,窪田628-1,3,-99,9999
135.756406,34.597942,29345,3,99999,03115,安堵中央公園テニスコート,窪田628-1,3,-99,9999
135.758685,34.598839,29345,3,99999,03115,安堵町民テニスコート,窪田465-1,3,-99,9999
135.756145,34.597658,29345,3,99999,03138,安堵中央公園ゲートボール場,窪田628-1,3,-99,9999
135.775059,34.587172,29361,3,99999,03102,川西健民運動場,結崎1141-7,3,-99,9999
135.775056,34.58713,29361,3,99999,03103,川西健民運動場,結崎1141-7,3,-99,9999
135.773929,34.587121,29361,3,99999,03109,川西町中央体育館,結崎1287-1,3,2,1983
135.773929,34.587084,29361,3,99999,03120,川西町中央体育館,結崎1287-1,3,2,1983
135.773926,34.587042,29361,3,99999,03116,川西町中央体育館,結崎1287-1,3,2,1983
135.773929,34.587008,29361,3,99999,03110,川西町中央体育館,結崎1287-1,3,2,1983
135.773929,34.586972,29361,3,99999,03111,川西町中央体育館,結崎1287-1,3,2,1983
135.773926,34.58693,29361,3,99999,03129,川西町中央体育館,結崎1287-1,3,2,1983
135.794304,34.588606,29361,3,99999,03109,川西町下永体育館,下永1248-1,3,-99,9999
135.766054,34.585044,29361,3,99999,03109,川西町梅戸体育館,唐院556,3,-99,9999
135.769495,34.587288,29361,3,99999,03115,結崎運動公園,結崎1455-3,3,-99,9999
135.76973,34.580997,29361,3,99999,03115,川西町軟式テニスコート,結崎1835,3,-99,9999
135.759991,34.580836,29361,3,99999,03138,唐院運動公園ゲートボール場,唐院122,3,-99,9999
135.768043,34.574482,29362,3,99999,03102,三宅健民運動場,大字伴堂1019,3,-99,9999
135.767561,34.573748,29362,3,99999,03109,三宅町体育館,大字伴堂1046-1,3,-99,9999
135.777149,34.579059,29362,3,99999,03109,三宅町立東屏風体育館,大字屏風44-29,3,-99,9999
135.768722,34.573649,29362,3,99999,03115,三宅町中央公園庭球場,大字伴堂,3,-99,9999
135.767947,34.573902,29362,3,99999,03138,三宅町ゲートボール場,大字伴堂,3,-99,9999
135.808369,34.556752,29363,3,99999,03102,田原本健民運動場,大字西井上3-3,3,-99,9999
135.809709,34.556149,29363,3,99999,03109,田原本町中央体育館,大字平田46,3,-99,9999
135.809715,34.556071,29363,3,99999,03129,田原本町中央体育館,大字平田46,3,-99,9999
135.809721,34.555993,29363,3,99999,03120,田原本町中央体育館,大字平田46,3,-99,9999
135.769745,34.552844,29363,3,99999,03109,田原本町第二体育館,大字金剛寺58-2,3,-99,9999
135.794198,34.55163,29363,3,99999,03109,田原本町第一体育館,443,3,-99,9999
135.809727,34.555611,29363,3,99999,03115,田原本町中央体育館屋外テニスコート,大字平田46,3,-99,9999
135.768229,34.553455,29363,3,99999,03138,田原本町老人福祉センターゲートボール場,大字金剛寺39,4,-99,9999
135.792522,34.450671,29401,3,99999,03102,高取健民運動場,観覚寺922,3,-99,9999
135.792533,34.450494,29401,3,99999,03103,高取健民運動場,観覚寺922,3,-99,9999
135.792522,34.450298,29401,3,99999,03104,高取健民運動場,観覚寺922,3,-99,9999
135.791238,34.451298,29401,3,99999,03115,高取町テニス場,観覚寺922,3,-99,9999
135.802568,34.460172,29402,3,99999,03115,明日香村民テニスコート,桧前682-1,3,-99,9999
135.808687,34.472715,29402,3,99999,03138,明日香村屋内ゲートボール場,川原197-3,3,-99,9999
135.802595,34.460446,29402,3,99999,03138,阪合ゲートボール場,桧前682-1,3,-99,9999
135.715506,34.56002,29424,3,99999,03102,上牧健民運動場,大字上牧1785-4,3,-99,9999
135.715192,34.559215,29424,3,99999,03106,上牧町民プール,大字上牧1743,3,-99,9999
135.71598,34.559319,29424,3,99999,03109,上牧町第一町民体育館,大字上牧1750,3,-99,9999
135.720169,34.574252,29424,3,99999,03109,上牧町第二町民体育館,桜ケ丘3-12,3,-99,9999
135.716354,34.559653,29424,3,99999,03115,上牧第一町民テニスコート,大字上牧1782,3,-99,9999
135.721134,34.578948,29427,3,99999,03115,上牧第二町民テニスコート,高塚台1-18,3,-99,9999
135.717645,34.560335,29424,3,99999,03115,上牧第三町民テニスコート,大字上牧1797,3,-99,9999
135.69808,34.589349,29425,3,99999,03102,王寺健民運動場,元町2-1338-2,3,-99,9999
135.69808,34.589276,29425,3,99999,03103,王寺健民運動場,元町2-1338-2,3,-99,9999
135.69808,34.589198,29425,3,99999,03104,王寺健民運動場,元町2-1338-2,3,-99,9999
135.701187,34.582111,29425,3,99999,03106,泉の広場町営プール,本町4-645,3,-99,9999
135.709153,34.596361,29425,3,99999,03106,舟戸町営プール,舟戸1-3973-1,3,-99,9999
135.70745,34.594293,29425,3,99999,03109,王寺アリーナ,王寺1-1-1,3,-99,9999
135.707444,34.594229,29425,3,99999,03120,王寺アリーナ,王寺1-1-1,3,-99,9999
135.707444,34.594161,29425,3,99999,03129,王寺アリーナ,王寺1-1-1,3,-99,9999
135.702166,34.581667,29425,3,99999,03109,泉の広場体育館,本町4-663,3,-99,9999
135.702163,34.581603,29425,3,99999,03120,泉の広場体育館,本町4-663,3,-99,9999
135.70216,34.581545,29425,3,99999,03116,泉の広場体育館,本町4-663,3,-99,9999
135.701572,34.581701,29425,3,99999,03115,泉の広場球技用コート,本町4-663,3,-99,9999
135.702515,34.582452,29425,3,99999,03103,泉の広場球技用コート,本町4-663,3,-99,9999
135.698934,34.589771,29425,3,99999,03138,烏山公園ゲートボール場,元町2-1338,3,-99,9999
135.755574,34.544871,29426,3,99999,03103,広陵健民運動場,古寺,3,-99,9999
135.755574,34.544778,29426,3,99999,03102,広陵健民運動場,古寺,3,-99,9999
135.755568,34.544699,29426,3,99999,03104,広陵健民運動場,古寺,3,-99,9999
135.726879,34.546877,29426,3,99999,03102,見立山運動場,大字馬見中1地内,3,-99,9999
135.748241,34.54975,29426,3,99999,03109,広陵中央体育館,大字笠350-1,3,-99,9999
135.748241,34.549729,29426,3,99999,03129,広陵中央体育館,大字笠350-1,3,-99,9999
135.759947,34.54672,29426,3,99999,03109,広陵東体育館,大字百済180-1,3,-99,9999
135.747172,34.567608,29426,3,99999,03109,広陵北体育館,大字大野546-1,3,-99,9999
135.730327,34.533446,29426,3,99999,03109,広陵西体育館,馬見南3-9-15,3,-99,9999
135.72652,34.553819,29426,3,99999,03109,真美ヶ丘体育館,馬見北5-13-18,3,-99,9999
135.748247,34.549681,29426,3,99999,03110,広陵中央体育館格技室,大字笠350-1,3,-99,9999
135.748241,34.549608,29426,3,99999,03111,広陵中央体育館格技室,大字笠350-1,3,-99,9999
135.733056,34.535382,29426,3,99999,03115,西谷近隣公園テニスコート,馬見南2-13,3,-99,9999
135.756304,34.544427,29426,3,99999,03115,広陵運動公園テニスコート,大字百済地内,3,-99,9999
135.760207,34.54673,29426,3,99999,03115,広陵東テニスコート,大字百済180-1,3,-99,9999
135.725168,34.547387,29426,3,99999,03115,真美ヶ丘テニスコート,馬見中3地内,3,-99,9999
135.738218,34.575804,29427,3,99999,03102,河合町スポーツ公園グランド,山坊85,3,-99,9999
135.738683,34.57486,29427,3,99999,03138,総合スポーツ公園ゲートボール場,山坊85,3,-99,9999
135.73137,34.584226,29427,3,99999,03102,河合町民運動場,高塚台2-1,3,-99,9999
135.721297,34.579015,29427,3,99999,03102,河合町釘池グランド,高塚台1-18,3,-99,9999
135.737291,34.57609,29427,3,99999,03106,河合町スポーツ公園町民プール,山坊85,3,-99,9999
135.737606,34.577634,29427,3,99999,03109,河合町立体育館,池部2-13-2,3,-99,9999
135.737606,34.57757,29427,3,99999,03120,河合町立体育館,池部2-13-2,3,-99,9999
135.737459,34.585015,29427,3,99999,03109,河合町立北体育館,穴闇132-3,3,-99,9999
135.737456,34.584981,29427,3,99999,03120,河合町立北体育館,穴闇132-3,3,-99,9999
135.737607,34.577541,29427,3,99999,03113,河合町立体育館格技室,池部2-13-2,3,-99,9999
135.721201,34.581301,29427,3,99999,03115,河合町中山田池公園テニスコート,中山台1-16,3,-99,9999
135.720964,34.579073,29427,3,99999,03115,河合町民釘池テニスコート,高塚台1-18,3,-99,9999
135.737879,34.575038,29427,3,99999,03102,河合町総合スポーツ公園テニスコート,山坊85,3,-99,9999
135.893991,34.413279,29441,3,99999,03102,吉野運動公園野球場,山口910,3,-99,9999
135.893034,34.412411,29441,3,99999,03101,吉野運動公園多目的グラウンド,山口910,3,-99,9999
135.893034,34.412343,29441,3,99999,03103,吉野運動公園多目的グラウンド,山口910,3,-99,9999
135.893046,34.41226,29441,3,99999,03102,吉野運動公園多目的グラウンド,山口910,3,-99,9999
135.892,34.412083,29441,3,99999,03109,吉野運動公園体育館,山口910,3,2,1979
135.891994,34.412005,29441,3,99999,03120,吉野運動公園体育館,山口910,3,2,1979
135.891994,34.411941,29441,3,99999,03129,吉野運動公園体育館,山口910,3,2,1979
135.892113,34.412083,29441,3,99999,03110,吉野運動公園体育館柔剣道場,山口910,3,2,1979
135.892107,34.41201,29441,3,99999,03111,吉野運動公園体育館柔剣道場,山口910,3,2,1979
135.892101,34.411941,29441,3,99999,03113,吉野運動公園体育館柔剣道場,山口910,3,2,1979
135.890913,34.410838,29441,3,99999,03115,吉野運動公園庭球場,山口910,3,-99,9999
135.887517,34.383295,29441,3,99999,03138,吉野町老人福祉センター付設ゲートボール場,楢井587,3,-99,9999
135.783899,34.397522,29442,3,99999,03103,大淀町平畑運動公園,大字桧垣本2445-23,3,-99,9999
135.800804,34.3932,29442,3,99999,03102,大淀健民運動場大淀健民運動場,大字土田412-2,3,-99,9999
135.815004,34.389798,29442,3,99999,03104,大淀町北野運動公園,大字北野344-9,3,-99,9999
135.821416,34.401405,29442,3,99999,03105,大淀健康づくりセンター,大字北野89-1,4,-99,9999
135.821404,34.401307,29442,3,99999,03129,大淀健康づくりセンター,大字北野89-1,4,-99,9999
135.821416,34.401219,29442,3,99999,03132,大淀健康づくりセンター,大字北野89-1,4,-99,9999
135.787462,34.387935,29442,3,99999,03109,大淀町桜ケ丘体育館,大字下渕1299,3,-99,9999
135.787462,34.387876,29442,3,99999,03120,大淀町桜ケ丘体育館,大字下渕1299,3,-99,9999
135.833062,34.39834,29442,3,99999,03109,大淀町旭ケ丘体育館,大字比曽331,3,-99,9999
135.833062,34.398372,29442,3,99999,03120,大淀町旭ケ丘体育館,大字比曽331,3,-99,9999
135.787333,34.397049,29442,3,99999,03109,平畑体育館,大字桧垣本2445-19,3,-99,9999
135.787333,34.39697,29442,3,99999,03120,平畑体育館,大字桧垣本2445-19,3,-99,9999
135.784814,34.398248,29442,3,99999,03115,大淀町平畑運動公園テニスコート,大字桧垣本2445-23,3,-99,9999
135.792791,34.372984,29443,3,99999,03102,下市健民運動場,阿知賀581,3,-99,9999
135.793379,34.360611,29443,3,99999,03102,下市町総合運動場,善城140,3,-99,9999
135.788068,34.365975,29443,3,99999,03102,下市中央公園多目的運動場,下市2227,3,-99,9999
135.788068,34.365891,29443,3,99999,03104,下市中央公園多目的運動場,下市2227,3,-99,9999
135.787022,34.36597,29443,3,99999,03109,下市中央公園体育館,下市2227,3,-99,9999
135.787022,34.365896,29443,3,99999,03120,下市中央公園体育館,下市2227,3,-99,9999
135.787188,34.365994,29443,3,99999,03110,下市中央公園柔剣道場,下市2227,3,-99,9999
135.7872,34.36593,29443,3,99999,03111,下市中央公園柔剣道場,下市2227,3,-99,9999
135.787206,34.365867,29443,3,99999,03113,下市中央公園柔剣道場,下市2227,3,-99,9999
135.788478,34.363758,29443,3,99999,03115,下市中央公園テニスコート,下市2227,3,-99,9999
135.786475,34.364552,29443,3,99999,03138,下市中央公園ゲートボール場,下市2227,3,-99,9999
135.835411,34.3067,29444,3,99999,03102,黒滝村健民運動場,堂原,3,-99,9999
135.835411,34.306626,29444,3,99999,03103,黒滝村健民運動場,堂原,3,-99,9999
135.855583,34.242769,29446,3,99999,03104,天川健民運動場,大字沢谷,3,-99,9999
135.884247,34.269729,29446,3,99999,03109,天川村立体育館,大字洞川400,3,-99,9999
135.884235,34.269675,29446,3,99999,03120,天川村立体育館,大字洞川400,3,-99,9999
135.884235,34.269617,29446,3,99999,03111,天川村立体育館,大字洞川400,3,-99,9999
135.66596,34.209268,29447,3,99999,03102,野迫川健民運動場,大字中330,3,-99,9999
135.66596,34.209194,29447,3,99999,03103,野迫川健民運動場,大字中330,3,-99,9999
135.667433,34.209028,29447,3,99999,03115,奥高野自然の里,大字中369,3,-99,9999
135.667439,34.208949,29447,3,99999,03104,奥高野自然の里,大字中369,3,-99,9999
135.667121,34.209089,29447,3,99999,03109,奥高野自然の里,大字中369,3,-99,9999
135.667121,34.209072,29447,3,99999,03109,旧野川小体育館,大字中369,3,-99,9999
135.961261,34.046979,29450,3,99999,03104,下北山村総合スポーツ公園,大字上池原,4,-99,9999
135.969045,34.048614,29450,3,99999,03142,下北山村総合スポーツ公園,大字上池原,4,-99,9999
135.962203,34.047813,29450,3,99999,03109,自然教室体育館,大字上池原,3,-99,9999
135.980369,34.00734,29450,3,99999,03109,桑原体育館,大字上桑原,3,-99,9999
135.963198,34.047728,29450,3,99999,03115,下北山村スポーツ公園テニスコート,大字上池原,4,-99,9999
135.958634,34.039667,29450,3,99999,03138,池郷川４面ゲートボール場,大字上池原,3,-99,9999
135.917223,34.355896,29452,3,99999,03102,川上健民運動場,西河,3,-99,9999
135.917217,34.355813,29452,3,99999,03103,川上健民運動場,西河,3,-99,9999
135.917217,34.355734,29452,3,99999,03104,川上健民運動場,西河,3,-99,9999
135.917264,34.358319,29452,3,99999,03115,あきつの小野スポーツ公園庭球場,西河,3,-99,9999
135.917864,34.358874,29452,3,99999,03138,あきつの小野スポーツ公園ゲートボール場,西河,3,-99,9999
135.917216419813,34.3559799276767,29452,3,99999,03104,あきつの小野スポーツ公園多目的運動場,西河,3,-99,9999
135.941292,34.381012,29453,3,99999,03104,東吉野村運動公園多目的運動場,大字中黒1222,3,-99,9999
135.941298,34.380933,29453,3,99999,03102,東吉野村運動公園多目的運動場,大字中黒1222,3,-99,9999
135.941304,34.38085,29453,3,99999,03101,東吉野村運動公園多目的運動場,大字中黒1222,3,-99,9999
135.942314,34.381154,29453,3,99999,03109,東吉野村運動公園体育館,大字中黒1222,3,-99,9999
135.942326,34.381095,29453,3,99999,03120,東吉野村運動公園体育館,大字中黒1222,3,-99,9999
135.94232,34.381027,29453,3,99999,03129,東吉野村運動公園体育館,大字中黒1222,3,-99,9999
135.942469,34.381355,29453,3,99999,03115,東吉野村運動公園テニスコート,大字中黒1222,3,-99,9999
135.2561,34.723524,28101,3,03001,03001,香雪美術館,御影郡家2-12-1,4,2,1973
135.270544,34.68825,28101,3,03001,03001,神戸ファッション美術館,向洋町中2-9-1,3,-99,1997
135.267488,34.692694,28101,3,03001,03001,神戸市立小磯記念美術館,向洋町中5-7（六甲アイランド公園内）,3,2,1992
135.258044,34.730746,28101,3,03001,03001,白鶴美術館,住吉山手6-1-1,4,2,1934
135.191567,34.701286,28110,3,03001,03001,神戸北野美術館,北野町2-9-6（異人館ホワイトハウス）,4,1,1898
135.218033,34.69913,28110,3,03001,03001,兵庫県立美術館,脇浜海岸通1-1-1,2,4,2002
135.357479,34.766854,28204,3,03001,03001,頴川美術館,上甲東園1-10-40,4,2,1973
135.324649,34.732108,28204,3,03001,03001,西宮市大谷記念美術館,中浜町4-38,4,-99,1972
135.324638,34.737748,28204,3,03001,03001,大手前アートセンター,御茶家所町6-42,4,3,1992
135.285227,34.772856,28206,3,03001,03001,エンバ中国近代美術館,奥池町12-1,4,-99,1980
135.310511,34.721775,28206,3,03001,03001,芦屋市立美術博物館,伊勢町12-25,3,2,1991
135.296651,34.739356,28206,3,03001,03001,滴翠美術館,山芦屋町13-3,4,3,9999
135.30054,34.734912,28206,3,03001,03001,俵美術館,月若町6-1,4,-99,1988
135.417251,34.782548,28207,3,03001,03001,伊丹市立美術館,宮ノ前2-5-20,3,2,1987
135.352764,34.821735,28214,3,03001,03001,鉄斎美術館,米谷字清シ1（清荒神清澄寺山内）,4,1,1975
135.348312,34.807127,28214,3,03001,03001,宝塚市立手塚治虫記念館,武庫川町7-65,3,2,1994
135.132081,34.981041,28221,3,03001,03001,丹波立杭焼伝統産業会館,今田町上立杭3,3,-99,1985
135.130872,34.983539,28221,3,03001,03001,兵庫陶芸美術館,今田町上立杭4,2,2,2005
135.267858,34.708687,28101,3,03002,03002,菊正宗酒造記念館,魚崎西町1-9-1,4,2,1999
135.292695,34.722259,28101,3,03002,03002,神戸深江生活文化史料館,深江本町3-5-7,3,-99,1981
135.261043,34.710282,28101,3,03002,03002,白鶴酒造資料館,住吉南町4-5-5,4,-99,1982
135.232874,34.703555,28102,3,03002,03002,「昔の酒蔵」沢の鶴資料館,大石南町1-29-1,4,-99,1978
135.238322,34.761686,28102,3,03002,03002,オルゴール・ミュージアムホール・オブ・ホールズ六甲,六甲山町北六甲4512-145,4,2,1994
135.229406,34.756929,28102,3,03002,03002,兵庫県立六甲山自然保護センター,六甲山町北六甲123,2,1,1975
135.173519,34.694013,28105,3,03002,03002,神戸市水の科学博物館,楠谷町37-1,3,2,1989
135.111636,34.648893,28107,3,03002,03002,須磨寺宝物殿,須磨寺町4-6-8,4,2,1962
135.13023,34.66197,28107,3,03002,03002,百耕資料館,板宿町2-2-1（育英幼稚園内）,4,-99,1988
135.034404,34.630096,28108,3,03002,03002,孫中山記念館（重要文化財・移情閣）,東舞子町2051,4,-99,1984
135.251225,34.798622,28109,3,03002,03002,切手文化博物館,有馬町663-3,4,-99,2005
135.216903,34.665168,28110,3,03002,03002,ＵＣＣコーヒー博物館,港島中町6-6-2,4,3,1987
135.194129,34.688221,28110,3,03002,03002,神戸らんぷミュージアム,京町80（クリエイト神戸2・3階）,4,14,1999
135.187165,34.685991,28110,3,03002,03002,神戸華僑歴史博物館,海岸通3-1-1,4,10,1979
135.188257,34.682818,28110,3,03002,03002,神戸海洋博物館,波止場町2-2（メリケンパーク内）,4,2,1987
135.218475,34.666374,28110,3,03002,03002,神戸市立青少年科学館,港島中町7-7-6,3,-99,1984
135.192883,34.687222,28110,3,03002,03002,神戸市立博物館,京町24,3,5,1975
135.184439,34.693526,28110,3,03002,03002,竹中大工道具館,中山手通4-18-25,4,-99,1984
135.17521,34.681929,28110,3,03002,03002,湊川神社宝物殿,多聞通3-1-1,4,2,1963
135.017889,34.714773,28111,3,03002,03002,神戸市埋蔵文化財センター,糀台6（西神中央公園内）,3,3,1991
135.01167,34.733806,28111,3,03002,03002,長福寺考古資料館,押部谷町養田369,4,1,1968
135.431794,34.74677,28202,3,03002,03002,近松記念館,久々知1-4-38,4,3,1975
135.439906,34.770041,28202,3,03002,03002,尼崎市立田能資料館,田能6-5-1,3,-99,1970
135.413381,34.716213,28202,3,03002,03002,尼崎信用金庫・世界の貯金箱博物館,西本町北通3-93,4,-99,1984
135.001511,34.64939,28203,3,03002,03002,明石市立天文科学館,人丸町2-6,3,16,1960
135.337926,34.727942,28204,3,03002,03002,白鹿記念酒造博物館（酒ミュージアム）,鞍掛町8-21,4,-99,1982
135.327927,34.712165,28204,3,03002,03002,西宮市貝類館,西宮浜4-13-4,3,-99,1999
135.329782,34.730903,28204,3,03002,03002,西宮市立郷土資料館,川添町15-26,3,-99,1985
135.298334,34.830437,28204,3,03002,03002,西宮市立郷土資料館分館・名塩和紙学習館,名塩2-10-8,3,-99,1989
135.328593,34.735191,28204,3,03002,03002,辰馬考古資料館,松下町2-28,4,-99,1978
135.309566,34.756716,28204,3,03002,03002,堀江オルゴール博物館,苦楽園4-7-1,4,-99,1993
135.311268,34.722245,28206,3,03002,03002,芦屋市谷崎潤一郎記念館,伊勢町12-15,3,2,1988
135.394781,34.791241,28207,3,03002,03002,伊丹市昆虫館,昆陽池3-1,4,-99,1990
135.433279,34.782763,28207,3,03002,03002,伊丹市立こども文化科学館,桑津3-1-36,3,-99,1990
135.40153,34.784964,28207,3,03002,03002,伊丹市立博物館,千僧1-1-1,3,2,1972
135.417251,34.782548,28207,3,03002,03002,柿衞文庫,宮ノ前2-5-20,4,2,1984
135.420054,34.881314,28217,3,03002,03002,大阪青山歴史文学博物館,長尾町10-1,4,-99,1999
135.198965,34.88623,28219,3,03002,03002,兵庫県立人と自然の博物館,弥生が丘6,2,4,1992
135.27682,34.728163,28101,3,03003,03003,神戸市立東灘図書館,岡本1-7-3,3,-99,9999
135.23824,34.715775,28102,3,03003,03003,神戸市立灘図書館,永手町4-2-1（フォレスタ六甲2F）,3,-99,9999
135.16583,34.668251,28105,3,03003,03003,神戸市立兵庫図書館,駅南通5-1-1,3,-99,9999
135.144554,34.659835,28106,3,03003,03003,神戸市立新長田図書館,細田町7-1-27,3,-99,9999
135.12925,34.650836,28107,3,03003,03003,神戸市立須磨図書館,中島町1-2-3,3,-99,9999
135.056757,34.630615,28108,3,03003,03003,神戸市立垂水図書館,日向1-5-1,3,-99,9999
135.143998,34.727355,28109,3,03003,03003,神戸市立北図書館,鈴蘭台西町1-22-1,3,-99,9999
135.221489,34.82104,28109,3,03003,03003,神戸市立北図書館北神分館,藤原台中町1-2-1,3,-99,9999
135.197355,34.694887,28110,3,03003,03003,神戸市立三宮図書館,雲井通5-1-2,3,-99,9999
135.174079,34.685611,28110,3,03003,03003,神戸市立中央図書館,楠町7-2-1,3,-99,9999
135.01887,34.717716,28111,3,03003,03003,神戸市立西図書館,糀台5-6-1（区民センター1F）,3,-99,9999
135.418031,34.716305,28202,3,03003,03003,尼崎市立中央図書館,北城内27,3,-99,9999
135.394183,34.747136,28202,3,03003,03003,尼崎市立北図書館,南武庫之荘3-21-21,3,-99,9999
135.329926,34.73083,28204,3,03003,03003,西宮市立中央図書館,川添町15-26,3,-99,1985
135.358472,34.747296,28204,3,03003,03003,西宮市立北口図書館,北口町1-2,3,-99,2001
135.307509,34.826346,28204,3,03003,03003,西宮市立北部図書館,名塩新町1,3,4,1990
135.36462,34.719092,28204,3,03003,03003,西宮市立鳴尾図書館,甲子園八番町1-20,3,-99,1998
135.3119,34.722414,28206,3,03003,03003,芦屋市立図書館,伊勢町12-5,3,-99,9999
135.415882,34.784037,28207,3,03003,03003,伊丹市立図書館,宮ノ前3-7-4,3,-99,9999
135.408705,34.765924,28207,3,03003,03003,伊丹市立図書館南分館,南野2-3-25,3,-99,9999
135.388259,34.802771,28207,3,03003,03003,伊丹市立図書館北分館,北野4-30,3,-99,9999
135.35328,34.790254,28214,3,03003,03003,宝塚市立西図書館,小林2-7-30,3,4,1994
135.352201,34.810793,28214,3,03003,03003,宝塚市立中央図書館,清荒神1-2-18,3,-99,9999
135.412417,34.826515,28217,3,03003,03003,川西市立中央図書館,栄町25-1（アステ川西内）,3,-99,9999
135.218879,34.877924,28219,3,03003,03003,三田市立図書館,南が丘2-11-57,3,2,1990
135.060642,34.905447,28228,3,03003,03003,加東市東条図書館,天神66,3,-99,9999
135.362949,34.904675,28301,3,03003,03003,猪名川町立図書館,白金1-74-16,3,-99,9999
135.127802,34.643852,28107,3,03004,03004,神戸市立須磨海浜水族園,若宮町1-3-5,3,-99,1987
135.214159,34.710192,28102,3,03005,03005,神戸市立王子動物園,王子町3-1,3,-99,1951
135.242044,34.761908,28102,3,03005,03005,六甲高山植物園,六甲山町北六甲4512-150,4,-99,1933
135.178606,34.737966,28109,3,03005,03005,神戸市立森林植物園,山田町上谷上字長尾1-2,3,-99,1957
135.344423,34.808793,28214,3,03005,03005,宝塚ガーデンフィールズ,栄町1-1-57,4,-99,2001
135.215885,34.668941,28110,3,99999,03002,アシックス・スポーツミュージアム,港島中町7-1-1,4,-99,2009
135.187593,34.906251,28219,3,99999,03003,三田市立図書館ウッディタウン分館,けやき台1-4-1,3,-99,2005
135.124016,34.886666,28215,3,03003,03003,三木市立吉川図書館,吉川町吉安246-1,3,-99,9999
135.037473,34.778136,28215,3,99999,03003,三木市立青山図書館,志染町青山3-15-2,3,-99,9999
135.174333,34.681124,28110,3,99999,03003,神戸市立点字図書館,橘通3-4-1（総合福祉センター内）,4,-99,9999
135.345607,34.734209,28204,3,99999,03003,西宮市視覚障害者図書館,染殿町8-17（西宮市総合福祉センター内）,4,-99,9999
135.211546,34.708014,28110,3,99999,03003,兵庫県点字図書館,坂口通2-1-18（兵庫県福祉センター内）,4,-99,9999
135.043251,34.772178,28215,3,99999,03003,関西国際大学三木キャンパス図書館,志染町青山1-18,4,-99,9999
135.164932,34.914627,28219,3,99999,03003,関西学院大学神戸三田キャンパス図書メディア館,学園2-1,4,-99,9999
135.417567,34.764477,28207,3,99999,03003,大手前大学・大手前短期大学図書館伊丹図書館,稲野町2-2-2,4,-99,9999
135.017042,34.9117,28228,3,99999,03003,兵庫教育大学附属図書館,下久米942-1,0,-99,9999
135.334243,34.806806,28214,3,99999,03003,甲子園大学図書館,紅葉ガ丘10-1,4,-99,9999
135.409878,34.748284,28202,3,99999,03003,園田学園女子大学図書館,南塚口町7-29-1,4,-99,9999
135.438343,34.748946,28202,3,99999,03003,聖トマス大学図書館,若王寺2-18-1,4,-99,9999
135.059888,34.680442,28111,3,99999,03003,神戸市外国語大学学術情報センター,学園東町9-1,0,-99,9999
135.234949,34.729408,28102,3,99999,03003,神戸大学附属図書館経済経営研究所図書館,六甲台町2-1,0,-99,9999
135.052777,34.678421,28111,3,99999,03003,兵庫県立大学政策科学研究所資料センター,学園西町8-2-1,0,-99,9999
135.155444,34.728231,28109,3,99999,03003,神戸親和女子大学附属図書館,鈴蘭台北町7-13-1,4,-99,9999
135.05254,34.686984,28111,3,99999,03003,神戸市看護大学図書館,学園西町3-4,0,-99,9999
135.057434,34.686681,28111,3,99999,03003,流通科学大学附属図書館,学園西町3-1,4,-99,9999
135.270235,34.681521,28101,3,99999,03003,神戸国際大学情報センター図書館,向洋町中9-1-6,4,-99,9999
135.283241,34.731958,28101,3,99999,03003,神戸薬科大学図書館,本山北町4-19-1,4,-99,9999
135.029061,34.663414,28111,3,99999,03003,神戸学院大学有瀬図書館,伊川谷町有瀬518,4,-99,9999
135.14404,34.671976,28106,3,99999,03003,神戸学院大学法科図書館,西山町2-3-3,4,-99,9999
135.207674,34.668695,28110,3,99999,03003,神戸女子短期大学図書館,港島中町4-7-2,4,-99,9999
135.204423,34.665253,28110,3,99999,03003,神戸夙川学院大学図書館,港島1-3-11,4,-99,9999
135.05106,34.678226,28111,3,99999,03003,兵庫県立大学神戸学園都市学術情報館図書館,学園西町8-2-1,0,-99,9999
135.195295,34.696576,28110,3,99999,03003,日本経済大学神戸三宮図書館,琴ノ緒町4-4-7,4,-99,9999
135.2197,34.653788,28110,3,99999,03003,兵庫県立大学神戸ポートアイランド学術情報館,港島南町7-1-28（計算科学センタービル5F）,0,-99,9999
135.288385,34.734973,28101,3,99999,03003,甲南女子大学図書館,森北町6-2-23,4,-99,9999
135.267849,34.728983,28101,3,99999,03003,甲南大学図書館,岡本8-9-1,4,-99,9999
135.055973,34.677579,28111,3,99999,03003,神戸芸術工科大学図書館,学園西町8-1-1,4,-99,9999
135.171355,34.684791,28110,3,99999,03003,神戸大学附属図書館医学分館,楠町7-5-1,0,-99,9999
135.289469,34.718447,28101,3,99999,03003,神戸大学附属図書館海事科学分館,深江南町5-1-1,0,-99,9999
135.228775,34.727399,28102,3,99999,03003,神戸松蔭女子学院大学図書館,篠原伯母野山町1-2-1,4,-99,9999
135.234995,34.733544,28102,3,99999,03003,神戸大学附属図書館人間科学図書館,鶴甲3-11,0,-99,9999
135.108926,34.658082,28107,3,99999,03003,神戸女子大学図書館,東須磨青山2-1,4,-99,9999
135.204118,34.669422,28110,3,99999,03003,神戸学院大学ポーアイ図書館,港島1-1-3,4,-99,9999
135.235683,34.726006,28102,3,99999,03003,神戸大学附属図書館自然科学系図書館,六甲台町1-1,0,-99,9999
135.234815,34.724868,28102,3,99999,03003,神戸大学附属図書館人文科学図書館,六甲台町1-1,0,-99,9999
135.236625,34.73012,28102,3,99999,03003,神戸大学附属図書館総合・国際文化学図書館,鶴甲1-2-1,0,-99,9999
135.234063,34.72931,28102,3,99999,03003,神戸大学附属図書館社会科学系図書館,六甲台町2-1,0,-99,9999
135.370315,34.743288,28204,3,99999,03003,甲子園短期大学図書館,瓦林町4-25,4,-99,9999
135.326131,34.738331,28204,3,99999,03003,大手前大学・大手前短期大学図書館メディアライブラリーCELL,御茶家所町6-42,4,-99,9999
135.346712,34.769773,28204,3,99999,03003,関西学院大学西宮上ケ原キャンパス図書館,上ケ原一番町1-155,4,-99,9999
135.213959,34.708559,28102,3,99999,03001,兵庫県立美術館王子分館・横尾忠則現代美術館,原田通3-8-30,2,4,2012
135.198165,34.687176,28110,3,99999,03002,民音音楽博物館・西日本館,浜辺通6-3-16（関西国際文化センター3Ｆ）,4,-99,2012
135.365481,34.699204,28204,3,99999,03109,兵庫県立総合体育館,鳴尾浜1-16-8,3,-99,9999
135.365611,34.699087,28204,3,99999,03129,兵庫県立総合体育館,鳴尾浜1-16-8,3,-99,9999
135.365516,34.698794,28204,3,99999,03113,兵庫県立総合体育館,鳴尾浜1-16-8,3,-99,9999
135.365421,34.69854,28204,3,99999,03132,兵庫県立総合体育館,鳴尾浜1-16-8,3,-99,9999
135.143652,34.663669,28106,3,99999,03109,兵庫県立文化体育館,蓮池町1-1,3,-99,9999
135.14383,34.663625,28106,3,99999,03129,兵庫県立文化体育館,蓮池町1-1,3,-99,9999
135.14408,34.663547,28106,3,99999,03113,兵庫県立文化体育館,蓮池町1-1,3,-99,9999
135.143569,34.663405,28106,3,99999,03132,兵庫県立文化体育館,蓮池町1-1,3,-99,9999
135.143908,34.663302,28106,3,99999,03129,兵庫県立文化体育館,蓮池町1-1,3,-99,9999
135.143747,34.663366,28106,3,99999,03106,兵庫県立文化体育館,蓮池町1-1,3,-99,9999
135.322667,34.725109,28206,3,99999,03140,兵庫県立海洋体育館,浜風町30-2,3,-99,9999
135.174358,34.682846,28110,3,99999,03109,中央体育館,楠町4-1-1,3,-99,1965
135.174435,34.682792,28110,3,99999,03129,中央体育館,楠町4-1-1,3,-99,1965
135.21244,34.711306,28102,3,99999,03109,王子スポーツセンター,青谷町1-1-1,3,-99,9999
135.213878,34.712469,28102,3,99999,03115,王子スポーツセンター,青谷町1-1-1,3,-99,9999
135.21263,34.711228,28102,3,99999,03120,王子スポーツセンター,青谷町1-1-1,3,-99,9999
135.278066,34.71483,28101,3,99999,03109,東灘体育館,魚崎南町6-5-11,3,-99,9999
135.278149,34.714596,28101,3,99999,03120,東灘体育館,魚崎南町6-5-11,3,-99,9999
135.278137,34.714723,28101,3,99999,03129,東灘体育館,魚崎南町6-5-11,3,-99,9999
135.128881,34.650768,28107,3,99999,03109,須磨体育館,中島町1-2-2,3,-99,9999
135.129077,34.650724,28107,3,99999,03120,須磨体育館,中島町1-2-2,3,-99,9999
135.128982,34.650739,28107,3,99999,03132,須磨体育館,中島町1-2-2,3,-99,9999
135.051234,34.633079,28108,3,99999,03109,垂水体育館,旭が丘2-1-22,3,-99,9999
135.051376,34.632991,28108,3,99999,03120,垂水体育館,旭が丘2-1-22,3,-99,9999
135.051257,34.632971,28108,3,99999,03132,垂水体育館,旭が丘2-1-22,3,-99,9999
135.210606,34.663272,28110,3,99999,03105,ポートアイランドスポーツセンター,港島中町6-12-1,4,-99,9999
135.210713,34.663048,28110,3,99999,03124,ポートアイランドスポーツセンター,港島中町6-12-1,4,-99,9999
135.210015,34.664183,28110,3,99999,03109,ポートアイランドホール（ワールド記念ホール）,港島中町6-12-2,3,-99,9999
135.210205,34.663861,28110,3,99999,03120,ポートアイランドホール（ワールド記念ホール）,港島中町6-12-2,3,-99,9999
135.210122,34.664066,28110,3,99999,03112,ポートアイランドホール（ワールド記念ホール）,港島中町6-12-2,3,-99,9999
135.080391,34.682338,28107,3,99999,03101,神戸総合運動公園,緑台,3,-99,9999
135.073475,34.680755,28107,3,99999,03102,神戸総合運動公園,緑台,3,-99,9999
135.06991,34.683774,28107,3,99999,03103,神戸総合運動公園,緑台,3,-99,9999
135.080783,34.680491,28107,3,99999,03147,神戸総合運動公園,緑台,3,-99,9999
135.07761,34.677369,28107,3,99999,03115,神戸総合運動公園,緑台,3,-99,9999
135.115506,34.709615,28109,3,99999,03109,しあわせの村,山田町下谷上字中一里山14-1,4,-99,9999
135.11547,34.709454,28109,3,99999,03120,しあわせの村,山田町下谷上字中一里山14-1,4,-99,9999
135.115434,34.709263,28109,3,99999,03116,しあわせの村,山田町下谷上字中一里山14-1,4,-99,9999
135.111495,34.706376,28109,3,99999,03103,しあわせの村,山田町下谷上字中一里山14-1,4,-99,9999
135.115131,34.708941,28109,3,99999,03129,しあわせの村,山田町下谷上字中一里山14-1,4,-99,9999
135.107323,34.717044,28109,3,99999,03134,しあわせの村,山田町下谷上字中一里山14-1,4,-99,9999
135.117044,34.712638,28109,3,99999,03115,しあわせの村,山田町下谷上字中一里山14-1,4,-99,9999
135.222577,34.84661,28109,3,99999,03109,北神戸田園スポーツ公園,有野町二郎,3,-99,9999
135.222803,34.846541,28109,3,99999,03120,北神戸田園スポーツ公園,有野町二郎,3,-99,9999
135.222577,34.846424,28109,3,99999,03129,北神戸田園スポーツ公園,有野町二郎,3,-99,9999
135.220379,34.847136,28109,3,99999,03103,北神戸田園スポーツ公園,有野町二郎,3,-99,9999
135.222221,34.847614,28109,3,99999,03115,北神戸田園スポーツ公園,有野町二郎,3,-99,9999
135.064443,34.658195,28108,3,99999,03103,垂水健康公園,名谷町字丸尾,3,-99,9999
135.06373,34.660922,28108,3,99999,03147,垂水健康公園,名谷町字丸尾,3,-99,9999
135.073528,34.68096,28107,3,99999,03102,ほっともっとフィールド神戸,緑台,3,-99,9999
135.076701,34.675859,28107,3,99999,03115,ほっともっとフィールド神戸,緑台,3,-99,9999
135.075418,34.677579,28107,3,99999,03103,ほっともっとフィールド神戸,緑台,3,-99,9999
135.080623,34.684028,28107,3,99999,03101,ほっともっとフィールド神戸,緑台,3,-99,9999
135.080742,34.680804,28107,3,99999,03147,ほっともっとフィールド神戸,緑台,3,-99,9999
135.168865,34.657007,28105,3,99999,03105,ノエビアスタジアム神戸,御崎町1-2-2,4,-99,9999
135.168889,34.656802,28105,3,99999,03129,ノエビアスタジアム神戸,御崎町1-2-2,4,-99,9999
135.168936,34.656577,28105,3,99999,03103,ノエビアスタジアム神戸,御崎町1-2-2,4,-99,9999
135.168972,34.656264,28105,3,99999,03115,ノエビアスタジアム神戸,御崎町1-2-2,4,-99,9999
135.423643,34.731604,28202,3,99999,03109,総合体育館・地区体育館,西長洲町1-4-1,3,-99,9999
135.42217,34.73218,28202,3,99999,03102,野球場,西長洲町1-4-1,3,-99,9999
135.423287,34.729977,28202,3,99999,03115,テニスコート,西長洲町1-4-2,3,-99,9999
135.458455,34.751048,28202,3,99999,03115,下水道スポーツ施設（テニスコートなど）,東園田町7-82,3,-99,9999
135.421991,34.730344,28202,3,99999,03101,記念公園ベイコム陸上競技場,西長洲町1-4-1,4,-99,9999
135.411494,34.734915,28202,3,99999,03107,芦原公園及び北雁替公園市民プール,東七松町2-3-25,3,-99,9999
135.41313,34.718818,28202,3,99999,03105,屋内プール,西御園町93-2（サンシビック尼崎内）,3,-99,9999
135.419181,34.746181,28202,3,99999,03105,屋内プール,南塚口町4-4-8（市民健康開発センターハーティ21内）,3,-99,9999
135.404674,34.744697,28202,3,99999,03109,青少年スポーツ施設,栗山町2-25-1,3,-99,9999
135.40465,34.744618,28202,3,99999,03120,青少年スポーツ施設,栗山町2-25-1,3,-99,9999
135.371921,34.764809,28202,3,99999,03146,武庫川河川敷ランニングコース,詳細住所不明,3,-99,9999
135.421219,34.731392,28202,3,99999,03146,記念公園ランニングコース,詳細住所不明,3,-99,9999
135.407591,34.734242,28202,3,99999,03146,橘公園ランニングコース,詳細住所不明,3,-99,9999
135.45025,34.765556,28202,3,99999,03146,猪名川公園ランニングコース,詳細住所不明,3,-99,9999
135.423394,34.730178,28202,3,99999,03115,記念公園テニスコート,西長洲町1-4-1,3,-99,9999
135.450786,34.764517,28202,3,99999,03115,猪名川公園テニスコート,椎堂1-502,3,-99,9999
135.344913,34.747965,28204,3,99999,03109,中央体育館・武道場,河原町1-16,3,-99,9999
135.344907,34.747755,28204,3,99999,03120,中央体育館・武道場,河原町1-16,3,-99,9999
135.344675,34.747428,28204,3,99999,03112,中央体育館・武道場,河原町1-16,3,-99,9999
135.351367,34.740424,28204,3,99999,03109,中央体育館分館,神祇官町2-6,3,-99,9999
135.351361,34.740293,28204,3,99999,03120,中央体育館分館,神祇官町2-6,3,-99,9999
135.349825,34.719796,28204,3,99999,03109,今津体育館,今津真砂町1-4,3,-99,9999
135.349718,34.719708,28204,3,99999,03120,今津体育館,今津真砂町1-4,3,-99,9999
135.370907,34.708724,28204,3,99999,03109,鳴尾体育館,上田西町4-43,3,-99,9999
135.37099,34.708636,28204,3,99999,03120,鳴尾体育館,上田西町4-43,3,-99,9999
135.37071,34.766012,28204,3,99999,03109,甲武体育館,上大市5-15-25,3,-99,9999
135.370853,34.766022,28204,3,99999,03120,甲武体育館,上大市5-15-25,3,-99,9999
135.320226,34.752039,28204,3,99999,03109,北夙川体育館,樋之池町11-33,3,-99,9999
135.32006,34.752029,28204,3,99999,03120,北夙川体育館,樋之池町11-33,3,-99,9999
135.305005,34.834253,28204,3,99999,03109,塩瀬体育館,東山台5-10-1,3,-99,9999
135.305183,34.834244,28204,3,99999,03120,塩瀬体育館,東山台5-10-1,3,-99,9999
135.235647,34.827242,28204,3,99999,03109,流通東体育館,山口町阪神流通センター1-5,3,-99,9999
135.235647,34.827154,28204,3,99999,03120,流通東体育館,山口町阪神流通センター1-5,3,-99,9999
135.362418,34.708658,28204,3,99999,03109,浜甲子園体育館,枝川町20,3,-99,9999
135.362358,34.708541,28204,3,99999,03120,浜甲子園体育館,枝川町20,3,-99,9999
135.362275,34.708707,28204,3,99999,03116,浜甲子園体育館,枝川町20,3,-99,9999
135.347063,34.749125,28204,3,99999,03102,中央運動公園野球場,河原町2,3,-99,9999
135.346492,34.748559,28204,3,99999,03138,中央運動公園野球場,河原町2,3,-99,9999
135.345363,34.749203,28204,3,99999,03103,中央運動公園野球場,河原町2,3,-99,9999
135.292865,34.837524,28204,3,99999,03102,高座山公園野球場,塩瀬町名塩（高座4441）,3,-99,9999
135.346006,34.71361,28204,3,99999,03102,甲子園浜野球場,甲子園浜2-7,3,-99,9999
135.36846,34.698685,28204,3,99999,03102,鳴尾浜臨海公園野球場,鳴尾浜1-5-2,3,-99,9999
135.235706,34.826383,28204,3,99999,03102,流通東公園野球場,山口町阪神流通センター1-5,3,-99,9999
135.347534,34.729867,28204,3,99999,03102,津門中央公園野球場,津門住江町3,3,-99,9999
135.360599,34.708487,28204,3,99999,03102,浜甲子園運動公園野球場,枝川町20,3,-99,9999
135.363772,34.708047,28204,3,99999,03115,浜甲子園運動公園野球場,枝川町20,3,-99,9999
135.362418,34.708629,28204,3,99999,03109,浜甲子園運動公園野球場,枝川町20,3,-99,9999
135.344897,34.750013,28204,3,99999,03115,中央運動公園テニスコート,中屋町8,3,-99,9999
135.320428,34.751395,28204,3,99999,03115,樋之池公園テニスコート,樋之池町11-33,3,-99,9999
135.306538,34.830878,28204,3,99999,03115,塩瀬中央公園テニスコート,東山台5-10,3,-99,9999
135.367842,34.699398,28204,3,99999,03115,鳴尾浜臨海公園テニスコート,鳴尾浜1-5-2,3,-99,9999
135.23577,34.827714,28204,3,99999,03115,流通東公園テニスコート,山口町阪神流通センター3,3,-99,9999
135.363642,34.707681,28204,3,99999,03115,浜甲子園運動公園テニスコート,枝川町20,3,-99,9999
135.306251,34.83357,28204,3,99999,03103,塩瀬中央公園多目的広場,東山台5,3,-99,9999
135.306239,34.83318,28204,3,99999,03102,塩瀬中央公園多目的広場,東山台5,3,-99,9999
135.306275,34.833375,28204,3,99999,03138,塩瀬中央公園多目的広場,東山台5,3,-99,9999
135.305086,34.834243,28204,3,99999,03109,塩瀬中央公園多目的広場,東山台5,3,-99,9999
135.327524,34.717408,28204,3,99999,03103,西宮浜総合公園北多目的広場,西宮浜3,3,-99,9999
135.326834,34.717657,28204,3,99999,03102,西宮浜総合公園北多目的広場,西宮浜3,3,-99,9999
135.332253,34.720983,28204,3,99999,03138,西宮浜総合公園北多目的広場,西宮浜3,3,-99,9999
135.344152,34.71428,28204,3,99999,03103,甲子園浜海浜公園多目的広場,浜甲子園3,3,-99,9999
135.345911,34.713928,28204,3,99999,03102,甲子園浜海浜公園多目的広場,浜甲子園3,3,-99,9999
135.343463,34.714494,28204,3,99999,03138,甲子園浜海浜公園多目的広場,浜甲子園3,3,-99,9999
135.275305,34.814669,28204,3,99999,03103,山口町多目的広場,山口町船坂北山鯉塚,3,-99,9999
135.275317,34.814493,28204,3,99999,03102,山口町多目的広場,山口町船坂北山鯉塚,3,-99,9999
135.347122,34.749262,28204,3,99999,03102,中央運動公園陸上競技場,河原町2,3,-99,9999
135.345506,34.749223,28204,3,99999,03101,中央運動公園陸上競技場,河原町2,3,-99,9999
135.346445,34.748676,28204,3,99999,03138,中央運動公園陸上競技場,河原町2,3,-99,9999
135.344983,34.749399,28204,3,99999,03103,中央運動公園陸上競技場,河原町2,3,-99,9999
135.330441,34.720265,28204,3,99999,03103,西宮浜総合公園多目的人工芝グラウンド,西宮浜3,3,-99,9999
135.330596,34.720578,28204,3,99999,03102,西宮浜総合公園多目的人工芝グラウンド,西宮浜3,3,-99,9999
135.36344,34.706987,28204,3,99999,03103,浜甲子園運動公園多目的広場,枝川町20,3,-99,9999
135.36155,34.707989,28204,3,99999,03102,浜甲子園運動公園多目的広場,枝川町20,3,-99,9999
135.364462,34.707544,28204,3,99999,03138,浜甲子園運動公園多目的広場,枝川町20,3,-99,9999
135.352136,34.753285,28204,3,99999,03102,能登運動場,能登町14-26,3,-99,9999
135.352124,34.752924,28204,3,99999,03138,能登運動場,能登町14-26,3,-99,9999
135.320036,34.751512,28204,3,99999,03106,樋之池公園プール,樋之池町11-33,3,-99,9999
135.300751,34.727107,28206,3,99999,03109,芦屋市立体育館／青少年センター,川西町15-3,3,-99,9999
135.300787,34.72696,28206,3,99999,03129,芦屋市立体育館／青少年センター,川西町15-3,3,-99,9999
135.300894,34.727038,28206,3,99999,03112,芦屋市立体育館／青少年センター,川西町15-3,3,-99,9999
135.307945,34.71185,28206,3,99999,03103,芦屋市総合公園,陽光町1-1,3,-99,9999
135.307672,34.712084,28206,3,99999,03101,芦屋市総合公園,陽光町1-1,3,-99,9999
135.305052,34.722077,28206,3,99999,03115,芦屋公園,松浜町4-4,3,-99,9999
135.399746,34.792042,28207,3,99999,03102,伊丹市立野球場,瑞ヶ丘1-1（瑞ヶ丘公園内）,3,-99,9999
135.422338,34.802578,28207,3,99999,03102,伊丹市立猪名川第１運動広場,北伊丹9,3,-99,9999
135.422493,34.801554,28207,3,99999,03102,伊丹市立猪名川第２運動広場,北伊丹9,3,-99,9999
135.426198,34.785759,28207,3,99999,03102,伊丹市立猪名川第３（Ａ・Ｂ）運動広場,東桑津字池田川筋,3,-99,9999
135.42627,34.784978,28207,3,99999,03103,伊丹市立猪名川第４運動広場,東桑津字池田川筋,3,-99,9999
135.42646,34.783885,28207,3,99999,03102,伊丹市立猪名川第４運動広場,東桑津字池田川筋,3,-99,9999
135.383428,34.80957,28207,3,99999,03115,伊丹市立荒牧運動広場,荒牧5-60,3,-99,9999
135.391794,34.808685,28207,3,99999,03102,伊丹市立古池運動広場,荻野6-24,3,-99,9999
135.395937,34.772083,28207,3,99999,03104,伊丹市立堀池運動広場,野間北1-23-1,3,-99,9999
135.427047,34.782057,28207,3,99999,03104,神津運動広場,森本1,3,-99,9999
135.388149,34.808976,28207,3,99999,03102,荻野スポーツ広場（北コミグラウンド）,荻野8-33,3,-99,9999
135.391046,34.771781,28207,3,99999,03115,山田コミュニティテニスコート,山田2-99,3,-99,9999
135.422779,34.79879,28207,3,99999,03115,猪名川テニスコート,北伊丹5,3,-99,9999
135.396837,34.789158,28207,3,99999,03146,陽池トリムランニングコース,昆陽池3-1,3,-99,9999
135.402054,34.797664,28207,3,99999,03146,瑞ヶ池トリムランニングコース,瑞ヶ丘5-1,3,-99,9999
135.415609,34.785019,28207,3,99999,03118,伊丹市立相撲場,宮ノ前3-1,3,-99,9999
135.417187,34.763175,28207,3,99999,03120,稲野（いなの）公園運動施設,稲野町2-3-2,3,-99,1984
135.418209,34.762511,28207,3,99999,03138,稲野（いなの）公園運動施設,稲野町2-3-2,3,-99,1984
135.40864,34.766102,28207,3,99999,03129,ラスタホール,南野2-3-25,3,-99,1992
135.408711,34.766024,28207,3,99999,03105,ラスタホール,南野2-3-25,3,-99,1992
135.410046,34.793788,28207,3,99999,03109,緑ケ丘（みどりがおか）体育館・武道館,森本字河原,3,-99,1982
135.410170477832,34.7944953557534,28207,3,99999,03106,緑ケ丘（みどりがおか）体育館・武道館,森本字河原,3,-99,1982
135.410213,34.79414,28207,3,99999,03129,フィットネスラスタ,緑ケ丘1-10-1,3,-99,1992
135.4101,34.794145,28207,3,99999,03105,フィットネスラスタ,緑ケ丘1-10-1,3,-99,1992
135.409848,34.773832,28207,3,99999,03107,女性・児童センター児童プール,御願塚6-1-1,3,-99,1970
135.394223,34.796057,28207,3,99999,03105,伊丹スポーツセンター,鴻池1-1-1,3,-99,1973
135.393927,34.795853,28207,3,99999,03109,伊丹スポーツセンター,鴻池1-1-1,3,-99,1973
135.393804,34.797002,28207,3,99999,03102,伊丹スポーツセンター,鴻池1-1-1,3,-99,1973
135.392528,34.798106,28207,3,99999,03101,伊丹スポーツセンター,鴻池1-1-1,3,-99,1973
135.39383,34.79573,28207,3,99999,03129,伊丹スポーツセンター,鴻池1-1-1,3,-99,1973
135.39324,34.798896,28207,3,99999,03115,伊丹スポーツセンター,鴻池1-1-1,3,-99,1973
135.41479,34.798525,28207,3,99999,03127,ローラースケート場,北伊丹8-230-1,3,-99,1982
135.414767,34.798428,28207,3,99999,03125,ローラースケート場,北伊丹8-230-1,3,-99,1982
135.410176,34.794586,28207,3,99999,03107,緑ケ丘（みどりがおか）プール,緑ケ丘1-20,3,-99,1965
135.362471,34.802101,28214,3,99999,03109,スポーツセンター,小浜1-1-11,3,-99,9999
135.362554,34.80257,28214,3,99999,03129,スポーツセンター,小浜1-1-11,3,-99,9999
135.362709,34.802404,28214,3,99999,03112,スポーツセンター,小浜1-1-11,3,-99,9999
135.364527,34.800842,28214,3,99999,03102,スポーツセンター,小浜1-1-11,3,-99,9999
135.364396,34.801779,28214,3,99999,03115,スポーツセンター,小浜1-1-11,3,-99,9999
135.363196,34.802121,28214,3,99999,03105,スポーツセンター,小浜1-1-11,3,-99,9999
135.363552,34.801164,28214,3,99999,03106,スポーツセンター,小浜1-1-11,3,-99,9999
135.034674,34.797492,28215,3,99999,03120,志染町公民館体育館,志染町井上173,3,-99,9999
135.034496,34.797502,28215,3,99999,03109,志染町公民館体育館,志染町井上173,3,-99,9999
135.025148,34.825066,28215,3,99999,03109,細川町公民館体育館,細川町豊地55-1,3,-99,9999
135.062373,34.856367,28215,3,99999,03109,口吉川町公民館体育館,口吉川町殿畑144,3,-99,9999
135.035527,34.775203,28215,3,99999,03109,緑が丘町公民館体育館,緑が丘町中3-38,3,-99,9999
135.035159,34.775184,28215,3,99999,03129,緑が丘町公民館体育館,緑が丘町中3-38,3,-99,9999
135.011846,34.783232,28215,3,99999,03109,自由が丘公民館体育館,志染町西自由が丘1-595,3,-99,9999
135.011703,34.783281,28215,3,99999,03129,自由が丘公民館体育館,志染町西自由が丘1-595,3,-99,9999
135.037508,34.77797,28215,3,99999,03109,青山公民館体育館,志染町青山3-15-2,3,-99,9999
135.032385,34.775121,28215,3,99999,03115,緑が丘スポーツ公園テニスコート,緑が丘町西2-42,3,-99,9999
135.418357,34.834263,28217,3,99999,03109,総合体育館,火打1-1-4,3,-99,9999
135.418476,34.834068,28217,3,99999,03112,総合体育館,火打1-1-4,3,-99,9999
135.418262,34.834136,28217,3,99999,03129,総合体育館,火打1-1-4,3,-99,9999
135.418285,34.83396,28217,3,99999,03146,総合体育館,火打1-1-4,3,-99,9999
135.418301,34.833418,28217,3,99999,03121,弓道場,火打1-1-5,3,-99,9999
135.415991,34.833135,28217,3,99999,03105,市民温水プール,火打1-3-3,3,-99,9999
135.411759,34.874253,28217,3,99999,03101,市民体育館,向陽台1-11-1,3,-99,9999
135.411569,34.874409,28217,3,99999,03112,市民体育館,向陽台1-11-1,3,-99,9999
135.413147,34.875251,28217,3,99999,03115,市民運動場,向陽台1-11-2,3,-99,9999
135.412434,34.8749,28217,3,99999,03102,市民運動場,向陽台1-11-2,3,-99,9999
135.413277,34.874646,28217,3,99999,03103,市民運動場,向陽台1-11-2,3,-99,9999
135.421404,34.8053,28217,3,99999,03115,東久代運動公園,東久代1-14,3,-99,9999
135.421749,34.804334,28217,3,99999,03102,東久代運動公園,東久代1-14,3,-99,9999
135.422011,34.803671,28217,3,99999,03103,東久代運動公園,東久代1-14,3,-99,9999
135.230077,34.898589,28219,3,99999,03102,城山公園,三輪1314,3,-99,9999
135.227486,34.899456,28219,3,99999,03115,城山公園,三輪1314,3,-99,9999
135.229566,34.90086,28219,3,99999,03109,城山公園,三輪1314,3,-99,9999
135.181041,34.910384,28219,3,99999,03102,駒ケ谷運動公園,ゆりのき台1-44,3,-99,9999
135.179615,34.910365,28219,3,99999,03115,駒ケ谷運動公園,ゆりのき台1-44,3,-99,9999
135.179543,34.911154,28219,3,99999,03109,駒ケ谷運動公園,ゆりのき台1-44,3,-99,9999
135.210943,34.88376,28219,3,99999,03102,三田谷公園,武庫が丘3-3836,3,-99,9999
135.210503,34.884638,28219,3,99999,03115,三田谷公園,武庫が丘3-3836,3,-99,9999
135.192767,34.906287,28219,3,99999,03102,中央公園,けやき台2-3,3,-99,9999
135.192137,34.906842,28219,3,99999,03115,中央公園,けやき台2-3,3,-99,9999
135.203289,34.959145,28219,3,99999,03115,下青野公園,下青野376,3,-99,9999
135.166851,34.912941,28219,3,99999,03102,学園東公園,学園3-3,3,-99,9999
135.166673,34.91258,28219,3,99999,03103,学園東公園,学園3-3,3,-99,9999
135.234982,34.945618,28219,3,99999,03102,小野公園,小野81-2,3,-99,9999
135.235339,34.944888,28219,3,99999,03103,小野公園,小野81-2,3,-99,9999
135.179057,34.903329,28219,3,99999,03103,平谷グラウンド,あかしあ台2-19-1,3,-99,9999
135.170866,34.93147,28219,3,99999,03102,テクノ公園,テクノパーク3-1,3,-99,9999
135.17064,34.931022,28219,3,99999,03103,テクノ公園,テクノパーク3-1,3,-99,9999
135.16695,34.947045,28219,3,99999,03109,三田勤労者体育センター,四ツ辻1424-1,3,-99,9999
135.166605,34.946577,28219,3,99999,03107,ふれあいと創造の里,四ツ辻1424-1,3,-99,9999
135.167176,34.945389,28219,3,99999,03104,ふれあいと創造の里,四ツ辻1424-1,3,-99,9999
135.225773,34.884052,28219,3,99999,03112,三田市心道会館,三田町19-33,3,-99,9999
135.02407,34.580183,28226,3,99999,03129,岩屋体育センター,岩屋2942-17,3,-99,9999
135.024129,34.58009,28226,3,99999,03109,岩屋体育センター,岩屋2942-17,3,-99,9999
135.050432,34.89496,28228,3,99999,03109,加東市東条第一体育館,岡本1564-1,3,-99,9999
135.062216,34.911454,28228,3,99999,03109,加東市東条第二体育館,天神626,3,-99,9999
135.048964,34.892203,28228,3,99999,03102,加東市東条グラウンド,岡本1521,3,-99,9999
135.04821,34.889418,28228,3,99999,03103,加東市東条健康の森スポーツ広場,新定724-11,3,-99,9999
135.084587,34.907785,28228,3,99999,03102,加東市東条野球場,長貞1823-33,3,-99,9999
135.049535,34.892698,28228,3,99999,03115,加東市東条グラウンド（テニスコート）,岡本1521,3,-99,9999
135.393211,34.907799,28301,3,99999,03105,猪名川町Ｂ＆Ｇ海洋センター,伏見台1-1-27,3,-99,2001
135.344836,34.925475,28301,3,99999,03109,猪名川町スポーツセンター,万善字十貫25-1,3,-99,9999
135.34505,34.924598,28301,3,99999,03115,猪名川町スポーツセンター,万善字十貫25-1,3,-99,9999
135.345157,34.925231,28301,3,99999,03120,猪名川町スポーツセンター,万善字十貫25-1,3,-99,9999
135.344896,34.925231,28301,3,99999,03111,猪名川町スポーツセンター,万善字十貫25-1,3,-99,9999
135.345026,34.925319,28301,3,99999,03132,猪名川町スポーツセンター,万善字十貫25-1,3,-99,9999
135.344943,34.925494,28301,3,99999,03129,猪名川町スポーツセンター,万善字十貫25-1,3,-99,9999
135.344955,34.926478,28301,3,99999,03102,猪名川町スポーツセンター,万善字十貫25-1,3,-99,9999
135.345003,34.926751,28301,3,99999,03101,猪名川町スポーツセンター,万善字十貫25-1,3,-99,9999
135.345157,34.925348,28301,3,99999,03113,猪名川町スポーツセンター,万善字十貫25-1,3,-99,9999
135.35594,34.89997,28301,3,99999,03115,登り尾公園・うぐいす池公園テニスコート,白金2-113-49,3,-99,9999
135.243789,34.851394,28109,3,99999,03142,守口市営鎌倉峡キャンプ場,道場町生野字ロクゴ318-30,3,-99,9999
135.524966,34.695199,27102,3,03001,03001,藤田美術館,網島町10-32,4,-99,1954
135.498663,34.661202,27111,3,03001,03001,日本工芸館,難波中3-7-6,4,3,1960
135.50545,34.693447,27127,3,03001,03001,大阪市立東洋陶磁美術館,中之島1-1-26,3,3,1982
135.491573,34.691244,27127,3,03001,03001,独立行政法人国立美術館・国立国際美術館,中之島4-2-55,0,-99,2004
135.50219,34.687699,27128,3,03001,03001,湯木美術館,平野町3-3-9,4,8,1987
135.456914,34.780465,27203,3,03001,03001,奥内陶芸美術館,岡町北3-8-7,4,-99,1972
135.428839,34.825521,27204,3,03001,03001,逸翁美術館,建石町12-27,4,2,2009
135.533526,34.812458,27205,3,03001,03001,大阪日本民芸館,千里万博公園10-5（千里万博公園内）,4,2,1972
135.574881,34.732088,27209,3,03001,03001,守口市現代南画美術館,大宮通1-13-29,3,-99,9999
135.652447,34.805706,27210,3,03001,03001,天門美術館,山之上北町3-1,4,-99,1965
135.453338,34.445059,27219,3,03001,03001,和泉市久保惣記念美術館,内田町3-6-12,3,-99,1982
135.392177,34.494747,27341,3,03001,03001,正木美術館,忠岡中2-9-26,4,2,1968
135.630903,34.511825,27382,3,03001,03001,大阪芸術大学博物館,東山469,4,-99,2002
135.462465,34.693465,27104,3,03002,03002,大阪市下水道科学館,高見1-2-53,3,6,1995
135.496399,34.686484,27106,3,03002,03002,大阪科学技術館,靱本町1-8-4,4,-99,1963
135.461916,34.670756,27107,3,03002,03002,交通科学博物館,波除3-11-10,4,-99,1962
135.517009,34.656036,27109,3,03002,03002,四天王寺宝物館,四天王寺1-11-18,4,-99,593
135.486887,34.654453,27111,3,03002,03002,大阪人権博物館,浪速西3-6-36,4,2,1985
135.541958,34.747514,27114,3,03002,03002,大阪経済大学70周年記念館ギャラリー,大桐2-8-11,4,5,2002
135.522579,34.610291,27121,3,03002,03002,大阪市立自然史博物館,長居公園1-23,3,3,1974
135.521018,34.696658,27127,3,03002,03002,造幣博物館,天満1-1-79,1,-99,1969
135.491358,34.691309,27127,3,03002,03002,大阪市立科学館,中之島4-2-1,3,-99,1989
135.526494,34.685811,27128,3,03002,03002,大阪城天守閣,大阪城1-1,3,8,1931
135.503074,34.664593,27128,3,03002,03002,大阪府立上方演芸資料館（ワッハ上方）,難波千日前12-7（YES・NAMBAビル4階～7階）,2,-99,1996
135.524983,34.684382,27128,3,03002,03002,大阪国際平和センター（ピースおおさか）,大阪城2-1,4,3,1991
135.484154,34.55874,27141,3,03002,03002,堺市博物館,百舌鳥夕雲町2（大仙公園内）,3,-99,1980
135.481411,34.560135,27141,3,03002,03002,自転車博物館サイクルセンター,大仙中町18-2,4,-99,1992
135.491589,34.533897,27142,3,03002,03002,堺市立平和と人権資料館（フェニックス・ミュージアム）,深井清水町1426（堺市教育文化センター（ソフィア・堺）内）,3,-99,1994
135.498417,34.493228,27145,3,03002,03002,小谷城郷土館,豊田1602-1,4,-99,1992
135.513043,34.488207,27145,3,03002,03002,大阪府立泉北考古資料館,若松台2-4（大蓮公園内）,2,-99,1970
135.559888,34.548011,27147,3,03002,03002,堺市立みはら歴史博物館,黒山281,3,-99,2003
135.370762,34.462333,27202,3,03002,03002,きしわだ自然資料館,堺町6-5,3,3,1995
135.463036,34.756294,27203,3,03002,03002,大阪音楽大学音楽博物館,名神口1-4-1,4,-99,1966
135.489745,34.778216,27203,3,03002,03002,日本民家集落博物館,服部緑地1-2,4,-99,1960
135.435838,34.823709,27204,3,03002,03002,池田市立歴史民俗資料館,五月丘1-10-12,3,2,1980
135.508133,34.770384,27205,3,03002,03002,関西大学博物館,山手町3-3-35,4,-99,1994
135.529825,34.812824,27205,3,03002,03002,大学共同利用機関法人人間文化研究機構・国立民族学博物館,千里万博公園10-1,4,-99,1977
135.528353,34.783355,27205,3,03002,03002,吹田市立博物館,岸部北4-10-1,3,3,1992
135.408401,34.501607,27206,3,03002,03002,泉大津市立織編館,旭町22-45,3,7,1993
135.623192,34.843368,27207,3,03002,03002,高槻市立しろあと歴史館,城内町1-7,3,3,2003
135.622528,34.842539,27207,3,03002,03002,高槻市立歴史民俗資料館,城内町3-10（城跡公園内）,3,-99,1982
135.661093,34.866479,27207,3,03002,03002,三好達治記念館,上牧町2-6-31（本澄寺内）,4,1,1976
135.64272,34.815732,27210,3,03002,03002,淀川資料館,新町2-2-13,1,1,1977
135.570212,34.823184,27211,3,03002,03002,茨木市立川端康成文学館,上中条2-11-25,3,-99,1985
135.565533,34.827117,27211,3,03002,03002,茨木市立中央図書館併設富士正晴記念館,畑田町1-51,3,-99,1992
135.568164,34.802634,27211,3,03002,03002,茨木市立文化財資料館,東奈良3-12-18,3,-99,1984
135.641568,34.63143,27212,3,03002,03002,八尾市立歴史民俗資料館,千塚3-180-1,3,2,1987
135.327751,34.405534,27213,3,03002,03002,泉佐野市立歴史館いずみさの,市場東1-295-1,3,1,1996
135.580687,34.482251,27214,3,03002,03002,大阪大谷大学博物館,錦織北3-11-1,4,-99,9999
135.526207,34.387519,27216,3,03002,03002,河内長野市立滝畑ふるさと文化財の森センター,滝畑483-23,3,-99,1981
135.623866,34.703536,27218,3,03002,03002,大東市立歴史民俗資料館,新町13-30,3,-99,1987
135.427201,34.499275,27219,3,03002,03002,大阪府立弥生文化博物館,池上町4-8-27,2,3,1991
135.45451,34.449701,27219,3,03002,03002,和泉市いずみの国歴史館,まなび野2-4,3,-99,1999
135.471188,34.829186,27220,3,03002,03002,箕面市立郷土資料館,西小路3-10-16,3,-99,1989
135.638892,34.57325,27221,3,03002,03002,柏原市立歴史資料館,大字高井田1598-1,3,3,1992
135.575128,34.740041,27223,3,03002,03002,松下幸之助歴史館,大字門真1006,4,-99,1968
135.599815,34.69827,27227,3,03002,03002,鴻池新田会所,鴻池元町2-30,3,-99,1704
135.586191,34.660438,27227,3,03002,03002,司馬遼太郎記念館,下小阪3-11-18,4,2,2001
135.585498,34.666829,27227,3,03002,03002,大阪商業大学商業史博物館,御厨栄町4-1-10,4,-99,1983
135.650844,34.660788,27227,3,03002,03002,東大阪市立郷土博物館,上四条町18-12,3,2,1972
135.641434,34.736805,27229,3,03002,03002,四條畷市立歴史民俗資料館,塚脇町3-7,3,-99,1985
135.543393,34.497848,27231,3,03002,03002,大阪狭山市立郷土資料館,今熊1-94-1,3,2,1981
135.551252,34.507443,27231,3,03002,03002,大阪府立狭山池博物館,池尻中2,2,-99,2001
135.656856,34.51711,27381,3,03002,03002,太子町立竹内街道歴史資料館,山田1855,3,1,1993
135.643042,34.503305,27382,3,03002,03002,大阪府立近つ飛鳥博物館,大字東山299,2,2,1994
135.625395,34.463566,27383,3,03002,03002,千早赤阪村郷土資料館,大字水分266,3,2,1986
135.527882,34.701003,27102,3,03003,03003,大阪市立都島図書館,中野町2-16-25,3,-99,1978
135.473054,34.69142,27103,3,03003,03003,大阪市立福島図書館,吉野3-17-23,3,-99,1987
135.457111,34.685865,27104,3,03003,03003,大阪市立此花図書館,四貫島1-1-18,3,-99,1977
135.486136,34.673839,27106,3,03003,03003,大阪市立中央図書館,北堀江4-3-2,3,-99,1996
135.458695,34.667839,27107,3,03003,03003,大阪市立港図書館,弁天2-1-5,3,-99,1982
135.472111,34.65087,27108,3,03003,03003,大阪市立大正図書館,千島2-6-15,3,-99,1986
135.522217,34.661536,27109,3,03003,03003,大阪市立天王寺図書館,上之宮町4-47,3,-99,1985
135.496108,34.65898,27111,3,03003,03003,大阪市立浪速図書館,敷津西1-5-23,3,-99,1984
135.454749,34.711272,27113,3,03003,03003,大阪市立西淀川図書館,御幣島1-2-10,3,-99,2005
135.519604,34.734138,27114,3,03003,03003,大阪市立東淀川図書館,東淡路1-4-53,3,-99,1998
135.54141,34.66808,27115,3,03003,03003,大阪市立東成図書館,大今里西3-2-17,3,-99,2011
135.539771,34.653037,27116,3,03003,03003,大阪市立生野図書館,勝山南4-7-11,3,-99,1981
135.542436,34.721279,27117,3,03003,03003,大阪市立旭図書館,中宮1-11-14,3,-99,2000
135.544659,34.703198,27118,3,03003,03003,大阪市立城東図書館,中央3-5-11,3,-99,9999
135.510455,34.640891,27119,3,03003,03003,大阪市立阿倍野図書館,阿倍野筋4-19-118,3,-99,2002
135.500714,34.604839,27120,3,03003,03003,大阪市立住吉図書館,南住吉3-15-57,3,-99,2008
135.527495,34.620346,27121,3,03003,03003,大阪市立東住吉図書館,東田辺2-11-28,3,-99,1979
135.494887,34.634622,27122,3,03003,03003,大阪市立西成図書館,岸里1-1-50,3,-99,1985
135.480997,34.716223,27123,3,03003,03003,大阪市立淀川図書館,新北野1-10-14,3,-99,1983
135.573489,34.704304,27124,3,03003,03003,大阪市立鶴見図書館,横堤5-3-15,3,-99,2005
135.475,34.606403,27125,3,03003,03003,大阪市立住之江図書館,南加賀屋3-1-20,3,-99,1977
135.559185,34.624495,27126,3,03003,03003,大阪市立平野図書館,平野東1-8-2,3,-99,2001
135.508606,34.715946,27127,3,03003,03003,大阪市立北図書館,本庄東3-8-2,3,-99,1984
135.50319,34.693671,27127,3,03003,03003,大阪府立中之島図書館（休館予定）,中之島1-2-10,2,-99,9999
135.507773,34.671701,27128,3,03003,03003,大阪市立島之内図書館,島之内2-12-31,3,-99,1989
135.469573,34.564446,27141,3,03003,03003,堺市立人権ふれあいセンター図書ホール,協和町2丁61,3,-99,9999
135.480973,34.561352,27141,3,03003,03003,堺市立中央図書館,大仙中町18-1,3,-99,9999
135.496658,34.577516,27141,3,03003,03003,堺市立中央図書館堺市駅前分館,田出井町1-1-300,3,-99,9999
135.491445,34.534272,27142,3,03003,03003,堺市立中図書館,深井清水町1426,3,-99,9999
135.508519,34.537088,27142,3,03003,03003,堺市立中図書館東百舌鳥分館,土塔町2363-23,3,-99,9999
135.542465,34.52338,27143,3,03003,03003,堺市立東図書館,北野田1077,3,-99,9999
135.523223,34.540351,27143,3,03003,03003,堺市立東図書館初芝分館,野尻町221-4,3,-99,9999
135.462114,34.52755,27144,3,03003,03003,堺市立西図書館,鳳南町4丁444-1,3,-99,9999
135.511166,34.494998,27145,3,03003,03003,堺市立南図書館,茶山台1丁7-1,3,-99,9999
135.489352,34.485724,27145,3,03003,03003,堺市立南図書館栂分館,桃山台2丁1-2,3,-99,9999
135.478414,34.474373,27145,3,03003,03003,堺市立南図書館美木多分館,鴨谷台2丁4-1,3,-99,9999
135.517216,34.565528,27146,3,03003,03003,堺市立北図書館,新金岡町5丁1-4,3,-99,9999
135.559216,34.538911,27147,3,03003,03003,堺市立美原図書館,黒山167-14,3,-99,9999
135.430701,34.451947,27202,3,03003,03003,岸和田市立山直図書館,三田町715-1,3,-99,9999
135.381733,34.475388,27202,3,03003,03003,岸和田市立春木図書館,春木若松町21-1,3,-99,9999
135.374234,34.459195,27202,3,03003,03003,岸和田市立図書館,岸城町1-18,3,-99,9999
135.463553,34.780354,27203,3,03003,03003,豊中市立岡町図書館,岡町北3-4-2,3,4,1945
135.448817,34.794236,27203,3,03003,03003,豊中市立蛍池図書館,蛍池中町3-2-1-502,3,7,2003
135.483607,34.753575,27203,3,03003,03003,豊中市立高川図書館,豊南町東1-1-2,3,3,2000
135.468359,34.746941,27203,3,03003,03003,豊中市立庄内幸町図書館,庄内幸町4-26-14,3,4,1993
135.474803,34.741942,27203,3,03003,03003,豊中市立庄内図書館,三和町3-2-1,3,3,1975
135.494022,34.810629,27203,3,03003,03003,豊中市立千里図書館,新千里東町1-2-2,3,4,1978
135.488467,34.794992,27203,3,03003,03003,豊中市立東豊中図書館,東豊中町5-2-1,3,3,1993
135.477358,34.769383,27203,3,03003,03003,豊中市立服部図書館,服部本町5-2-8,3,3,1999
135.469941,34.811517,27203,3,03003,03003,豊中市立野畑図書館,春日町4-11-1,3,3,1988
135.428407,34.825082,27204,3,03003,03003,(財)阪急文化財団池田文庫,栄本町12-1,4,-99,9999
135.43586,34.823682,27204,3,03003,03003,池田市立図書館（休館予定）,五月丘1-10-12,3,-99,9999
135.444856,34.809907,27204,3,03003,03003,池田市立石橋プラザ（休館予定）,石橋2-1-1（リヴァーサイドビル1F）,3,-99,9999
135.524603,34.762552,27205,3,03003,03003,吹田市立さんくす図書館,朝日町3-501,3,-99,9999
135.499328,34.759274,27205,3,03003,03003,吹田市立江坂図書館,江坂町1-19-1,3,-99,9999
135.509561,34.780133,27205,3,03003,03003,吹田市立千里山・佐井寺図書館,千里山松が丘25-2,3,-99,9999
135.508434,34.793118,27205,3,03003,03003,吹田市立千里図書館,津雲台1-2-1,3,-99,2012
135.515938,34.764523,27205,3,03003,03003,吹田市立中央図書館,出口町18-9,3,-99,1971
135.412536,34.49958,27206,3,03003,03003,泉大津市立図書館,下条町11-35,3,-99,9999
135.580764,34.86011,27207,3,03003,03003,高槻市立阿武山図書館,奈佐原2-11-12,3,-99,9999
135.609286,34.821953,27207,3,03003,03003,高槻市立芝生図書館,芝生町4-3-11,3,-99,9999
135.595013,34.835128,27207,3,03003,03003,高槻市立小寺池図書館,西五百住町1-1,3,-99,9999
135.617288,34.8466,27207,3,03003,03003,高槻市立中央図書館,桃園町2-1,3,-99,9999
135.615342,34.858016,27207,3,03003,03003,高槻市立天神山図書館,天神町2-6-17,3,-99,9999
135.35993,34.439058,27208,3,03003,03003,貝塚市民図書館,畠中1-12-1,3,-99,9999
135.577932,34.751693,27209,3,03003,03003,守口市生涯学習情報センター,大日町2-14-10,3,-99,9999
135.656868,34.829241,27210,3,03003,03003,枚方市立御殿山図書館,御殿山町10-16,3,-99,9999
135.651425,34.790579,27210,3,03003,03003,枚方市立香里ケ丘図書館,香里ヶ丘4-2-1,3,-99,9999
135.70878,34.823993,27210,3,03003,03003,枚方市立菅原図書館,長尾元町1-35-1,3,-99,9999
135.671662,34.833367,27210,3,03003,03003,枚方市立中央図書館,車塚2-1-1,3,-99,9999
135.703392,34.8098,27210,3,03003,03003,枚方市立津田図書館,津田北町2-25-3,3,-99,9999
135.68181,34.8596,27210,3,03003,03003,枚方市立楠葉図書館,楠葉並木2-29-5,3,-99,9999
135.668811,34.842851,27210,3,03003,03003,枚方市立牧野図書館,宇山町4-5,3,-99,9999
135.628593,34.79705,27210,3,03003,03003,枚方市立蹉ダ図書館,北中振3-27-10,3,-99,9999
135.582097,34.826685,27211,3,03003,03003,茨木市立庄栄図書館,庄2-26-12,3,-99,9999
135.576876,34.805076,27211,3,03003,03003,茨木市立水尾図書館,水尾3-3-18,3,-99,9999
135.565543,34.826934,27211,3,03003,03003,茨木市立中央図書館,畑田町1-51,3,-99,9999
135.569015,34.814686,27211,3,03003,03003,茨木市立中条図書館,東中条町2-13,3,-99,9999
135.558438,34.810794,27211,3,03003,03003,茨木市立穂積図書館,松ヶ本町8-30,3,-99,9999
135.620986,34.628014,27212,3,03003,03003,八尾市立山本図書館,山本町1-8-11,3,5,9999
135.607572,34.601322,27212,3,03003,03003,八尾市立志紀図書館,志紀町西1-3,3,-99,9999
135.599933,34.626985,27212,3,03003,03003,八尾市立八尾図書館,本町2-1-12,3,-99,9999
135.327751,34.405534,27213,3,03003,03003,泉佐野市立中央図書館,市場東1-295-1,3,-99,9999
135.574521,34.500249,27214,3,03003,03003,富田林市立金剛図書館,高辺台2-1-2,3,-99,9999
135.59988,34.503027,27214,3,03003,03003,富田林市立中央図書館,本町16-28,3,-99,9999
135.611345,34.770553,27215,3,03003,03003,寝屋川市立中央図書館,池田西町28-22,3,-99,9999
135.63151,34.763026,27215,3,03003,03003,寝屋川市立東図書館,秦町41-1,3,-99,9999
135.560398,34.454399,27216,3,03003,03003,河内長野市立図書館,昭栄町7-1,3,-99,9999
135.57002,34.577268,27217,3,03003,03003,松原市民恵我図書館,一津屋1-10-15,3,-99,9999
135.556327,34.588294,27217,3,03003,03003,松原市民三宅図書館,三宅中3-17-15,3,-99,9999
135.547855,34.57774,27217,3,03003,03003,松原市民松原図書館,田井城1-2-23,3,-99,9999
135.557244,34.560908,27217,3,03003,03003,松原市民松原南図書館,岡5-11-19,3,-99,9999
135.559285,34.572357,27217,3,03003,03003,松原市民情報ライブラリー,上田7-11-19,3,-99,9999
135.537693,34.577055,27217,3,03003,03003,松原市民新町図書館,南新町1-15-2,3,-99,9999
135.537356,34.588377,27217,3,03003,03003,松原市民天美図書館,天美東7-103,3,-99,9999
135.529468,34.588322,27217,3,03003,03003,松原市民天美西図書館,天美西1-18-28,3,-99,9999
135.62379,34.703588,27218,3,03003,03003,大東市立中央図書館,新町13-30,3,-99,9999
135.457446,34.458543,27219,3,03003,03003,和泉市立シティプラザ図書館,いぶき野5-4-7,3,-99,9999
135.423779,34.4867,27219,3,03003,03003,和泉市立和泉図書館,府中町1-20-1,3,-99,9999
135.488328,34.817961,27220,3,03003,03003,箕面市立萱野南図書館,船場西3-8-22,3,-99,9999
135.453664,34.822821,27220,3,03003,03003,箕面市立桜ケ丘図書館,桜ヶ丘4-19-3,3,-99,9999
135.457561,34.811625,27220,3,03003,03003,箕面市立西南図書館,半町4-6-39,3,-99,9999
135.471606,34.831126,27220,3,03003,03003,箕面市立中央図書館,箕面5-11-23,3,-99,1966
135.511937,34.844153,27220,3,03003,03003,箕面市立東図書館,粟生間谷西3-1-3,3,-99,9999
135.638062,34.562984,27221,3,03003,03003,柏原市立国分図書館,田辺1-3-7,3,-99,9999
135.625848,34.587046,27221,3,03003,03003,柏原市立柏原図書館,上市4-1-27,3,-99,9999
135.590602,34.5413,27222,3,03003,03003,羽曳野市立羽曳が丘図書館,羽曳が丘西2-5-1,3,-99,9999
135.609601,34.552132,27222,3,03003,03003,羽曳野市立古市図書館,古市4-2-9,3,-99,9999
135.574631,34.556826,27222,3,03003,03003,羽曳野市立丹比図書館,樫山251-1,3,-99,9999
135.597958,34.553788,27222,3,03003,03003,羽曳野市立中央図書館,軽里1-1-1,3,-99,9999
135.611629,34.539165,27222,3,03003,03003,羽曳野市立東部図書館,古市1541-1,3,-99,9999
135.584769,34.57549,27222,3,03003,03003,羽曳野市立陵南の森図書館,島泉8-8-1,3,-99,9999
135.584793,34.737612,27223,3,03003,03003,門真市立図書館,新橋町3-4-101,3,-99,9999
135.553073,34.772357,27224,3,03003,03003,摂津市民図書館,正雀4-9-25,3,-99,9999
135.579129,34.774489,27224,3,03003,03003,摂津市立鳥飼図書センター,鳥飼本町5-12-5,3,-99,9999
135.433912,34.521386,27225,3,03003,03003,高石市立図書館,綾園1-9-1（アプラたかいし4F）,3,-99,9999
135.453411,34.518453,27225,3,03003,03003,高石市立図書館分館,取石3-9-8,3,-99,9999
135.605545,34.574269,27226,3,03003,03003,藤井寺市立図書館,林1-2-2,3,-99,9999
135.600515,34.680757,27227,3,03003,03003,大阪府立中央図書館,荒本北1-2-1,2,-99,9999
135.624192,34.671008,27227,3,03003,03003,東大阪市図書館総務室,吉田4-7-20,3,-99,9999
135.639512,34.66737,27227,3,03003,03003,東大阪市立旭町図書館,旭町1-1,3,-99,1997
135.574629,34.664925,27227,3,03003,03003,東大阪市立永和図書館,高井田元町2-9-23,3,-99,9999
135.624152,34.67062,27227,3,03003,03003,東大阪市立花園図書館,吉田4-7-20,3,-99,1992
135.270226,34.363172,27228,3,03003,03003,泉南市立図書館,馬場1-2-1,3,-99,9999
135.64401,34.741001,27229,3,03003,03003,四條畷市立四條畷図書館,中野3-5-25,3,-99,9999
135.700144,34.727725,27229,3,03003,03003,四條畷市立田原図書館,上田原1,3,-99,9999
135.690005,34.796468,27230,3,03003,03003,交野市立倉治図書館,倉治6-9-20,3,-99,9999
135.543052,34.497332,27231,3,03003,03003,大阪狭山市立図書館,今熊1-106,3,-99,9999
135.240526,34.359687,27232,3,03003,03003,阪南市立図書館,尾崎町35-3,3,-99,9999
135.660978,34.882819,27301,3,03003,03003,島本町立図書館,桜井3-4-1,3,-99,9999
135.442247,34.901231,27321,3,03003,03003,豊能町立図書館,光風台5-1-2,3,-99,9999
135.395676,34.489081,27341,3,03003,03003,忠岡町図書館,忠岡南1-18-17,3,-99,9999
135.357681,34.40234,27361,3,03003,03003,熊取町立熊取図書館,野田4-2714-1,3,-99,9999
135.430283,34.6559,27107,3,03004,03004,大阪・海遊館,海岸通1-1-10,4,-99,1990
135.592145,34.864116,27207,3,03004,03004,あくあぴあ芥川（芥川緑地資料館）,南平台5-59-1,3,-99,1994
135.508246,34.650981,27109,3,03005,03005,大阪市天王寺動物園,茶臼山町1-108,3,-99,1915
135.520944,34.611098,27121,3,03005,03005,大阪市立長居植物園,長居公園1-23,3,-99,1974
135.426869,34.830342,27204,3,03005,03005,池田市立五月山動物園,綾羽2-5-33（五月山公園内）,3,-99,1958
135.471547,34.841012,27220,3,03005,03005,大阪府営箕面公園昆虫館,箕面公園1-18,2,-99,1953
135.160532,34.32829,27366,3,03005,03005,みさき公園,淡輪3990,4,-99,1957
135.426683,34.818125,27204,3,99999,03002,インスタントラーメン発明記念館,満寿美町8-25,4,2,1999
135.511713,34.710348,27127,3,99999,03002,大阪市立住まいのミュージアム（大阪くらしの今昔館）,天神橋6-4-20,3,-99,2001
135.681623,34.763683,27230,3,99999,03005,大阪市立大学理学部附属植物園,私市2000,0,-99,1955
135.510532,34.650129,27109,3,99999,03001,大阪市立美術館,茶臼山町1-82,3,3,1936
135.520805,34.682623,27128,3,99999,03002,大阪歴史博物館,大手前4-1-32,3,13,2001
135.601086,34.727396,27223,3,99999,03003,門真市立図書館門真市民プラザ分館,北島町546,3,-99,9999
135.385944,34.448637,27202,3,99999,03003,岸和田市立旭図書館,土生町4-3-1,3,-99,9999
135.516037,34.804619,27205,3,99999,03003,吹田市立子育て青少年拠点夢つながり未来館山田駅前図書館,山田西4-2-43,3,-99,9999
135.611447,34.713634,27218,3,99999,03003,大東市立西部図書館,氷野4-4-70,3,-99,9999
135.642079,34.716586,27218,3,99999,03003,大東市立東部図書館,野崎3-6-1,3,-99,9999
135.515232,34.662311,27109,3,99999,03003,大阪府盲人福祉センター点字図書館,生玉前町5-25,4,-99,9999
135.378813,34.45851,27202,3,99999,03003,岸和田市立福祉総合センター,野田町1-5-5,4,-99,9999
135.476455,34.557764,27141,3,99999,03003,堺市立健康福祉プラザ・視覚・聴覚障害者センター,旭ヶ丘中町4丁3-1,4,-99,9999
135.496048,34.691927,27106,3,99999,03003,社会福祉法人日本ライトハウス情報文化センター,江戸堀1-13-2,4,-99,9999
135.644538,34.640283,27212,3,99999,03003,大阪経済法科大学図書館,楽音寺6-10,4,-99,9999
135.550798,34.79542,27205,3,99999,03003,吹田市立千里丘図書館,千里丘上14-33,3,-99,9999
135.510199,34.818961,27205,3,99999,03003,吹田市立北千里図書館,古江台4-2-D7,3,-99,9999
135.525761,34.818897,27205,3,99999,03003,大阪大学附属図書館生命科学図書館,山田丘2-3,0,-99,9999
135.522874,34.822288,27205,3,99999,03003,大阪大学附属図書館理工学図書館,山田丘2-1,0,-99,9999
135.455248,34.44983,27219,3,99999,03003,桃山学院大学図書館,まなび野1-1,4,-99,9999
135.534553,34.483307,27145,3,99999,03003,プール学院大学図書館,槇塚台4-5-1,4,-99,9999
135.505842,34.54447,27142,3,99999,03003,大阪府立大学学術情報センター図書館,学園町1-1,0,-99,9999
135.640454,34.707584,27218,3,99999,03003,大阪産業大学綜合図書館,中垣内3-1-1,4,-99,9999
135.496046,34.691994,27106,3,99999,03003,サピエ図書館／視覚障害者情報総合ネットワーク,江戸堀1-13-2,4,-99,9999
135.508704,34.667454,27128,3,99999,03003,文楽劇場図書閲覧室,日本橋1-12-10,1,-99,9999
135.427322,34.634137,27125,3,99999,03003,相愛大学図書館,南港中4-4-1,4,-99,9999
135.520653,34.647682,27109,3,99999,03003,大阪教育大学附属図書館分館,南河堀町4-88,0,-99,9999
135.510144,34.646806,27119,3,99999,03003,大阪市立大学学術情報総合センター医学分館,旭町1-2-7,0,-99,9999
135.504339,34.591608,27120,3,99999,03003,大阪市立大学都市研究プラザ都市文庫･経済研究所文庫,杉本3-3-138,0,-99,9999
135.545147,34.750112,27114,3,99999,03003,大阪経済大学図書館,大隅2-2-8,4,-99,9999
135.558593,34.711529,27118,3,99999,03003,大阪信愛女学院図書館,古市2-7-30,4,-99,9999
135.543204,34.730325,27117,3,99999,03003,大阪工業大学図書館大宮本館,大宮5-16-1,4,-99,9999
135.505563,34.592283,27120,3,99999,03003,大阪市立大学学術情報総合センター,杉本3-3-138,0,-99,9999
135.551125,34.477198,27231,3,99999,03003,近畿大学医学部図書館,大野東377-2,4,-99,9999
135.603873,34.747846,27209,3,99999,03003,大阪国際大学守口図書館,藤田町6-21-57,4,-99,9999
135.580897,34.481893,27214,3,99999,03003,大阪大谷大学図書館,錦織北3-11-1,4,-99,9999
135.621467,34.763462,27215,3,99999,03003,寝屋川市立寝屋川市駅前図書館,早子町23-2（アドバンスねやがわ2号館3階）,3,-99,9999
135.611357,34.780258,27215,3,99999,03003,摂南大学図書館,池田中町17-8,4,-99,9999
135.584293,34.666309,27227,3,99999,03003,大阪商業大学図書館,御厨栄町4-1-10,4,-99,9999
135.577859,34.663492,27227,3,99999,03003,大阪樟蔭女子大学図書館,菱屋西4-2-26,4,-99,9999
135.586902,34.651546,27227,3,99999,03003,近畿大学中央図書館,小若江3-4-1,4,-99,9999
135.534812,34.591446,27217,3,99999,03003,阪南大学図書館,天美東5-4-33,4,-99,9999
135.64653,34.817027,27210,3,99999,03003,枚方市立中央図書館市駅前サテライト,新町2-1-50（関西医科大学附属枚方病院情報交流センター2階）,3,-99,9999
135.706228,34.848894,27210,3,99999,03003,摂南大学図書館枚方分館,長尾峠町45-1,4,-99,9999
135.704753,34.841068,27210,3,99999,03003,大阪工業大学図書館枚方分館,北山1-79-1,4,-99,9999
135.675782,34.858681,27210,3,99999,03003,大阪歯科大学図書館,楠葉花園町8-1,4,-99,9999
135.714573,34.816577,27210,3,99999,03003,大阪国際大学枚方図書館,杉3-50-1,4,-99,9999
135.650363,34.550506,27221,3,99999,03003,大阪教育大学附属図書館,旭ヶ丘4-698-1,0,-99,9999
135.548935,34.445858,27216,3,99999,03003,大阪千代田短期大学図書館,小山田町1685,4,-99,9999
135.629147,34.51237,27382,3,99999,03003,大阪芸術大学図書館,東山469,4,-99,9999
135.358746,34.379739,27361,3,99999,03003,大阪体育大学図書館,朝代台1-1,4,-99,9999
135.510972,34.830749,27220,3,99999,03003,箕面市立小野原図書館,小野原西5-2-36（多文化交流センター1階）,3,-99,9999
135.517077,34.852099,27220,3,99999,03003,大阪大学附属図書館外国学図書館,粟生間谷東8-1-1,0,-99,9999
135.573381,34.563068,27222,3,99999,03003,羽曳野市立ブックステーションはびきのコロセアム,南恵我之荘4-237-4（はびきのコロセアム内）,3,-99,9999
135.535033,34.843727,27211,3,99999,03003,梅花女子大学図書館,宿久庄2-19-5,4,-99,9999
135.558161,34.848578,27211,3,99999,03003,追手門学院大学附属図書館,西安威2-1-15,4,-99,9999
135.588346,34.567815,27226,3,99999,03003,大阪女子短期大学図書館,春日丘3-8-1,4,-99,9999
135.455161,34.805045,27203,3,99999,03003,大阪大学附属図書館総合図書館,待兼山町1-4,0,-99,9999
135.603375,34.865338,27207,3,99999,03003,高槻市立服部図書館,浦堂2-15-1,3,-99,9999
135.586013,34.868068,27207,3,99999,03003,平安女学院大学図書館,南平台5-81-1,4,-99,9999
135.577569,34.54057,27147,3,99999,03105,美原総合スポーツセンター,小平尾1141-1,4,-99,9999
135.577575,34.540492,27147,3,99999,03129,美原総合スポーツセンター,小平尾1141-1,4,-99,9999
135.577575,34.540409,27147,3,99999,03132,美原総合スポーツセンター,小平尾1141-1,4,-99,9999
135.576797,34.54141,27147,3,99999,03104,美原総合スポーツセンター,小平尾1141-1,4,-99,9999
135.578045,34.540644,27147,3,99999,03115,美原総合スポーツセンター,小平尾1141-1,4,-99,9999
135.576794,34.541324,27147,3,99999,03102,美原総合スポーツセンター,小平尾1141-1,4,-99,9999
135.576797,34.541233,27147,3,99999,03103,美原総合スポーツセンター,小平尾1141-1,4,-99,9999
135.576791,34.541145,27147,3,99999,03138,美原総合スポーツセンター,小平尾1141-1,4,-99,9999
135.521747,34.815076,27205,3,99999,03103,万博フットサルクラブ,千里万博公園11-1,4,-99,9999
135.536321,34.799218,27205,3,99999,03102,総合スポーツ広場ＮＯ．７,千里万博公園3,0,-99,9999
135.536321,34.799111,27205,3,99999,03104,総合スポーツ広場ＮＯ．７,千里万博公園3,0,-99,9999
135.536095,34.800072,27205,3,99999,03103,総合スポーツ広場ＮＯ．６（万博・大阪サッカーグラウンド）,千里万博公園3,0,-99,9999
135.539327,34.804009,27205,3,99999,03103,アメリカンフットボール球技場（ＥＸＰＯ・ＦＬＡＳＨ・ＦＩＥＬＤ）,千里万博公園3,0,-99,9999
135.561494,34.742415,27209,3,99999,03124,淀川河川公園守口地区アイススケート場,外島町2地先（淀川河川公園）,4,-99,9999
135.677565,34.883345,27301,3,99999,03138,淀川河川公園島本地区ゲートボール場,江川地先（淀川河川敷）,4,-99,9999
135.590348,34.774718,27224,3,99999,03103,淀川河川公園鳥飼下地区フットサルコート場（人工芝）,鳥飼下1地先（淀川河川敷）,4,-99,9999
135.639911,34.827107,27207,3,99999,03138,淀川河川公園大塚地区ゲートボール場,大塚町地先（河川敷）,4,-99,9999
135.592981,34.770706,27215,3,99999,03138,淀川河川公園仁和寺野草地区ゲートボール場,仁和寺本町地先（河川敷）,4,-99,9999
135.576913,34.712347,27124,3,99999,03145,鶴見緑地,浜1（鶴見緑地内）,4,-99,9999
135.521053,34.612929,27121,3,99999,03145,長居公園,長居公園（長居公園内）,4,-99,9999
135.531907,34.682909,27128,3,99999,03145,大坂城公園,大阪城公園内,4,-99,9999
135.650561,34.669947,27227,3,99999,03145,東大阪・暗峠,出雲井町7-16（枚岡神社内）,4,-99,9999
135.527488,34.567042,27146,3,99999,03145,大泉緑地,金岡町128（緑地公園内中央休憩所前）,4,-99,9999
135.487814,34.775488,27203,3,99999,03145,服部緑地,服部緑地1-1（緑地公園内）,4,-99,9999
135.525158,34.883521,27211,3,99999,03145,茨木竜王山,泉原（泉原バス停）,4,-99,9999
135.649111,34.732325,27229,3,99999,03145,室池飯盛山,南野2-18-1,4,-99,9999
135.53796,34.813945,27205,3,99999,03121,万博記念公園弓道場,千里万博公園6-5,0,-99,9999
135.520133,34.814854,27205,3,99999,03115,万博テニスガーデン,千里万博公園11-1,4,-99,9999
135.522189,34.814762,27205,3,99999,03116,万博テニスガーデン,千里万博公園11-1,4,-99,9999
135.517589,34.723284,27102,3,99999,03115,淀川河川公園毛馬地区テニスコート,毛馬4地先（淀川河川敷）,4,-99,9999
135.677535,34.883645,27301,3,99999,03115,淀川河川公園島本地区テニスコート,江川1地先（淀川河川敷）,4,-99,9999
135.549125,34.738078,27114,3,99999,03115,淀川河川公園豊里地区テニスコート,豊里地先（淀川河川敷）,4,-99,9999
135.526178,34.72986,27102,3,99999,03115,淀川河川公園赤川地区テニスコート,大東3地先（淀川河川敷）,4,-99,9999
135.629462,34.811284,27210,3,99999,03115,淀川河川公園三矢地区テニスコート,三矢地先（淀川河川敷）,4,-99,9999
135.640275,34.825007,27207,3,99999,03115,淀川河川公園大塚地区テニスコート,大塚町2地先（淀川河川敷）,4,-99,9999
135.470692,34.701507,27103,3,99999,03115,淀川河川公園海老江地区テニスコート,海老江3先（淀川河川敷）,4,-99,9999
135.566922,34.75451,27209,3,99999,03115,淀川河川公園八雲地区テニスコート,八雲北町3地先（淀川河川敷）,4,-99,9999
135.589989,34.767925,27215,3,99999,03115,淀川河川公園佐太西地区テニスコート,仁和寺本町地先（淀川河川敷）,4,-99,9999
135.59588,34.779989,27224,3,99999,03115,淀川河川公園鳥飼上地区テニスコート,鳥飼上1地先（淀川河川敷）,4,-99,9999
135.614269,34.788325,27215,3,99999,03115,淀川河川公園木屋元町地区テニスコート,木屋元町地先（淀川河川敷）,4,-99,9999
135.558264,34.744531,27209,3,99999,03115,淀川河川公園外島地区テニスコート,新橋寺町～外島町地先（淀川河川敷）,4,-99,9999
135.612455,34.798388,27207,3,99999,03115,淀川河川公園三島江地区テニスコート,大字三島江地先（淀川河川敷）,4,-99,9999
135.536845,34.814386,27205,3,99999,03103,万博記念公園少年球技場,千里万博公園6-3,0,-99,9999
135.677963,34.884444,27301,3,99999,03103,淀川河川公園島本地区サッカー、ラグビー場,江川地先（淀川河川敷）,4,-99,9999
135.51823,34.724027,27102,3,99999,03103,淀川河川公園毛馬地区サッカー、ラグビー場,毛馬町4地内（淀川河川敷）,4,-99,9999
135.641484,34.828104,27207,3,99999,03103,淀川河川公園大塚地区サッカー、ラグビー場,大字大塚町地先（淀川河川敷）,4,-99,9999
135.613245,34.800588,27207,3,99999,03103,淀川河川公園三島江地区サッカー、ラグビー場,大字三島江地先（淀川河川敷）,4,-99,9999
135.634304,34.812623,27210,3,99999,03103,淀川河川公園枚方地区サッカー場（人工芝・野球場兼用）,桜町地先（淀川河川敷）,4,-99,9999
135.612439,34.787886,27215,3,99999,03103,淀川河川公園木屋元町地区サッカー、ラグビー場,木屋元町地先（淀川河川敷）,4,-99,9999
135.538929,34.800784,27205,3,99999,03103,万博記念公園スポーツ広場,千里万博公園3-1,0,-99,9999
135.538216,34.799701,27205,3,99999,03102,万博記念公園スポーツ広場,千里万博公園3-1,0,-99,9999
135.539678,34.806932,27205,3,99999,03104,万博記念公園小運動場,千里万博公園3,0,-99,9999
135.591337,34.775499,27224,3,99999,03103,淀川河川公園鳥飼下地区サッカー場,鳥飼下1地先（淀川河川敷）,4,-99,9999
135.609097,34.784166,27215,3,99999,03101,淀川河川公園太間地区多目的運動広場,太間町地先（淀川河川敷）,4,-99,9999
135.581943,34.761083,27209,3,99999,03101,淀川河川公園大日地区多目的運動広場,西町1,4,-99,9999
135.540358,34.813794,27205,3,99999,03102,万博記念公園少年野球場,千里万博公園6-5,0,-99,9999
135.540246,34.805396,27205,3,99999,03102,万博記念公園野球場,千里万博公園3-3,0,-99,9999
135.634298,34.812511,27210,3,99999,03102,淀川河川公園枚方地区野球場（人工芝・サッカー場兼用）,桜町地先（淀川河川敷）,4,-99,9999
135.583504,34.762303,27209,3,99999,03102,淀川河川公園大日地区野球場,西町1地先（淀川河川敷）,4,-99,9999
135.501273,34.722638,27123,3,99999,03102,淀川河川公園西中島地区野球場,西中島地先（淀川河川敷）,4,-99,9999
135.640762,34.826734,27207,3,99999,03102,淀川河川公園大塚地区野球場,大塚町地先（淀川河川敷）,4,-99,9999
135.474263,34.703747,27103,3,99999,03102,淀川河川公園海老江地区野球場,海老江地先（淀川河川敷）,4,-99,9999
135.56612,34.754173,27209,3,99999,03102,淀川河川公園八雲地区野球場,八雲北町3地先（淀川河川敷）,4,-99,9999
135.585546,34.76346,27209,3,99999,03102,淀川河川公園佐太西地区野球場,佐田西1地先（淀川河川敷）,4,-99,9999
135.557578,34.741136,27117,3,99999,03102,淀川河川公園太子橋地区野球場,太子橋3地先（淀川河川敷）,4,-99,9999
135.676489,34.88229,27301,3,99999,03102,淀川河川公園島本地区野球場,江川1地先（淀川河川敷）,4,-99,9999
135.596789,34.779612,27224,3,99999,03102,淀川河川公園鳥飼上地区野球場,鳥飼中1～鳥飼上1地先（淀川河川敷）,4,-99,9999
135.519006,34.725014,27102,3,99999,03102,淀川河川公園毛馬地区野球場,毛馬町3～5地先（淀川河川敷）,4,-99,9999
135.611695,34.797568,27207,3,99999,03102,淀川河川公園三島江地区野球場,大字三島江地先（淀川河川敷）,4,-99,9999
135.613116,34.788735,27215,3,99999,03102,淀川河川公園木屋元町地区野球場,木屋元町地先（淀川河川敷）,4,-99,9999
135.607435,34.782624,27215,3,99999,03102,淀川河川公園太間地区野球場,大間町地先（淀川河川敷）,4,-99,9999
135.540398,34.81263,27205,3,99999,03101,万博記念公園運動場,千里万博公園5-2,0,-99,9999
135.540398,34.812532,27205,3,99999,03103,万博記念公園運動場,千里万博公園5-2,0,-99,9999
135.540398,34.812435,27205,3,99999,03102,万博記念公園運動場,千里万博公園5-2,0,-99,9999
135.542728,34.810464,27205,3,99999,03101,万博記念競技場,千里万博公園5-2,0,-99,9999
135.542722,34.810371,27205,3,99999,03103,万博記念競技場,千里万博公園5-2,0,-99,9999
135.640429,34.828402,27207,3,99999,03101,淀川河川公園大塚地区陸上競技場,大塚町地先（淀川河川敷）,4,-99,9999
135.595523,34.778388,27224,3,99999,03101,淀川河川公園鳥飼上地区陸上競技場,鳥飼中1地先（淀川河川敷）,4,-99,9999
135.469551,34.701016,27103,3,99999,03101,淀川河川公園海老江地区陸上競技場,海老江地先（淀川河川敷）,4,-99,9999
135.558071,34.743235,27209,3,99999,03101,淀川河川公園外島地区陸上競技場,新橋寺町外島町地先（淀川河川敷）,4,-99,9999
135.491506,34.778134,27203,3,99999,03123,服部緑地乗馬センター,服部緑地1-5,4,-99,9999
135.177996,34.33731,27366,3,99999,03140,淡輪ヨットハーバー,淡輪6190,4,-99,9999
135.431366,34.534928,27225,3,99999,03137,大阪府立漕艇センター,高砂1（臨海緑地内）,4,-99,9999
135.678447,34.41028,27383,3,99999,03142,府民の森ちはや園地キャンプ場,大字千早1313-2,4,-99,9999
135.706155,34.768136,27230,3,99999,03142,府民の森くろんど園地キャンプ場,大字私部3192-1,4,-99,9999
135.529315,34.563436,27146,3,99999,03142,大泉緑地野外炉,金岡町128,4,-99,9999
135.531785,34.426601,27216,3,99999,03142,長野公園キャンプ場,天野町1010-1,4,-99,9999
135.406047,34.366957,27208,3,99999,03142,大阪府立少年自然の家,木積字秋山長尾3350,4,-99,9999
135.432917,34.532582,27225,3,99999,03109,大阪府立羽衣青少年センター,羽衣公園丁,4,-99,9999
135.432599,34.532381,27225,3,99999,03104,大阪府立羽衣青少年センター,羽衣公園丁,4,-99,9999
135.387178,34.994774,27322,3,99999,03147,能勢の郷,山辺409-1,4,-99,9999
135.178448,34.336731,27366,3,99999,03140,大阪府立青少年海洋センター,淡輪6190,2,-99,9999
135.181752,34.336166,27366,3,99999,03109,大阪府立青少年海洋センター,淡輪6190,2,-99,9999
135.181752,34.336098,27366,3,99999,03120,大阪府立青少年海洋センター,淡輪6190,2,-99,9999
135.181348,34.335867,27366,3,99999,03103,大阪府立青少年海洋センター,淡輪6190,2,-99,9999
135.482186,34.466466,27145,3,99999,03105,大阪府立障害者交流促進センター（ファインプラザ）,城山台5-1-2,4,3,9999
135.482192,34.466395,27145,3,99999,03109,大阪府立障害者交流促進センター（ファインプラザ）,城山台5-1-2,4,3,9999
135.482195,34.466324,27145,3,99999,03129,大阪府立障害者交流促進センター（ファインプラザ）,城山台5-1-2,4,3,9999
135.4812,34.467098,27145,3,99999,03104,大阪府立障害者交流促進センター（ファインプラザ）,城山台5-1-2,4,3,9999
135.482608,34.466175,27145,3,99999,03122,大阪府立障害者交流促進センター（ファインプラザ）,城山台5-1-2,4,3,9999
135.482195,34.466251,27145,3,99999,03120,大阪府立障害者交流促進センター（ファインプラザ）,城山台5-1-2,4,3,9999
135.4812,34.467017,27145,3,99999,03102,大阪府立障害者交流促進センター（ファインプラザ）,城山台5-1-2,4,3,9999
135.481197,34.466939,27145,3,99999,03103,大阪府立障害者交流促進センター（ファインプラザ）,城山台5-1-2,4,3,9999
135.484288,34.818739,27220,3,99999,03109,大阪府立稲スポーツセンター（休止中）,稲6-15-26,4,-99,9999
135.484288,34.818698,27220,3,99999,03116,大阪府立稲スポーツセンター（休止中）,稲6-15-26,4,-99,9999
135.484288,34.818656,27220,3,99999,03120,大阪府立稲スポーツセンター（休止中）,稲6-15-26,4,-99,9999
135.484291,34.818617,27220,3,99999,03132,大阪府立稲スポーツセンター（休止中）,稲6-15-26,4,-99,9999
135.484288,34.818576,27220,3,99999,03129,大阪府立稲スポーツセンター（休止中）,稲6-15-26,4,-99,9999
135.594347,34.715921,27223,3,99999,03109,なみはやドーム（大阪府立門真スポーツセンター）,三ﾂ島308-1,4,-99,9999
135.594347,34.715833,27223,3,99999,03116,なみはやドーム（大阪府立門真スポーツセンター）,三ﾂ島308-1,4,-99,9999
135.594341,34.715745,27223,3,99999,03120,なみはやドーム（大阪府立門真スポーツセンター）,三ﾂ島308-1,4,-99,9999
135.594335,34.715662,27223,3,99999,03124,なみはやドーム（大阪府立門真スポーツセンター）,三ﾂ島308-1,4,-99,9999
135.594335,34.715579,27223,3,99999,03129,なみはやドーム（大阪府立門真スポーツセンター）,三ﾂ島308-1,4,-99,9999
135.429061,34.5292,27225,3,99999,03109,大阪府立臨海スポーツセンター,高師浜丁6-1,4,-99,9999
135.429055,34.529117,27225,3,99999,03116,大阪府立臨海スポーツセンター,高師浜丁6-1,4,-99,9999
135.429055,34.529029,27225,3,99999,03120,大阪府立臨海スポーツセンター,高師浜丁6-1,4,-99,9999
135.499176,34.662415,27111,3,99999,03109,大阪府立体育会館,難波中3-4-36,4,4,9999
135.499182,34.662332,27111,3,99999,03116,大阪府立体育会館,難波中3-4-36,4,4,9999
135.499182,34.662249,27111,3,99999,03120,大阪府立体育会館,難波中3-4-36,4,4,9999
135.499176,34.662166,27111,3,99999,03110,大阪府立体育会館,難波中3-4-36,4,4,9999
135.499176,34.662078,27111,3,99999,03111,大阪府立体育会館,難波中3-4-36,4,4,9999
135.489394,34.61099,27125,3,99999,03109,大阪府住吉公園体育館,浜口東1-1-13,4,-99,9999
135.489394,34.610921,27125,3,99999,03113,大阪府住吉公園体育館,浜口東1-1-13,4,-99,9999
135.489403,34.610853,27125,3,99999,03132,大阪府住吉公園体育館,浜口東1-1-13,4,-99,9999
135.594335,34.715491,27223,3,99999,03105,なみはやドーム（大阪府立門真スポーツセンター）,三ﾂ島308-1,4,-99,9999
135.594335,34.715413,27223,3,99999,03108,なみはやドーム（大阪府立門真スポーツセンター）,三ﾂ島308-1,4,-99,9999
135.429061,34.52894,27225,3,99999,03124,大阪府立臨海スポーツセンター,高師浜丁6-1,4,-99,9999
135.580866,34.629417,27212,3,99999,03106,久宝寺緑地プール,西久宝寺323,4,-99,9999
135.473823,34.611845,27125,3,99999,03106,住之江公園プール,南加賀屋1,4,-99,9999
135.653429,34.673612,27227,3,99999,03106,枚岡公園プール,東豊浦町,4,-99,9999
135.441577,34.545873,27144,3,99999,03106,浜寺公園プール,浜寺公園町,4,-99,9999
135.440573,34.543974,27144,3,99999,03107,浜寺公園プール,浜寺公園町,4,-99,9999
135.48139,34.772344,27203,3,99999,03106,服部緑地プール,服部緑地1-8,4,-99,9999
135.482237,34.772702,27203,3,99999,03107,服部緑地プール,服部緑地1-8,4,-99,9999
135.380194,34.502513,27341,3,99999,03115,新浜テニスコート,新浜2-5-4,3,-99,9999
135.398009,34.520597,27206,3,99999,03115,泉大津市助松埠頭中央緑地テニスコート,小津島町1,3,-99,9999
135.495718,34.823116,27220,3,99999,03115,千里アクアテニスコート,船場東3-14-1,4,-99,9999
135.495611,34.824584,27220,3,99999,03116,千里アクアテニスコート,船場東3-14-1,4,-99,9999
135.536813,34.498889,27145,3,99999,03115,泉北アクアテニスコート,晴美台1-2-2,4,-99,9999
135.536879,34.498003,27145,3,99999,03116,泉北アクアテニスコート,晴美台1-2-2,4,-99,9999
135.388247,34.992734,27322,3,99999,03115,能勢の郷（テニスコート）,山辺409-1,4,-99,9999
135.419467,34.432772,27202,3,99999,03115,蜻蛉池公園テニスコート,尾生町2494,4,-99,9999
135.340582,34.44381,27208,3,99999,03115,二色の浜公園テニスコート,脇浜4-830,4,-99,9999
135.630271,34.727277,27218,3,99999,03115,深北緑地テニスコート,深野北4-284,4,-99,9999
135.528798,34.56076,27146,3,99999,03115,大泉緑地テニスコート,金岡町128,4,-99,9999
135.182025,34.334194,27366,3,99999,03115,大阪府立青少年海洋センターファミリー棟テニスコート（マリンロッジ海風館）,淡輪6190,4,-99,9999
135.652296,34.763453,27215,3,99999,03115,寝屋川公園テニスコート,寝屋川公園1707,4,-99,9999
135.576238,34.627471,27212,3,99999,03115,久宝寺緑地テニスコート,西久宝寺323,4,-99,9999
135.487647,34.612745,27125,3,99999,03115,住吉公園テニスコート,浜口東1-1-13,4,-99,9999
135.47696,34.612227,27125,3,99999,03115,住之江公園テニスコート,南加賀屋1-1-117,4,-99,9999
135.442961,34.546118,27144,3,99999,03115,浜寺公園テニスコート,浜寺公園町,4,-99,9999
135.482509,34.777213,27203,3,99999,03115,服部緑地テニスコート,服部緑地1-1,4,-99,9999
135.417881,34.434065,27202,3,99999,03104,蜻蛉池公園球技広場,尾生町2494,4,-99,9999
135.417875,34.433962,27202,3,99999,03102,蜻蛉池公園球技広場,尾生町2494,4,-99,9999
135.417881,34.433869,27202,3,99999,03103,蜻蛉池公園球技広場,尾生町2494,4,-99,9999
135.48242,34.778575,27203,3,99999,03104,服部緑地補助競技場,服部緑地1-1,4,-99,9999
135.482408,34.778477,27203,3,99999,03103,服部緑地補助競技場,服部緑地1-1,4,-99,9999
135.628786,34.7276,27218,3,99999,03104,深北緑地球技広場,深野北4-284,4,-99,9999
135.628786,34.727512,27218,3,99999,03102,深北緑地球技広場,深野北4-284,4,-99,9999
135.628786,34.727424,27218,3,99999,03103,深北緑地球技広場,深野北4-284,4,-99,9999
135.341402,34.442769,27208,3,99999,03104,二色の浜公園球技広場,脇浜,4,-99,9999
135.341408,34.442681,27208,3,99999,03102,二色の浜公園球技広場,脇浜,4,-99,9999
135.436396,34.537435,27225,3,99999,03102,浜寺公園ソフトボール広場,羽衣公園,4,-99,9999
135.436396,34.537337,27225,3,99999,03104,浜寺公園ソフトボール広場,羽衣公園,4,-99,9999
135.376489,34.504174,27341,3,99999,03102,新浜緑地,新浜3,3,-99,9999
135.376484,34.504081,27341,3,99999,03103,新浜緑地,新浜3,3,-99,9999
135.650383,34.761208,27215,3,99999,03102,寝屋川公園ソフトボール広場,寝屋、打上,4,-99,9999
135.650383,34.76112,27215,3,99999,03104,寝屋川公園ソフトボール広場,寝屋、打上,4,-99,9999
135.53097,34.562117,27146,3,99999,03102,大泉緑地球技広場,金岡町,4,-99,9999
135.53097,34.562024,27146,3,99999,03103,大泉緑地球技広場,金岡町,4,-99,9999
135.53097,34.561931,27146,3,99999,03104,大泉緑地球技広場,金岡町,4,-99,9999
135.475647,34.610872,27125,3,99999,03102,住之江公園球技広場,南加賀屋1,4,-99,9999
135.475653,34.610774,27125,3,99999,03103,住之江公園球技広場,南加賀屋1,4,-99,9999
135.475647,34.610686,27125,3,99999,03104,住之江公園球技広場,南加賀屋1,4,-99,9999
135.337669,34.437619,27208,3,99999,03102,二色の浜公園スポーツ広場,沢,4,-99,9999
135.337663,34.437526,27208,3,99999,03104,二色の浜公園スポーツ広場,沢,4,-99,9999
135.489297,34.612025,27125,3,99999,03103,住吉公園運動場,浜口東1,4,-99,9999
135.489297,34.611942,27125,3,99999,03104,住吉公園運動場,浜口東1,4,-99,9999
135.437161,34.538858,27225,3,99999,03102,浜寺公園球技広場,羽衣公園町,4,-99,9999
135.437161,34.538769,27225,3,99999,03104,浜寺公園球技広場,羽衣公園町,4,-99,9999
135.48775,34.77348,27203,3,99999,03102,服部緑地スポーツ広場,服部緑地,4,-99,9999
135.484565,34.773778,27203,3,99999,03104,服部緑地スポーツ広場,服部緑地,4,-99,9999
135.338906,34.443431,27208,3,99999,03102,二色の浜公園軟式野球場,脇浜,4,-99,9999
135.579653,34.627114,27212,3,99999,03102,久宝寺緑地軟式野球場,西久宝寺,4,-99,9999
135.652249,34.760444,27215,3,99999,03102,寝屋川公園野球場,打上,4,-99,9999
135.530952,34.56059,27146,3,99999,03102,大泉緑地野球場,金岡町,4,-99,9999
135.576587,34.628791,27212,3,99999,03102,久宝寺緑地野球場,西久宝寺,4,-99,9999
135.435677,34.536363,27225,3,99999,03102,浜寺公園軟式野球場,羽衣公園,4,-99,9999
135.475713,34.611919,27125,3,99999,03102,住之江公園野球場,南加賀屋1,4,-99,9999
135.487532,34.611969,27125,3,99999,03102,住吉公園軟式野球場,浜口東1,4,-99,9999
135.487524,34.772606,27203,3,99999,03102,服部緑地軟式野球場,服部緑地,4,-99,9999
135.653639,34.761176,27215,3,99999,03101,寝屋川公園陸上競技場,打上,4,-99,9999
135.581388,34.627466,27212,3,99999,03101,久宝寺緑地陸上競技場,西久宝寺,4,-99,9999
135.484797,34.779225,27203,3,99999,03101,服部緑地陸上競技場,服部緑地,4,-99,9999
135.112076,34.317679,27366,3,99999,03129,岬町健康ふれあいセンター,多奈川谷川495-1,4,-99,9999
135.173254,34.33384,27366,3,99999,03109,岬町立町民体育館,淡輪4545,3,-99,9999
135.112073,34.317606,27366,3,99999,03105,岬町健康ふれあいセンター,多奈川谷川495-1,4,-99,9999
135.124743,34.315471,27366,3,99999,03115,岬町テニスコート,多奈川谷川1624,4,-99,9999
135.1532,34.321513,27366,3,99999,03102,灰吹池運動広場,深日773-1,3,-99,9999
135.182317,34.33196,27366,3,99999,03102,淡輪青少年広場,淡輪734,3,-99,9999
135.144035,34.314703,27366,3,99999,03102,緑ケ丘青少年広場,深日2054,3,-99,9999
135.249635,34.349386,27232,3,99999,03138,阪南市ゲートボール憩いの広場,自然田1457,4,-99,9999
135.236776,34.347217,27232,3,99999,03109,阪南市立総合体育館,光陽台1-17-24,4,-99,9999
135.236779,34.34717,27232,3,99999,03129,阪南市立総合体育館,光陽台1-17-24,4,-99,9999
135.236779,34.347126,27232,3,99999,03116,阪南市立総合体育館,光陽台1-17-24,4,-99,9999
135.236776,34.34708,27232,3,99999,03120,阪南市立総合体育館,光陽台1-17-24,4,-99,9999
135.236776,34.347035,27232,3,99999,03132,阪南市立総合体育館,光陽台1-17-24,4,-99,9999
135.260815,34.347407,27232,3,99999,03106,阪南市営和泉鳥取プール,自然田303,4,-99,9999
135.204706,34.334962,27232,3,99999,03106,阪南市営下荘プール,箱作2866-1,4,-99,9999
135.23748,34.347121,27232,3,99999,03106,阪南市営中央プール,光陽台1-17-24,4,-99,9999
135.250432,34.349145,27232,3,99999,03106,阪南市営東鳥取プール,自然田1452-2,4,-99,9999
135.2479,34.363273,27232,3,99999,03106,阪南市営尾崎プール,尾崎町202,4,-99,9999
135.244298,34.33354,27232,3,99999,03115,阪南市立桑畑総合グラウンドテニスコート,桑畑430,4,-99,9999
135.240144,34.34907,27232,3,99999,03115,阪南市立テニスコート,鳥取中32,4,-99,9999
135.244871,34.334271,27232,3,99999,03102,阪南市立桑畑総合グラウンド,桑畑430,4,-99,9999
135.244871,34.334183,27232,3,99999,03103,阪南市立桑畑総合グラウンド,桑畑430,4,-99,9999
135.246434,34.343554,27232,3,99999,03102,阪南市光陽台グラウンド,石田954,4,-99,9999
135.236663,34.347735,27232,3,99999,03102,阪南市中央運動広場,光陽台1-17-24,4,-99,9999
135.236663,34.347641,27232,3,99999,03103,阪南市中央運動広場,光陽台1-17-24,4,-99,9999
135.28828,34.392614,27362,3,99999,03106,田尻町営プール,吉見713-2,3,-99,9999
135.29985,34.390461,27362,3,99999,03115,田尻町第一テニスコート（尾張池テニスコート）,大字嘉祥寺134-1,3,-99,9999
135.288577,34.396418,27362,3,99999,03102,田尻町多目的グラウンド（潮風グラウンド・シーサイドドーム）,大字嘉祥寺883-5,4,-99,9999
135.288535,34.39569,27362,3,99999,03116,田尻町多目的グラウンド（潮風グラウンド・シーサイドドーム）,大字嘉祥寺883-5,4,-99,9999
135.288532,34.395611,27362,3,99999,03138,田尻町多目的グラウンド（潮風グラウンド・シーサイドドーム）,大字嘉祥寺883-5,4,-99,9999
135.37193,34.390502,27361,3,99999,03109,熊取町立総合体育館（ひまわりドーム）,久保5-3-1,4,-99,9999
135.37193,34.390409,27361,3,99999,03120,熊取町立総合体育館（ひまわりドーム）,久保5-3-1,4,-99,9999
135.371865,34.389674,27361,3,99999,03129,熊取町立総合体育館（ひまわりドーム）,久保5-3-1,4,-99,9999
135.371865,34.389576,27361,3,99999,03105,熊取町立総合体育館（ひまわりドーム）温水プール,久保5-3-1,4,-99,9999
135.359659,34.402608,27361,3,99999,03115,中央公園内テニスコート,野田4-274-151,3,-99,9999
135.373514,34.389929,27361,3,99999,03115,熊取町立町民グラウンド内テニスコート,久保5-3080,4,-99,9999
135.367178,34.396152,27361,3,99999,03102,熊取町立八幡池青少年広場,大宮2-484-1,3,-99,9999
135.359163,34.403005,27361,3,99999,03102,中央公園内多目的広場,野田4-274-151,3,-99,9999
135.35916,34.402922,27361,3,99999,03104,中央公園内多目的広場,野田4-274-151,3,-99,9999
135.37393,34.389017,27361,3,99999,03101,熊取町立町民グラウンド,久保5-3080,3,-99,9999
135.37393,34.388924,27361,3,99999,03103,熊取町立町民グラウンド,久保5-3080,3,-99,9999
135.373936,34.388836,27361,3,99999,03102,熊取町立町民グラウンド,久保5-3080,3,-99,9999
135.320614,34.35219,27228,3,99999,03142,泉南市立青少年の森,新家5033,3,-99,9999
135.258537,34.370983,27228,3,99999,03110,泉南市立柔道場,樽井4-29-3,3,-99,9999
135.268804,34.367651,27228,3,99999,03109,泉南市立市民体育館,樽井2-26-1,4,-99,9999
135.268804,34.367509,27228,3,99999,03120,泉南市立市民体育館,樽井2-26-1,4,-99,9999
135.268786,34.367435,27228,3,99999,03129,泉南市立市民体育館,樽井2-26-1,4,-99,9999
135.269449,34.367788,27228,3,99999,03132,泉南市立市民体育館,樽井2-26-1,4,-99,9999
135.269452,34.367714,27228,3,99999,03113,泉南市立市民体育館,樽井2-26-1,4,-99,9999
135.26925,34.36758,27228,3,99999,03118,泉南市立市民体育館,樽井2-26-1,4,-99,9999
135.290497,34.375471,27228,3,99999,03106,泉南市営プール,信達大苗代391-1,3,-99,9999
135.291468,34.375309,27228,3,99999,03115,泉南市立双子川テニスコート,信達大苗代160,4,-99,9999
135.268345,34.376678,27228,3,99999,03102,泉南市青少年運動広場,樽井8-17,3,-99,9999
135.268345,34.376766,27228,3,99999,03101,泉南市青少年運動広場,樽井8-17,3,-99,9999
135.259747,34.377634,27228,3,99999,03102,泉南市民球場（サザンスタジアム）,りんくう南浜2,3,-99,9999
135.294078,34.405287,27213,3,99999,03103,りんくう中央公園フットサルコート,りんくう往来南6-12,4,-99,9999
135.344455,34.419749,27213,3,99999,03109,泉佐野市鶴原青少年体育館（ＮＨＧ）,鶴原1016-1,4,-99,9999
135.344452,34.419685,27213,3,99999,03120,泉佐野市鶴原青少年体育館（ＮＨＧ）,鶴原1016-1,4,-99,9999
135.344455,34.419622,27213,3,99999,03129,泉佐野市鶴原青少年体育館（ＮＨＧ）,鶴原1016-1,4,-99,9999
135.293398,34.383844,27213,3,99999,03109,泉佐野市樫井青少年体育館（オークアリーナ）,南中樫井428-1,3,-99,9999
135.293398,34.383778,27213,3,99999,03120,泉佐野市樫井青少年体育館（オークアリーナ）,南中樫井428-1,3,-99,9999
135.293392,34.383717,27213,3,99999,03129,泉佐野市樫井青少年体育館（オークアリーナ）,南中樫井428-1,3,-99,9999
135.309655,34.400209,27213,3,99999,03109,泉佐野市立健康増進センター（ユトリック）,新安松1-1-21,4,-99,9999
135.309652,34.400138,27213,3,99999,03129,泉佐野市立健康増進センター（ユトリック）,新安松1-1-21,4,-99,9999
135.309649,34.400072,27213,3,99999,03105,泉佐野市立健康増進センター（ユトリック）,新安松1-1-21,4,-99,9999
135.353533,34.35545,27213,3,99999,03142,泉佐野市立稲倉青少年野外活動センター,日根野5560-186,3,-99,1981
135.310054,34.410647,27213,3,99999,03110,泉佐野市民道場心明館,笠松1-2-22,3,-99,9999
135.310054,34.410608,27213,3,99999,03111,泉佐野市民道場心明館,笠松1-2-22,3,-99,9999
135.310051,34.410571,27213,3,99999,03113,泉佐野市民道場心明館,笠松1-2-22,3,-99,9999
135.309697,34.399711,27213,3,99999,03109,泉佐野市民総合体育館,新安松1-1-1-22,4,-99,9999
135.309697,34.399645,27213,3,99999,03120,泉佐野市民総合体育館,新安松1-1-1-22,4,-99,9999
135.309706,34.399577,27213,3,99999,03110,泉佐野市民総合体育館,新安松1-1-1-22,4,-99,9999
135.309688,34.399513,27213,3,99999,03111,泉佐野市民総合体育館,新安松1-1-1-22,4,-99,9999
135.309691,34.399439,27213,3,99999,03113,泉佐野市民総合体育館,新安松1-1-1-22,4,-99,9999
135.309691,34.399373,27213,3,99999,03129,泉佐野市民総合体育館,新安松1-1-1-22,4,-99,9999
135.304374,34.387597,27213,3,99999,03106,泉佐野市立長南中学校プール,南中安松899,3,-99,9999
135.334081,34.402841,27213,3,99999,03106,泉佐野市新池プール,中庄1106,3,-99,9999
135.335522,34.42187,27213,3,99999,03106,泉佐野市北中プール,鶴原2813-1,3,-99,9999
135.336047,34.381177,27213,3,99999,03106,泉佐野市日根野プール,日根野1699-1,3,-99,9999
135.293888,34.402723,27213,3,99999,03115,りんくう中央公園テニスコート,りんくう往来南6-12,4,-99,9999
135.33682,34.414153,27213,3,99999,03115,上瓦屋テニスコート,上瓦屋455-6,3,-99,9999
135.320594,34.392916,27213,3,99999,03115,長滝テニスコート,長滝3954,3,-99,9999
135.29475,34.403812,27213,3,99999,03102,りんくう中央公園グラウンド,りんくう往来南6-12,4,-99,9999
135.294744,34.403704,27213,3,99999,03103,りんくう中央公園グラウンド,りんくう往来南6-12,4,-99,9999
135.351928,34.379833,27213,3,99999,03103,泉佐野市立大池グラウンド,日根野5593-1,3,-99,9999
135.307715,34.400326,27213,3,99999,03102,末広公園グラウンド,新安松1-1-23（末広公園内）,3,-99,9999
135.307712,34.40023,27213,3,99999,03103,末広公園グラウンド,新安松1-1-23（末広公園内）,3,-99,9999
135.307712,34.400132,27213,3,99999,03104,末広公園グラウンド,新安松1-1-23（末広公園内）,3,-99,9999
135.360002,34.437984,27208,3,99999,03109,貝塚市立総合体育館,畠中1-1-13-1,3,-99,9999
135.360008,34.43791,27208,3,99999,03120,貝塚市立総合体育館,畠中1-1-13-1,3,-99,9999
135.360002,34.437837,27208,3,99999,03111,貝塚市立総合体育館,畠中1-1-13-1,3,-99,9999
135.359996,34.437761,27208,3,99999,03113,貝塚市立総合体育館,畠中1-1-13-1,3,-99,9999
135.359999,34.43769,27208,3,99999,03110,貝塚市立総合体育館,畠中1-1-13-1,3,-99,9999
135.359996,34.437616,27208,3,99999,03129,貝塚市立総合体育館,畠中1-1-13-1,3,-99,9999
135.343285,34.444139,27208,3,99999,03106,貝塚市営第５プール,二色3-25-1,3,-99,9999
135.360798,34.425216,27208,3,99999,03106,貝塚市営第４プール,地蔵堂369-3,3,-99,9999
135.367651,34.447128,27208,3,99999,03106,貝塚市営第２プール,小瀬町1-23-1,3,-99,9999
135.35882,34.435515,27208,3,99999,03106,貝塚市営第１プール,畠中1-22-1,3,-99,9999
135.390118,34.410105,27208,3,99999,03106,貝塚市営第３プール,東山6-4-1,3,-99,9999
135.401114,34.407651,27208,3,99999,03115,貝塚市公園墓地テニスコート,三ヶ山247,3,-99,9999
135.339499,34.453118,27208,3,99999,03115,貝塚市民ふれあい運動広場テニスコート,二色南町4-1,3,-99,9999
135.335412,34.453711,27208,3,99999,03102,二色グラウンド,二色南町6-3,3,-99,9999
135.336288,34.453096,27208,3,99999,03103,二色グラウンド,二色南町6-3,3,-99,9999
135.340227,34.452816,27208,3,99999,03102,貝塚市民ふれあい運動広場,二色南町4-1,3,-99,9999
135.340221,34.452473,27208,3,99999,03103,貝塚市民ふれあい運動広場,二色南町4-1,3,-99,9999
135.340221,34.45265,27208,3,99999,03104,貝塚市民ふれあい運動広場,二色南町4-1,3,-99,9999
135.36249,34.418173,27208,3,99999,03102,貝塚市立子ども野外広場,橋本1394-1,3,-99,9999
135.386058,34.417108,27208,3,99999,03102,貝塚市立青少年運動広場,東山1-4-1,3,-99,9999
135.386061,34.417012,27208,3,99999,03103,貝塚市立青少年運動広場,東山1-4-1,3,-99,9999
135.386058,34.416919,27208,3,99999,03104,貝塚市立青少年運動広場,東山1-4-1,3,-99,9999
135.395953,34.468682,27202,3,99999,03109,岸和田市総合体育館,西之内町45-1,4,-99,9999
135.395953,34.468608,27202,3,99999,03120,岸和田市総合体育館,西之内町45-1,4,-99,9999
135.395953,34.468539,27202,3,99999,03116,岸和田市総合体育館,西之内町45-1,4,-99,9999
135.395947,34.468471,27202,3,99999,03110,岸和田市総合体育館,西之内町45-1,4,-99,9999
135.395947,34.468402,27202,3,99999,03111,岸和田市総合体育館,西之内町45-1,4,-99,9999
135.395947,34.468334,27202,3,99999,03113,岸和田市総合体育館,西之内町45-1,4,-99,9999
135.395947,34.468265,27202,3,99999,03121,岸和田市総合体育館,西之内町45-1,4,-99,9999
135.395947,34.468197,27202,3,99999,03129,岸和田市総合体育館,西之内町45-1,4,-99,9999
135.369424,34.459771,27202,3,99999,03110,岸和田市民道場心技館,岸城町7-20,4,-99,9999
135.36943,34.459703,27202,3,99999,03111,岸和田市民道場心技館,岸城町7-20,4,-99,9999
135.36943,34.459639,27202,3,99999,03113,岸和田市民道場心技館,岸城町7-20,4,-99,9999
135.381732,34.47545,27202,3,99999,03109,岸和田市立春木体育館,春木泉町1-10,3,-99,9999
135.381738,34.475318,27202,3,99999,03120,岸和田市立春木体育館,春木泉町1-10,3,-99,9999
135.383264,34.455459,27202,3,99999,03109,岸和田市立中央体育館,作才町1001,3,-99,9999
135.383258,34.45537,27202,3,99999,03120,岸和田市立中央体育館,作才町1001,3,-99,9999
135.426902,34.459072,27202,3,99999,03106,岸和田市山直北プール,三田町1043-2,3,-99,9999
135.39868,34.479738,27202,3,99999,03106,岸和田市城北プール,吉井町1-16-18,3,-99,9999
135.416473,34.468056,27202,3,99999,03106,岸和田市今木プール,東大路町208,3,-99,9999
135.365922,34.464002,27202,3,99999,03106,岸和田市浜プール,大手町13-35,3,-99,9999
135.374994,34.47201,27202,3,99999,03106,岸和田市朝陽プール,臨海町21-1,3,-99,9999
135.388385,34.481767,27202,3,99999,03106,岸和田市春木プール,八幡町13-81,3,-99,9999
135.439464,34.418288,27202,3,99999,03106,岸和田市山滝プール,内畑町204,3,-99,9999
135.403536,34.435821,27202,3,99999,03106,岸和田市葛城プール,土生町211,3,-99,9999
135.380051,34.455395,27202,3,99999,03106,岸和田市野田プール,野田町2-20-18,3,-99,9999
135.396297,34.469636,27202,3,99999,03106,岸和田市立中央公園プール,西之内町8,3,-99,9999
135.396749,34.46941,27202,3,99999,03107,岸和田市立中央公園プール,西之内町8,3,-99,9999
135.39164,34.440564,27202,3,99999,03115,岸和田市立葛城テニスコート,畑町4-475,3,-99,9999
135.363786,34.460521,27202,3,99999,03115,岸和田市浜工業公園テニスコート,地蔵浜町10,3,-99,9999
135.397521,34.47015,27202,3,99999,03115,岸和田市立中央公園テニスコート,西ノ内町8,3,-99,9999
135.379182,34.477046,27202,3,99999,03115,岸和田市立春木台場テニスコート,春木泉町20-48,3,-99,9999
135.379454,34.455079,27202,3,99999,03115,岸和田市立野田公園テニスコート,野田町2-20-18,3,-99,9999
135.381885,34.464727,27202,3,99999,03115,岸和田市立牛ノ口公園テニスコート,沼町26-23,3,-99,9999
135.361861,34.460111,27202,3,99999,03102,浜工業公園球技広場２,地蔵浜町10,3,-99,9999
135.361861,34.459999,27202,3,99999,03103,浜工業公園球技広場２,地蔵浜町10,3,-99,9999
135.362978,34.459685,27202,3,99999,03102,浜工業公園球技広場１,地蔵浜町10,3,-99,9999
135.443782,34.388945,27202,3,99999,03104,岸和田市立大沢青少年広場,大沢町656,3,-99,9999
135.443782,34.388891,27202,3,99999,03138,岸和田市立大沢青少年広場,大沢町656,3,-99,9999
135.429284,34.382518,27202,3,99999,03104,岸和田市立茂知谷青少年広場,相川町18-1,3,-99,9999
135.429284,34.382471,27202,3,99999,03138,岸和田市立茂知谷青少年広場,相川町18-1,3,-99,9999
135.372587,34.452379,27202,3,99999,03102,岸和田市立鴨田池青少年広場,南上町2-290,3,-99,9999
135.372587,34.452271,27202,3,99999,03103,岸和田市立鴨田池青少年広場,南上町2-290,3,-99,9999
135.440104,34.43827,27202,3,99999,03102,岸和田市立奥ノ池青少年広場,直中町498-1,3,-99,9999
135.440104,34.438177,27202,3,99999,03103,岸和田市立奥ノ池青少年広場,直中町498-1,3,-99,9999
135.427961,34.40728,27202,3,99999,03102,岸和田市立神楽目青少年広場,内畑町3306,3,-99,9999
135.427967,34.407182,27202,3,99999,03138,岸和田市立神楽目青少年広場,内畑町3306,3,-99,9999
135.371146,34.490321,27202,3,99999,03102,岸和田市立臨海青少年広場,木材町17-1,3,-99,9999
135.406753,34.445363,27202,3,99999,03102,岸和田市立菊ヶ池青少年広場,尾生町1067-2,3,-99,9999
135.40675,34.445262,27202,3,99999,03103,岸和田市立菊ヶ池青少年広場,尾生町1067-2,3,-99,9999
135.378977,34.476635,27202,3,99999,03102,岸和田市立春木台場青少年広場,春木泉町20-48,3,-99,9999
135.37898,34.476581,27202,3,99999,03103,岸和田市立春木台場青少年広場,春木泉町20-48,3,-99,9999
135.410983,34.466257,27202,3,99999,03102,岸和田市立八木運動広場,大町4-10-1,3,-99,9999
135.390176,34.481853,27202,3,99999,03102,岸和田市立春木運動広場,八幡町5-1,3,-99,9999
135.390176,34.48175,27202,3,99999,03103,岸和田市立春木運動広場,八幡町5-1,3,-99,9999
135.390746,34.44105,27202,3,99999,03102,岸和田市立葛城運動広場,畑町4-2-1,3,-99,9999
135.390743,34.440952,27202,3,99999,03103,岸和田市立葛城運動広場,畑町4-2-1,3,-99,9999
135.420877,34.454568,27202,3,99999,03102,岸和田市立久米田公園運動広場,岡山町26-2,3,-99,9999
135.420874,34.454472,27202,3,99999,03103,岸和田市立久米田公園運動広場,岡山町26-2,3,-99,9999
135.38212,34.465653,27202,3,99999,03102,岸和田市立牛ノ口公園運動広場,上野町東1-1,3,-99,9999
135.38212,34.465545,27202,3,99999,03103,岸和田市立牛ノ口公園運動広場,上野町東1-1,3,-99,9999
135.395632,34.471066,27202,3,99999,03103,岸和田市立中央公園スポーツ広場,西ノ内町8,3,-99,9999
135.395626,34.470959,27202,3,99999,03104,岸和田市立中央公園スポーツ広場,西ノ内町8,3,-99,9999
135.401364,34.486766,27341,3,99999,03105,忠岡町営スポーツセンター温水プール,忠岡東1-34-1,3,-99,9999
135.402673,34.494174,27341,3,99999,03102,大津川河川敷公園運動広場,忠岡東3-1584～2,3,-99,9999
135.403612,34.493572,27341,3,99999,03103,大津川河川敷公園運動広場,忠岡東3-1584～2,3,-99,9999
135.379374,34.503096,27341,3,99999,03102,忠岡町民第２運動場,新浜2-5-52,3,-99,9999
135.400566,34.487828,27341,3,99999,03102,忠岡町民運動場,忠岡東1-34-27,3,-99,9999
135.400566,34.487739,27341,3,99999,03103,忠岡町民運動場,忠岡東1-34-27,3,-99,9999
135.42485,34.524234,27225,3,99999,03142,高石市立野外活動センター,高師浜丁8及び11,3,-99,9999
135.432836,34.526622,27225,3,99999,03109,高石市立体育館,高師浜3-1-24,3,-99,9999
135.432836,34.526554,27225,3,99999,03120,高石市立体育館,高師浜3-1-24,3,-99,9999
135.432836,34.52649,27225,3,99999,03129,高石市立体育館,高師浜3-1-24,3,-99,9999
135.433255,34.517615,27225,3,99999,03105,高石市ふれあいゾーン複合センター温水プール,綾園4-5-28,4,-99,9999
135.449079,34.516785,27225,3,99999,03106,取石プール,取石3-14-23,3,-99,9999
135.439905,34.524745,27225,3,99999,03106,中央プール,加茂1-1539-2,3,-99,9999
135.450796,34.529548,27225,3,99999,03115,新公園テニスコート,東羽衣4-168,3,-99,9999
135.425579,34.525165,27225,3,99999,03103,高石市立高師浜運動場（運動広場）,高師浜8丁8,3,-99,9999
135.426049,34.525665,27225,3,99999,03115,高石市立高師浜運動場（テニス場）,高師浜丁8,3,-99,9999
135.425588,34.524859,27225,3,99999,03138,高石市立高師浜運動場（運動広場）,高師浜8丁8,3,-99,9999
135.425585,34.525063,27225,3,99999,03102,高石市立高師浜運動場（運動広場）,高師浜8丁8,3,-99,9999
135.425579,34.524955,27225,3,99999,03104,高石市立高師浜運動場（運動広場）,高師浜8丁8,3,-99,9999
135.406711,34.539211,27225,3,99999,03103,高砂公園運動広場,高砂3-14,3,-99,9999
135.406705,34.539079,27225,3,99999,03102,高砂公園運動広場,高砂3-14,3,-99,9999
135.449465,34.529873,27225,3,99999,03103,新公園運動広場,東羽衣4-168,3,-99,9999
135.449459,34.529788,27225,3,99999,03102,新公園運動広場,東羽衣4-168,3,-99,9999
135.449459,34.529699,27225,3,99999,03104,新公園運動広場,東羽衣4-168,3,-99,9999
135.444057,34.520021,27225,3,99999,03103,鴨公園運動広場,西取石6地内,3,-99,9999
135.444057,34.519909,27225,3,99999,03102,鴨公園運動広場,西取石6地内,3,-99,9999
135.444051,34.519806,27225,3,99999,03104,鴨公園運動広場,西取石6地内,3,-99,9999
135.408144,34.539202,27225,3,99999,03102,高石市立高砂野球場,高砂3-41,3,-99,9999
135.423765,34.523391,27225,3,99999,03102,高石市立高師浜野球場,高師浜丁9,3,-99,9999
135.497142,34.398486,27219,3,99999,03142,和泉市立青少年の家,槙尾山町1-21,4,-99,9999
135.428835,34.479718,27219,3,99999,03109,和泉市立市民体育館,府中町4-20-3,4,-99,9999
135.428832,34.479674,27219,3,99999,03110,和泉市立市民体育館,府中町4-20-3,4,-99,9999
135.428835,34.479632,27219,3,99999,03111,和泉市立市民体育館,府中町4-20-3,4,-99,9999
135.428835,34.479591,27219,3,99999,03113,和泉市立市民体育館,府中町4-20-3,4,-99,9999
135.428835,34.479549,27219,3,99999,03120,和泉市立市民体育館,府中町4-20-3,4,-99,9999
135.428829,34.479505,27219,3,99999,03129,和泉市立市民体育館,府中町4-20-3,4,-99,9999
135.481936,34.461232,27219,3,99999,03109,和泉市立コミュニティ体育館,光明台1-44-8,4,-99,9999
135.481942,34.461159,27219,3,99999,03110,和泉市立コミュニティ体育館,光明台1-44-8,4,-99,9999
135.481942,34.461085,27219,3,99999,03111,和泉市立コミュニティ体育館,光明台1-44-8,4,-99,9999
135.481942,34.461012,27219,3,99999,03113,和泉市立コミュニティ体育館,光明台1-44-8,4,-99,9999
135.481942,34.460938,27219,3,99999,03120,和泉市立コミュニティ体育館,光明台1-44-8,4,-99,9999
135.481948,34.46087,27219,3,99999,03129,和泉市立コミュニティ体育館,光明台1-44-8,4,-99,9999
135.450577,34.511826,27219,3,99999,03105,和泉市温水プール（サン燦プール）,上町584-1,4,-99,9999
135.450577,34.511757,27219,3,99999,03129,和泉市温水プール（サン燦プール）,上町584-1,4,-99,9999
135.450577,34.511679,27219,3,99999,03132,和泉市温水プール（サン燦プール）,上町584-1,4,-99,9999
135.429631,34.477915,27219,3,99999,03106,和泉市中央プール,和気町4-5-1※プール開設時,3,-99,9999
135.487926,34.453769,27219,3,99999,03115,和泉市立光明池緑地有料公園施設（テニスコート）,光明台3-36-1,4,-99,9999
135.475958,34.468392,27219,3,99999,03115,和泉市立光明池球技場テニスコート,室堂町1066,4,-99,9999
135.431373,34.478213,27219,3,99999,03115,和泉市立テニスコート,和気町4-5-1,4,-99,9999
135.476594,34.466933,27219,3,99999,03102,和泉市立光明池球技場,室堂町1066,4,-99,9999
135.486642,34.454279,27219,3,99999,03102,和泉市立光明池緑地有料公園施設,光明台3-36-1,4,-99,9999
135.486642,34.454171,27219,3,99999,03103,和泉市立光明池緑地有料公園施設,光明台3-36-1,4,-99,9999
135.430422,34.477822,27219,3,99999,03102,和泉市立市民球場,和気町4-5-1,4,-99,9999
135.399848,34.51966,27206,3,99999,03103,中央緑地フットサル場,小津島町1,3,-99,9999
135.398653,34.519946,27206,3,99999,03103,中央緑地サブ広場,小津島町1,3,-99,9999
135.400186,34.520323,27206,3,99999,03102,中央緑地多目的広場,小津島町1,3,-99,9999
135.394003,34.507784,27206,3,99999,03115,なぎさテニスコート,なぎさ町35-1,3,-99,9999
135.419058,34.500612,27206,3,99999,03109,泉大津市立総合体育館,宮町2-50,3,-99,9999
135.419058,34.500539,27206,3,99999,03120,泉大津市立総合体育館,宮町2-50,3,-99,9999
135.419064,34.500465,27206,3,99999,03110,泉大津市立総合体育館,宮町2-50,3,-99,9999
135.419064,34.500392,27206,3,99999,03111,泉大津市立総合体育館,宮町2-50,3,-99,9999
135.419064,34.500318,27206,3,99999,03113,泉大津市立総合体育館,宮町2-50,3,-99,9999
135.41907,34.50024,27206,3,99999,03129,泉大津市立総合体育館,宮町2-50,3,-99,9999
135.413904,34.513795,27206,3,99999,03106,泉大津市助松公園プール,松ノ浜町1地内,3,-99,9999
135.415792,34.495934,27206,3,99999,03106,泉大津市穴師公園プール,池浦町3地内,3,-99,9999
135.416842,34.516158,27206,3,99999,03115,助松公園テニスコート,助松町3地内,3,-99,9999
135.37942,34.510851,27206,3,99999,03102,汐見公園多目的広場,汐見町,3,-99,9999
135.37942,34.510753,27206,3,99999,03103,汐見公園多目的広場,汐見町,3,-99,9999
135.417004,34.488345,27206,3,99999,03102,泉大津市三十合池公園運動場,我孫子地内,3,-99,9999
135.41957,34.504817,27206,3,99999,03102,泉大津市古池公園運動場,曽根町3-6-5,3,-99,9999
135.419567,34.504725,27206,3,99999,03103,泉大津市古池公園運動場,曽根町3-6-5,3,-99,9999
135.419567,34.50462,27206,3,99999,03104,泉大津市古池公園運動場,曽根町3-6-5,3,-99,9999
135.416093,34.515292,27206,3,99999,03102,泉大津市助松公園野球場,助松町4地内,3,-99,9999
135.414305,34.574857,27144,3,99999,03102,みなと堺グリーンひろば,築港新町3-54,4,-99,9999
135.408232,34.576168,27144,3,99999,03103,みなと堺グリーンひろば,築港新町3-54,4,-99,9999
135.460439,34.581326,27141,3,99999,03119,大浜相撲場,大浜北町大浜公園内,4,-99,9999
135.459016,34.581735,27141,3,99999,03109,大浜体育館,大浜北町5丁7-1,4,-99,9999
135.459016,34.581671,27141,3,99999,03129,大浜体育館,大浜北町5丁7-1,4,-99,9999
135.459016,34.581603,27141,3,99999,03120,大浜体育館,大浜北町5丁7-1,4,-99,9999
135.459016,34.581529,27141,3,99999,03116,大浜体育館,大浜北町5丁7-1,4,-99,9999
135.459016,34.581461,27141,3,99999,03110,大浜体育館,大浜北町5丁7-1,4,-99,9999
135.459022,34.581397,27141,3,99999,03111,大浜体育館,大浜北町5丁7-1,4,-99,9999
135.459016,34.581329,27141,3,99999,03113,大浜体育館,大浜北町5丁7-1,4,-99,9999
135.46885,34.564818,27141,3,99999,03109,ちぬが丘スポーツセンター,協和町2丁61-1,3,-99,9999
135.468861,34.56475,27141,3,99999,03129,ちぬが丘スポーツセンター,協和町2丁61-1,3,-99,9999
135.468861,34.564681,27141,3,99999,03120,ちぬが丘スポーツセンター,協和町2丁61-1,3,-99,9999
135.493383,34.519738,27142,3,99999,03109,原池公園体育館,八田寺町320,4,-99,9999
135.494242,34.51955,27142,3,99999,03129,原池公園体育館,八田寺町320,4,-99,9999
135.493377,34.519652,27142,3,99999,03120,原池公園体育館,八田寺町320,4,-99,9999
135.49404,34.51977,27142,3,99999,03116,原池公園体育館,八田寺町320,4,-99,9999
135.472515,34.536899,27144,3,99999,03109,家原大池体育館,家原寺町1丁18-1,4,-99,9999
135.472515,34.536825,27144,3,99999,03129,家原大池体育館,家原寺町1丁18-1,4,-99,9999
135.472521,34.536752,27144,3,99999,03120,家原大池体育館,家原寺町1丁18-1,4,-99,9999
135.472521,34.536678,27144,3,99999,03116,家原大池体育館,家原寺町1丁18-1,4,-99,9999
135.523222,34.540459,27143,3,99999,03109,初芝体育館,野尻町221-4,4,-99,9999
135.523222,34.540425,27143,3,99999,03129,初芝体育館,野尻町221-4,4,-99,9999
135.523222,34.540388,27143,3,99999,03120,初芝体育館,野尻町221-4,4,-99,9999
135.523225,34.540317,27143,3,99999,03111,初芝体育館,野尻町221-4,4,-99,9999
135.523222,34.540283,27143,3,99999,03113,初芝体育館,野尻町221-4,4,-99,9999
135.523222,34.540249,27143,3,99999,03110,初芝体育館,野尻町221-4,4,-99,9999
135.523216,34.540212,27143,3,99999,03130,初芝体育館,野尻町221-4,4,-99,9999
135.523216,34.540175,27143,3,99999,03121,初芝体育館,野尻町221-4,4,-99,9999
135.478685,34.474253,27145,3,99999,03109,鴨谷体育館,鴨谷台2丁4-1,4,-99,9999
135.478693,34.474189,27145,3,99999,03129,鴨谷体育館,鴨谷台2丁4-1,4,-99,9999
135.478693,34.474126,27145,3,99999,03120,鴨谷体育館,鴨谷台2丁4-1,4,-99,9999
135.478688,34.474057,27145,3,99999,03116,鴨谷体育館,鴨谷台2丁4-1,4,-99,9999
135.478693,34.473993,27145,3,99999,03111,鴨谷体育館,鴨谷台2丁4-1,4,-99,9999
135.478693,34.47393,27145,3,99999,03113,鴨谷体育館,鴨谷台2丁4-1,4,-99,9999
135.478693,34.473866,27145,3,99999,03110,鴨谷体育館,鴨谷台2丁4-1,4,-99,9999
135.50642,34.570887,27146,3,99999,03109,金岡公園体育館,長曽根町1179-18（金岡公園内）,4,-99,9999
135.50642,34.570814,27146,3,99999,03129,金岡公園体育館,長曽根町1179-18（金岡公園内）,4,-99,9999
135.50642,34.570735,27146,3,99999,03120,金岡公園体育館,長曽根町1179-18（金岡公園内）,4,-99,9999
135.50642,34.570657,27146,3,99999,03116,金岡公園体育館,長曽根町1179-18（金岡公園内）,4,-99,9999
135.515892,34.499268,27145,3,99999,03106,泉ヶ丘プール,三原台2-9,4,-99,9999
135.515381,34.499684,27145,3,99999,03107,泉ヶ丘プール,三原台2-9,4,-99,9999
135.461637,34.580545,27141,3,99999,03106,大浜公園プール,大浜北町4丁3-50,4,-99,9999
135.508977,34.5703,27146,3,99999,03106,金岡公園プール,長曽根町1179-18,4,-99,9999
135.460704,34.582057,27141,3,99999,03115,大浜公園テニスコート,大浜北町4,4,-99,9999
135.497577,34.499407,27145,3,99999,03115,荒山テニスコート,宮山台2丁3,4,-99,9999
135.522208,34.519631,27142,3,99999,03115,陶器テニスコート,陶器北434,4,-99,9999
135.522367,34.540557,27143,3,99999,03115,初芝テニスコート,野尻町221-4,4,-99,9999
135.481237,34.578357,27141,3,99999,03115,土居川公園テニスコート,櫛屋町東4丁,4,-99,9999
135.508446,34.568896,27146,3,99999,03115,金岡公園テニスコート,長曽根町1179-18（金岡公園内）,4,-99,9999
135.503696,34.486379,27145,3,99999,03102,堺市青少年の家,片蔵32,3,-99,9999
135.503702,34.486279,27145,3,99999,03103,堺市青少年の家,片蔵32,3,-99,9999
135.503764,34.485828,27145,3,99999,03111,堺市青少年の家,片蔵32,3,-99,9999
135.503761,34.485789,27145,3,99999,03113,堺市青少年の家,片蔵32,3,-99,9999
135.503758,34.485745,27145,3,99999,03110,堺市青少年の家,片蔵32,3,-99,9999
135.512151,34.54706,27146,3,99999,03102,白鷺公園運動広場,中百舌鳥町7丁（白鷺公園内）,4,-99,9999
135.512151,34.546962,27146,3,99999,03104,白鷺公園運動広場,中百舌鳥町7丁（白鷺公園内）,4,-99,9999
135.490634,34.48768,27145,3,99999,03102,西原公園自由広場,桃山台1、2丁,3,-99,9999
135.49064,34.487572,27145,3,99999,03103,西原公園自由広場,桃山台1、2丁,3,-99,9999
135.490646,34.487464,27145,3,99999,03104,西原公園自由広場,桃山台1、2丁,3,-99,9999
135.515936,34.501295,27145,3,99999,03102,田園公園自由広場,三原台1、2丁,3,-99,9999
135.515936,34.501202,27145,3,99999,03103,田園公園自由広場,三原台1、2丁,3,-99,9999
135.469099,34.56405,27141,3,99999,03104,青少年運動広場,協和町2丁61-1,3,-99,9999
135.478729,34.475497,27145,3,99999,03102,鴨谷野球場,鴨谷台2-4-1,4,-99,9999
135.512596,34.546184,27146,3,99999,03102,白鷺公園野球場,中百舌鳥町7丁白鷺公園内,4,-99,9999
135.499018,34.586463,27141,3,99999,03102,浅香山公園野球場,浅香山2,4,-99,9999
135.530401,34.487695,27145,3,99999,03102,晴美公園野球場,晴美台3丁,3,-99,9999
135.495984,34.476213,27145,3,99999,03102,庭代公園野球場,庭代台2、3丁,3,-99,9999
135.518439,34.488094,27145,3,99999,03102,茶山公園野球場,茶山台3丁,3,-99,9999
135.523093,34.519465,27142,3,99999,03102,陶器野球場,陶器北434,4,-99,9999
135.522934,34.541135,27143,3,99999,03102,初芝野球場,野尻町221-4,4,-99,9999
135.469837,34.589322,27141,3,99999,03102,三宝公園野球場,山本町4,4,-99,9999
135.460267,34.578789,27141,3,99999,03102,大浜公園野球場,大浜北町4-3-50,4,-99,9999
135.508838,34.572643,27146,3,99999,03102,金岡公園野球場,長曽根町1179-18（金岡公園内）,4,-99,9999
135.50762,34.570549,27146,3,99999,03101,金岡公園陸上競技場,長曽根町1179-18（金岡公園内）,4,-99,9999
135.616389,34.449075,27383,3,99999,03142,千早赤阪村立野外活動センター（休止中）,東阪255-1,4,-99,9999
135.616687,34.450035,27383,3,99999,03129,千早赤阪村Ｂ＆Ｇ海洋センター,東阪255-1,4,-99,9999
135.616687,34.449971,27383,3,99999,03109,千早赤阪村Ｂ＆Ｇ海洋センター,東阪255-1,4,-99,9999
135.616687,34.449908,27383,3,99999,03120,千早赤阪村Ｂ＆Ｇ海洋センター,東阪255-1,4,-99,9999
135.616693,34.449844,27383,3,99999,03110,千早赤阪村Ｂ＆Ｇ海洋センター,東阪255-1,4,-99,9999
135.616693,34.449776,27383,3,99999,03111,千早赤阪村Ｂ＆Ｇ海洋センター,東阪255-1,4,-99,9999
135.616687,34.449712,27383,3,99999,03113,千早赤阪村Ｂ＆Ｇ海洋センター,東阪255-1,4,-99,9999
135.616687,34.449653,27383,3,99999,03132,千早赤阪村Ｂ＆Ｇ海洋センター,東阪255-1,4,-99,9999
135.616841,34.450241,27383,3,99999,03105,千早赤阪村Ｂ＆Ｇ海洋センタープール,東阪255-1,4,-99,9999
135.616264,34.451157,27383,3,99999,03115,千早赤阪村立テニスコート,大字東阪121-1,4,-99,9999
135.615454,34.450756,27383,3,99999,03102,千早赤阪村立村民運動場,大字東阪117-5,4,-99,9999
135.615451,34.450648,27383,3,99999,03103,千早赤阪村立村民運動場,大字東阪117-5,4,-99,9999
135.564002,34.539314,27147,3,99999,03140,美原Ｂ＆Ｇ海洋センター艇庫,小平尾405-1,4,-99,9999
135.564002,34.539451,27147,3,99999,03137,美原Ｂ＆Ｇ海洋センター艇庫,小平尾405-1,4,-99,9999
135.566993,34.543019,27147,3,99999,03109,堺市立美原体育館,多治井878-1,4,-99,9999
135.566999,34.54295,27147,3,99999,03129,堺市立美原体育館,多治井878-1,4,-99,9999
135.566999,34.542877,27147,3,99999,03116,堺市立美原体育館,多治井878-1,4,-99,9999
135.566999,34.542809,27147,3,99999,03110,堺市立美原体育館,多治井878-1,4,-99,9999
135.566999,34.542735,27147,3,99999,03120,堺市立美原体育館,多治井878-1,4,-99,9999
135.566999,34.542662,27147,3,99999,03111,堺市立美原体育館,多治井878-1,4,-99,9999
135.552203,34.532023,27147,3,99999,03109,美原Ｂ＆Ｇ海洋センター体育館,阿弥377-1,4,-99,9999
135.552209,34.531954,27147,3,99999,03116,美原Ｂ＆Ｇ海洋センター体育館,阿弥377-1,4,-99,9999
135.552203,34.531876,27147,3,99999,03120,美原Ｂ＆Ｇ海洋センター体育館,阿弥377-1,4,-99,9999
135.552203,34.531802,27147,3,99999,03111,美原Ｂ＆Ｇ海洋センター体育館,阿弥377-1,4,-99,9999
135.564002,34.537728,27147,3,99999,03105,美原Ｂ＆Ｇ海洋センター第１プール,小平尾405-1,4,-99,9999
135.548376,34.542135,27147,3,99999,03105,美原Ｂ＆Ｇ海洋センター第２プール,北余部324,4,-99,9999
135.580327,34.530389,27147,3,99999,03115,美原さつき野運動広場テニスコート,さつき野西2-1474-70,4,-99,9999
135.551395,34.531612,27147,3,99999,03115,美原みの池運動広場テニスコート,阿弥377-1,4,-99,9999
135.568292,34.543597,27147,3,99999,03115,美原多治井運動広場テニスコート,多治井878-3,4,-99,9999
135.567611,34.543469,27147,3,99999,03102,美原多治井運動広場運動場,多治井878-3,4,-99,9999
135.567605,34.543371,27147,3,99999,03103,美原多治井運動広場運動場,多治井878-3,4,-99,9999
135.580119,34.531216,27147,3,99999,03102,美原さつき野運動広場野球場,さつき野西2-1474-70,4,-99,9999
135.551799,34.530912,27147,3,99999,03102,美原みの池運動広場野球場,阿弥377-1,4,-99,9999
135.650762,34.472555,27382,3,99999,03142,河南町野外活動施設かつらぎ自然の家（休止中）,大字下河内177,3,-99,9999
135.650664,34.472631,27382,3,99999,03128,河南町野外活動施設かつらぎ自然の家（休止中）,大字下河内177,3,-99,9999
135.634987,34.496063,27382,3,99999,03109,河南町立総合体育館（ぷくぷくドーム）,大字寺田580,3,-99,9999
135.634987,34.49599,27382,3,99999,03120,河南町立総合体育館（ぷくぷくドーム）,大字寺田580,3,-99,9999
135.634987,34.495916,27382,3,99999,03116,河南町立総合体育館（ぷくぷくドーム）,大字寺田580,3,-99,9999
135.634981,34.495848,27382,3,99999,03111,河南町立総合体育館（ぷくぷくドーム）,大字寺田580,3,-99,9999
135.634981,34.495774,27382,3,99999,03113,河南町立総合体育館（ぷくぷくドーム）,大字寺田580,3,-99,9999
135.634981,34.495706,27382,3,99999,03132,河南町立総合体育館（ぷくぷくドーム）,大字寺田580,3,-99,9999
135.629922,34.490263,27382,3,99999,03120,河南町青少年スポーツセンター,大字白木1251,3,-99,9999
135.629922,34.490229,27382,3,99999,03111,河南町青少年スポーツセンター,大字白木1251,3,-99,9999
135.629922,34.490197,27382,3,99999,03110,河南町青少年スポーツセンター,大字白木1251,3,-99,9999
135.629959,34.489856,27382,3,99999,03109,河南町立町民体育館,大字白木1250-1,3,-99,9999
135.629959,34.489787,27382,3,99999,03120,河南町立町民体育館,大字白木1250-1,3,-99,9999
135.629959,34.489714,27382,3,99999,03111,河南町立町民体育館,大字白木1250-1,3,-99,9999
135.629604,34.490091,27382,3,99999,03106,河南町立プール,大字白木1245,3,-99,9999
135.628774,34.491569,27382,3,99999,03115,河南町立テニスコート,大字白木1308-1,3,-99,9999
135.61869,34.510776,27382,3,99999,03102,河南町立石川スポーツ公園,大字一須賀（石川河川敷内）,3,-99,9999
135.618851,34.511412,27382,3,99999,03103,河南町立石川スポーツ公園,大字一須賀（石川河川敷内）,3,-99,9999
135.618857,34.5115,27382,3,99999,03104,河南町立石川スポーツ公園,大字一須賀（石川河川敷内）,3,-99,9999
135.645413,34.481448,27382,3,99999,03102,河南町立総合運動場,さくら坂5-1,3,-99,9999
135.64675,34.481335,27382,3,99999,03103,河南町立総合運動場,さくら坂5-1,3,-99,9999
135.64675,34.481232,27382,3,99999,03104,河南町立総合運動場,さくら坂5-1,3,-99,9999
135.661371,34.525777,27381,3,99999,03109,太子町立総合スポーツ公園総合体育館,山田1221,3,-99,9999
135.661371,34.525684,27381,3,99999,03129,太子町立総合スポーツ公園総合体育館,山田1221,3,-99,9999
135.661365,34.525596,27381,3,99999,03120,太子町立総合スポーツ公園総合体育館,山田1221,3,-99,9999
135.661098,34.525106,27381,3,99999,03115,太子町立総合スポーツ公園テニスコート,山田1221,3,-99,9999
135.661543,34.527016,27381,3,99999,03102,太子町立総合スポーツ公園総合グラウンド,山田1221,3,-99,9999
135.661537,34.527133,27381,3,99999,03103,太子町立総合スポーツ公園総合グラウンド,山田1221,3,-99,9999
135.642577,34.520058,27381,3,99999,03102,太子町民グランド,春日1564-6,3,-99,9999
135.642577,34.51995,27381,3,99999,03103,太子町民グランド,春日1564-6,3,-99,9999
135.561691,34.519613,27231,3,99999,03142,大阪狭山市立市民ふれあいの里青少年野外活動広場,東野東1-32-2,3,-99,9999
135.560844,34.519757,27231,3,99999,03147,大阪狭山市立市民ふれあいの里青少年野外活動広場,東野東1-32-2,3,-99,9999
135.550866,34.50899,27231,3,99999,03109,大阪狭山市立池尻体育館,池尻中3-639-10,4,-99,9999
135.550878,34.508907,27231,3,99999,03120,大阪狭山市立池尻体育館,池尻中3-639-10,4,-99,9999
135.547569,34.488515,27231,3,99999,03138,大阪狭山市立ふれあいスポーツ広場,茱萸木4-88-315,4,-99,9999
135.547574,34.488437,27231,3,99999,03104,大阪狭山市立ふれあいスポーツ広場,茱萸木4-88-315,4,-99,9999
135.540486,34.506292,27231,3,99999,03109,大阪狭山市立総合体育館,池之原4-248,4,-99,9999
135.540486,34.506204,27231,3,99999,03129,大阪狭山市立総合体育館,池之原4-248,4,-99,9999
135.540486,34.506116,27231,3,99999,03120,大阪狭山市立総合体育館,池之原4-248,4,-99,9999
135.540714,34.508926,27231,3,99999,03115,大阪狭山市立山本テニスコート,山本東433,4,-99,9999
135.545419,34.471548,27231,3,99999,03115,大阪狭山市立大野テニスコート,立大野中231,4,-99,9999
135.561869,34.518651,27231,3,99999,03115,大阪狭山市立市民ふれあいの里スポーツ広場,東野東1-32-2,4,-99,9999
135.540452,34.508309,27231,3,99999,03103,大阪狭市立市民総合グラウンド,山本東433,4,-99,9999
135.540452,34.50822,27231,3,99999,03102,大阪狭市立市民総合グラウンド,山本東433,4,-99,9999
135.540464,34.508123,27231,3,99999,03104,大阪狭市立市民総合グラウンド,山本東433,4,-99,9999
135.5467,34.471934,27231,3,99999,03103,大阪狭山市立第三青少年運動広場,大野中231,4,-99,9999
135.5467,34.472047,27231,3,99999,03102,大阪狭山市立第三青少年運動広場,大野中231,4,-99,9999
135.546682,34.471821,27231,3,99999,03104,大阪狭山市立第三青少年運動広場,大野中231,4,-99,9999
135.552241,34.483405,27231,3,99999,03103,大阪狭山市立南青少年運動広場,茱萸木6-985-2,4,-99,9999
135.552241,34.483312,27231,3,99999,03102,大阪狭山市立南青少年運動広場,茱萸木6-985-2,4,-99,9999
135.552241,34.483219,27231,3,99999,03104,大阪狭山市立南青少年運動広場,茱萸木6-985-2,4,-99,9999
135.539933,34.50712,27231,3,99999,03102,大阪狭山市立野球場,池之原4-248,4,-99,9999
135.602476,34.583191,27226,3,99999,03104,藤井寺市立大和川河川敷西運動広場,小山7-1013,3,-99,9999
135.608005,34.577493,27226,3,99999,03110,藤井寺市市民総合体育館心技館,大井1-2-20,3,-99,9999
135.608008,34.57736,27226,3,99999,03111,藤井寺市市民総合体育館心技館,大井1-2-20,3,-99,9999
135.607379,34.578021,27226,3,99999,03109,藤井寺市立市民総体育館合体育館,大井1-2-20,3,-99,9999
135.607379,34.577938,27226,3,99999,03129,藤井寺市立市民総体育館合体育館,大井1-2-20,3,-99,9999
135.607379,34.577855,27226,3,99999,03116,藤井寺市立市民総体育館合体育館,大井1-2-20,3,-99,9999
135.607385,34.577771,27226,3,99999,03120,藤井寺市立市民総体育館合体育館,大井1-2-20,3,-99,9999
135.607379,34.577683,27226,3,99999,03110,藤井寺市立市民総体育館合体育館,大井1-2-20,3,-99,9999
135.607385,34.577595,27226,3,99999,03111,藤井寺市立市民総体育館合体育館,大井1-2-20,3,-99,9999
135.607188,34.577385,27226,3,99999,03106,藤井寺市立市民水泳プール,大井1-2-20,3,-99,9999
135.61233,34.575745,27226,3,99999,03115,藤井寺市立林テニスコート,林3-244-4,3,-99,9999
135.603273,34.583108,27226,3,99999,03115,藤井寺市立大和川河川敷西運動広場小山河川敷テニスコート,小山7-1013,3,-99,9999
135.626049,34.576099,27226,3,99999,03115,藤井寺市立大和川河川敷運動広場船橋河川敷テニスコート,船橋9-1先,3,-99,9999
135.608597,34.577429,27226,3,99999,03115,藤井寺市立テニスコート（大井コート）,大井1-2-20,3,-99,9999
135.60581,34.583157,27226,3,99999,03104,藤井寺市立大和川河川敷西運動広場,小山7-1013,3,-99,9999
135.609269,34.587315,27226,3,99999,03102,藤井寺市立川北市民スポーツ広場,川北1-79外,3,-99,9999
135.60655,34.568877,27226,3,99999,03104,藤井寺市立西名阪高架下運動広場／古室運動広場,古室3-141,3,-99,9999
135.605521,34.56971,27226,3,99999,03104,藤井寺市立西名阪高架下運動広場／沢田運動広場,沢田2-47,3,-99,9999
135.595382,34.583268,27226,3,99999,03104,藤井寺市立西名阪高架下運動広場／小山運動場,小山6-1069,3,-99,9999
135.589651,34.584492,27226,3,99999,03104,藤井寺市立西名阪高架下運動広場／津堂運動広場,津堂2-103,3,-99,9999
135.6086,34.577911,27226,3,99999,03103,藤井寺市立青少年運動広場,大井1-2-20,3,-99,9999
135.608591,34.577855,27226,3,99999,03138,藤井寺市立青少年運動広場,大井1-2-20,3,-99,9999
135.608588,34.577796,27226,3,99999,03104,藤井寺市立青少年運動広場,大井1-2-20,3,-99,9999
135.605715,34.575138,27226,3,99999,03103,藤井寺市立スポーツセンター,林1-18-4,3,-99,9999
135.605715,34.575231,27226,3,99999,03102,藤井寺市立スポーツセンター,林1-18-4,3,-99,9999
135.62627,34.57696,27226,3,99999,03102,藤井寺市立大和川河川敷運動広場,船橋町9-1先,3,-99,9999
135.626273,34.576862,27226,3,99999,03103,藤井寺市立大和川河川敷運動広場,船橋町9-1先,3,-99,9999
135.584024,34.581783,27226,3,99999,03102,藤井寺市立津堂市民野球場,津堂3-620-1,3,-99,9999
135.567805,34.565877,27217,3,99999,03142,松原市大塚青少年野外活動センター,立部3-399-1,3,-99,9999
135.556846,34.580844,27217,3,99999,03132,松原市民道夢館,阿保4-210-7,3,-99,9999
135.556852,34.580766,27217,3,99999,03112,松原市民道夢館,阿保4-210-7,3,-99,9999
135.556846,34.580688,27217,3,99999,03113,松原市民道夢館,阿保4-210-7,3,-99,9999
135.547862,34.577925,27217,3,99999,03109,松原市民体育館,田井城3-1-37,3,-99,9999
135.547859,34.577888,27217,3,99999,03129,松原市民体育館,田井城3-1-37,3,-99,9999
135.547856,34.577852,27217,3,99999,03116,松原市民体育館,田井城3-1-37,3,-99,9999
135.547856,34.577815,27217,3,99999,03120,松原市民体育館,田井城3-1-37,3,-99,9999
135.547856,34.577778,27217,3,99999,03110,松原市民体育館,田井城3-1-37,3,-99,9999
135.547856,34.577702,27217,3,99999,03111,松原市民体育館,田井城3-1-37,3,-99,9999
135.54766,34.579227,27217,3,99999,03106,松原市民プール,田井城3-105-3,3,-99,9999
135.547957,34.578994,27217,3,99999,03107,松原市民プール,田井城3-105-3,3,-99,9999
135.581653,34.590965,27217,3,99999,03115,大和川東青少年運動広場テニスコート,若林町2-138-1,3,-99,9999
135.540053,34.597501,27217,3,99999,03115,大和川西青少年運動広場テニスコート,天美北4-112-2先,3,-99,9999
135.567817,34.566352,27217,3,99999,03115,大塚青少年運動広場テニスコート,立部3-399-1,3,-99,9999
135.549357,34.563176,27217,3,99999,03102,松原市民運動広場,岡7-212,3,-99,9999
135.549357,34.563064,27217,3,99999,03103,松原市民運動広場,岡7-212,3,-99,9999
135.58397,34.589945,27217,3,99999,03102,大和川東青少年運動広場,若林2-138-1,3,-99,9999
135.574341,34.58165,27217,3,99999,03102,一津屋青少年運動広場,一津屋4-334-3,3,-99,9999
135.574338,34.581537,27217,3,99999,03103,一津屋青少年運動広場,一津屋4-334-3,3,-99,9999
135.533184,34.597247,27217,3,99999,03102,大和川西青少年運動広場,天美北4-112-2先,3,-99,9999
135.537296,34.597433,27217,3,99999,03104,大和川西青少年運動広場,天美北4-112-2先,3,-99,9999
135.525432,34.590407,27217,3,99999,03102,天美西青少年運動広場,天美西4-230-1,3,-99,9999
135.567532,34.566946,27217,3,99999,03102,大塚青少年運動広場,立部3-399-1,3,-99,9999
135.585166,34.575547,27222,3,99999,03138,陵南の森総合センター附設屋外ゲートボール場,島泉8-8-1,3,-99,9999
135.602554,34.536841,27222,3,99999,03109,羽曳野市立市民体育館,西浦1047,4,-99,9999
135.60256,34.536777,27222,3,99999,03129,羽曳野市立市民体育館,西浦1047,4,-99,9999
135.602554,34.536713,27222,3,99999,03111,羽曳野市立市民体育館,西浦1047,4,-99,9999
135.60256,34.53665,27222,3,99999,03120,羽曳野市立市民体育館,西浦1047,4,-99,9999
135.573182,34.562948,27222,3,99999,03109,羽曳野市立総合スポーツセンター,恵我之荘4-237-4,4,-99,9999
135.573176,34.562865,27222,3,99999,03129,羽曳野市立総合スポーツセンター,恵我之荘4-237-4,4,-99,9999
135.573182,34.562787,27222,3,99999,03120,羽曳野市立総合スポーツセンター,恵我之荘4-237-4,4,-99,9999
135.603075,34.538075,27222,3,99999,03106,羽曳野市民プール,西浦1014,4,-99,9999
135.626998,34.549015,27222,3,99999,03115,羽曳野市立駒ヶ谷テニスコート,駒ヶ谷1408-1,4,-99,9999
135.615071,34.550517,27222,3,99999,03115,羽曳野市立石川スポーツ公園テニスコート,古市（石川河川敷）,3,-99,9999
135.589678,34.542327,27222,3,99999,03115,羽曳野市立羽曳が丘西北公園テニスコート,羽曳が丘西2-6-1,3,-99,9999
135.602596,34.537041,27222,3,99999,03115,羽曳野市立市民体育館附設屋外テニスコート,西浦1047,4,-99,9999
135.632915,34.546354,27222,3,99999,03102,羽曳野市立グレープヒルスポーツ公園,駒ヶ谷850,3,-99,9999
135.632921,34.546256,27222,3,99999,03103,羽曳野市立グレープヒルスポーツ公園,駒ヶ谷850,3,-99,9999
135.632915,34.546153,27222,3,99999,03104,羽曳野市立グレープヒルスポーツ公園,駒ヶ谷850,3,-99,9999
135.585743,34.575508,27222,3,99999,03102,陵南の森運動広場,島泉8-8-1,3,-99,9999
135.621316,34.557674,27222,3,99999,03102,羽曳野市立石川スポーツ公園第４グランド,川向（石川河川敷）,3,-99,9999
135.615053,34.548351,27222,3,99999,03103,羽曳野市立石川スポーツ公園第３グランド,古市（石川河川敷）,3,-99,9999
135.615059,34.548204,27222,3,99999,03104,羽曳野市立石川スポーツ公園第３グランド,古市（石川河川敷）,3,-99,9999
135.614869,34.549888,27222,3,99999,03102,羽曳野市立石川スポーツ公園第２グランド,古市（石川河川敷）,3,-99,9999
135.614857,34.549746,27222,3,99999,03104,羽曳野市立石川スポーツ公園第２グランド,古市（石川河川敷）,3,-99,9999
135.615237,34.551322,27222,3,99999,03102,羽曳野市立石川スポーツ公園第１グランド,古市（石川河川敷）,3,-99,9999
135.615225,34.551178,27222,3,99999,03104,羽曳野市立石川スポーツ公園第１グランド,古市（石川河川敷）,3,-99,9999
135.525625,34.388142,27216,3,99999,03142,河内長野市立青少年活動センター,滝畑483-3,3,-99,9999
135.525882,34.388096,27216,3,99999,03106,河内長野市立青少年活動センター,滝畑483-3,3,-99,9999
135.557718,34.381791,27216,3,99999,03142,河内長野市立岩湧野外活動広場,加賀田3822-1,4,-99,9999
135.557917,34.381646,27216,3,99999,03104,河内長野市立岩湧野外活動広場,加賀田3822-1,4,-99,9999
135.551854,34.448534,27216,3,99999,03142,河内長野市赤峰市民広場キャンプ場,小山田町379-1,4,-99,9999
135.564712,34.453087,27216,3,99999,03111,河内長野市立武道館,西代町904-1,4,-99,9999
135.564712,34.453008,27216,3,99999,03113,河内長野市立武道館,西代町904-1,4,-99,9999
135.571781,34.445368,27216,3,99999,03109,河内長野市立市民総合体育館,大師町25-1,4,-99,9999
135.571775,34.44529,27216,3,99999,03129,河内長野市立市民総合体育館,大師町25-1,4,-99,9999
135.571769,34.445211,27216,3,99999,03120,河内長野市立市民総合体育館,大師町25-1,4,-99,9999
135.571769,34.445133,27216,3,99999,03112,河内長野市立市民総合体育館,大師町25-1,4,-99,9999
135.564222,34.443638,27216,3,99999,03106,河内長野市立烏帽子形公園プール,喜多町725,4,-99,9999
135.560986,34.463165,27216,3,99999,03106,河内長野市立寺ヶ池公園プール,千代田台町19-1,4,-99,9999
135.550804,34.463092,27216,3,99999,03115,河内長野市立荘園庭球場,小山田町2649-564,4,-99,9999
135.573424,34.441352,27216,3,99999,03115,河内長野市立大師庭球場,大師町85-518,4,-99,9999
135.56124,34.465535,27216,3,99999,03115,河内長野市立寺ヶ池公園庭球場,千代田台町826-1,4,-99,9999
135.535755,34.436881,27216,3,99999,03102,河内長野市立天野少年球技場,天野町291,4,-99,9999
135.571968,34.444159,27216,3,99999,03102,河内長野市立大師総合運動場,大師町885-2,4,-99,9999
135.571956,34.444272,27216,3,99999,03103,河内長野市立大師総合運動場,大師町885-2,4,-99,9999
135.571968,34.44439,27216,3,99999,03101,河内長野市立大師総合運動場,大師町885-2,4,-99,9999
135.533695,34.446614,27216,3,99999,03102,河内長野市立下里総合運動場,下里町892-3,4,-99,9999
135.533695,34.446511,27216,3,99999,03103,河内長野市立下里総合運動場,下里町892-3,4,-99,9999
135.551964,34.449894,27216,3,99999,03102,河内長野市赤峰市民広場（多目的スポーツ広場）,小山田町379-1,4,-99,9999
135.551955,34.450002,27216,3,99999,03103,河内長野市赤峰市民広場（多目的スポーツ広場）,小山田町379-1,4,-99,9999
135.551955,34.450119,27216,3,99999,03101,河内長野市赤峰市民広場（多目的スポーツ広場）,小山田町379-1,4,-99,9999
135.560784,34.464159,27216,3,99999,03102,河内長野市立寺ヶ池公園野球場,千代田台町19-1,4,-99,9999
135.610539,34.457767,27214,3,99999,03138,総合スポーツ公園ゲートボール場,大字佐備2467-1,4,-99,9999
135.607632,34.517771,27214,3,99999,03109,富田林市市民会館多目的ホール,粟ｹ池町2969-5,4,-99,9999
135.607632,34.517697,27214,3,99999,03116,富田林市市民会館多目的ホール,粟ｹ池町2969-5,4,-99,9999
135.599717,34.494541,27214,3,99999,03138,富田林市立石川河川敷川西グラウンドゲートボール場,西板持町1-126,3,-99,9999
135.609841,34.498905,27214,3,99999,03109,富田林市立東公民館集会室兼体育室,山中田町1-5-50,3,-99,9999
135.609844,34.498822,27214,3,99999,03120,富田林市立東公民館集会室兼体育室,山中田町1-5-50,3,-99,9999
135.597236,34.50045,27214,3,99999,03120,富田林市立青少年センター卓球室,常盤町11-18,3,-99,9999
135.58884,34.459001,27214,3,99999,03142,富田林市立青少年教育キャンプ場,大字伏見堂1004-25,3,-99,9999
135.567421,34.497106,27214,3,99999,03109,富田林市立青少年スポーツホール,久野喜台2-2-2,3,-99,9999
135.567427,34.497033,27214,3,99999,03120,富田林市立青少年スポーツホール,久野喜台2-2-2,3,-99,9999
135.589291,34.500721,27214,3,99999,03109,富田林市立市民総合体育館,美山台4-1,4,-99,9999
135.589288,34.500677,27214,3,99999,03120,富田林市立市民総合体育館,美山台4-1,4,-99,9999
135.589285,34.500636,27214,3,99999,03129,富田林市立市民総合体育館,美山台4-1,4,-99,9999
135.589285,34.500592,27214,3,99999,03116,富田林市立市民総合体育館,美山台4-1,4,-99,9999
135.589285,34.500547,27214,3,99999,03110,富田林市立市民総合体育館,美山台4-1,4,-99,9999
135.589285,34.500503,27214,3,99999,03111,富田林市立市民総合体育館,美山台4-1,4,-99,9999
135.566936,34.496824,27214,3,99999,03106,富田林市立金剛プール,久野喜台2-2-2,4,-99,9999
135.609522,34.499219,27214,3,99999,03106,富田林市営大伴プール,山中田町1-5-8,4,-99,9999
135.585447,34.493433,27214,3,99999,03106,富田林市営川西プール,桜ヶ丘町4-7,3,-99,9999
135.616159,34.522462,27214,3,99999,03106,富田林市営喜志プール,喜志町1-5-29,3,-99,9999
135.612803,34.456789,27214,3,99999,03115,総合スポーツ公園テニスコート,大字佐備2467-1,4,-99,9999
135.581392,34.492049,27214,3,99999,03115,富田林市立津々山台第２テニスコート,津々山台4-73,3,-99,9999
135.576962,34.495275,27214,3,99999,03115,富田林市立津々山台テニスコート,津々山台2-8,3,-99,9999
135.588235,34.48094,27214,3,99999,03115,富田林市立石川河川敷錦織運動広場テニスコート,錦織296,3,-99,9999
135.578554,34.502921,27214,3,99999,03115,富田林市立金剛東テニスコート,向陽台3-2,3,-99,9999
135.567189,34.496952,27214,3,99999,03115,富田林市立金剛テニスコート,久野喜台2-2-2,4,-99,9999
135.601861,34.512219,27214,3,99999,03115,富田林市立中野テニスコート,中野町西1-391外,3,-99,9999
135.6125,34.455618,27214,3,99999,03101,総合スポーツ公園多目的競技場,大字佐備2467-1,4,-99,9999
135.612494,34.455515,27214,3,99999,03102,総合スポーツ公園多目的競技場,大字佐備2467-1,4,-99,9999
135.6125,34.455408,27214,3,99999,03103,総合スポーツ公園多目的競技場,大字佐備2467-1,4,-99,9999
135.579457,34.502769,27214,3,99999,03102,富田林市立金剛東グラウンド,向陽台3-2,3,-99,9999
135.566737,34.49765,27214,3,99999,03102,富田林市立金剛中央グラウンド,久野喜台2-2,4,-99,9999
135.616102,34.521551,27214,3,99999,03102,富田林市立喜志プール横グラウンド,喜志町1-5-29,3,-99,9999
135.616105,34.521668,27214,3,99999,03103,富田林市立喜志プール横グラウンド,喜志町1-5-29,3,-99,9999
135.602757,34.498144,27214,3,99999,03103,富田林市立石川河川敷石川グラウンド,富田林町18,3,-99,9999
135.602204,34.497757,27214,3,99999,03138,富田林市立石川河川敷石川グラウンド,富田林町18,3,-99,9999
135.616179,34.505478,27214,3,99999,03102,富田林市立石川河川敷大伴グラウンド,大字北大伴612-4地先,3,-99,9999
135.595823,34.490424,27214,3,99999,03102,富田林市立石川河川敷西板持グラウンド,西板持町4-4,3,-99,9999
135.598469,34.49319,27214,3,99999,03102,富田林市立石川河川敷川西グラウンド,西板持町1-126,3,-99,9999
135.598463,34.493092,27214,3,99999,03103,富田林市立石川河川敷川西グラウンド,西板持町1-126,3,-99,9999
135.619462,34.515663,27214,3,99999,03102,富田林市立石川河川敷喜志グラウンド,西条町1-944地先,3,-99,9999
135.619462,34.515771,27214,3,99999,03103,富田林市立石川河川敷喜志グラウンド,西条町1-944地先,3,-99,9999
135.61102,34.456853,27214,3,99999,03102,総合スポーツ公園野球場,大字佐備2467-1,4,-99,9999
135.653699,34.594135,27221,3,99999,03142,柏原市青少年教育キャンプ場,雁多尾畑3842,3,-99,9999
135.633305,34.581323,27221,3,99999,03109,柏原市立第二体育館,安堂町9-20,4,-99,9999
135.633305,34.581281,27221,3,99999,03120,柏原市立第二体育館,安堂町9-20,4,-99,9999
135.633302,34.58124,27221,3,99999,03110,柏原市立第二体育館,安堂町9-20,4,-99,9999
135.633302,34.581196,27221,3,99999,03111,柏原市立第二体育館,安堂町9-20,4,-99,9999
135.633302,34.581154,27221,3,99999,03113,柏原市立第二体育館,安堂町9-20,4,-99,9999
135.630463,34.56721,27221,3,99999,03109,柏原市立体育館,玉手町25-80,4,-99,9999
135.630463,34.567141,27221,3,99999,03120,柏原市立体育館,玉手町25-80,4,-99,9999
135.630463,34.567068,27221,3,99999,03116,柏原市立体育館,玉手町25-80,4,-99,9999
135.630457,34.56699,27221,3,99999,03129,柏原市立体育館,玉手町25-80,4,-99,9999
135.629997,34.586128,27221,3,99999,03115,堅下運動広場テニスコート,大県3-576-1,4,-99,9999
135.654045,34.569308,27221,3,99999,03115,青谷青少年運動広場テニスコート,青谷130-11,4,-99,9999
135.627369,34.573573,27221,3,99999,03115,柏原市片山庭球場,片山町541,4,-99,9999
135.654107,34.56993,27221,3,99999,03102,青谷青少年運動広場,大字青谷130-11,4,-99,9999
135.654104,34.569827,27221,3,99999,03103,青谷青少年運動広場,大字青谷130-11,4,-99,9999
135.628831,34.555127,27221,3,99999,03102,円明運動広場,円明1000-170,3,-99,9999
135.628825,34.55502,27221,3,99999,03103,円明運動広場,円明1000-170,3,-99,9999
135.657404,34.59649,27221,3,99999,03102,東山運動広場,大字雁多尾畑3158,3,-99,9999
135.628684,34.573668,27221,3,99999,03102,片山青少年運動広場,片山町575,4,-99,9999
135.631796,34.639829,27212,3,99999,03105,八尾市立屋内プール（しぶき）,上尾町7-1-17,4,-99,9999
135.631802,34.639746,27212,3,99999,03129,八尾市立屋内プール（しぶき）,上尾町7-1-17,4,-99,9999
135.631796,34.639663,27212,3,99999,03132,八尾市立屋内プール（しぶき）,上尾町7-1-17,4,-99,9999
135.636005,34.609345,27212,3,99999,03109,八尾市立大畑山青少年野外活動センター（アクトランドＹＡＯ）,恩智中町4-55,4,-99,9999
135.635678,34.6089,27212,3,99999,03138,八尾市立大畑山青少年野外活動センター（アクトランドＹＡＯ）,恩智中町4-55,4,-99,9999
135.6373,34.608983,27212,3,99999,03142,八尾市立大畑山青少年野外活動センター（アクトランドＹＡＯ）,恩智中町4-55,4,-99,9999
135.635999,34.609277,27212,3,99999,03111,八尾市立大畑山青少年野外活動センター（アクトランドＹＡＯ）,恩智中町4-55,4,-99,9999
135.635999,34.609203,27212,3,99999,03113,八尾市立大畑山青少年野外活動センター（アクトランドＹＡＯ）,恩智中町4-55,4,-99,9999
135.613298,34.622666,27212,3,99999,03109,八尾市立総合体育館（ウイング）,青山町3-5-24,4,-99,9999
135.613292,34.622624,27212,3,99999,03120,八尾市立総合体育館（ウイング）,青山町3-5-24,4,-99,9999
135.613292,34.62258,27212,3,99999,03116,八尾市立総合体育館（ウイング）,青山町3-5-24,4,-99,9999
135.613292,34.622534,27212,3,99999,03110,八尾市立総合体育館（ウイング）,青山町3-5-24,4,-99,9999
135.613292,34.62249,27212,3,99999,03111,八尾市立総合体育館（ウイング）,青山町3-5-24,4,-99,9999
135.613295,34.622443,27212,3,99999,03113,八尾市立総合体育館（ウイング）,青山町3-5-24,4,-99,9999
135.613298,34.622397,27212,3,99999,03132,八尾市立総合体育館（ウイング）,青山町3-5-24,4,-99,9999
135.613298,34.62235,27212,3,99999,03121,八尾市立総合体育館（ウイング）,青山町3-5-24,4,-99,9999
135.613268,34.622257,27212,3,99999,03122,八尾市立総合体育館（ウイング）,青山町3-5-24,4,-99,9999
135.607465,34.604619,27212,3,99999,03115,八尾市立志紀テニス場,志紀町西1-3,4,-99,9999
135.613305,34.624372,27212,3,99999,03115,八尾市立小阪合テニス場,南小阪合町1-2-7,4,-99,9999
135.594213,34.586103,27212,3,99999,03115,大和川河川敷公園テニスコート,太田9,3,-99,9999
135.623847,34.648591,27212,3,99999,03104,八尾市立福万寺町市民運動広場,福万寺町北4および5地内（恩智川治水緑地内）,4,-99,9999
135.623835,34.648498,27212,3,99999,03102,八尾市立福万寺町市民運動広場,福万寺町北4および5地内（恩智川治水緑地内）,4,-99,9999
135.622771,34.648332,27212,3,99999,03103,八尾市立福万寺町市民運動広場,福万寺町北4および5地内（恩智川治水緑地内）,4,-99,9999
135.623841,34.648405,27212,3,99999,03138,八尾市立福万寺町市民運動広場,福万寺町北4および5地内（恩智川治水緑地内）,4,-99,9999
135.609873,34.60861,27212,3,99999,03102,八尾市立曙町市民運動広場,曙町2-11-4,4,-99,9999
135.609867,34.608531,27212,3,99999,03103,八尾市立曙町市民運動広場,曙町2-11-4,4,-99,9999
135.609867,34.608443,27212,3,99999,03138,八尾市立曙町市民運動広場,曙町2-11-4,4,-99,9999
135.592745,34.586714,27212,3,99999,03104,大和川河川敷公園運動広場,太田9,3,-99,9999
135.621426,34.621021,27212,3,99999,03102,八尾市立山本球場,山本町7-9-11,4,-99,9999
135.609921,34.643953,27212,3,99999,03102,八尾市立桂公園野球場,桂町4地内,3,-99,9999
135.613503,34.68186,27227,3,99999,03138,東大阪市立スポーツホール（かがやき）,角田2-3-6,3,-99,9999
135.613503,34.681782,27227,3,99999,03120,東大阪市立スポーツホール（かがやき）,角田2-3-6,3,-99,9999
135.613509,34.681704,27227,3,99999,03113,東大阪市立スポーツホール（かがやき）,角田2-3-6,3,-99,9999
135.613509,34.68163,27227,3,99999,03109,東大阪市立スポーツホール（かがやき）,角田2-3-6,3,-99,9999
135.640667,34.670034,27227,3,99999,03138,東大阪市立市民ふれあいホール（スポーツホール）,鳥居町3-3（東消防署の4階）,4,4,9999
135.640673,34.669961,27227,3,99999,03112,東大阪市立市民ふれあいホール（スポーツホール）,鳥居町3-3（東消防署の4階）,4,4,9999
135.640673,34.669887,27227,3,99999,03132,東大阪市立市民ふれあいホール（スポーツホール）,鳥居町3-3（東消防署の4階）,4,4,9999
135.59388,34.656954,27227,3,99999,03118,東大阪市立相撲場,中小阪4-7-60,3,-99,9999
135.59366,34.657863,27227,3,99999,03109,東大阪市立総合体育館（東大阪アリーナ）,中小坂4-7-60,4,-99,9999
135.593637,34.658166,27227,3,99999,03129,東大阪市立総合体育館（東大阪アリーナ）,中小坂4-7-60,4,-99,9999
135.593654,34.657785,27227,3,99999,03116,東大阪市立総合体育館（東大阪アリーナ）,中小坂4-7-60,4,-99,9999
135.593654,34.657707,27227,3,99999,03120,東大阪市立総合体育館（東大阪アリーナ）,中小坂4-7-60,4,-99,9999
135.593637,34.658098,27227,3,99999,03110,東大阪市立総合体育館（東大阪アリーナ）,中小坂4-7-60,4,-99,9999
135.593637,34.658039,27227,3,99999,03111,東大阪市立総合体育館（東大阪アリーナ）,中小坂4-7-60,4,-99,9999
135.63979,34.668319,27227,3,99999,03109,東大阪市立東体育館,鷹殿町1-2,4,-99,9999
135.639784,34.668241,27227,3,99999,03116,東大阪市立東体育館,鷹殿町1-2,4,-99,9999
135.639784,34.668163,27227,3,99999,03120,東大阪市立東体育館,鷹殿町1-2,4,-99,9999
135.63979,34.66809,27227,3,99999,03110,東大阪市立東体育館,鷹殿町1-2,4,-99,9999
135.639784,34.668007,27227,3,99999,03111,東大阪市立東体育館,鷹殿町1-2,4,-99,9999
135.592828,34.657946,27227,3,99999,03105,東大阪市立総合体育館屋内プール,中小阪4-7-60,4,-99,9999
135.600425,34.674075,27227,3,99999,03115,荒本西公園庭球場,荒本西2-38,3,-99,9999
135.632543,34.678488,27227,3,99999,03115,水走ルーフテニスコート,水走1-14-19,3,-99,9999
135.578587,34.643902,27227,3,99999,03115,金岡公園庭球場,大蓮東1-5-8,3,-99,9999
135.621528,34.681664,27227,3,99999,03115,中部緑地庭球場,中新開2-7-17,3,-99,9999
135.563935,34.65964,27227,3,99999,03115,三ノ瀬公園庭球場,三ノ瀬1-21,3,-99,9999
135.592236,34.685449,27227,3,99999,03102,東大阪市立菱屋東公園児童野球場,七軒家1-49,3,-99,9999
135.631317,34.67745,27227,3,99999,03102,仮設水走市民グラウンド,水走151-1,3,-99,9999
135.638517,34.688333,27227,3,99999,03102,東大阪市立石切市民広場,中石切町5-2880-1,3,-99,9999
135.638529,34.688235,27227,3,99999,03103,東大阪市立石切市民広場,中石切町5-2880-1,3,-99,9999
135.613602,34.669787,27227,3,99999,03102,東大阪市立稲葉市民広場,稲葉1-575-1,3,-99,9999
135.613602,34.669675,27227,3,99999,03103,東大阪市立稲葉市民広場,稲葉1-575-1,3,-99,9999
135.622559,34.685354,27227,3,99999,03102,吉原公園野球場,吉原2-2-15,3,-99,9999
135.602208,34.683508,27227,3,99999,03102,本庄南公園野球場,本庄中1-45,3,-99,9999
135.570512,34.679585,27227,3,99999,03102,布施公園野球場,森河内東1-10,3,-99,9999
135.578213,34.642898,27227,3,99999,03102,金岡公園野球場,大蓮東1-5-8,3,-99,9999
135.709288,34.779048,27230,3,99999,03142,交野市野外活動センター,大字傍示226,3,-99,9999
135.677387,34.785101,27230,3,99999,03111,交野武道館,私部2-29-3,3,-99,9999
135.677387,34.785023,27230,3,99999,03113,交野武道館,私部2-29-3,3,-99,9999
135.686632,34.764022,27230,3,99999,03109,いわふね自然の森スポーツ・文化センター,私市9-4-8,4,-99,9999
135.686632,34.763949,27230,3,99999,03120,いわふね自然の森スポーツ・文化センター,私市9-4-8,4,-99,9999
135.660933,34.752981,27230,3,99999,03109,交野市星田西体育施設,星田西3-28-1,4,-99,9999
135.660933,34.752907,27230,3,99999,03120,交野市星田西体育施設,星田西3-28-1,4,-99,9999
135.680309,34.794605,27230,3,99999,03109,交野市立第１児童センター,幾野2-6-1,4,-99,9999
135.680297,34.794531,27230,3,99999,03120,交野市立第１児童センター,幾野2-6-1,4,-99,9999
135.680291,34.794463,27230,3,99999,03113,交野市立第１児童センター,幾野2-6-1,4,-99,9999
135.687663,34.785125,27230,3,99999,03109,交野市立総合体育施設／市民体育館（スタードーム）,向井田2-5-1,4,-99,9999
135.687669,34.785047,27230,3,99999,03120,交野市立総合体育施設／市民体育館（スタードーム）,向井田2-5-1,4,-99,9999
135.687669,34.784969,27230,3,99999,03129,交野市立総合体育施設／市民体育館（スタードーム）,向井田2-5-1,4,-99,9999
135.687675,34.784896,27230,3,99999,03116,交野市立総合体育施設／市民体育館（スタードーム）,向井田2-5-1,4,-99,9999
135.687663,34.784652,27230,3,99999,03110,交野市立総合体育施設／市民体育館（スタードーム）,向井田2-5-1,4,-99,9999
135.687663,34.784574,27230,3,99999,03111,交野市立総合体育施設／市民体育館（スタードーム）,向井田2-5-1,4,-99,9999
135.687205,34.784305,27230,3,99999,03105,交野市立総合体育施設／市民プール（わくわくプール）,向井田2-5-1,4,-99,9999
135.686184,34.782377,27230,3,99999,03115,私部公園テニスコート,大字私部南3地内,4,-99,9999
135.700808,34.791244,27230,3,99999,03115,倉治公園テニスコート,神宮寺2-9-5,4,-99,9999
135.688718,34.784808,27230,3,99999,03101,交野市立総合体育施設／市民グラウンド（星ふる広場）,向井田2-5-1,4,-99,9999
135.688718,34.784742,27230,3,99999,03102,交野市立総合体育施設／市民グラウンド（星ふる広場）,向井田2-5-1,4,-99,9999
135.685679,34.78224,27230,3,99999,03103,私部公園多目的グラウンド,大字私部南3地内,4,-99,9999
135.685673,34.782143,27230,3,99999,03104,私部公園多目的グラウンド,大字私部南3地内,4,-99,9999
135.686903,34.781782,27230,3,99999,03102,私部公園グラウンド,大字私部南3地内,4,-99,9999
135.700416,34.791825,27230,3,99999,03102,倉治公園グラウンド,神宮寺2-9-5,4,-99,9999
135.642447,34.739008,27229,3,99999,03138,さつきゲートボール場,中野1-731-1,4,-99,9999
135.672698,34.727803,27229,3,99999,03142,四絛畷市立野外活動センター,逢阪408-1,4,-99,9999
135.634328,34.740571,27229,3,99999,03109,四條畷市立市民総合体育館（サンアリーナ２５）,大字中野550-1,4,-99,9999
135.634322,34.740488,27229,3,99999,03129,四條畷市立市民総合体育館（サンアリーナ２５）,大字中野550-1,4,-99,9999
135.634328,34.740405,27229,3,99999,03116,四條畷市立市民総合体育館（サンアリーナ２５）,大字中野550-1,4,-99,9999
135.661057,34.740287,27229,3,99999,03115,市民運動広場清滝,大字清滝1103-10,4,-99,9999
135.661401,34.740179,27229,3,99999,03103,市民運動広場清滝,大字清滝1103-10,4,-99,9999
135.654105,34.742448,27229,3,99999,03115,市民グラウンドテニスコート,岡山東5-135-1,4,-99,9999
135.633225,34.740463,27229,3,99999,03103,四絛畷市夜間運動場（２）,大字蔀屋285-21,4,-99,9999
135.652706,34.742935,27229,3,99999,03102,四絛畷市夜間運動場（１）,岡山東5-2-10,4,-99,9999
135.652742,34.747456,27229,3,99999,03102,青少年コミュニティー運動広場,岡山東3-978-1,4,-99,9999
135.652742,34.747363,27229,3,99999,03103,青少年コミュニティー運動広場,岡山東3-978-1,4,-99,9999
135.654491,34.743083,27229,3,99999,03102,市民グラウンド,岡山東5-135-1,4,-99,9999
135.654491,34.742995,27229,3,99999,03103,市民グラウンド,岡山東5-135-1,4,-99,9999
135.654485,34.742907,27229,3,99999,03104,市民グラウンド,岡山東5-135-1,4,-99,9999
135.601265,34.728028,27223,3,99999,03102,門真市立門真市民プラザグラウンド,大字北島546,4,-99,9999
135.601259,34.727931,27223,3,99999,03103,門真市立門真市民プラザグラウンド,大字北島546,4,-99,9999
135.600017,34.727608,27223,3,99999,03110,門真市立門真市民プラザ柔道場,大字北島546,4,-99,9999
135.600014,34.727562,27223,3,99999,03111,門真市立門真市民プラザ剣道場,大字北島546,4,-99,9999
135.600014,34.727513,27223,3,99999,03113,門真市立門真市民プラザ剣道場,大字北島546,4,-99,9999
135.600014,34.727469,27223,3,99999,03109,門真市立門真市民プラザ体育室,大字北島546,4,-99,9999
135.600012,34.727423,27223,3,99999,03120,門真市立門真市民プラザ体育室,大字北島546,4,-99,9999
135.600012,34.727376,27223,3,99999,03113,門真市立門真市民プラザ体育室,大字北島546,4,-99,9999
135.588286,34.739739,27223,3,99999,03102,門真市立第六中学校運動場,中町1-25,3,-99,9999
135.588292,34.739636,27223,3,99999,03103,門真市立第六中学校運動場,中町1-25,3,-99,9999
135.593122,34.714309,27223,3,99999,03115,門真市立テニスコート,大字三ツ島302-2,4,-99,9999
135.603509,34.724579,27223,3,99999,03102,門真市立運動広場,北島328,3,-99,9999
135.603509,34.724472,27223,3,99999,03103,門真市立運動広場,北島328,3,-99,9999
135.603503,34.724369,27223,3,99999,03101,門真市立運動広場,北島328,3,-99,9999
135.594061,34.714287,27223,3,99999,03102,門真市立青少年運動広場,三ツ島285-10,4,-99,9999
135.602061,34.723578,27223,3,99999,03102,門真市立運動広場,北島町328,3,-99,9999
135.639696,34.717539,27218,3,99999,03102,大東市立野崎青少年教育センター運動場,野崎1-24-31,3,-99,9999
135.639702,34.717456,27218,3,99999,03103,大東市立野崎青少年教育センター運動場,野崎1-24-31,3,-99,9999
135.639708,34.717368,27218,3,99999,03138,大東市立野崎青少年教育センター運動場,野崎1-24-31,3,-99,9999
135.647033,34.730444,27218,3,99999,03109,大東市立北条青少年教育センター,北条3-18-18,3,-99,9999
135.647045,34.730356,27218,3,99999,03120,大東市立北条青少年教育センター,北条3-18-18,3,-99,9999
135.656725,34.720413,27218,3,99999,03142,大東市立青少年野外活動センター,大字竜間1846,4,-99,9999
135.630271,34.705166,27218,3,99999,03118,大東市立御供田相撲場,御供田2-195,3,-99,9999
135.666925,34.717248,27218,3,99999,03102,大東市立龍間運動広場,龍間1981-7,4,-99,9999
135.666919,34.717147,27218,3,99999,03103,大東市立龍間運動広場,龍間1981-7,4,-99,9999
135.668102,34.717145,27218,3,99999,03138,大東市立龍間運動広場,龍間1981-7,4,-99,9999
135.668102,34.717045,27218,3,99999,03104,大東市立龍間運動広場,龍間1981-7,4,-99,9999
135.643836,34.708815,27218,3,99999,03109,大東市立市民体育館,寺川1-20-20,4,-99,9999
135.643836,34.708766,27218,3,99999,03120,大東市立市民体育館,寺川1-20-20,4,-99,9999
135.643833,34.708722,27218,3,99999,03116,大東市立市民体育館,寺川1-20-20,4,-99,9999
135.64383,34.708676,27218,3,99999,03110,大東市立市民体育館,寺川1-20-20,4,-99,9999
135.643833,34.708629,27218,3,99999,03111,大東市立市民体育館,寺川1-20-20,4,-99,9999
135.64383,34.708583,27218,3,99999,03113,大東市立市民体育館,寺川1-20-20,4,-99,9999
135.64383,34.708529,27218,3,99999,03129,大東市立市民体育館,寺川1-20-20,4,-99,9999
135.632046,34.711056,27218,3,99999,03115,大東市立テニスコート,谷川2-9,4,-99,9999
135.611492,34.714536,27218,3,99999,03102,南郷公園,氷野4,3,-99,9999
135.642856,34.706833,27218,3,99999,03102,中垣内浜公園,中垣内4-4,3,-99,9999
135.643082,34.706378,27218,3,99999,03138,中垣内浜公園,中垣内4-4,3,-99,9999
135.606421,34.704531,27218,3,99999,03102,東諸福公園,諸福1-3,3,-99,9999
135.606415,34.704424,27218,3,99999,03103,東諸福公園,諸福1-3,3,-99,9999
135.63138,34.711183,27218,3,99999,03102,大東公園,谷川2-9,3,-99,9999
135.602651,34.710251,27218,3,99999,03102,新田中央公園,新田中町6,3,-99,9999
135.627676,34.778514,27215,3,99999,03115,田井西公園テニスコート,田井西町298-1,4,-99,9999
135.608912,34.770615,27215,3,99999,03109,寝屋川市立池の里市民交流センター体育施設,池田西町24-5,3,-99,9999
135.608496,34.770429,27215,3,99999,03102,寝屋川市立池の里市民交流センター体育施設,池田西町24-5,3,-99,9999
135.608502,34.770337,27215,3,99999,03103,寝屋川市立池の里市民交流センター体育施設,池田西町24-5,3,-99,9999
135.608906,34.770532,27215,3,99999,03132,寝屋川市立池の里市民交流センター体育施設,池田西町24-5,3,-99,9999
135.612111,34.756609,27215,3,99999,03109,寝屋川市立西南コミュニティセンター,神田1-30-1,4,-99,9999
135.612105,34.756531,27215,3,99999,03120,寝屋川市立西南コミュニティセンター,神田1-30-1,4,-99,9999
135.621507,34.748541,27215,3,99999,03109,寝屋川市立南コミュニティセンター,下木田町16-50,4,-99,9999
135.621507,34.748475,27215,3,99999,03120,寝屋川市立南コミュニティセンター,下木田町16-50,4,-99,9999
135.621825,34.748614,27215,3,99999,03138,寝屋川市立南コミュニティセンター,下木田町16-50,4,-99,9999
135.681497,34.736498,27229,3,99999,03142,寝屋川市野外活動センター,大字下田原2237,4,-99,9999
135.63117,34.761411,27215,3,99999,03109,寝屋川市立東コミュニティセンター,高宮新町32-2,4,-99,9999
135.631164,34.761323,27215,3,99999,03120,寝屋川市立東コミュニティセンター,高宮新町32-2,4,-99,9999
135.63117,34.76124,27215,3,99999,03138,寝屋川市立東コミュニティセンター,高宮新町32-2,4,-99,9999
135.604918,34.770443,27215,3,99999,03109,寝屋川市立西コミュニティセンター,葛原2-7-1,4,-99,9999
135.604918,34.77036,27215,3,99999,03120,寝屋川市立西コミュニティセンター,葛原2-7-1,4,-99,9999
135.639788,34.777372,27215,3,99999,03109,寝屋川市立東北コミュニティセンター,成田町3-3,4,-99,9999
135.639794,34.777289,27215,3,99999,03120,寝屋川市立東北コミュニティセンター,成田町3-3,4,-99,9999
135.625625,34.785298,27215,3,99999,03109,寝屋川市立西北コミュニティセンター,松屋町20-30,4,-99,9999
135.625619,34.785215,27215,3,99999,03120,寝屋川市立西北コミュニティセンター,松屋町20-30,4,-99,9999
135.625619,34.785142,27215,3,99999,03138,寝屋川市立西北コミュニティセンター,松屋町20-30,4,-99,9999
135.622578,34.748462,27215,3,99999,03109,寝屋川市立市民体育館,下木田町16-16,4,-99,9999
135.622581,34.748418,27215,3,99999,03120,寝屋川市立市民体育館,下木田町16-16,4,-99,9999
135.622581,34.748377,27215,3,99999,03116,寝屋川市立市民体育館,下木田町16-16,4,-99,9999
135.622581,34.748338,27215,3,99999,03110,寝屋川市立市民体育館,下木田町16-16,4,-99,9999
135.622581,34.748294,27215,3,99999,03111,寝屋川市立市民体育館,下木田町16-16,4,-99,9999
135.622581,34.74825,27215,3,99999,03113,寝屋川市立市民体育館,下木田町16-16,4,-99,9999
135.622578,34.748208,27215,3,99999,03129,寝屋川市立市民体育館,下木田町16-16,4,-99,9999
135.624985,34.744768,27215,3,99999,03106,寝屋川市民プール,讃良東町6-1,4,-99,9999
135.624694,34.744299,27215,3,99999,03115,寝屋川市民テニスコート,讃良東町6-1,4,-99,9999
135.625936,34.743718,27215,3,99999,03102,寝屋川市民グラウンド,讃良東町6-1,4,-99,9999
135.719729,34.791748,27210,3,99999,03142,枚方市野外活動センター（穂谷キャンプ場）,穂谷4550,4,-99,9999
135.716591,34.79146,27210,3,99999,03147,枚方市野外活動センター（穂谷キャンプ場）,穂谷4550,4,-99,9999
135.707538,34.816848,27210,3,99999,03118,枚方市相撲場,王仁公園1-1,3,-99,9999
135.651707,34.834879,27210,3,99999,03109,枚方市立渚市民体育館,渚西3-26-10,4,3,9999
135.651701,34.834801,27210,3,99999,03120,枚方市立渚市民体育館,渚西3-26-10,4,3,9999
135.651707,34.834728,27210,3,99999,03112,枚方市立渚市民体育館,渚西3-26-10,4,3,9999
135.651701,34.83465,27210,3,99999,03132,枚方市立渚市民体育館,渚西3-26-10,4,3,9999
135.651695,34.834577,27210,3,99999,03121,枚方市立渚市民体育館,渚西3-26-10,4,3,9999
135.651701,34.834499,27210,3,99999,03122,枚方市立渚市民体育館,渚西3-26-10,4,3,9999
135.651707,34.834426,27210,3,99999,03129,枚方市立渚市民体育館,渚西3-26-10,4,3,9999
135.683804,34.820331,27210,3,99999,03109,枚方市立総合体育館,中宮大池4-10-1,4,-99,9999
135.683798,34.820253,27210,3,99999,03120,枚方市立総合体育館,中宮大池4-10-1,4,-99,9999
135.683798,34.82017,27210,3,99999,03129,枚方市立総合体育館,中宮大池4-10-1,4,-99,9999
135.683792,34.820097,27210,3,99999,03110,枚方市立総合体育館,中宮大池4-10-1,4,-99,9999
135.683786,34.820019,27210,3,99999,03111,枚方市立総合体育館,中宮大池4-10-1,4,-99,9999
135.683792,34.819946,27210,3,99999,03113,枚方市立総合体育館,中宮大池4-10-1,4,-99,9999
135.706641,34.817092,27210,3,99999,03106,王仁公園プール,王仁公園1-1,3,-99,9999
135.706142,34.817048,27210,3,99999,03107,王仁公園プール,王仁公園1-1,3,-99,9999
135.705699,34.818162,27210,3,99999,03114,王仁公園バレーボールコート,王仁公園1-1,3,-99,9999
135.679645,34.80458,27210,3,99999,03115,春日テニスコート,春日西町2-6-1,4,-99,9999
135.696969,34.814737,27210,3,99999,03115,藤阪テニスコート,藤阪南町1-334-4,4,-99,9999
135.708007,34.816721,27210,3,99999,03115,王仁公園テニスコート,王仁公園1-1,4,-99,9999
135.652343,34.791277,27210,3,99999,03102,香里ヶ丘中央公園運動広場,香里ケ丘4,4,-99,9999
135.690411,34.847457,27210,3,99999,03102,中の池公園運動広場,東山2,4,-99,9999
135.690409,34.847353,27210,3,99999,03103,中の池公園運動広場,東山2,4,-99,9999
135.708613,34.817399,27210,3,99999,03102,王仁公園運動広場,王仁公園1-1,4,-99,9999
135.683691,34.818941,27210,3,99999,03101,枚方市立陸上競技場,中宮大池4丁10-1,3,-99,9999
135.561491,34.738073,27209,3,99999,03109,守口市守口・土井地区体育館,竹町10-1,3,-99,9999
135.602995,34.752459,27209,3,99999,03109,守口市東地区体育館,大久保町5-38-14,3,-99,9999
135.578564,34.724922,27209,3,99999,03109,守口市錦地区体育館,菊水通4-20-8,3,-99,9999
135.568533,34.749821,27209,3,99999,03109,守口市北部地区体育館,淀江町6-3,3,-99,9999
135.577794,34.745591,27209,3,99999,03109,守口市八雲東地区体育館,八雲東町2-50-12,3,-99,9999
135.567506,34.732032,27209,3,99999,03109,守口市三郷地区体育館,東光町2-1-11,3,-99,9999
135.580871,34.755735,27209,3,99999,03109,守口市庭窪地区体育館,佐太中町1-6-45,3,-99,9999
135.572781,34.72419,27209,3,99999,03109,守口市南部地区体育館,寺方元町4-7-6,3,-99,9999
135.596106,34.749205,27209,3,99999,03109,守口市東部地区体育館,藤田町1-54-11,3,-99,9999
135.567759,34.735379,27209,3,99999,03109,守口市民体育館,河原町9-2,4,-99,9999
135.567759,34.735296,27209,3,99999,03120,守口市民体育館,河原町9-2,4,-99,9999
135.567759,34.735213,27209,3,99999,03112,守口市民体育館,河原町9-2,4,-99,9999
135.567765,34.735135,27209,3,99999,03116,守口市民体育館,河原町9-2,4,-99,9999
135.567771,34.735052,27209,3,99999,03129,守口市民体育館,河原町9-2,4,-99,9999
135.568748,34.728786,27209,3,99999,03115,守口市営大枝公園テニスコート,東光町3-1-54,3,-99,9999
135.567103,34.729033,27209,3,99999,03102,守口市市民球場,松下町1-58,3,-99,9999
135.646355,34.914234,27301,3,99999,03142,島本町立キャンプ場,大沢79-3,3,-99,9999
135.664127,34.882975,27301,3,99999,03109,島本町立体育館,桜井2-11-22,3,-99,9999
135.664124,34.882938,27301,3,99999,03120,島本町立体育館,桜井2-11-22,3,-99,9999
135.664124,34.882899,27301,3,99999,03110,島本町立体育館,桜井2-11-22,3,-99,9999
135.664124,34.882858,27301,3,99999,03111,島本町立体育館,桜井2-11-22,3,-99,9999
135.664121,34.882817,27301,3,99999,03129,島本町立体育館,桜井2-11-22,3,-99,9999
135.672053,34.884709,27301,3,99999,03106,島本町立プール,広瀬3-10-22,3,-99,9999
135.666443,34.889295,27301,3,99999,03115,島本町東大寺公園テニスコート,東大寺191,3,-99,9999
135.553313,34.767905,27224,3,99999,03109,摂津市立味生体育館,別府2-3-1,4,-99,9999
135.553316,34.767869,27224,3,99999,03120,摂津市立味生体育館,別府2-3-1,4,-99,9999
135.553316,34.76783,27224,3,99999,03129,摂津市立味生体育館,別府2-3-1,4,-99,9999
135.553322,34.767788,27224,3,99999,03116,摂津市立味生体育館,別府2-3-1,4,-99,9999
135.555744,34.7745,27224,3,99999,03109,摂津市立正雀体育館,正雀4-2-3,4,-99,9999
135.55575,34.774422,27224,3,99999,03120,摂津市立正雀体育館,正雀4-2-3,4,-99,9999
135.55575,34.774334,27224,3,99999,03116,摂津市立正雀体育館,正雀4-2-3,4,-99,9999
135.585602,34.779182,27224,3,99999,03109,摂津市立鳥飼体育館,鳥飼本町1-9-45,4,-99,9999
135.585602,34.779104,27224,3,99999,03120,摂津市立鳥飼体育館,鳥飼本町1-9-45,4,-99,9999
135.585602,34.779026,27224,3,99999,03116,摂津市立鳥飼体育館,鳥飼本町1-9-45,4,-99,9999
135.557445,34.778245,27224,3,99999,03105,摂津市立温水プール,三島2-4-45,4,-99,9999
135.597763,34.794762,27224,3,99999,03115,摂津市立くすの木公園テニスコート,鳥飼上4-10,4,-99,9999
135.560632,34.784943,27224,3,99999,03115,摂津市立柳田テニスコート,学園町1-3,4,-99,9999
135.579093,34.768024,27224,3,99999,03102,摂津市スポーツ広場,鳥飼西3-8-1,3,-99,9999
135.579093,34.767921,27224,3,99999,03103,摂津市スポーツ広場,鳥飼西3-8-1,3,-99,9999
135.566071,34.778111,27224,3,99999,03102,摂津市青少年運動広場,鶴野3-1,3,-99,9999
135.566077,34.778014,27224,3,99999,03103,摂津市青少年運動広場,鶴野3-1,3,-99,9999
135.591138,34.818342,27211,3,99999,03109,茨木市立東市民体育館,学園町4-18,4,-99,9999
135.591144,34.818259,27211,3,99999,03120,茨木市立東市民体育館,学園町4-18,4,-99,9999
135.591144,34.818176,27211,3,99999,03129,茨木市立東市民体育館,学園町4-18,4,-99,9999
135.530722,34.925014,27211,3,99999,03142,茨木市青少年野外活動センター,大字銭原115,3,-99,9999
135.530661,34.822619,27211,3,99999,03121,春日丘運動広場弓道場,北春日丘4-12-35,3,-99,9999
135.549308,34.84568,27211,3,99999,03109,茨木市立福井市民体育館,西福井3-30-45,3,-99,9999
135.569792,34.810752,27211,3,99999,03109,茨木市立市民体育館,小川町2-1,4,-99,9999
135.569798,34.810684,27211,3,99999,03120,茨木市立市民体育館,小川町2-1,4,-99,9999
135.569798,34.810611,27211,3,99999,03113,茨木市立市民体育館,小川町2-1,4,-99,9999
135.569804,34.810543,27211,3,99999,03130,茨木市立市民体育館,小川町2-1,4,-99,9999
135.569792,34.810474,27211,3,99999,03111,茨木市立市民体育館,小川町2-1,4,-99,9999
135.573781,34.834877,27211,3,99999,03106,茨木市立西河原市民プール,西河原3-2-38,4,1,1993
135.573802,34.834657,27211,3,99999,03107,茨木市立西河原市民プール,西河原3-2-38,4,1,1993
135.573781,34.835247,27211,3,99999,03105,茨木市立西河原市民プール,西河原3-2-38,4,1,1993
135.573793,34.83534,27211,3,99999,03129,茨木市立西河原市民プール,西河原3-2-38,4,1,1993
135.586906,34.813795,27211,3,99999,03105,茨木市立五十鈴市民プール,五十鈴町11-13,4,-99,9999
135.58753,34.813678,27211,3,99999,03106,茨木市立五十鈴市民プール,五十鈴町11-13,4,-99,9999
135.569649,34.810226,27211,3,99999,03106,茨木市立中条市民プール,小川町2-1,4,-99,9999
135.592925,34.812456,27211,3,99999,03116,東雲運動広場屋内庭球場,新堂1-6-24,3,-99,9999
135.536961,34.896217,27211,3,99999,03115,忍頂寺スポーツ公園庭球場,大字忍頂寺1049,4,-99,9999
135.581778,34.800364,27211,3,99999,03115,若園公園庭球場,真砂2-4,3,-99,9999
135.56934,34.818486,27211,3,99999,03115,中央公園庭球場,駅前4-8,3,-99,9999
135.575431,34.832149,27211,3,99999,03115,西河原公園庭球場,西河原2,3,-99,9999
135.531083,34.822707,27211,3,99999,03115,春日丘運動広場庭球場,北春日丘4-12-35,3,-99,9999
135.548904,34.84547,27211,3,99999,03115,福井運動広場庭球場,西福井3-30-45,3,-99,9999
135.572925,34.807604,27211,3,99999,03102,水尾公園グラウンド,水尾1,3,-99,9999
135.572925,34.807512,27211,3,99999,03138,水尾公園グラウンド,水尾1,3,-99,9999
135.572931,34.807419,27211,3,99999,03104,水尾公園グラウンド,水尾1,3,-99,9999
135.564325,34.787582,27211,3,99999,03102,沢良宜公園グラウンド,横江2-5,3,-99,9999
135.564319,34.787485,27211,3,99999,03104,沢良宜公園グラウンド,横江2-5,3,-99,9999
135.592146,34.812344,27211,3,99999,03102,東雲運動広場,新堂1-6-24,3,-99,9999
135.592146,34.812231,27211,3,99999,03103,東雲運動広場,新堂1-6-24,3,-99,9999
135.537116,34.895111,27211,3,99999,03102,忍頂寺スポーツ公園運動広場,大字忍頂寺1049,4,-99,9999
135.537104,34.894999,27211,3,99999,03103,忍頂寺スポーツ公園運動広場,大字忍頂寺1049,4,-99,9999
135.537104,34.894892,27211,3,99999,03104,忍頂寺スポーツ公園運動広場,大字忍頂寺1049,4,-99,9999
135.536652,34.896656,27211,3,99999,03138,忍頂寺スポーツ公園,大字忍頂寺1049,4,-99,9999
135.580755,34.800539,27211,3,99999,03102,若園公園グラウンド,真砂2,3,-99,9999
135.580767,34.800452,27211,3,99999,03103,若園公園グラウンド,真砂2,3,-99,9999
135.580767,34.800354,27211,3,99999,03104,若園公園グラウンド,真砂2,3,-99,9999
135.574365,34.78394,27211,3,99999,03102,島３号公園グラウンド,宮島2-7,3,-99,9999
135.531784,34.822449,27211,3,99999,03102,春日丘運動広場,北春日丘4-12-35,3,-99,9999
135.53179,34.822371,27211,3,99999,03103,春日丘運動広場,北春日丘4-12-35,3,-99,9999
135.53179,34.822278,27211,3,99999,03104,春日丘運動広場,北春日丘4-12-35,3,-99,9999
135.579899,34.800544,27211,3,99999,03102,若園運動広場,真砂2-209-1,3,-99,9999
135.579899,34.800452,27211,3,99999,03103,若園運動広場,真砂2-209-1,3,-99,9999
135.579887,34.800354,27211,3,99999,03104,若園運動広場,真砂2-209-1,3,-99,9999
135.549563,34.845099,27211,3,99999,03102,福井運動広場,西福井3-30-45,3,-99,9999
135.549557,34.845007,27211,3,99999,03103,福井運動広場,西福井3-30-45,3,-99,9999
135.549563,34.844909,27211,3,99999,03104,福井運動広場,西福井3-30-45,3,-99,9999
135.569301,34.817884,27211,3,99999,03102,中央公園グラウンド,駅前4,3,-99,9999
135.569304,34.817796,27211,3,99999,03103,中央公園グラウンド,駅前4,3,-99,9999
135.569295,34.816393,27211,3,99999,03104,中央公園グラウンド,駅前4,3,-99,9999
135.575306,34.831623,27211,3,99999,03102,西河原公園グラウンド,西河原2,3,-99,9999
135.5753,34.831535,27211,3,99999,03103,西河原公園グラウンド,西河原2,3,-99,9999
135.575295,34.831447,27211,3,99999,03104,西河原公園グラウンド,西河原2,3,-99,9999
135.5753,34.83135,27211,3,99999,03101,西河原公園グラウンド,西河原2,3,-99,9999
135.615137,34.837308,27207,3,99999,03102,高槻市立庄所運動広場,南庄所町3-1,4,-99,2007
135.615143,34.83723,27207,3,99999,03103,高槻市立庄所運動広場,南庄所町3-1,4,-99,2007
135.615137,34.837152,27207,3,99999,03104,高槻市立庄所運動広場,南庄所町3-1,4,-99,2007
135.615137,34.83706,27207,3,99999,03138,高槻市立庄所運動広場,南庄所町3-1,4,-99,2007
135.599366,34.819357,27207,3,99999,03102,高槻市立牧田運動広場,牧田町26-1,4,-99,2007
135.59936,34.819265,27207,3,99999,03103,高槻市立牧田運動広場,牧田町26-1,4,-99,2007
135.59936,34.819167,27207,3,99999,03104,高槻市立牧田運動広場,牧田町26-1,4,-99,2007
135.59936,34.819074,27207,3,99999,03138,高槻市立牧田運動広場,牧田町26-1,4,-99,2007
135.617908,34.827458,27207,3,99999,03109,高槻市堤運動広場,堤町3-1,4,-99,2006
135.617135,34.827258,27207,3,99999,03102,高槻市堤運動広場,堤町3-1,4,-99,2006
135.617123,34.827165,27207,3,99999,03103,高槻市堤運動広場,堤町3-1,4,-99,2006
135.617129,34.827073,27207,3,99999,03104,高槻市堤運動広場,堤町3-1,4,-99,2006
135.617908,34.82738,27207,3,99999,03120,高槻市堤運動広場,堤町3-1,4,-99,2006
135.57231,34.886591,27207,3,99999,03115,高槻市立萩谷総合公園テニスコート,大字萩谷111-1,4,-99,1998
135.577925,34.885104,27207,3,99999,03102,高槻市立萩谷総合公園野球場,大字萩谷111-1,4,-99,9999
135.584094,34.876369,27207,3,99999,03142,高槻市摂津峡青少年キャンプ場,大字原1,3,-99,9999
135.610082,34.825167,27207,3,99999,03109,高槻市立総合スポーツセンター／総合体育館,芝生町4-1-1,4,2,1984
135.610082,34.825089,27207,3,99999,03129,高槻市立総合スポーツセンター／総合体育館,芝生町4-1-1,4,2,1984
135.610076,34.825011,27207,3,99999,03121,高槻市立総合スポーツセンター／総合体育館,芝生町4-1-1,4,2,1984
135.610076,34.824933,27207,3,99999,03120,高槻市立総合スポーツセンター／総合体育館,芝生町4-1-1,4,2,1984
135.610076,34.824855,27207,3,99999,03110,高槻市立総合スポーツセンター／総合体育館,芝生町4-1-1,4,2,1984
135.610076,34.824777,27207,3,99999,03111,高槻市立総合スポーツセンター／総合体育館,芝生町4-1-1,4,2,1984
135.61007,34.824694,27207,3,99999,03113,高槻市立総合スポーツセンター／総合体育館,芝生町4-1-1,4,2,1984
135.610076,34.824616,27207,3,99999,03132,高槻市立総合スポーツセンター／総合体育館,芝生町4-1-1,4,2,1984
135.592837,34.862962,27207,3,99999,03115,高槻市立芥川緑地テニスコート,南平台5-59-1,4,-99,9999
135.597225,34.85392,27207,3,99999,03115,高槻市立郡家テニスコート,郡家本町10-32,4,-99,9999
135.618621,34.823058,27207,3,99999,03115,高槻市営西大樋テニスコート,西大樋町1-1,4,-99,9999
135.60786,34.825284,27207,3,99999,03115,高槻市立総合スポーツセンターテニスコート,芝生町4-1-1,4,-99,9999
135.580136,34.885426,27207,3,99999,03103,高槻市立萩谷総合公園サッカー場,大字萩谷111-1,4,-99,9999
135.60786,34.82467,27207,3,99999,03102,高槻市立総合スポーツセンター青少年運動広場,芝生町4-1-1,4,-99,9999
135.607848,34.824084,27207,3,99999,03103,高槻市立総合スポーツセンター青少年運動広場,芝生町4-1-1,4,-99,9999
135.624259,34.82183,27207,3,99999,03102,高槻市立南大樋運動広場,南大樋町970,4,-99,9999
135.624253,34.821737,27207,3,99999,03103,高槻市立南大樋運動広場,南大樋町970,4,-99,9999
135.624247,34.821625,27207,3,99999,03104,高槻市立南大樋運動広場,南大樋町970,4,-99,9999
135.621095,34.844385,27207,3,99999,03102,高槻市立城跡公園野球場,野見町1492-1,4,-99,9999
135.609108,34.824514,27207,3,99999,03101,高槻市立総合スポーツセンター陸上競技場,芝生町4-1-1,4,-99,9999
135.609108,34.824401,27207,3,99999,03138,高槻市立総合スポーツセンター陸上競技場,芝生町4-1-1,4,-99,9999
135.519978,34.753231,27205,3,99999,03109,吹田市勤労青少年ホーム,寿町2-19-20,4,-99,9999
135.510213,34.827793,27205,3,99999,03142,吹田市自然体験交流センター,藤白台5-20-1,3,-99,9999
135.520436,34.809074,27205,3,99999,03110,吹田市立武道館「洗心館」,山田北2-1,4,-99,9999
135.520436,34.808996,27205,3,99999,03111,吹田市立武道館「洗心館」,山田北2-1,4,-99,9999
135.52043,34.808923,27205,3,99999,03113,吹田市立武道館「洗心館」,山田北2-1,4,-99,9999
135.520424,34.808854,27205,3,99999,03120,吹田市立武道館「洗心館」,山田北2-1,4,-99,9999
135.520364,34.80923,27205,3,99999,03121,吹田市立武道館「洗心館」,山田北2-1,4,-99,9999
135.531561,34.766479,27205,3,99999,03109,吹田市目俵市民体育館,目俵町1-11,4,-99,9999
135.531561,34.766396,27205,3,99999,03120,吹田市目俵市民体育館,目俵町1-11,4,-99,9999
135.531555,34.766318,27205,3,99999,03110,吹田市目俵市民体育館,目俵町1-11,4,-99,9999
135.531555,34.76624,27205,3,99999,03111,吹田市目俵市民体育館,目俵町1-11,4,-99,9999
135.531549,34.766162,27205,3,99999,03132,吹田市目俵市民体育館,目俵町1-11,4,-99,9999
135.498694,34.751312,27205,3,99999,03109,吹田市立南吹田市民体育館,南吹田5-34-1,4,-99,9999
135.498694,34.751238,27205,3,99999,03120,吹田市立南吹田市民体育館,南吹田5-34-1,4,-99,9999
135.498694,34.751165,27205,3,99999,03110,吹田市立南吹田市民体育館,南吹田5-34-1,4,-99,9999
135.498688,34.751092,27205,3,99999,03111,吹田市立南吹田市民体育館,南吹田5-34-1,4,-99,9999
135.498694,34.751028,27205,3,99999,03113,吹田市立南吹田市民体育館,南吹田5-34-1,4,-99,9999
135.498688,34.75096,27205,3,99999,03129,吹田市立南吹田市民体育館,南吹田5-34-1,4,-99,9999
135.524023,34.799389,27205,3,99999,03109,吹田市立山田市民体育館,山田西3-84-1,4,-99,9999
135.52402,34.799347,27205,3,99999,03120,吹田市立山田市民体育館,山田西3-84-1,4,-99,9999
135.524026,34.799303,27205,3,99999,03110,吹田市立山田市民体育館,山田西3-84-1,4,-99,9999
135.524026,34.799259,27205,3,99999,03111,吹田市立山田市民体育館,山田西3-84-1,4,-99,9999
135.524026,34.799216,27205,3,99999,03113,吹田市立山田市民体育館,山田西3-84-1,4,-99,9999
135.52402,34.799172,27205,3,99999,03129,吹田市立山田市民体育館,山田西3-84-1,4,-99,9999
135.52402,34.79913,27205,3,99999,03130,吹田市立山田市民体育館,山田西3-84-1,4,-99,9999
135.507529,34.827529,27205,3,99999,03109,吹田市立北千里市民体育館,藤白台5-5-1,4,-99,9999
135.507214,34.827154,27205,3,99999,03120,吹田市立北千里市民体育館,藤白台5-5-1,4,-99,9999
135.515121,34.765338,27205,3,99999,03109,吹田市立片山市民体育館,出口町31-2,4,-99,9999
135.515115,34.765264,27205,3,99999,03120,吹田市立片山市民体育館,出口町31-2,4,-99,9999
135.515115,34.765201,27205,3,99999,03129,吹田市立片山市民体育館,出口町31-2,4,-99,9999
135.515115,34.765137,27205,3,99999,03110,吹田市立片山市民体育館,出口町31-2,4,-99,9999
135.515121,34.765069,27205,3,99999,03111,吹田市立片山市民体育館,出口町31-2,4,-99,9999
135.515115,34.765001,27205,3,99999,03113,吹田市立片山市民体育館,出口町31-2,4,-99,9999
135.52197,34.751311,27205,3,99999,03106,中の島市民プール,中の島6-1,4,-99,9999
135.515337,34.793813,27205,3,99999,03106,南千里市民プール,高野台1-4-10,4,-99,9999
135.508451,34.827118,27205,3,99999,03106,北千里市民プール,藤白台5-5-2,4,-99,9999
135.514452,34.765625,27205,3,99999,03106,片山市民プール,出口町31-1,4,-99,9999
135.514024,34.76543,27205,3,99999,03105,片山市民プール,出口町31-1,4,-99,9999
135.544958,34.769434,27205,3,99999,03115,南正雀スポーツグラウンドテニスコート,南正雀2-33-30,4,-99,9999
135.523817,34.798706,27205,3,99999,03115,山田スポーツグラウンドテニスコート,山田西2-17-1,4,-99,9999
135.495764,34.789786,27205,3,99999,03115,桃山台スポーツグラウンドテニスコート,桃山台5-5-1,4,-99,9999
135.519355,34.751028,27205,3,99999,03115,中の島スポーツグラウンドテニスコート,中の島町6-1,4,-99,9999
135.52472,34.798902,27205,3,99999,03102,山田スポーツグラウンド野球場,山田西2-17-1,4,-99,9999
135.526237,34.793841,27205,3,99999,03102,高野台スポーツグラウンド野球場,高野台5-1-6,4,-99,9999
135.496477,34.790737,27205,3,99999,03102,桃山台スポーツグラウンド野球場,桃山台5-5-1,4,-99,9999
135.520508,34.751419,27205,3,99999,03102,中の島スポーツグラウンド野球場,中の島町6-1,4,-99,9999
135.522529,34.779914,27205,3,99999,03101,吹田市立総合運動場,竹谷町37-1,4,-99,9999
135.522517,34.779807,27205,3,99999,03138,吹田市立総合運動場,竹谷町37-1,4,-99,9999
135.443771,34.90313,27321,3,99999,03138,豊能町立ふれあい広場ゲートボール場,東ときわ台2-1-1,3,-99,9999
135.426996,34.908118,27321,3,99999,03109,豊能町立スポーツセンター「シートス」,新光風台3-1-10,4,-99,9999
135.426996,34.90805,27321,3,99999,03120,豊能町立スポーツセンター「シートス」,新光風台3-1-10,4,-99,9999
135.42699,34.907982,27321,3,99999,03112,豊能町立スポーツセンター「シートス」,新光風台3-1-10,4,-99,9999
135.426996,34.907909,27321,3,99999,03132,豊能町立スポーツセンター「シートス」,新光風台3-1-10,4,-99,9999
135.42699,34.907831,27321,3,99999,03129,豊能町立スポーツセンター「シートス」,新光風台3-1-10,4,-99,9999
135.488405,34.934835,27321,3,99999,03109,豊能町立野間口青少年総合スポーツセンター,牧下林2-2,3,-99,9999
135.427121,34.907446,27321,3,99999,03105,豊能町立スポーツセンター「シートス」プール,新光風台3-1-10,4,-99,9999
135.426426,34.908908,27321,3,99999,03115,豊能町立スポーツセンター「シートス」テニスコート,新光風台3-1-10,4,-99,9999
135.443916,34.903379,27321,3,99999,03115,豊能町立ふれあい広場テニスコート,東ときわ台2-1-1,3,-99,9999
135.511541,34.917538,27321,3,99999,03102,豊能町立スポーツ広場球技場,希望ケ丘2-38,3,-99,9999
135.511547,34.917441,27321,3,99999,03103,豊能町立スポーツ広場球技場,希望ケ丘2-38,3,-99,9999
135.51204,34.916749,27321,3,99999,03102,豊能町立スポーツ広場,希望ケ丘2-38,3,-99,9999
135.512035,34.916661,27321,3,99999,03103,豊能町立スポーツ広場,希望ケ丘2-38,3,-99,9999
135.51204,34.916564,27321,3,99999,03104,豊能町立スポーツ広場,希望ケ丘2-38,3,-99,9999
135.487805,34.934562,27321,3,99999,03102,豊能町立野間口青少年総合スポーツセンター,牧下林2-2,3,-99,9999
135.450305,34.98216,27322,3,99999,03133,国体記念スポーツセンターライフル射撃場,山内19-1,4,-99,9999
135.449931,34.982632,27322,3,99999,03138,国体記念スポーツセンター屋内ゲートボール場,山内19-1,4,-99,9999
135.420839,34.96642,27322,3,99999,03109,能勢町Ｂ＆Ｇ海洋センター,柏原64,4,-99,9999
135.420839,34.966369,27322,3,99999,03129,能勢町Ｂ＆Ｇ海洋センター,柏原64,4,-99,9999
135.420839,34.96632,27322,3,99999,03116,能勢町Ｂ＆Ｇ海洋センター,柏原64,4,-99,9999
135.420839,34.966272,27322,3,99999,03120,能勢町Ｂ＆Ｇ海洋センター,柏原64,4,-99,9999
135.420836,34.966223,27322,3,99999,03110,能勢町Ｂ＆Ｇ海洋センター,柏原64,4,-99,9999
135.420833,34.966174,27322,3,99999,03111,能勢町Ｂ＆Ｇ海洋センター,柏原64,4,-99,9999
135.420197,34.966067,27322,3,99999,03104,能勢町Ｂ＆Ｇ海洋センター,柏原64,4,-99,9999
135.449414,34.982262,27322,3,99999,03115,国体記念スポーツセンターテニスコート,山内19-1,4,-99,9999
135.42002,34.96412,27322,3,99999,03102,能勢町営名月グラウンド,柏原87,3,-99,9999
135.420003,34.964008,27322,3,99999,03104,能勢町営名月グラウンド,柏原87,3,-99,9999
135.455621,34.83819,27220,3,99999,03142,箕面市立青少年教学の森野外活動センター,新稲2-257-3,4,-99,9999
135.456851,34.838531,27220,3,99999,03120,箕面市立青少年教学の森野外活動センター,新稲2-257-3,4,-99,9999
135.456857,34.838458,27220,3,99999,03109,箕面市立青少年教学の森野外活動センター,新稲2-257-3,4,-99,9999
135.463576,34.829019,27220,3,99999,03110,箕面市立第一総合運動場武道館,新稲3-12-1,4,-99,9999
135.463579,34.828975,27220,3,99999,03111,箕面市立第一総合運動場武道館,新稲3-12-1,4,-99,9999
135.463579,34.828933,27220,3,99999,03113,箕面市立第一総合運動場武道館,新稲3-12-1,4,-99,9999
135.50163,34.836715,27220,3,99999,03109,箕面市立第二総合運動場市民体育館,外院1-2-3,4,-99,9999
135.50163,34.836628,27220,3,99999,03129,箕面市立第二総合運動場市民体育館,外院1-2-3,4,-99,9999
135.501636,34.83654,27220,3,99999,03120,箕面市立第二総合運動場市民体育館,外院1-2-3,4,-99,9999
135.45873,34.834537,27220,3,99999,03109,箕面市立第一総合運動場市民体育館（スカイアリーナ）,新稲2-14-15,4,-99,9999
135.45873,34.834464,27220,3,99999,03129,箕面市立第一総合運動場市民体育館（スカイアリーナ）,新稲2-14-15,4,-99,9999
135.45873,34.834391,27220,3,99999,03120,箕面市立第一総合運動場市民体育館（スカイアリーナ）,新稲2-14-15,4,-99,9999
135.50182,34.836067,27220,3,99999,03106,箕面市立第二総合運動場市民プール,外院1-2-3,4,-99,9999
135.460903,34.828212,27220,3,99999,03106,箕面市立第一総合運動場市民プール,新稲4-18-14,4,-99,9999
135.50283,34.836657,27220,3,99999,03115,箕面市立第二総合運動場市民テニスコート,外院1-2-3,4,-99,9999
135.464553,34.827619,27220,3,99999,03115,箕面市立第一総合運動場市民テニスコート,新稲3-12-1,4,-99,9999
135.501725,34.837598,27220,3,99999,03101,箕面市立第二総合運動場市民多目的グラウンド,外院1-2-3,4,-99,9999
135.501713,34.837515,27220,3,99999,03102,箕面市立第二総合運動場市民多目的グラウンド,外院1-2-3,4,-99,9999
135.501713,34.837423,27220,3,99999,03103,箕面市立第二総合運動場市民多目的グラウンド,外院1-2-3,4,-99,9999
135.464185,34.828297,27220,3,99999,03102,箕面市立第一総合運動場市民野球場,新稲3-12-1,4,-99,9999
135.435389,34.830266,27204,3,99999,03142,池田市立山の家,五月ケ丘5-3-18,4,-99,9999
135.435929,34.830342,27204,3,99999,03128,池田市立山の家,五月ケ丘5-3-18,4,-99,9999
135.435624,34.808836,27204,3,99999,03109,池田市立総合スポーツセンター,荘園2-7-30,4,-99,9999
135.435627,34.808793,27204,3,99999,03129,池田市立総合スポーツセンター,荘園2-7-30,4,-99,9999
135.435624,34.808749,27204,3,99999,03120,池田市立総合スポーツセンター,荘園2-7-30,4,-99,9999
135.435621,34.808705,27204,3,99999,03110,池田市立総合スポーツセンター,荘園2-7-30,4,-99,9999
135.435618,34.808661,27204,3,99999,03111,池田市立総合スポーツセンター,荘園2-7-30,4,-99,9999
135.435615,34.808617,27204,3,99999,03113,池田市立総合スポーツセンター,荘園2-7-30,4,-99,9999
135.428312,34.82845,27204,3,99999,03109,池田五月山体育館,綾羽2-7-1,4,-99,9999
135.429227,34.828348,27204,3,99999,03129,池田五月山体育館,綾羽2-7-1,4,-99,9999
135.428312,34.828367,27204,3,99999,03120,池田五月山体育館,綾羽2-7-1,4,-99,9999
135.428318,34.828289,27204,3,99999,03110,池田五月山体育館,綾羽2-7-1,4,-99,9999
135.428312,34.828202,27204,3,99999,03111,池田五月山体育館,綾羽2-7-1,4,-99,9999
135.429233,34.82827,27204,3,99999,03132,池田五月山体育館,綾羽2-7-1,4,-99,9999
135.433255,34.81171,27204,3,99999,03115,池田市立夫婦池公園テニスコート,八王寺2-2-1,3,-99,9999
135.416619,34.817382,27204,3,99999,03103,池田市立猪名川運動場サッカー場,桃園2-1783-1,4,-99,9999
135.438075,34.856798,27204,3,99999,03115,池田市立コミュニティ広場,伏尾台5-112,3,-99,9999
135.437394,34.85682,27204,3,99999,03104,池田市立コミュニティ広場,伏尾台5-112,3,-99,9999
135.417225,34.815382,27204,3,99999,03102,池田市立猪名川運動場ソフトボール場,桃園2-1783-1,4,-99,9999
135.42019,34.80981,27204,3,99999,03104,池田市立猪名川運動場多目的広場,桃園2-1783-1,4,-99,9999
135.420184,34.809708,27204,3,99999,03103,池田市立猪名川運動場多目的広場,桃園2-1783-1,4,-99,9999
135.420184,34.809611,27204,3,99999,03132,池田市立猪名川運動場多目的広場,桃園2-1783-1,4,-99,9999
135.418081,34.813275,27204,3,99999,03102,池田市立猪名川運動場野球場,桃園2-1783-1,4,-99,9999
135.416964,34.819168,27204,3,99999,03101,池田市立猪名川運動場陸上競技場,桃園2-1783-1,4,-99,9999
135.416964,34.819046,27204,3,99999,03138,池田市立猪名川運動場陸上競技場,桃園2-1783-1,4,-99,9999
135.464099,34.73309,27203,3,99999,03142,豊中市立グリーンスポーツセンター,大島町3-9-2,4,-99,9999
135.464569,34.733678,27203,3,99999,03102,豊中市立グリーンスポーツセンター,大島町3-9-2,4,-99,9999
135.464563,34.73359,27203,3,99999,03103,豊中市立グリーンスポーツセンター,大島町3-9-2,4,-99,9999
135.464985,34.732738,27203,3,99999,03138,豊中市立グリーンスポーツセンター,大島町3-9-2,4,-99,9999
135.483613,34.753648,27203,3,99999,03129,高川スポーツルーム,豊南町東1-1-2,4,-99,2000
135.483607,34.753721,27203,3,99999,03120,高川スポーツルーム,豊南町東1-1-2,4,-99,2000
135.466423,34.763547,27203,3,99999,03110,豊中市立武道館ひびき,服部西町4-13-2,4,-99,9999
135.466423,34.763508,27203,3,99999,03111,豊中市立武道館ひびき,服部西町4-13-2,4,-99,9999
135.466423,34.763471,27203,3,99999,03113,豊中市立武道館ひびき,服部西町4-13-2,4,-99,9999
135.466034,34.763569,27203,3,99999,03121,豊中市立武道館ひびき,服部西町4-13-2,4,-99,9999
135.466423,34.763435,27203,3,99999,03129,豊中市立武道館ひびき,服部西町4-13-2,4,-99,9999
135.466423,34.763396,27203,3,99999,03120,豊中市立武道館ひびき,服部西町4-13-2,4,-99,9999
135.504128,34.807848,27203,3,99999,03109,千里体育館,新千里東町3-8-1,4,-99,9999
135.504158,34.80837,27203,3,99999,03129,千里体育館,新千里東町3-8-1,4,-99,9999
135.504128,34.807765,27203,3,99999,03120,千里体育館,新千里東町3-8-1,4,-99,9999
135.474,34.75425,27203,3,99999,03109,庄内体育館,野田町4-1,4,-99,9999
135.474006,34.754172,27203,3,99999,03129,庄内体育館,野田町4-1,4,-99,9999
135.474,34.754094,27203,3,99999,03120,庄内体育館,野田町4-1,4,-99,9999
135.459564,34.800495,27203,3,99999,03109,柴原体育館,柴原町4-4-18,4,-99,9999
135.459567,34.800458,27203,3,99999,03120,柴原体育館,柴原町4-4-18,4,-99,9999
135.459567,34.800417,27203,3,99999,03110,柴原体育館,柴原町4-4-18,4,-99,9999
135.45957,34.800378,27203,3,99999,03111,柴原体育館,柴原町4-4-18,4,-99,9999
135.45957,34.800341,27203,3,99999,03113,柴原体育館,柴原町4-4-18,4,-99,9999
135.46757,34.763376,27203,3,99999,03109,豊島体育館,服部西町4-12-1,4,-99,9999
135.467582,34.763298,27203,3,99999,03120,豊島体育館,服部西町4-12-1,4,-99,9999
135.467582,34.76321,27203,3,99999,03129,豊島体育館,服部西町4-12-1,4,-99,9999
135.49042,34.795014,27203,3,99999,03105,二ノ切温水プール,東豊中町5-37-1,4,-99,9999
135.465337,34.76224,27203,3,99999,03105,豊島温水プール,服部西町5-1-1,4,-99,9999
135.467333,34.759004,27203,3,99999,03115,ふれあい緑地テニスコート,服部寿町4-7-1,4,-99,9999
135.466018,34.810772,27203,3,99999,03115,野畑テニスコート,永楽荘1-4-48,4,-99,9999
135.454751,34.76706,27203,3,99999,03115,原田南テニスコート,原田南2-75,3,-99,9999
135.500562,34.809996,27203,3,99999,03115,千里東町公園テニスコート,新千里東町2-3,4,-99,9999
135.468764,34.765956,27203,3,99999,03115,豊島公園テニスコート,曽根南町1-70,4,-99,9999
135.490306,34.796077,27203,3,99999,03102,青少年運動広場,東豊中町5-3387,3,-99,9999
135.490306,34.795979,27203,3,99999,03103,青少年運動広場,東豊中町5-3387,3,-99,9999
135.4571,34.770025,27203,3,99999,03102,原田中少年野球場,原田中1-29-1,3,-99,9999
135.495825,34.816577,27203,3,99999,03102,千里北町公園野球場,新千里北町1-23-1,3,-99,9999
135.469997,34.766496,27203,3,99999,03102,豊島公園野球場（豊中ローズ球場）,曽根南町1-4-2,4,-99,9999
135.467216,34.78305,27203,3,99999,03102,大門公園野球場,北桜塚1-27-1,4,-99,9999
135.511483,34.592346,27120,3,99999,03109,大阪市立住吉スポーツセンター,浅香1-8-15,4,-99,9999
135.511483,34.592267,27120,3,99999,03116,大阪市立住吉スポーツセンター,浅香1-8-15,4,-99,9999
135.511477,34.592189,27120,3,99999,03120,大阪市立住吉スポーツセンター,浅香1-8-15,4,-99,9999
135.511477,34.592111,27120,3,99999,03110,大阪市立住吉スポーツセンター,浅香1-8-15,4,-99,9999
135.511477,34.592033,27120,3,99999,03111,大阪市立住吉スポーツセンター,浅香1-8-15,4,-99,9999
135.511465,34.591954,27120,3,99999,03132,大阪市立住吉スポーツセンター,浅香1-8-15,4,-99,9999
135.499422,34.661497,27111,3,99999,03109,大阪市立浪速スポーツセンター,難波中3-8-8,4,-99,9999
135.499422,34.661424,27111,3,99999,03116,大阪市立浪速スポーツセンター,難波中3-8-8,4,-99,9999
135.499422,34.661346,27111,3,99999,03132,大阪市立浪速スポーツセンター,難波中3-8-8,4,-99,9999
135.472253,34.647292,27108,3,99999,03109,大阪市立大正スポーツセンター,小林東3-3-25,4,-99,9999
135.472247,34.647219,27108,3,99999,03116,大阪市立大正スポーツセンター,小林東3-3-25,4,-99,9999
135.472247,34.647141,27108,3,99999,03120,大阪市立大正スポーツセンター,小林東3-3-25,4,-99,9999
135.472241,34.647063,27108,3,99999,03132,大阪市立大正スポーツセンター,小林東3-3-25,4,-99,9999
135.560234,34.617893,27126,3,99999,03105,大阪市平野屋内プール,平野南4-6-1,4,-99,9999
135.560234,34.61781,27126,3,99999,03129,大阪市平野屋内プール,平野南4-6-1,4,-99,9999
135.511465,34.591876,27120,3,99999,03105,大阪市立住吉屋内プール,浅香1-8-15,4,-99,9999
135.511459,34.591788,27120,3,99999,03129,大阪市立住吉屋内プール,浅香1-8-15,4,-99,9999
135.510263,34.643339,27119,3,99999,03105,大阪市立阿倍野屋内プール,阿倍野筋3-13-23,4,-99,9999
135.510257,34.643261,27119,3,99999,03129,大阪市立阿倍野屋内プール,阿倍野筋3-13-23,4,-99,9999
135.546241,34.717782,27117,3,99999,03105,大阪市立旭屋内プール,高殿6-14-6,4,-99,9999
135.546235,34.717694,27117,3,99999,03129,大阪市立旭屋内プール,高殿6-14-6,4,-99,9999
135.535311,34.660823,27116,3,99999,03105,大阪市生野屋内プール,桃谷3-8-18,4,-99,9999
135.535311,34.66074,27116,3,99999,03129,大阪市生野屋内プール,桃谷3-8-18,4,-99,9999
135.499428,34.661273,27111,3,99999,03105,大阪市立浪速屋内プール,難波中3-8-8,4,-99,9999
135.499422,34.661199,27111,3,99999,03129,大阪市立浪速屋内プール,難波中3-8-8,4,-99,9999
135.499428,34.661126,27111,3,99999,03124,大阪市立浪速屋内プール,難波中3-8-8,4,-99,9999
135.472241,34.646989,27108,3,99999,03105,大阪市立大正屋内プール,小林東3-3-25,4,-99,9999
135.472236,34.646911,27108,3,99999,03129,大阪市立大正屋内プール,小林東3-3-25,4,-99,9999
135.481742,34.678065,27106,3,99999,03105,大阪市西屋内プール,本田1-4-16（松島公園内）,4,-99,9999
135.481742,34.677977,27106,3,99999,03129,大阪市西屋内プール,本田1-4-16（松島公園内）,4,-99,9999
135.508876,34.671318,27128,3,99999,03105,大阪市立中央屋内プール,島之内2-7-8,4,-99,9999
135.50887,34.671235,27128,3,99999,03129,大阪市立中央屋内プール,島之内2-7-8,4,-99,9999
135.532548,34.707438,27102,3,99999,03105,大阪市立都島屋内プール,都島本通4-12-7,4,-99,9999
135.532542,34.70736,27102,3,99999,03129,大阪市立都島屋内プール,都島本通4-12-7,4,-99,9999
135.510054,34.703692,27127,3,99999,03105,大阪市立扇町プール,扇町1-1（扇町公園内）,4,-99,9999
135.510054,34.703604,27127,3,99999,03129,大阪市立扇町プール,扇町1-1（扇町公園内）,4,-99,9999
135.464524,34.683647,27104,3,99999,03105,此花屋内プール,西九条5-4-21,4,-99,9999
135.464524,34.683574,27104,3,99999,03129,此花屋内プール,西九条5-4-21,4,-99,9999
135.508424,34.591217,27120,3,99999,03102,浅香中央運動場,浅香1-6（浅香中央公園内）,3,-99,9999
135.50843,34.591129,27120,3,99999,03138,浅香中央運動場,浅香1-6（浅香中央公園内）,3,-99,9999
135.500385,34.588717,27120,3,99999,03115,山之内西庭球場,山之内5-3-37（山之内西公園内）,3,-99,9999
135.476087,34.669492,27106,3,99999,03102,京セラドーム大阪,千代崎3-中2-1,4,-99,9999
135.476081,34.669395,27106,3,99999,03103,京セラドーム大阪,千代崎3-中2-1,4,-99,9999
135.476087,34.669297,27106,3,99999,03104,京セラドーム大阪,千代崎3-中2-1,4,-99,9999
135.575065,34.707929,27124,3,99999,03135,つるみゴルフ練習場（シティーゴルフつるみ）,諸口6-16-20,4,-99,9999
135.571831,34.71558,27209,3,99999,03123,鶴見緑地乗馬苑,大字高瀬旧大枝510,4,-99,9999
135.408448,34.673295,27104,3,99999,03140,大阪北港ヨットハーバー,常吉2-13-18,4,-99,9999
135.410587,34.674082,27104,3,99999,03115,大阪北港ヨットハーバー,常吉2-13-18,4,-99,9999
135.518528,34.615119,27121,3,99999,03129,長居陸上競技場トレーニングセンター,長居公園1-1（長居公園内）,4,-99,9999
135.530124,34.689861,27128,3,99999,03101,大阪城国際文化スポーツホール（大阪城ホール）,大阪城3-1,4,2,9999
135.530124,34.689768,27128,3,99999,03116,大阪城国際文化スポーツホール（大阪城ホール）,大阪城3-1,4,2,9999
135.53013,34.689675,27128,3,99999,03109,大阪城国際文化スポーツホール（大阪城ホール）,大阪城3-1,4,2,9999
135.530124,34.689577,27128,3,99999,03131,大阪城国際文化スポーツホール（大阪城ホール）,大阪城3-1,4,2,9999
135.530124,34.689485,27128,3,99999,03130,大阪城国際文化スポーツホール（大阪城ホール）,大阪城3-1,4,2,9999
135.530124,34.689387,27128,3,99999,03119,大阪城国際文化スポーツホール（大阪城ホール）,大阪城3-1,4,2,9999
135.390644,34.663264,27104,3,99999,03142,舞洲野外活動施設,北港緑地2-3-75,4,-99,9999
135.569625,34.710452,27124,3,99999,03142,鶴見緑地キャンプ場,鶴見緑地内,4,-99,9999
135.448403,34.489734,27219,3,99999,03142,大阪市立信太山青少年野外活動センター,伯太町3-12-86,4,-99,9999
135.444464,34.49062,27219,3,99999,03102,大阪市立信太山青少年野外活動センター,伯太町3-12-86,4,-99,9999
135.444452,34.490463,27219,3,99999,03103,大阪市立信太山青少年野外活動センター,伯太町3-12-86,4,-99,9999
135.444464,34.490302,27219,3,99999,03104,大阪市立信太山青少年野外活動センター,伯太町3-12-86,4,-99,9999
135.446193,34.492349,27219,3,99999,03117,大阪市立信太山青少年野外活動センター,伯太町3-12-86,4,-99,9999
135.445361,34.491996,27219,3,99999,03106,大阪市立信太山青少年野外活動センター,伯太町3-12-86,4,-99,9999
135.446306,34.491928,27219,3,99999,03109,大阪市立信太山青少年野外活動センター,伯太町3-12-86,4,-99,9999
135.517197,34.611843,27121,3,99999,03118,長居相撲場,長居公園1-1（長居公園内）,4,-99,9999
135.533576,34.686317,27128,3,99999,03121,大阪城弓道場,大阪城3-4,4,-99,9999
135.524978,34.684452,27128,3,99999,03110,大阪市立修道館,大阪城2-1,4,-99,9999
135.524984,34.68431,27128,3,99999,03111,大阪市立修道館,大阪城2-1,4,-99,9999
135.407867,34.668136,27104,3,99999,03105,大阪市舞洲障害者スポーツセンター（アミティ舞洲）,北港白津2-1-46,4,-99,9999
135.407872,34.668048,27104,3,99999,03120,大阪市舞洲障害者スポーツセンター（アミティ舞洲）,北港白津2-1-46,4,-99,9999
135.407872,34.66796,27104,3,99999,03136,大阪市舞洲障害者スポーツセンター（アミティ舞洲）,北港白津2-1-46,4,-99,9999
135.407872,34.667872,27104,3,99999,03109,大阪市舞洲障害者スポーツセンター（アミティ舞洲）,北港白津2-1-46,4,-99,9999
135.407872,34.667784,27104,3,99999,03129,大阪市舞洲障害者スポーツセンター（アミティ舞洲）,北港白津2-1-46,4,-99,9999
135.514755,34.612867,27121,3,99999,03105,大阪市長居障害者スポーツセンター,長居公園1-32,4,-99,9999
135.514749,34.612788,27121,3,99999,03120,大阪市長居障害者スポーツセンター,長居公園1-32,4,-99,9999
135.514755,34.61271,27121,3,99999,03136,大阪市長居障害者スポーツセンター,長居公園1-32,4,-99,9999
135.514749,34.612632,27121,3,99999,03109,大阪市長居障害者スポーツセンター,長居公園1-32,4,-99,9999
135.514749,34.612549,27121,3,99999,03129,大阪市長居障害者スポーツセンター,長居公園1-32,4,-99,9999
135.495805,34.628078,27122,3,99999,03109,大阪市立西成スポーツセンター,玉出東1-6-1,4,-99,9999
135.495805,34.628039,27122,3,99999,03116,大阪市立西成スポーツセンター,玉出東1-6-1,4,-99,9999
135.495805,34.628,27122,3,99999,03120,大阪市立西成スポーツセンター,玉出東1-6-1,4,-99,9999
135.495805,34.62796,27122,3,99999,03110,大阪市立西成スポーツセンター,玉出東1-6-1,4,-99,9999
135.495808,34.627921,27122,3,99999,03111,大阪市立西成スポーツセンター,玉出東1-6-1,4,-99,9999
135.495808,34.627882,27122,3,99999,03132,大阪市立西成スポーツセンター,玉出東1-6-1,4,-99,9999
135.397657,34.66567,27104,3,99999,03109,舞洲体育館,北港緑地2-2-15,4,-99,9999
135.397663,34.665592,27104,3,99999,03116,舞洲体育館,北港緑地2-2-15,4,-99,9999
135.397663,34.665504,27104,3,99999,03120,舞洲体育館,北港緑地2-2-15,4,-99,9999
135.445743,34.662026,27107,3,99999,03109,大阪市立港スポーツセンター,田中3-1-128,4,-99,9999
135.445743,34.661952,27107,3,99999,03116,大阪市立港スポーツセンター,田中3-1-128,4,-99,9999
135.445737,34.661874,27107,3,99999,03120,大阪市立港スポーツセンター,田中3-1-128,4,-99,9999
135.445737,34.661801,27107,3,99999,03132,大阪市立港スポーツセンター,田中3-1-128,4,-99,9999
135.522429,34.708108,27102,3,99999,03109,大阪市立都島スポーツセンター,中野町5-15-21,4,-99,9999
135.522429,34.708066,27102,3,99999,03116,大阪市立都島スポーツセンター,中野町5-15-21,4,-99,9999
135.522426,34.708022,27102,3,99999,03120,大阪市立都島スポーツセンター,中野町5-15-21,4,-99,9999
135.522426,34.707978,27102,3,99999,03110,大阪市立都島スポーツセンター,中野町5-15-21,4,-99,9999
135.522426,34.707937,27102,3,99999,03111,大阪市立都島スポーツセンター,中野町5-15-21,4,-99,9999
135.522421,34.70789,27102,3,99999,03132,大阪市立都島スポーツセンター,中野町5-15-21,4,-99,9999
135.494024,34.73482,27123,3,99999,03109,大阪市立淀川スポーツセンター,西宮原2-1-3（ソーラ新大阪21内）,4,-99,9999
135.494024,34.734737,27123,3,99999,03116,大阪市立淀川スポーツセンター,西宮原2-1-3（ソーラ新大阪21内）,4,-99,9999
135.494018,34.734654,27123,3,99999,03120,大阪市立淀川スポーツセンター,西宮原2-1-3（ソーラ新大阪21内）,4,-99,9999
135.494018,34.734576,27123,3,99999,03110,大阪市立淀川スポーツセンター,西宮原2-1-3（ソーラ新大阪21内）,4,-99,9999
135.494006,34.734493,27123,3,99999,03111,大阪市立淀川スポーツセンター,西宮原2-1-3（ソーラ新大阪21内）,4,-99,9999
135.494012,34.734414,27123,3,99999,03132,大阪市立淀川スポーツセンター,西宮原2-1-3（ソーラ新大阪21内）,4,-99,9999
135.526263,34.598897,27121,3,99999,03109,大阪市立東住吉スポーツセンター,公園南矢田4-30-3,4,-99,9999
135.526269,34.598824,27121,3,99999,03116,大阪市立東住吉スポーツセンター,公園南矢田4-30-3,4,-99,9999
135.526269,34.598751,27121,3,99999,03120,大阪市立東住吉スポーツセンター,公園南矢田4-30-3,4,-99,9999
135.526263,34.598672,27121,3,99999,03110,大阪市立東住吉スポーツセンター,公園南矢田4-30-3,4,-99,9999
135.526275,34.598599,27121,3,99999,03111,大阪市立東住吉スポーツセンター,公園南矢田4-30-3,4,-99,9999
135.526275,34.598516,27121,3,99999,03132,大阪市立東住吉スポーツセンター,公園南矢田4-30-3,4,-99,9999
135.540816,34.716956,27117,3,99999,03109,大阪市立旭スポーツセンター,高殿5-3-25,4,-99,9999
135.540816,34.716935,27117,3,99999,03116,大阪市立旭スポーツセンター,高殿5-3-25,4,-99,9999
135.540816,34.716913,27117,3,99999,03120,大阪市立旭スポーツセンター,高殿5-3-25,4,-99,9999
135.540813,34.71689,27117,3,99999,03110,大阪市立旭スポーツセンター,高殿5-3-25,4,-99,9999
135.540813,34.716868,27117,3,99999,03111,大阪市立旭スポーツセンター,高殿5-3-25,4,-99,9999
135.540815,34.716846,27117,3,99999,03132,大阪市立旭スポーツセンター,高殿5-3-25,4,-99,9999
135.519531,34.734488,27114,3,99999,03109,大阪市立東淀川スポーツセンター,東淡路1-4-21,4,-99,9999
135.519531,34.734445,27114,3,99999,03116,大阪市立東淀川スポーツセンター,東淡路1-4-21,4,-99,9999
135.519525,34.734391,27114,3,99999,03120,大阪市立東淀川スポーツセンター,東淡路1-4-21,4,-99,9999
135.519528,34.734344,27114,3,99999,03110,大阪市立東淀川スポーツセンター,東淡路1-4-21,4,-99,9999
135.519528,34.7343,27114,3,99999,03111,大阪市立東淀川スポーツセンター,東淡路1-4-21,4,-99,9999
135.519531,34.734247,27114,3,99999,03132,大阪市立東淀川スポーツセンター,東淡路1-4-21,4,-99,9999
135.536297,34.691819,27118,3,99999,03109,大阪市立城東スポーツセンター,鴨野西2-1-21,4,-99,9999
135.536297,34.691751,27118,3,99999,03116,大阪市立城東スポーツセンター,鴨野西2-1-21,4,-99,9999
135.536303,34.691672,27118,3,99999,03120,大阪市立城東スポーツセンター,鴨野西2-1-21,4,-99,9999
135.536303,34.691594,27118,3,99999,03110,大阪市立城東スポーツセンター,鴨野西2-1-21,4,-99,9999
135.536303,34.691506,27118,3,99999,03111,大阪市立城東スポーツセンター,鴨野西2-1-21,4,-99,9999
135.536303,34.691433,27118,3,99999,03132,大阪市立城東スポーツセンター,鴨野西2-1-21,4,-99,9999
135.577225,34.710845,27124,3,99999,03109,大阪市立鶴見スポーツセンター,鶴見緑地公園（鶴見緑地内）,4,-99,9999
135.577219,34.710762,27124,3,99999,03116,大阪市立鶴見スポーツセンター,鶴見緑地公園（鶴見緑地内）,4,-99,9999
135.577219,34.710674,27124,3,99999,03120,大阪市立鶴見スポーツセンター,鶴見緑地公園（鶴見緑地内）,4,-99,9999
135.577219,34.710586,27124,3,99999,03110,大阪市立鶴見スポーツセンター,鶴見緑地公園（鶴見緑地内）,4,-99,9999
135.577219,34.710503,27124,3,99999,03111,大阪市立鶴見スポーツセンター,鶴見緑地公園（鶴見緑地内）,4,-99,9999
135.577213,34.71042,27124,3,99999,03132,大阪市立鶴見スポーツセンター,鶴見緑地公園（鶴見緑地内）,4,-99,9999
135.487777,34.680823,27106,3,99999,03109,大阪市立西スポーツセンター,立売堀4-10-18,4,-99,9999
135.487777,34.68075,27106,3,99999,03116,大阪市立西スポーツセンター,立売堀4-10-18,4,-99,9999
135.487771,34.680682,27106,3,99999,03120,大阪市立西スポーツセンター,立売堀4-10-18,4,-99,9999
135.487771,34.680608,27106,3,99999,03110,大阪市立西スポーツセンター,立売堀4-10-18,4,-99,9999
135.487771,34.680535,27106,3,99999,03111,大阪市立西スポーツセンター,立売堀4-10-18,4,-99,9999
135.487765,34.680462,27106,3,99999,03132,大阪市立西スポーツセンター,立売堀4-10-18,4,-99,9999
135.507963,34.671632,27128,3,99999,03109,大阪市立中央スポーツセンター,島之内町2-12-31（中央会館4階）,4,-99,9999
135.507963,34.671591,27128,3,99999,03116,大阪市立中央スポーツセンター,島之内町2-12-31（中央会館4階）,4,-99,9999
135.50796,34.671549,27128,3,99999,03120,大阪市立中央スポーツセンター,島之内町2-12-31（中央会館4階）,4,-99,9999
135.50796,34.671507,27128,3,99999,03110,大阪市立中央スポーツセンター,島之内町2-12-31（中央会館4階）,4,-99,9999
135.50796,34.671463,27128,3,99999,03111,大阪市立中央スポーツセンター,島之内町2-12-31（中央会館4階）,4,-99,9999
135.49265,34.710453,27127,3,99999,03109,大阪市立北スポーツセンター,中津3-4-27,4,-99,9999
135.49265,34.710411,27127,3,99999,03116,大阪市立北スポーツセンター,中津3-4-27,4,-99,9999
135.492653,34.71037,27127,3,99999,03120,大阪市立北スポーツセンター,中津3-4-27,4,-99,9999
135.492653,34.710331,27127,3,99999,03110,大阪市立北スポーツセンター,中津3-4-27,4,-99,9999
135.49265,34.710289,27127,3,99999,03111,大阪市立北スポーツセンター,中津3-4-27,4,-99,9999
135.49265,34.710248,27127,3,99999,03132,大阪市立北スポーツセンター,中津3-4-27,4,-99,9999
135.475502,34.62385,27125,3,99999,03109,大阪市立住之江スポーツセンター,北加賀屋5-3-47,4,-99,9999
135.475502,34.623811,27125,3,99999,03116,大阪市立住之江スポーツセンター,北加賀屋5-3-47,4,-99,9999
135.475505,34.623769,27125,3,99999,03120,大阪市立住之江スポーツセンター,北加賀屋5-3-47,4,-99,9999
135.475505,34.62373,27125,3,99999,03110,大阪市立住之江スポーツセンター,北加賀屋5-3-47,4,-99,9999
135.475505,34.623691,27125,3,99999,03111,大阪市立住之江スポーツセンター,北加賀屋5-3-47,4,-99,9999
135.463118,34.681586,27104,3,99999,03109,大阪市立此花スポーツセンター,西九条6-1-27,4,-99,9999
135.463118,34.681542,27104,3,99999,03116,大阪市立此花スポーツセンター,西九条6-1-27,4,-99,9999
135.463121,34.681498,27104,3,99999,03120,大阪市立此花スポーツセンター,西九条6-1-27,4,-99,9999
135.463118,34.681459,27104,3,99999,03110,大阪市立此花スポーツセンター,西九条6-1-27,4,-99,9999
135.463118,34.68142,27104,3,99999,03111,大阪市立此花スポーツセンター,西九条6-1-27,4,-99,9999
135.463115,34.681374,27104,3,99999,03132,大阪市立此花スポーツセンター,西九条6-1-27,4,-99,9999
135.473119,34.691622,27103,3,99999,03109,大阪市立福島スポーツセンター,吉野3-17-23,4,-99,9999
135.473119,34.691554,27103,3,99999,03116,大阪市立福島スポーツセンター,吉野3-17-23,4,-99,9999
135.473125,34.691485,27103,3,99999,03120,大阪市立福島スポーツセンター,吉野3-17-23,4,-99,9999
135.528562,34.671018,27109,3,99999,03109,大阪市立天王寺スポーツセンター,真田山町5-109,4,-99,9999
135.528561,34.670976,27109,3,99999,03116,大阪市立天王寺スポーツセンター,真田山町5-109,4,-99,9999
135.528561,34.670935,27109,3,99999,03120,大阪市立天王寺スポーツセンター,真田山町5-109,4,-99,9999
135.528562,34.670892,27109,3,99999,03110,大阪市立天王寺スポーツセンター,真田山町5-109,4,-99,9999
135.528558,34.670846,27109,3,99999,03111,大阪市立天王寺スポーツセンター,真田山町5-109,4,-99,9999
135.528558,34.6708,27109,3,99999,03132,大阪市立天王寺スポーツセンター,真田山町5-109,4,-99,9999
135.548179,34.67898,27115,3,99999,03109,大阪市立東成スポーツセンター,東中本2-11-30,4,-99,9999
135.548176,34.678936,27115,3,99999,03116,大阪市立東成スポーツセンター,東中本2-11-30,4,-99,9999
135.548176,34.678892,27115,3,99999,03120,大阪市立東成スポーツセンター,東中本2-11-30,4,-99,9999
135.548173,34.678853,27115,3,99999,03110,大阪市立東成スポーツセンター,東中本2-11-30,4,-99,9999
135.548176,34.678809,27115,3,99999,03111,大阪市立東成スポーツセンター,東中本2-11-30,4,-99,9999
135.548173,34.678765,27115,3,99999,03132,大阪市立東成スポーツセンター,東中本2-11-30,4,-99,9999
135.510783,34.641999,27119,3,99999,03109,大阪市立阿倍野スポーツセンター,阿部野筋3-10-1-100,4,-99,9999
135.510783,34.641952,27119,3,99999,03116,大阪市立阿倍野スポーツセンター,阿部野筋3-10-1-100,4,-99,9999
135.51078,34.641908,27119,3,99999,03120,大阪市立阿倍野スポーツセンター,阿部野筋3-10-1-100,4,-99,9999
135.51078,34.641867,27119,3,99999,03110,大阪市立阿倍野スポーツセンター,阿部野筋3-10-1-100,4,-99,9999
135.510777,34.641823,27119,3,99999,03111,大阪市立阿倍野スポーツセンター,阿部野筋3-10-1-100,4,-99,9999
135.510774,34.641779,27119,3,99999,03132,大阪市立阿倍野スポーツセンター,阿部野筋3-10-1-100,4,-99,9999
135.544314,34.653253,27116,3,99999,03109,大阪市立生野スポーツセンター,巽西1-1-3,4,-99,9999
135.544314,34.653212,27116,3,99999,03116,大阪市立生野スポーツセンター,巽西1-1-3,4,-99,9999
135.544317,34.653168,27116,3,99999,03120,大阪市立生野スポーツセンター,巽西1-1-3,4,-99,9999
135.544311,34.653126,27116,3,99999,03110,大阪市立生野スポーツセンター,巽西1-1-3,4,-99,9999
135.544317,34.653082,27116,3,99999,03111,大阪市立生野スポーツセンター,巽西1-1-3,4,-99,9999
135.459754,34.709841,27113,3,99999,03109,大阪市立西淀川スポーツセンター,野里2-10-35,4,-99,9999
135.459754,34.709767,27113,3,99999,03116,大阪市立西淀川スポーツセンター,野里2-10-35,4,-99,9999
135.459754,34.709694,27113,3,99999,03120,大阪市立西淀川スポーツセンター,野里2-10-35,4,-99,9999
135.50555,34.732557,27114,3,99999,03109,大阪市立東淀川体育館,東中島4-4-4,4,-99,9999
135.505544,34.732479,27114,3,99999,03116,大阪市立東淀川体育館,東中島4-4-4,4,-99,9999
135.505544,34.732401,27114,3,99999,03120,大阪市立東淀川体育館,東中島4-4-4,4,-99,9999
135.505544,34.732318,27114,3,99999,03111,大阪市立東淀川体育館,東中島4-4-4,4,-99,9999
135.472553,34.649529,27108,3,99999,03109,大阪市立千島体育館,千島2-7-93,4,-99,9999
135.472553,34.649485,27108,3,99999,03116,大阪市立千島体育館,千島2-7-93,4,-99,9999
135.472553,34.649439,27108,3,99999,03120,大阪市立千島体育館,千島2-7-93,4,-99,9999
135.47255,34.649392,27108,3,99999,03110,大阪市立千島体育館,千島2-7-93,4,-99,9999
135.472553,34.649343,27108,3,99999,03111,大阪市立千島体育館,千島2-7-93,4,-99,9999
135.47255,34.649299,27108,3,99999,03129,大阪市立千島体育館,千島2-7-93,4,-99,9999
135.444787,34.659654,27107,3,99999,03109,大阪市中央体育館,田中3-1-40,4,-99,9999
135.444781,34.659571,27107,3,99999,03116,大阪市中央体育館,田中3-1-40,4,-99,9999
135.444781,34.659483,27107,3,99999,03120,大阪市中央体育館,田中3-1-40,4,-99,9999
135.444775,34.6594,27107,3,99999,03110,大阪市中央体育館,田中3-1-40,4,-99,9999
135.444769,34.659307,27107,3,99999,03111,大阪市中央体育館,田中3-1-40,4,-99,9999
135.519786,34.733942,27114,3,99999,03105,大阪市立東淀川屋内プール,東淡路1-4-53,4,-99,9999
135.51978,34.733859,27114,3,99999,03129,大阪市立東淀川屋内プール,東淡路1-4-53,4,-99,9999
135.442735,34.703074,27113,3,99999,03105,西淀川屋内プール,大和田2-5-7,4,-99,9999
135.442741,34.703001,27113,3,99999,03129,西淀川屋内プール,大和田2-5-7,4,-99,9999
135.553022,34.706617,27118,3,99999,03105,大阪市立城東屋内プール,関目2-17-45,4,-99,9999
135.553028,34.706539,27118,3,99999,03129,大阪市立城東屋内プール,関目2-17-45,4,-99,9999
135.495811,34.627846,27122,3,99999,03105,大阪市立西成屋内プール,玉出東1-6-1,4,-99,9999
135.495805,34.627809,27122,3,99999,03129,大阪市立西成屋内プール,玉出東1-6-1,4,-99,9999
135.475508,34.62365,27125,3,99999,03105,住之江屋内プール,北加賀屋5-3-47,4,-99,9999
135.520442,34.614596,27121,3,99999,03105,大阪市立長居プール,長居公園1-1（長居公園内）,4,-99,9999
135.541179,34.717016,27117,3,99999,03106,旭プール,高殿5-3-12（旭公園内）,4,-99,9999
135.52789,34.670897,27109,3,99999,03106,大阪市立真田山プール,真田山町5-109（真田山公園内）,4,-99,9999
135.52856,34.670755,27109,3,99999,03105,大阪市立真田山プール,真田山町5-109（真田山公園内）,4,-99,9999
135.527889,34.670834,27109,3,99999,03125,大阪市立真田山プール,真田山町5-109（真田山公園内）,4,-99,9999
135.528556,34.670715,27109,3,99999,03129,大阪市立真田山プール,真田山町5-109（真田山公園内）,4,-99,9999
135.447428,34.661089,27107,3,99999,03105,大阪市立大阪プール,田中3-1-20（八幡屋公園内）,4,-99,9999
135.447428,34.661006,27107,3,99999,03108,大阪市立大阪プール,田中3-1-20（八幡屋公園内）,4,-99,9999
135.447434,34.660923,27107,3,99999,03124,大阪市立大阪プール,田中3-1-20（八幡屋公園内）,4,-99,9999
135.54795,34.678466,27115,3,99999,03105,大阪市立東成屋内プール,東中本2-12-1（神路公園内）,4,-99,9999
135.54795,34.678383,27115,3,99999,03129,大阪市立東成屋内プール,東中本2-12-1（神路公園内）,4,-99,9999
135.580933,34.709256,27124,3,99999,03105,大阪市立鶴見緑地プール,緑地公園1-37（鶴見緑地内）,4,-99,9999
135.580933,34.709158,27124,3,99999,03107,大阪市立鶴見緑地プール,緑地公園1-37（鶴見緑地内）,4,-99,9999
135.482452,34.69001,27103,3,99999,03105,大阪市立下福島プール,福島4-1-82（下福島公園内）,4,-99,9999
135.482458,34.689947,27103,3,99999,03129,大阪市立下福島プール,福島4-1-82（下福島公園内）,4,-99,9999
135.483017,34.68981,27103,3,99999,03106,大阪市立下福島プール,福島4-1-82（下福島公園内）,4,-99,9999
135.506298,34.726446,27114,3,99999,03115,くにじまテニスコート,柴島1-3-21,3,-99,9999
135.464298,34.6493,27108,3,99999,03115,マリンテニスパーク・北村,北村3-3-70,3,-99,9999
135.476383,34.646364,27108,3,99999,03115,千島下水処理場テニスコート,小林東2-5-59,3,-99,9999
135.490781,34.684285,27106,3,99999,03115,靱テニスセンター,靱本町2-1-14（靱公園内）,3,-99,9999
135.579738,34.706763,27124,3,99999,03115,鶴見緑地庭球場,浜1-2-6（鶴見緑地内）,4,-99,9999
135.544546,34.758217,27114,3,99999,03115,北江口中央庭球場,北江口2（北江口公園内）,3,-99,9999
135.424656,34.700107,27113,3,99999,03115,中島庭球場,中島1-22（中島公園内）,3,-99,9999
135.431906,34.630965,27125,3,99999,03115,南港中央庭球場,南港東8（南港中央公園内）,4,-99,9999
135.482615,34.700684,27127,3,99999,03115,浦江庭球場,大淀南3-3（浦江公園内）,3,-99,9999
135.515105,34.614103,27121,3,99999,03115,長居庭球場,長居公園（長居公園内）,4,-99,9999
135.483519,34.686604,27127,3,99999,03115,中之島西庭球場,中之島6-3（中之島西公園内）,3,-99,9999
135.539836,34.717679,27117,3,99999,03115,旭庭球場,高殿5-8（旭公園内）,3,-99,9999
135.513622,34.692095,27127,3,99999,03115,南天満庭球場,天満4・天神橋1（南天満公園内）,3,-99,9999
135.528121,34.670203,27109,3,99999,03115,真田山庭球場,真田山町5（真田山公園内）,3,-99,9999
135.495505,34.686419,27106,3,99999,03115,靱庭球場,靱本町1-9-3（靱公園内）,3,-99,9999
135.399446,34.66234,27104,3,99999,03103,舞洲運動広場（球技場）,北港緑地1-2-96,3,-99,9999
135.516496,34.615417,27121,3,99999,03103,長居球技場,長居公園1-1（長居公園内）,4,-99,9999
135.581282,34.706009,27124,3,99999,03103,鶴見緑地球技場,浜1-1-37（鶴見緑地内）,4,-99,9999
135.515697,34.732674,27114,3,99999,03102,くにじまスポーツ,柴島3-11-139,3,-99,9999
135.515192,34.732108,27114,3,99999,03115,くにじまスポーツ,柴島3-11-139,3,-99,9999
135.581086,34.707616,27124,3,99999,03102,鶴見緑地運動場,浜1-1-37（鶴見緑地内）,4,-99,9999
135.581074,34.707523,27124,3,99999,03103,鶴見緑地運動場,浜1-1-37（鶴見緑地内）,4,-99,9999
135.581068,34.707421,27124,3,99999,03104,鶴見緑地運動場,浜1-1-37（鶴見緑地内）,4,-99,9999
135.400397,34.664552,27104,3,99999,03102,舞洲運動広場（運動場）,北港緑地1-2-9,3,-99,9999
135.400385,34.664361,27104,3,99999,03103,舞洲運動広場（運動場）,北港緑地1-2-9,3,-99,9999
135.400379,34.664175,27104,3,99999,03104,舞洲運動広場（運動場）,北港緑地1-2-9,3,-99,9999
135.523612,34.657707,27109,3,99999,03102,五条運動場,烏ヶ辻2-5（五条公園内）,3,-99,9999
135.523612,34.657609,27109,3,99999,03138,五条運動場,烏ヶ辻2-5（五条公園内）,3,-99,9999
135.523606,34.657521,27109,3,99999,03104,五条運動場,烏ヶ辻2-5（五条公園内）,3,-99,9999
135.461208,34.674005,27107,3,99999,03102,波除運動場,波除5-5（波除公園内）,3,-99,9999
135.460157,34.674538,27107,3,99999,03138,波除運動場,波除5-5（波除公園内）,3,-99,9999
135.461203,34.673907,27107,3,99999,03104,波除運動場,波除5-5（波除公園内）,3,-99,9999
135.45903,34.66605,27107,3,99999,03102,磯路中央運動場,磯路2-17（磯路中央公園内）,3,-99,9999
135.45846,34.665708,27107,3,99999,03138,磯路中央運動場,磯路2-17（磯路中央公園内）,3,-99,9999
135.459025,34.665945,27107,3,99999,03104,磯路中央運動場,磯路2-17（磯路中央公園内）,3,-99,9999
135.570358,34.691235,27124,3,99999,03102,今津運動場,今津中2-3（今津公園内）,3,-99,9999
135.570355,34.691137,27124,3,99999,03138,今津運動場,今津中2-3（今津公園内）,3,-99,9999
135.570361,34.691054,27124,3,99999,03104,今津運動場,今津中2-3（今津公園内）,3,-99,9999
135.455319,34.635677,27108,3,99999,03102,鶴町南運動場,鶴町1-19（鶴町南公園内）,3,-99,9999
135.454532,34.635929,27108,3,99999,03138,鶴町南運動場,鶴町1-19（鶴町南公園内）,3,-99,9999
135.454532,34.635834,27108,3,99999,03104,鶴町南運動場,鶴町1-19（鶴町南公園内）,3,-99,9999
135.483857,34.701683,27127,3,99999,03102,浦江運動場,大淀南3-3（浦江公園内）,3,-99,9999
135.483857,34.701595,27127,3,99999,03138,浦江運動場,大淀南3-3（浦江公園内）,3,-99,9999
135.483851,34.701512,27127,3,99999,03104,浦江運動場,大淀南3-3（浦江公園内）,3,-99,9999
135.514331,34.701169,27127,3,99999,03102,与力町運動場,与力町5（与力町公園内）,3,-99,9999
135.514337,34.701086,27127,3,99999,03138,与力町運動場,与力町5（与力町公園内）,3,-99,9999
135.514331,34.701008,27127,3,99999,03104,与力町運動場,与力町5（与力町公園内）,3,-99,9999
135.548422,34.678048,27115,3,99999,03102,神路運動場,東中本2-12（神路公園内）,3,-99,9999
135.547929,34.677643,27115,3,99999,03138,神路運動場,東中本2-12（神路公園内）,3,-99,9999
135.548422,34.67796,27115,3,99999,03104,神路運動場,東中本2-12（神路公園内）,3,-99,9999
135.518411,34.622865,27119,3,99999,03102,長池運動場,長池町19（長池公園内）,3,-99,9999
135.518408,34.62278,27119,3,99999,03138,長池運動場,長池町19（長池公園内）,3,-99,9999
135.518408,34.622689,27119,3,99999,03104,長池運動場,長池町19（長池公園内）,3,-99,9999
135.516361,34.611394,27121,3,99999,03102,長居運動場,長居公園1（長居公園内）,4,-99,9999
135.516367,34.611315,27121,3,99999,03138,長居運動場,長居公園1（長居公園内）,4,-99,9999
135.516355,34.611227,27121,3,99999,03104,長居運動場,長居公園1（長居公園内）,4,-99,9999
135.54091,34.718661,27117,3,99999,03102,旭運動場,高殿5-7（旭公園内）,3,-99,9999
135.54091,34.718554,27117,3,99999,03138,旭運動場,高殿5-7（旭公園内）,3,-99,9999
135.54091,34.718451,27117,3,99999,03104,旭運動場,高殿5-7（旭公園内）,3,-99,9999
135.55741,34.686838,27118,3,99999,03102,左専道運動場,永田2-12（左専道公園内）,3,-99,9999
135.55741,34.686746,27118,3,99999,03138,左専道運動場,永田2-12（左専道公園内）,3,-99,9999
135.557404,34.686658,27118,3,99999,03104,左専道運動場,永田2-12（左専道公園内）,3,-99,9999
135.549362,34.685003,27118,3,99999,03102,東中浜運動場,東中浜5-3（東中浜公園内）,3,-99,9999
135.549356,34.68491,27118,3,99999,03138,東中浜運動場,東中浜5-3（東中浜公園内）,3,-99,9999
135.549356,34.684822,27118,3,99999,03104,東中浜運動場,東中浜5-3（東中浜公園内）,3,-99,9999
135.551782,34.704149,27118,3,99999,03102,鯰江運動場,今福西6-5（鯰江公園内）,3,-99,9999
135.551782,34.704066,27118,3,99999,03138,鯰江運動場,今福西6-5（鯰江公園内）,3,-99,9999
135.551782,34.703968,27118,3,99999,03104,鯰江運動場,今福西6-5（鯰江公園内）,3,-99,9999
135.541289,34.62715,27121,3,99999,03102,平野白鷺運動場,今川6-8（平野白鷺公園内）,3,-99,9999
135.542394,34.627092,27121,3,99999,03138,平野白鷺運動場,今川6-8（平野白鷺公園内）,3,-99,9999
135.541283,34.627043,27121,3,99999,03104,平野白鷺運動場,今川6-8（平野白鷺公園内）,3,-99,9999
135.470975,34.689948,27103,3,99999,03102,吉野町運動場,吉野4-12（吉野町公園内）,3,-99,9999
135.458529,34.679475,27104,3,99999,03102,春日出運動場,春日出南1-2（春日出公園内）,3,-99,9999
135.482414,34.690811,27103,3,99999,03102,下福島運動場,福島4-1（下福島公園内）,3,-99,9999
135.457799,34.720032,27113,3,99999,03102,歌島運動場,御幣島5-7（歌島公園内）,3,-99,9999
135.457799,34.719944,27113,3,99999,03138,歌島運動場,御幣島5-7（歌島公園内）,3,-99,9999
135.457799,34.719851,27113,3,99999,03104,歌島運動場,御幣島5-7（歌島公園内）,3,-99,9999
135.545415,34.676138,27115,3,99999,03102,東中本運動場,東中本3-15（東中本公園内）,3,-99,9999
135.545415,34.676045,27115,3,99999,03138,東中本運動場,東中本3-15（東中本公園内）,3,-99,9999
135.545409,34.675958,27115,3,99999,03104,東中本運動場,東中本3-15（東中本公園内）,3,-99,9999
135.396827,34.663047,27104,3,99999,03102,舞洲ベースボールスタジアム,北港緑地2-3-142,3,-99,9999
135.432319,34.629904,27125,3,99999,03102,南港中央野球場,南港東8-5-132（南港中央公園内）,4,-99,9999
135.522264,34.701171,27102,3,99999,03102,桜之宮野球場,中野町1-10（桜之宮公園）,3,-99,9999
135.475037,34.644349,27108,3,99999,03102,小林野球場,小林東2-6（小林公園内）,3,-99,9999
135.544706,34.704118,27118,3,99999,03102,蒲生野球場,中央3-8（蒲生公園内）,3,-99,9999
135.47571,34.623017,27125,3,99999,03102,北加賀屋野球場,北加賀屋5-3（北加賀屋公園内）,3,-99,9999
135.531431,34.688619,27128,3,99999,03102,大阪城野球場,大阪城3（大阪城公園内）,3,-99,9999
135.480469,34.676135,27106,3,99999,03102,松島野球場,千代崎1-3（松島公園内）,3,-99,9999
135.426568,34.69879,27113,3,99999,03102,中島野球場,中島（中島公園内）,3,-99,9999
135.476543,34.716963,27123,3,99999,03102,十三野球場,十三元今里1-1（十三公園内）,3,-99,9999
135.528097,34.669582,27109,3,99999,03102,真田山野球場,真田山町5（真田山公園内）,3,-99,9999
135.529956,34.660618,27116,3,99999,03102,桃谷野球場,桃谷1-2（桃谷公園内）,3,-99,9999
135.520885,34.652853,27109,3,99999,03102,寺田町野球場,寺田町1-5（寺田町公園内）,3,-99,9999
135.518659,34.611266,27121,3,99999,03101,長居第２陸上競技場,長居公園1-1（長居公園内）,4,-99,9999
135.518564,34.614097,27121,3,99999,03101,長居陸上競技場,長居公園1-1（長居公園内）,4,-99,9999
135.443656,34.773685,27203,3,99999,03102,スカイランドＨＡＲＡＤＡ（原田処理場）,原田西町1-1,3,-99,9999
135.443097,34.774507,27203,3,99999,03138,スカイランドＨＡＲＡＤＡ（原田処理場）,原田西町1-1,3,-99,9999
135.445354,34.769648,27203,3,99999,03107,クリーンスポーツランド,原田西町2-1,3,-99,1998
135.774361,34.99346,26105,3,03001,03001,河井寛次郎記念館,五条坂鐘鋳町569,4,-99,1973
135.773329,34.989977,26105,3,03001,03001,独立行政法人国立博物館・京都国立博物館,茶屋町527,0,-99,1897
135.773602,34.987835,26105,3,03001,03001,養源院,三十三間堂廻町656,4,1,9999
135.732952,34.982735,26106,3,03001,03001,ＫＣＩギャラリー,七条御所ノ内南町103（株式会社ワコール京都ビル内）,4,-99,2000
135.750857,34.999693,26106,3,03001,03001,遠藤剛熈美術館,猪熊通高辻下ル,4,3,2000
135.743304,34.992226,26106,3,03001,03001,角屋もてなしの文化美術館,西新屋敷揚屋町32,4,-99,1998
135.748356,34.982754,26107,3,03001,03001,東寺宝物館,九条町1,4,-99,1965
135.819379,34.95101,26109,3,03001,03001,醍醐寺霊宝館,醍醐東大路町22,4,-99,1935
135.66382,34.974577,26111,3,03001,03001,京都市立芸術大学芸術資料館,大枝沓掛町13-6,3,-99,1991
135.810578,34.890289,26204,3,03001,03001,朝日焼窯芸資料館,宇治山田11,4,-99,9999
135.807053,34.889117,26204,3,03001,03001,平等院ミュージアム鳳翔館,宇治蓮華116,4,-99,2001
135.704745,34.863017,26210,3,03001,03001,八幡市立松花堂庭園・美術館,八幡女郎花43,3,-99,2002
135.679668,34.895463,26303,3,03001,03001,アサヒビール大山崎山荘美術館,字大山崎小字銭原5-3,4,-99,9999
135.772511,34.990973,26105,3,03002,03002,豊国神社宝物館,大和大路正面茶屋町530,4,1,1925
135.782717,34.999059,26105,3,03002,03002,幕末維新ミュージアム・霊山歴史館,清閑寺霊山町1,4,-99,1970
135.742832,34.986865,26106,3,03002,03002,梅小路蒸気機関車館,観喜寺町,4,-99,1972
135.753275,34.993226,26106,3,03002,03002,風俗博物館,西中筋六条下ル住吉町42,4,-99,1974
135.766749,34.955274,26109,3,03002,03002,京都市青少年科学センター,深草池ノ内町13,3,-99,1969
135.776482,34.932259,26109,3,03002,03002,乃木神社宝物館,桃山町板倉周防32,4,-99,1916
135.826398,34.99396,26110,3,03002,03002,一燈園資料館「香倉院」,四ノ宮柳山町8,4,2,1988
135.836354,34.984791,26110,3,03002,03002,京の田舎民具資料館,小山小川町2,4,-99,1987
135.810169,34.894103,26204,3,03002,03002,宇治市源氏物語ミュージアム,宇治東内45-26,3,1,1998
135.804104,34.87935,26204,3,03002,03002,宇治市歴史資料館,折居台1-1,3,3,1984
135.80434,34.915243,26204,3,03002,03002,鉄眼一切経版木収蔵庫（黄檗山宝蔵院内）,五ケ庄三番割34-4,4,-99,9999
135.772517,34.849064,26207,3,03002,03002,城陽市歴史民俗資料館,寺田今堀1,3,-99,1995
135.699418,34.949313,26208,3,03002,03002,向日市文化資料館,寺戸町南垣内40-1,3,2,1984
135.773275,34.802968,26211,3,03002,03002,同志社大学歴史資料館,多々羅都谷1-3,4,-99,1996
135.682873,34.892701,26303,3,03002,03002,大山崎町歴史資料館,字大山崎小字竜光3,3,-99,1993
135.833867,34.752137,26214,3,03002,03002,京都府立山城郷土資料館（ふるさとミュージアム山城）,上狛千両岩,2,3,1982
135.79173,34.733208,26214,3,03002,03002,松下資料館,相楽台3-1-1,4,3,1994
135.776328,34.996698,26105,3,03003,03003,京都市東山図書館,清水5-130-8,3,-99,1984
135.756838,34.997896,26106,3,03003,03003,京都市下京図書館,新町通松原下る富永町110-1,3,-99,2001
135.734555,34.967978,26107,3,03003,03003,京都市吉祥院図書館,吉祥院池田町1,3,-99,9999
135.725779,34.956731,26107,3,03003,03003,京都市久世ふれあいセンター図書館,久世築山町328,3,-99,9999
135.761331,34.981283,26107,3,03003,03003,京都市南図書館,東九条南山王町5-5,3,-99,9999
135.728832,34.935175,26109,3,03003,03003,京都市久我のもり図書館,久我東町216,3,-99,9999
135.772994,34.917262,26109,3,03003,03003,京都市向島図書館,向島二ノ丸町151-35,3,-99,1986
135.800909,34.938566,26109,3,03003,03003,京都市醍醐図書館（休館中）,石田西ノ坪1-2,3,-99,9999
135.810214,34.950899,26109,3,03003,03003,京都市醍醐中央図書館,醍醐高畑町30-1（パセオ・ダイゴロー西館4F）,3,-99,1997
135.761829,34.935426,26109,3,03003,03003,京都市伏見中央図書館,今町659-1,3,-99,9999
135.816324,34.986284,26110,3,03003,03003,京都市山科図書館,竹鼻四丁野町34-1,3,-99,9999
135.690503,34.981282,26111,3,03003,03003,京都市西京図書館,山田大吉見町20-3,3,-99,9999
135.674837,34.964534,26111,3,03003,03003,京都市洛西図書館,大原野東境谷町2-1-2,3,-99,1987
135.775413,34.888556,26204,3,03003,03003,宇治市西宇治図書館,小倉町山際63-1,3,-99,9999
135.804798,34.878933,26204,3,03003,03003,宇治市中央図書館,折居台1-1,3,-99,9999
135.803548,34.916568,26204,3,03003,03003,宇治市東宇治図書館,五ヶ庄三番割36-5,3,-99,9999
135.772719,34.849075,26207,3,03003,03003,城陽市立図書館,寺田今堀1,3,-99,9999
135.699418,34.949313,26208,3,03003,03003,向日市立図書館,寺戸町南垣内40-1,3,-99,9999
135.68828,34.926454,26209,3,03003,03003,長岡京市立図書館,天神4-1-1,3,-99,9999
135.697169,34.856129,26210,3,03003,03003,八幡市立男山市民図書館,男山竹園2-3,3,-99,9999
135.70439,34.878237,26210,3,03003,03003,八幡市立八幡市民図書館,八幡菖蒲池11,3,-99,9999
135.768747,34.813439,26211,3,03003,03003,京田辺市立中央図書館,田辺辻40,3,-99,9999
135.732415,34.881071,26322,3,03003,03003,久御山町立図書館,佐古外屋敷235,3,-99,1999
135.814854,34.806218,26343,3,03003,03003,井手町図書館,大字井手小字二本松3-1,3,-99,1994
135.862988,34.855464,26344,3,03003,03003,宇治田原町立図書館,大字岩山小字沼尻46-1,3,-99,1996
135.812314,34.775702,26214,3,03003,03003,木津川市立山城図書館,山城町平尾前田24,3,-99,9999
135.813967,34.736281,26214,3,03003,03003,木津川市立中央図書館,木津町内垣外36,3,-99,9999
135.866401,34.752034,26214,3,03003,03003,木津川市立加茂図書館,加茂町里南古田156,3,-99,9999
135.785913,34.760805,26366,3,03003,03003,精華町立図書館,大字南稲八妻小字北尻70,3,-99,9999
135.769978,34.743394,26366,3,99999,03003,国会図書館関西館,精華台8-1-3,1,-99,9999
135.55374,34.993867,26206,3,99999,03003,京都学園大学図書館,曽我部町南条大谷1-1,4,-99,9999
135.77091,34.804924,26211,3,99999,03003,同志社女子大学京田辺図書館,興戸,4,-99,9999
135.770564,34.80122,26211,3,99999,03003,同志社大学ラーネッド記念図書館,多々羅都谷1-3,4,-99,9999
135.666969,34.98814,26111,3,99999,03003,国際日本文化研究センター図書館,御陵大枝山町3-2,4,-99,9999
135.76579,34.913815,26109,3,99999,03003,種智院大学図書館,向島西定請70,4,-99,9999
135.663797,34.974374,26111,3,99999,03003,京都市立芸術大学附属図書館,大枝沓掛町13-6,0,-99,9999
135.826592,34.967777,26110,3,99999,03003,京都橘大学図書館,大宅山田町34,4,-99,9999
135.718516,34.99669,26108,3,99999,03003,京都光華女子大学図書館,西京極葛野町38,4,-99,9999
135.774465,34.950079,26109,3,99999,03003,京都教育大学附属図書館,深草藤森町1,0,-99,9999
135.8008,34.910481,26204,3,99999,03003,京都大学附属図書館宇治分館,五ヶ庄（化研共同研究棟1階）,0,-99,9999
135.783908,34.91392,26204,3,99999,03003,京都文教大学図書館,槙島町千足80（普照館1階）,4,-99,9999
135.748122,34.987697,26106,3,99999,03004,京都水族館,観喜寺町35-1（梅小路公園内）,4,3,2012
135.895593,34.795349,26365,3,99999,03104,活道ヶ丘運動公園,白栖猪ヶ口25-5,4,-99,9999
135.895504,34.794788,26365,3,99999,03115,活道ヶ丘運動公園,白栖猪ヶ口25-5,4,-99,9999
135.856863,34.812014,26343,3,99999,03104,井手町立有王住民グラウンド,多賀一の谷,3,-99,9999
135.856875,34.811941,26343,3,99999,03102,井手町立有王住民グラウンド,多賀一の谷,3,-99,9999
135.813283,34.808131,26343,3,99999,03102,井手町立新四郎山住民グラウンド,新四郎山28-36,3,-99,9999
135.716015,34.976637,26111,3,99999,03104,牛ヶ瀬公園野球場,牛ケ瀬林ノ本町,4,-99,9999
135.716027,34.97653,26111,3,99999,03102,牛ヶ瀬公園野球場,牛ケ瀬林ノ本町,4,-99,9999
135.762092,34.923312,26109,3,99999,03104,宇治川公園,向島津田町,3,-99,9999
135.762663,34.92226,26109,3,99999,03102,宇治川公園,向島津田町,3,-99,9999
135.764921,34.889829,26204,3,99999,03104,宇治市巨椋ふれあい運動ひろば,伊勢田町西遊田1-1,4,-99,9999
135.764928,34.889905,26204,3,99999,03103,宇治市巨椋ふれあい運動ひろば,伊勢田町西遊田1-1,4,-99,9999
135.764921,34.889747,26204,3,99999,03102,宇治市巨椋ふれあい運動ひろば,伊勢田町西遊田1-1,4,-99,9999
135.854174,34.936894,26204,3,99999,03142,宇治市総合野外活動センター「アクトパル宇治」キャンプセンター,西笠取辻出川西1,3,-99,9999
135.854812,34.935447,26204,3,99999,03145,宇治市総合野外活動センター「アクトパル宇治」,西笠取辻出川西1,3,-99,9999
135.856066,34.933393,26204,3,99999,03109,宇治市総合野外活動センター「アクトパル宇治」体育館,西笠取辻出川西1,3,-99,9999
135.856066,34.933349,26204,3,99999,03120,宇治市総合野外活動センター「アクトパル宇治」体育館,西笠取辻出川西1,3,-99,9999
135.852293,34.938584,26204,3,99999,03147,宇治市総合野外活動センター「アクトパル宇治」フィールドアスレチック,西笠取辻出川西1,3,-99,9999
135.91899,34.859523,26344,3,99999,03104,宇治田原町奥山田グラウンドふれあい広場,奥山田里西72,3,-99,9999
135.865406,34.85616,26344,3,99999,03104,宇治田原町住民グラウンド,岩山大溝1,3,-99,9999
135.865406,34.856217,26344,3,99999,03102,宇治田原町住民グラウンド,岩山大溝1,3,-99,9999
135.865406,34.856106,26344,3,99999,03103,宇治田原町住民グラウンド,岩山大溝1,3,-99,9999
135.864249,34.855994,26344,3,99999,03109,宇治田原町住民体育館,岩山沼尻37-1,3,-99,9999
135.864249,34.855916,26344,3,99999,03120,宇治田原町住民体育館,岩山沼尻37-1,3,-99,9999
135.86606,34.856594,26344,3,99999,03115,宇治田原町住民テニスコート,岩山大溝1,3,-99,9999
135.864673,34.855676,26344,3,99999,03106,宇治田原町住民プール,岩山大溝36,3,-99,9999
135.864402,34.855539,26344,3,99999,03129,宇治田原町トレーニングセンター,岩山大溝36,3,-99,9999
135.864402,34.855595,26344,3,99999,03129,宇治田原町トレーニングセンター（スタジオ）,岩山大溝36,3,-99,9999
135.866254,34.856753,26344,3,99999,03117,宇治田原町ミニバスケットボールコート,岩山大溝1,3,-99,9999
135.806199,34.894333,26204,3,99999,03145,宇治平等院太陽が丘パーマネントコース,宇治乙方,3,-99,9999
135.836893,34.71653,26214,3,99999,03115,梅美台テニスコート,梅美台1-9,3,-99,9999
135.812856,34.912693,26204,3,99999,03109,黄檗公園黄檗体育館コミュニティアリーナ,五ケ庄三番割25-1,4,-99,9999
135.81285,34.91262,26204,3,99999,03109,黄檗公園黄檗体育館多目的アリーナ,五ケ庄三番割25-1,4,-99,9999
135.81285,34.912444,26204,3,99999,03146,黄檗公園黄檗体育館多目的アリーナ,五ケ庄三番割25-1,4,-99,9999
135.81285,34.912532,26204,3,99999,03129,黄檗公園黄檗体育館トレーニング室,五ケ庄三番割25-1,4,-99,9999
135.813474,34.911789,26204,3,99999,03121,黄檗公園弓道場,五ヶ庄三番割25-2,4,-99,9999
135.811151,34.912196,26204,3,99999,03115,黄檗公園テニスコート,五ケ庄三番割25-1,4,-99,9999
135.807916,34.912258,26204,3,99999,03106,黄檗公園プール,五ケ庄三番割25-29,4,-99,9999
135.807528,34.912489,26204,3,99999,03107,黄檗公園プール,五ケ庄三番割25-29,4,-99,9999
135.80947,34.912574,26204,3,99999,03102,黄檗公園野球場,五ケ庄三番割25-1,4,-99,9999
135.810126,34.911114,26204,3,99999,03104,黄檗ふれあい公園運動場,五ケ庄二番割53-1,4,-99,9999
135.810119,34.911059,26204,3,99999,03102,黄檗ふれあい公園運動場,五ケ庄二番割53-1,4,-99,9999
135.808965,34.910962,26204,3,99999,03103,黄檗ふれあい公園運動場,五ケ庄二番割53-1,4,-99,9999
135.695674,34.90469,26303,3,99999,03109,大山崎町体育館小体育室,字円明寺小字1-50,3,-99,9999
135.695674,34.904612,26303,3,99999,03109,大山崎町体育館大体育室,字円明寺小字1-50,3,-99,9999
135.695668,34.904451,26303,3,99999,03116,大山崎町体育館大体育室,字円明寺小字1-50,3,-99,9999
135.695674,34.904529,26303,3,99999,03120,大山崎町体育館大体育室,字円明寺小字1-50,3,-99,9999
135.685683,34.900335,26303,3,99999,03115,大山崎町立岩崎運動広場,字大山崎小字岩崎39-1,3,-99,9999
135.69699,34.897117,26303,3,99999,03115,大山崎町立桂川河川敷公園テニス場,字円明寺小字東嶋,3,-99,9999
135.697454,34.897722,26303,3,99999,03104,大山崎町立桂川河川敷公園軟式野球場,字円明寺小字東嶋,3,-99,9999
135.697466,34.897546,26303,3,99999,03102,大山崎町立桂川河川敷公園軟式野球場,字円明寺小字東嶋,3,-99,9999
135.697466,34.897371,26303,3,99999,03101,大山崎町立桂川河川敷公園陸上競技場,字円明寺小字東嶋,3,-99,9999
135.918986,34.859354,26344,3,99999,03104,奥山田グラウンドふれあい広場,奥山田里西地区,3,-99,9999
135.918986,34.859436,26344,3,99999,03102,奥山田グラウンドふれあい広場,奥山田里西地区,3,-99,9999
135.696054,34.879719,26210,3,99999,03104,男山レクリエーションセンターソフトボール場,八幡大谷85-21,4,-99,9999
135.696086,34.878856,26210,3,99999,03102,男山レクリエーションセンターソフトボール場,八幡大谷85-21,4,-99,9999
135.675767,34.966317,26111,3,99999,03115,小畑川中央公園テニスコート,大枝東新林町2,4,-99,9999
135.675134,34.967752,26111,3,99999,03104,小畑川中央公園野球場兼運動場,大枝東新林町2,4,-99,9999
135.675134,34.967838,26111,3,99999,03102,小畑川中央公園野球場兼運動場,大枝東新林町2,4,-99,9999
135.821106,34.750517,26214,3,99999,03145,ＯＬパーマネントコースＮｏ．６「山城の里」（公認Ｎｏ．２４９）,山城町内,3,-99,9999
135.935951,34.759058,26364,3,99999,03142,笠置キャンプ場,木津川河川敷,3,-99,9999
135.936642,34.757632,26364,3,99999,03146,笠置町井尻山ジョギングコース,大字笠置,3,-99,9999
135.975686,34.769158,26364,3,99999,03104,笠置町運動公園,大字有市小字岩谷17,3,-99,9999
135.97615,34.769607,26364,3,99999,03138,笠置町運動公園,大字有市小字岩谷17,3,-99,9999
135.940018,34.759638,26364,3,99999,03143,笠置町木津川横断ハイキングコース,詳細住所不明,3,-99,9999
135.94003,34.759564,26364,3,99999,03143,笠置町銀の帯ハイキングコース,詳細住所不明,3,-99,9999
135.940034,34.759497,26364,3,99999,03143,笠置町鹿ヶ淵ハイキングコース,詳細住所不明,3,-99,9999
135.94004,34.759433,26364,3,99999,03143,笠置町史の道ハイキングコース,詳細住所不明,3,-99,9999
135.939618,34.759808,26364,3,99999,03143,笠置町布目川散策ハイキングコース,詳細住所不明,3,-99,9999
135.951023,34.762641,26364,3,99999,03146,笠置町法明寺ジョギングコース,大字有市,3,-99,9999
135.939625,34.759737,26364,3,99999,03143,笠置町縁のしぶきハイキングコース,詳細住所不明,3,-99,9999
135.933737,34.76016,26364,3,99999,03104,笠置町民グラウンド,大字笠置小字佃43,3,-99,9999
135.939423,34.759881,26364,3,99999,03143,笠置町横川散策ハイキングコース,詳細住所不明,3,-99,9999
135.855811,34.933873,26204,3,99999,03128,笠取山の家,西笠取辻出川西1,3,-99,9999
135.697825,34.99612,26111,3,99999,03109,桂川地域体育館,上桂今井町131,3,-99,9999
135.697825,34.996047,26111,3,99999,03120,桂川地域体育館,上桂今井町131,3,-99,9999
135.739455,34.938999,26107,3,99999,03104,桂川緑地久我橋東詰公園運動場兼ソフトボール場,上鳥羽塔ノ森柳原,4,-99,9999
135.739226,34.940425,26107,3,99999,03102,桂川緑地久我橋東詰公園運動場兼ソフトボール場,上鳥羽塔ノ森柳原,4,-99,9999
135.738409,34.943155,26107,3,99999,03103,桂川緑地久我橋東詰公園運動場兼ソフトボール場,上鳥羽塔ノ森柳原,4,-99,9999
135.738903,34.941786,26107,3,99999,03104,桂川緑地久我橋東詰公園第３球技場,上鳥羽塔ノ森柳原,4,-99,9999
135.738903,34.941893,26107,3,99999,03103,桂川緑地久我橋東詰公園第３球技場,上鳥羽塔ノ森柳原,4,-99,9999
135.738903,34.941679,26107,3,99999,03104,桂川緑地久我橋東詰公園第２球技場,上鳥羽塔ノ森柳原,4,-99,9999
135.738909,34.941577,26107,3,99999,03103,桂川緑地久我橋東詰公園第２球技場,上鳥羽塔ノ森柳原,4,-99,9999
135.738903,34.941479,26107,3,99999,03104,桂川緑地久我橋東詰公園第１球技場,上鳥羽塔ノ森柳原,4,-99,9999
135.738909,34.941367,26107,3,99999,03103,桂川緑地久我橋東詰公園第１球技場,上鳥羽塔ノ森柳原,4,-99,9999
135.736467,34.947587,26107,3,99999,03115,桂川緑地久我橋東詰公園テニスコート,上鳥羽塔ノ森柳原,4,-99,9999
135.787461,34.730361,26214,3,99999,03104,兜谷グラウンド,兜台6-4_5,3,-99,9999
135.787467,34.730278,26214,3,99999,03102,兜谷グラウンド,兜台6-4_5,3,-99,9999
135.78816,34.730487,26214,3,99999,03115,兜谷テニスコート,兜台6-4_5,3,-99,9999
135.821706,34.750604,26214,3,99999,03115,上狛駅東公園テニスコート,山城上狛北野田芝60,3,-99,9999
135.75152,34.970886,26107,3,99999,03104,上鳥羽公園野球場,上鳥羽仏現寺町,4,-99,9999
135.751514,34.970804,26107,3,99999,03102,上鳥羽公園野球場,上鳥羽仏現寺町,4,-99,9999
135.882182,34.755549,26214,3,99999,03104,加茂グラウンド,加茂町大野中字称57,3,-99,9999
135.882182,34.755656,26214,3,99999,03102,加茂グラウンド,加茂町大野中字称57,3,-99,9999
135.718289,34.88062,26210,3,99999,03104,川口市民公園,川口浜地先,4,-99,9999
135.719673,34.880371,26210,3,99999,03102,川口市民公園,川口浜地先,4,-99,9999
135.719655,34.880161,26210,3,99999,03103,川口市民公園,川口浜地先,4,-99,9999
135.810485,34.965718,26110,3,99999,03115,勧修寺公園テニスコート,勧修寺東金ケ崎町,4,-99,9999
135.810108,34.966799,26110,3,99999,03104,勧修寺公園野球場兼運動場,勧修寺東金ケ崎町,4,-99,9999
135.810105,34.966735,26110,3,99999,03102,勧修寺公園野球場兼運動場,勧修寺東金ケ崎町,4,-99,9999
135.724371,34.970801,26107,3,99999,03104,吉祥院公園球技場,吉祥院新田下ノ向町,4,-99,9999
135.724371,34.970655,26107,3,99999,03103,吉祥院公園球技場,吉祥院新田下ノ向町,4,-99,9999
135.724549,34.972106,26107,3,99999,03102,吉祥院公園野球場,吉祥院新田下ノ向町,4,-99,9999
135.732361,34.968806,26107,3,99999,03109,吉祥院地域体育館,吉祥院砂ノ町47,3,-99,9999
135.86486,34.74668,26214,3,99999,03104,木津川市赤田川グラウンド,加茂町里赤田川1,3,-99,9999
135.864862,34.74676,26214,3,99999,03102,木津川市赤田川グラウンド,加茂町里赤田川1,3,-99,9999
135.867276,34.74834,26214,3,99999,03109,木津川市加茂体育館,加茂町里西上田13,3,-99,9999
135.867276,34.748276,26214,3,99999,03120,木津川市加茂体育館,加茂町里西上田13,3,-99,9999
135.870158,34.755035,26214,3,99999,03106,木津川市加茂プール,加茂町里中森11,3,-99,9999
135.815212,34.739821,26214,3,99999,03104,木津川市木津グラウンド,木津川端69-1,3,-99,9999
135.815212,34.739703,26214,3,99999,03102,木津川市木津グラウンド,木津川端69-1,3,-99,9999
135.809076,34.728601,26214,3,99999,03109,木津川市中央体育館,木津石塚147,3,-99,9999
135.809076,34.728533,26214,3,99999,03120,木津川市中央体育館,木津石塚147,3,-99,9999
135.809082,34.728652,26214,3,99999,03112,木津川市中央体育館柔剣道場,木津石塚147,3,-99,9999
135.809082,34.728706,26214,3,99999,03129,木津川市中央体育館トレーニング室,木津石塚147,3,-99,9999
135.809577,34.732085,26214,3,99999,03109,木津川市民スポーツセンター,木津田中前40-1,3,-99,9999
135.809565,34.732153,26214,3,99999,03120,木津川市民スポーツセンター,木津田中前40-1,3,-99,9999
135.809969,34.732012,26214,3,99999,03115,木津川市民スポーツセンターテニスコート,木津田中前40-1,3,-99,9999
135.822163,34.777474,26214,3,99999,03104,木津川市立不動川公園多目的広場,山城町平尾大谷1,3,-99,9999
135.822157,34.777542,26214,3,99999,03102,木津川市立不動川公園多目的広場,山城町平尾大谷1,3,-99,9999
135.821379,34.778103,26214,3,99999,03115,木津川市立不動川公園テニスコート,山城町平尾大谷1,3,-99,9999
135.811797,34.74461,26214,3,99999,03104,木津川市立山城コミュニティ運動広場,山城町上狛川原3及び同地先河川占有地,3,-99,9999
135.787042,34.740081,26214,3,99999,03104,木津川台グラウンド,木津川台6-4-3,3,-99,9999
135.788616,34.740008,26214,3,99999,03115,木津川台テニスコート,木津川台6-4-3,3,-99,9999
135.816109,34.73965,26214,3,99999,03146,木津ジョギングコース,木津川端69-1,3,-99,9999
135.74724,34.976839,26107,3,99999,03129,京都市健康増進センターヘルスピア２１,西九条南田町1-2,4,-99,9999
135.747228,34.976766,26107,3,99999,03105,京都市健康増進センターヘルスピア２１プール,西九条南田町1-2,4,-99,9999
135.73808,34.989985,26106,3,99999,03129,京都市下京青少年活動センター（トレーニング室）,西七条北東野町90,3,-99,9999
135.73808,34.989931,26106,3,99999,03109,京都市下京青少年活動センタースポーツルーム,西七条北東野町90,3,-99,9999
135.73808,34.989873,26106,3,99999,03120,京都市下京青少年活動センタースポーツルーム,西七条北東野町90,3,-99,9999
135.73852,34.947831,26107,3,99999,03109,京都市障害者教養文化・体育会館,上鳥羽塔ノ森上河原37-4,3,-99,9999
135.776395,34.997201,26105,3,99999,03132,京都市東山青少年活動センター（レッスンスタジオ）,清水5-130-6(東山区総合庁舎2階),3,-99,9999
135.761429,34.936173,26109,3,99999,03110,京都市伏見青少年活動センタースポーツルームＢ及びＣ,鷹匠町39-2(伏見総合庁舎4階),3,-99,9999
135.761432,34.93613,26109,3,99999,03120,京都市伏見青少年活動センタースポーツルームＢ及びＣ,鷹匠町39-2(伏見総合庁舎4階),3,-99,9999
135.747948,34.976326,26107,3,99999,03120,京都市南青少年活動センター（スポーツルーム）,西九条南田町72,3,-99,9999
135.748217,34.976362,26107,3,99999,03115,京都市南青少年活動センターテニスコート（屋外）,西九条南田町72,3,-99,9999
135.815299,34.985966,26110,3,99999,03109,京都市山科青少年活動センター（スポーツルーム）,竹鼻四丁野町42,3,-99,9999
135.815302,34.986,26110,3,99999,03120,京都市山科青少年活動センター（スポーツルーム）,竹鼻四丁野町42,3,-99,9999
135.815287,34.985749,26110,3,99999,03115,京都市山科青少年活動センターテニスコート（屋外）,竹鼻四丁野町42,3,-99,9999
135.755943,34.977419,26107,3,99999,03109,京都テルサ,東九条下殿田町70（新町通九条下ル）,3,-99,9999
135.755943,34.977488,26107,3,99999,03139,京都テルサスカッシュコート,東九条下殿田町70（新町通九条下ル）,3,-99,9999
135.755949,34.977346,26107,3,99999,03120,京都テルサスポーツホール,東九条下殿田町70（新町通九条下ル）,3,-99,9999
135.755943,34.977273,26107,3,99999,03116,京都テルサスポーツホール,東九条下殿田町70（新町通九条下ル）,3,-99,9999
135.755943,34.977561,26107,3,99999,03129,京都テルサフィットネスクラブ,東九条下殿田町70（新町通九条下ル）,3,-99,9999
135.755949,34.977205,26107,3,99999,03105,京都テルサフィットネスクラブプール,東九条下殿田町70（新町通九条下ル）,3,-99,9999
135.755949,34.977137,26107,3,99999,03107,京都テルサフィットネスクラブプール,東九条下殿田町70（新町通九条下ル）,3,-99,9999
135.86938,34.72367,26214,3,99999,03128,京都府加茂青少年山の家,加茂町尻枝七辻15-1,3,-99,9999
135.869424,34.724088,26214,3,99999,03138,京都府加茂青少年山の家ゲートボールコート,加茂町尻枝七辻15-1,3,-99,9999
135.86981,34.724122,26214,3,99999,03115,京都府加茂青少年山の家テニスコート,加茂町尻枝七辻15-1,3,-99,9999
135.728999,34.879158,26322,3,99999,03104,京都府木津川河川敷運動広場,下津屋下ノ浜代27,3,-99,9999
135.730382,34.878398,26322,3,99999,03102,京都府木津川河川敷運動広場,下津屋下ノ浜代27,3,-99,9999
135.771427,34.880482,26204,3,99999,03109,京都府立城南勤労者福祉会館,伊勢田町新中ノ荒21-8,3,-99,9999
135.771427,34.880523,26204,3,99999,03129,京都府立城南勤労者福祉会館トレーニングルーム,伊勢田町新中ノ荒21-8,3,-99,9999
135.757894,34.924972,26109,3,99999,03106,京都府立伏見港公園（屋外プール）,葮島金井戸町,4,-99,9999
135.758005,34.925253,26109,3,99999,03105,京都府立伏見港公園（屋内プール）,葮島金井戸町,4,-99,9999
135.757999,34.925374,26109,3,99999,03109,京都府立伏見港公園室内競技場,葮島金井戸町,4,-99,9999
135.758003,34.925314,26109,3,99999,03120,京都府立伏見港公園室内競技場,葮島金井戸町,4,-99,9999
135.75665,34.92498,26109,3,99999,03118,京都府立伏見港公園相撲場,葮島金井戸町,4,-99,9999
135.757175,34.924865,26109,3,99999,03115,京都府立伏見港公園テニスコート,葭島金井戸町,4,-99,9999
135.830597,34.860015,26322,3,99999,03104,京都府立府民スポーツ広場第１グラウンド,大字佐古小字梶石1-2,4,-99,9999
135.831124,34.860884,26322,3,99999,03104,京都府立府民スポーツ広場第２グラウンド,大字佐古小字梶石1-2,4,-99,9999
135.828772,34.86041,26322,3,99999,03104,京都府立府民スポーツ広場第３グラウンド,大字佐古小字梶石1-2,4,-99,9999
135.832109,34.859451,26322,3,99999,03104,京都府立府民スポーツ広場（『みどりが丘』自由広場）,大字佐古小字梶石1-2,4,-99,9999
135.813457,34.805811,26343,3,99999,03109,京都府立山城勤労者福祉会館体育館,大字井手小字大塚99-35,3,-99,9999
135.813457,34.805748,26343,3,99999,03120,京都府立山城勤労者福祉会館体育館,大字井手小字大塚99-35,3,-99,9999
135.813344,34.805482,26343,3,99999,03115,京都府立山城勤労者福祉会館テニスコート,大字井手小字大塚99-35,3,-99,9999
135.804445,34.866832,26204,3,99999,03115,京都府立山城総合運動公園『太陽が丘』テニスコート,広野町八軒屋谷1,4,-99,9999
135.804504,34.871568,26204,3,99999,03104,京都府立山城総合運動公園『太陽が丘』球技場Ｂ,広野町八軒屋谷1,4,-99,9999
135.804499,34.871386,26204,3,99999,03103,京都府立山城総合運動公園『太陽が丘』球技場Ｂ,広野町八軒屋谷1,4,-99,9999
135.804303,34.873161,26204,3,99999,03104,京都府立山城総合運動公園『太陽が丘』球技場Ａ,広野町八軒屋谷1,4,-99,9999
135.804314,34.872976,26204,3,99999,03103,京都府立山城総合運動公園『太陽が丘』球技場Ａ,広野町八軒屋谷1,4,-99,9999
135.805313,34.87125,26204,3,99999,03146,京都府立山城総合運動公園『太陽が丘』ジョギングコース,広野町八軒屋谷1,4,-99,9999
135.805473,34.869981,26204,3,99999,03109,京都府立山城総合運動公園『太陽が丘』体育館,広野町八軒屋谷1,4,-99,9999
135.805481,34.870143,26204,3,99999,03116,京都府立山城総合運動公園『太陽が丘』体育館,広野町八軒屋谷1,4,-99,9999
135.805457,34.87032,26204,3,99999,03132,京都府立山城総合運動公園『太陽が丘』多目的ジム,広野町八軒屋谷1,4,-99,9999
135.805971,34.873385,26204,3,99999,03101,京都府立山城総合運動公園『太陽が丘』第２競技場,広野町八軒屋谷1,4,-99,9999
135.805543,34.868807,26204,3,99999,03106,京都府立山城総合運動公園『太陽が丘』プール,広野町八軒屋谷1,4,-99,9999
135.804888,34.867946,26204,3,99999,03107,京都府立山城総合運動公園『太陽が丘』プール,広野町八軒屋谷1,4,-99,9999
135.805824,34.869455,26204,3,99999,03108,京都府立山城総合運動公園『太陽が丘』プール,広野町八軒屋谷1,4,-99,9999
135.803475,34.868401,26204,3,99999,03102,京都府立山城総合運動公園『太陽が丘』野球場,広野町八軒屋谷1,4,-99,9999
135.806286,34.87143,26204,3,99999,03101,京都府立山城総合運動公園『太陽が丘』陸上競技場,広野町八軒屋谷1,4,-99,9999
135.708977,34.907453,26209,3,99999,03103,京都府立洛西浄化センター公園球技場,勝竜寺山崎作り20-5,3,-99,9999
135.707515,34.908769,26209,3,99999,03115,京都府立洛西浄化センター公園テニスコート,勝竜寺山崎作り20-5,3,-99,9999
135.939417,34.759945,26364,3,99999,03143,行場めぐりコース（ハイキング）,詳細住所不明,3,-99,9999
135.791166,34.81922,26211,3,99999,03102,草内木津川運動公園野球場,草内外島地内,3,-99,9999
135.696253,34.856768,26210,3,99999,03115,くすのき近隣公園テニスコート,男山竹園1-1,4,-99,9999
135.695493,34.856988,26210,3,99999,03102,くすのき近隣公園軟式野球場,男山竹園1-1,4,-99,9999
135.721176,34.96163,26107,3,99999,03109,久世地域体育館,久世大築町36,3,-99,9999
135.738379,34.883247,26322,3,99999,03115,久御山中央公園庭球場,田井新荒見,4,-99,9999
135.738064,34.883987,26322,3,99999,03102,久御山中央公園野球場,田井新荒見,4,-99,9999
135.728999,34.879346,26322,3,99999,03104,久御山町木津川河川敷運動広場球技場,下津屋下ノ浜代27,4,-99,9999
135.731509,34.877719,26322,3,99999,03103,久御山町木津川河川敷運動広場球技場,下津屋下ノ浜代27,4,-99,9999
135.730375,34.878572,26322,3,99999,03104,久御山町木津川河川敷運動広場野球場,下津屋下ノ浜代27,4,-99,9999
135.730373,34.878755,26322,3,99999,03102,久御山町木津川河川敷運動広場野球場,下津屋下ノ浜代27,4,-99,9999
135.758798,34.884115,26322,3,99999,03109,久御山町総合体育館,市田新珠城313,4,-99,9999
135.758801,34.884071,26322,3,99999,03129,久御山町総合体育館,市田新珠城313,4,-99,9999
135.758804,34.88403,26322,3,99999,03116,久御山町総合体育館,市田新珠城313,4,-99,9999
135.758804,34.883986,26322,3,99999,03120,久御山町総合体育館,市田新珠城313,4,-99,9999
135.758507,34.883261,26322,3,99999,03106,久御山町立町民プール,市田新珠城333,4,-99,9999
135.758674,34.882925,26322,3,99999,03107,久御山町立町民プール,市田新珠城333,4,-99,9999
135.757574,34.883182,26322,3,99999,03115,久御山町立町民プール庭球場,佐古外屋敷282,4,-99,9999
135.694949,34.871114,26210,3,99999,03104,さつき近隣公園グラウンド,男山笹谷1,4,-99,9999
135.694943,34.871187,26210,3,99999,03102,さつき近隣公園グラウンド,男山笹谷1,4,-99,9999
135.695615,34.870217,26210,3,99999,03115,さつき近隣公園テニスコート,男山笹谷1,4,-99,9999
135.694759,34.870329,26210,3,99999,03106,さつき市民プール,男山笹谷1,4,-99,9999
135.794495,34.84962,26207,3,99999,03104,財団法人青少年野外活動総合センター運動場,寺田南中芝80,4,-99,9999
135.794163,34.849418,26207,3,99999,03106,財団法人青少年野外活動総合センタープール,寺田南中芝80,4,-99,9999
135.794655,34.84984,26207,3,99999,03142,財団法人青少年野外活動総合センター友愛の丘キャンプ場,寺田南中芝80,4,-99,9999
135.715502,34.9951,26108,3,99999,03109,市民スポーツ会館,西京極新明町32,3,-99,9999
135.715502,34.99505,26108,3,99999,03120,市民スポーツ会館,西京極新明町32,3,-99,9999
135.766282,34.986575,26106,3,99999,03109,下京地域体育館,川端町13,3,-99,9999
135.748557,34.94341,26109,3,99999,03104,下鳥羽公園球技場兼運動場,下鳥羽芹川町,4,-99,9999
135.748554,34.943314,26109,3,99999,03103,下鳥羽公園球技場兼運動場,下鳥羽芹川町,4,-99,9999
135.770974,34.853669,26207,3,99999,03143,城陽市鴻ノ巣山散策道,寺田,3,-99,9999
135.762971,34.863338,26207,3,99999,03115,城陽市市民テニスコート,平川広田67,3,-99,9999
135.799444,34.854413,26207,3,99999,03138,城陽市総合運動公園ゲートボール場,寺田奥山1,3,-99,9999
135.801986,34.855538,26207,3,99999,03112,城陽市総合運動公園市民体育館格技場,寺田奥山1,3,-99,9999
135.80198,34.855475,26207,3,99999,03109,城陽市総合運動公園市民体育館競技場,寺田奥山1,3,-99,9999
135.801986,34.855397,26207,3,99999,03120,城陽市総合運動公園市民体育館競技場,寺田奥山1,3,-99,9999
135.801992,34.855329,26207,3,99999,03129,城陽市総合運動公園市民体育館トレーニングルーム,寺田奥山1,3,-99,9999
135.800346,34.854948,26207,3,99999,03104,城陽市総合運動公園多目的広場,寺田奥山1,3,-99,9999
135.80034,34.855046,26207,3,99999,03103,城陽市総合運動公園多目的広場,寺田奥山1,3,-99,9999
135.80034,34.85372,26207,3,99999,03115,城陽市総合運動公園テニスコート,寺田奥山1,3,-99,9999
135.801237,34.854402,26207,3,99999,03102,城陽市総合運動公園野球場,寺田奥山1,3,-99,9999
135.75854,34.843436,26207,3,99999,03104,城陽市立市民運動広場,水主下外島23-1地先,3,-99,9999
135.75785,34.844519,26207,3,99999,03102,城陽市立市民運動広場,水主下外島23-1地先,3,-99,9999
135.760108,34.841397,26207,3,99999,03115,城陽市立市民運動広場,水主下外島23-1地先,3,-99,9999
135.763316,34.862108,26207,3,99999,03106,城陽市立市民プール,久世荒内149,3,-99,9999
135.836057,34.860442,26344,3,99999,03142,末山・くつわ池自然公園,大字郷之口小字末山3,4,-99,9999
135.835413,34.856631,26344,3,99999,03115,末山・くつわ池自然公園テニスコート,大字郷之口末山3,4,-99,9999
135.835426,34.856468,26344,3,99999,03114,末山・くつわ池自然公園テニスコート,大字郷之口末山3,4,-99,9999
135.791847,34.827172,26207,3,99999,03138,すぱーく城陽,奈島川原口15,3,-99,9999
135.777255,34.730115,26366,3,99999,03115,精華町立池谷公園テニスコート,桜が丘2,3,-99,9999
135.775234,34.768281,26366,3,99999,03104,精華町立打越台グラウンド,大字北稲八間小字打越,3,-99,9999
135.775038,34.768979,26366,3,99999,03115,精華町立打越台グラウンドテニスコート,大字北稲八間小字打越,3,-99,9999
135.800854,34.777045,26366,3,99999,03104,精華町立木津川河川敷多目的広場,大字下狛小字神ノ木地先,3,-99,9999
135.800851,34.777148,26366,3,99999,03138,精華町立木津川河川敷多目的広場,大字下狛小字神ノ木地先,3,-99,9999
135.798533,34.775262,26366,3,99999,03109,精華町立体育館コミュニティーセンター「むくのきセンター」,大字下狛小字神ノ木8,3,-99,9999
135.798528,34.775184,26366,3,99999,03129,精華町立体育館コミュニティーセンター「むくのきセンター」,大字下狛小字神ノ木8,3,-99,9999
135.798528,34.775101,26366,3,99999,03146,精華町立体育館コミュニティーセンター「むくのきセンター」,大字下狛小字神ノ木8,3,-99,9999
135.774755,34.831946,26211,3,99999,03104,田辺木津川運動公園グラウンド,田辺外島地内,3,-99,9999
135.7731,34.832086,26211,3,99999,03102,田辺木津川運動公園グラウンド,田辺外島地内,3,-99,9999
135.77474,34.831793,26211,3,99999,03103,田辺木津川運動公園グラウンド,田辺外島地内,3,-99,9999
135.776081,34.831442,26211,3,99999,03115,田辺木津川運動公園テニスコート,田辺外島地内,3,-99,9999
135.766275,34.814192,26211,3,99999,03104,田辺公園多目的運動広場,田辺丸山地内,3,-99,9999
135.766269,34.814129,26211,3,99999,03103,田辺公園多目的運動広場,田辺丸山地内,3,-99,9999
135.767565,34.813075,26211,3,99999,03115,田辺公園テニスコート,田辺丸山地内,3,-99,9999
135.765487,34.814505,26211,3,99999,03105,田辺公園プール,田辺丸山8,3,-99,9999
135.765677,34.814061,26211,3,99999,03107,田辺公園プール,田辺丸山8,3,-99,9999
135.766561,34.813182,26211,3,99999,03102,田辺公園野球場,田辺丸山地内,3,-99,9999
135.766412,34.815261,26211,3,99999,03109,田辺中央体育館,田辺丸山19,3,-99,9999
135.766406,34.815198,26211,3,99999,03116,田辺中央体育館,田辺丸山19,3,-99,9999
135.766412,34.815129,26211,3,99999,03129,田辺中央体育館トレーニングルーム,田辺丸山19,3,-99,9999
135.810212,34.950787,26109,3,99999,03109,醍醐地域体育館,醍醐高畑町,3,-99,9999
135.810212,34.950705,26109,3,99999,03120,醍醐地域体育館,醍醐高畑町,3,-99,9999
135.868111,34.739111,26214,3,99999,03115,塚穴公園テニスコート,加茂町南加茂台6-15,3,-99,9999
135.687287,34.901635,26303,3,99999,03143,天王山コース,詳細住所不明,3,-99,9999
135.757746,34.97777,26107,3,99999,03104,殿田公園野球場兼運動場,東九条下殿田町,4,-99,9999
135.757753,34.977367,26107,3,99999,03102,殿田公園野球場兼運動場,東九条下殿田町,4,-99,9999
135.700451,34.923855,26209,3,99999,03143,長岡京市うずもれた史跡コース,神足2,3,-99,9999
135.693132,34.925555,26209,3,99999,03143,長岡京市天王山コース,天神1,3,-99,9999
135.658321,34.932843,26209,3,99999,03142,長岡京市西山キャンプ場,奥海印寺池ノ尾地先長法寺奥山人参原地先,3,-99,9999
135.693138,34.925633,26209,3,99999,03143,長岡京市名勝コース,天神1,3,-99,9999
135.712376,34.919725,26209,3,99999,03104,長岡京市立スポーツセンター（グラウンド）,神足下八ノ坪1,3,-99,9999
135.712364,34.919632,26209,3,99999,03102,長岡京市立スポーツセンター（グラウンド）,神足下八ノ坪1,3,-99,9999
135.71237,34.919807,26209,3,99999,03103,長岡京市立スポーツセンター（グラウンド）,神足下八ノ坪1,3,-99,9999
135.711532,34.919603,26209,3,99999,03109,長岡京市立スポーツセンター体育館,神足下八ノ坪1,3,-99,9999
135.711431,34.919973,26209,3,99999,03115,長岡京市立スポーツセンターテニスコート,神足下八ノ坪1,3,-99,9999
135.700446,34.923712,26209,3,99999,03143,長岡京市歴史街道探訪コース,神足2,3,-99,9999
135.68576,34.921961,26209,3,99999,03104,長岡公園運動広場,天神2（長岡公園内）,3,-99,9999
135.685207,34.921334,26209,3,99999,03138,長岡公園ゲートボールコート,天神2-15-1（長岡公園内）,4,-99,9999
135.684803,34.921992,26209,3,99999,03115,長岡公園テニスコート,天神2-15-1（長岡公園内）,3,-99,9999
135.777163,34.900741,26204,3,99999,03104,西宇治公園多目的運動広場,小倉町蓮池20-1,4,-99,9999
135.777174,34.900658,26204,3,99999,03102,西宇治公園多目的運動広場,小倉町蓮池20-1,4,-99,9999
135.775796,34.900443,26204,3,99999,03103,西宇治公園多目的運動広場,小倉町蓮池20-1,4,-99,9999
135.776158,34.900531,26204,3,99999,03115,西宇治公園テニスコート,小倉町蓮池20-1,4,-99,9999
135.777002,34.899181,26204,3,99999,03109,西宇治公園西宇治体育館コミュニティアリーナ,小倉町蓮池20-1,4,-99,9999
135.777014,34.899079,26204,3,99999,03109,西宇治公園西宇治体育館多目的アリーナ,小倉町蓮池20-1,4,-99,9999
135.776996,34.899279,26204,3,99999,03129,西宇治公園西宇治体育館トレーニング室,小倉町蓮池20-1,4,-99,9999
135.776634,34.898903,26204,3,99999,03106,西宇治公園プール,小倉町蓮池20-1,4,-99,9999
135.715285,34.989976,26108,3,99999,03105,西京極総合運動公園公認２５ｍ温水プール,西京極徳大寺団子田町64,4,-99,9999
135.715291,34.990059,26108,3,99999,03108,西京極総合運動公園公認飛び込みプール,西京極徳大寺団子田町64,4,-99,9999
135.715285,34.990132,26108,3,99999,03105,西京極総合運動公園公認５０ｍプール,西京極徳大寺団子田町64,4,-99,9999
135.715083,34.990599,26108,3,99999,03122,西京極総合運動公園プール施設京都アクアリーナアーチェリー場,西京極徳大寺団子田町64,4,-99,9999
135.715285,34.989898,26108,3,99999,03129,西京極総合運動公園プール施設京都アクアリーナフィットネスルーム,西京極徳大寺団子田町64,4,-99,9999
135.714021,34.993464,26108,3,99999,03101,西京極総合運動公園補助競技場,西京極新明町29,4,-99,9999
135.71578,34.992432,26108,3,99999,03102,西京極総合運動公園野球場,西京極新明町29,4,-99,9999
135.714366,34.991672,26108,3,99999,03101,西京極総合運動公園陸上競技場兼球技場,西京極新明町29,4,-99,9999
135.704544,34.941472,26208,3,99999,03138,西向日運動広場,鶏冠井町山畑16-1,3,-99,9999
135.704544,34.941409,26208,3,99999,03115,西向日運動広場,鶏冠井町山畑16-1,3,-99,9999
135.677386,34.93231,26209,3,99999,03109,長岡京市西山公園体育館小体育室,長法寺谷山1,3,-99,9999
135.67738,34.932183,26209,3,99999,03109,長岡京市西山公園体育館（大体育室）,長法寺谷山1,3,-99,9999
135.67738,34.932242,26209,3,99999,03129,長岡京市西山公園体育館トレーニング室,長法寺谷山1,3,-99,9999
135.67738,34.932378,26209,3,99999,03112,長岡京市西山公園体育館武道場,長法寺谷山1,3,-99,9999
135.715015,34.995474,26108,3,99999,03109,ハンナリーズアリーナ（京都市体育館）,西京極新明町1,4,-99,9999
135.702972,34.876682,26210,3,99999,03104,馬場市民公園,八幡馬場85-1,4,-99,9999
135.703067,34.877569,26210,3,99999,03103,馬場市民公園,八幡馬場85-1,4,-99,9999
135.812346,34.976741,26110,3,99999,03104,東野公園野球場,東野八反畑町,4,-99,9999
135.811516,34.976373,26110,3,99999,03102,東野公園野球場,東野八反畑町,4,-99,9999
135.806444,34.87856,26204,3,99999,03115,東山公園テニスコート,折居台1-2,4,-99,9999
135.776392,34.997089,26105,3,99999,03109,東山地域体育館,清水5-130-6(東山区総合庁舎3階),3,-99,9999
135.776389,34.997133,26105,3,99999,03120,東山地域体育館,清水5-130-6(東山区総合庁舎3階),3,-99,9999
135.777674,34.941695,26109,3,99999,03109,伏見北堀公園地域体育館体育室,深草大亀谷五郎太町,3,-99,9999
135.777686,34.941602,26109,3,99999,03120,伏見北堀公園地域体育館体育室,深草大亀谷五郎太町,3,-99,9999
135.777683,34.941513,26109,3,99999,03129,伏見北堀公園地域体育館トレーニングルーム,深草大亀谷五郎太町23,3,-99,9999
135.766401,34.929369,26109,3,99999,03104,伏見公園野球場兼運動場,桃陵町,4,-99,9999
135.766407,34.929252,26109,3,99999,03102,伏見公園野球場兼運動場,桃陵町,4,-99,9999
135.813583,34.942128,26109,3,99999,03109,伏見東部地域体育館,醍醐辰巳町4-1,3,-99,9999
135.758047,34.950241,26109,3,99999,03109,伏見北部地域体育館,竹田醍醐田町17-6,3,-99,9999
135.778596,34.939818,26109,3,99999,03102,伏見桃山城運動公園野球場,桃山町大蔵,4,-99,9999
135.780016,34.940393,26109,3,99999,03104,伏見桃山城運動公園野球場兼運動場,桃山町大蔵,4,-99,9999
135.780028,34.940315,26109,3,99999,03102,伏見桃山城運動公園野球場兼運動場,桃山町大蔵,4,-99,9999
135.778042,34.815451,26211,3,99999,03115,防賀川公園テニスコート,興戸十曽草内大切地内,3,-99,9999
135.777959,34.814983,26211,3,99999,03103,防賀川公園フットサル場,興戸十曽草内大切地内,3,-99,9999
135.751815,34.934013,26109,3,99999,03115,三栖公園テニスコート,島津町,4,-99,9999
135.752338,34.933468,26109,3,99999,03104,三栖公園野球場,島津町,4,-99,9999
135.752338,34.933585,26109,3,99999,03102,三栖公園野球場,島津町,4,-99,9999
135.998829,34.795886,26367,3,99999,03138,南山城村野殿ゲートボール場,野殿,3,-99,9999
135.712998,34.944043,26208,3,99999,03105,向日市民温水プール,鶏冠井町上古8-1,3,-99,9999
135.712825,34.946204,26208,3,99999,03109,向日市民体育館,森本町小柳23-1,3,-99,9999
135.712828,34.946333,26208,3,99999,03109,向日市民体育館小体育室,森本町小柳23-1,3,-99,9999
135.712828,34.946265,26208,3,99999,03116,向日市民体育館小体育室,森本町小柳23-1,3,-99,9999
135.712828,34.946143,26208,3,99999,03110,向日市民体育館小体育室,森本町小柳23-1,3,-99,9999
135.712828,34.946089,26208,3,99999,03111,向日市民体育館小体育室,森本町小柳23-1,3,-99,9999
135.712828,34.946031,26208,3,99999,03132,向日市民体育館小体育室,森本町小柳23-1,3,-99,9999
135.712828,34.945972,26208,3,99999,03109,向日市民体育館大体育室,森本町小柳23-1,3,-99,9999
135.712822,34.945914,26208,3,99999,03116,向日市民体育館大体育室,森本町小柳23-1,3,-99,9999
135.712822,34.945851,26208,3,99999,03120,向日市民体育館大体育室,森本町小柳23-1,3,-99,9999
135.712822,34.945797,26208,3,99999,03129,向日市民体育館トレーニング室,森本町小柳23-1,3,-99,9999
135.698806,34.947467,26208,3,99999,03104,向日町競輪場走路内運動施設,寺戸町西ノ段,3,-99,9999
135.698806,34.947413,26208,3,99999,03115,向日町競輪場走路内運動施設テニスコート,寺戸町西ノ段,3,-99,9999
135.698806,34.947355,26208,3,99999,03102,向日町競輪場駐車場運動施設,寺戸町西ノ段,3,-99,9999
135.698806,34.947297,26208,3,99999,03103,向日町競輪場駐車場運動施設,寺戸町西ノ段,3,-99,9999
135.698812,34.947238,26208,3,99999,03120,向日町競輪場内卓球場,寺戸町西ノ段,3,-99,9999
135.81554,34.757153,26214,3,99999,03105,やすらぎタウン山城プール,山城町椿井柳田26,3,-99,9999
135.813674,34.977048,26110,3,99999,03109,山科地域体育館体育室,椥辻西浦町1-12,3,-99,9999
135.813676,34.977024,26110,3,99999,03120,山科地域体育館体育室,椥辻西浦町1-12,3,-99,9999
135.813676,34.976998,26110,3,99999,03129,山科地域体育館トレーニングルーム,椥辻西浦町1-12,3,-99,9999
135.811359,34.983789,26110,3,99999,03115,山科中央公園テニスコート,西野阿芸沢町,3,-99,9999
135.811936,34.984151,26110,3,99999,03102,山科中央公園軟式野球・ソフトボール場,西野阿芸沢町,3,-99,9999
135.848198,34.783293,26214,3,99999,03142,山城町森林公園「レストヴィレッジ山城」,山城町神童子三上山1,3,-99,9999
135.821105,34.750468,26214,3,99999,03146,山城ジョギングコース,山城町内,3,-99,9999
135.807094,34.80017,26343,3,99999,03143,山吹ハイキングコース,詳細住所不明,3,-99,9999
135.742612,34.862379,26210,3,99999,03104,八幡市民スポーツ公園グラウンド,野尻正畑12,4,-99,9999
135.743682,34.861706,26210,3,99999,03115,八幡市民スポーツ公園テニスコート,野尻正畑12,4,-99,9999
135.743688,34.862779,26210,3,99999,03109,八幡市民体育館アリーナ,野尻正畑12,4,-99,9999
135.743694,34.862701,26210,3,99999,03129,八幡市民体育館トレーニングルーム,野尻正畑12,4,-99,9999
135.73287,34.915265,26109,3,99999,03138,横大路運動公園ゲートボール場,横大路下ノ坪,4,-99,9999
135.732864,34.915192,26109,3,99999,03109,横大路運動公園体育館,横大路下ノ坪,4,-99,9999
135.732864,34.915114,26109,3,99999,03120,横大路運動公園体育館,横大路下ノ坪,4,-99,9999
135.73287,34.915045,26109,3,99999,03115,横大路運動公園体育館,横大路下ノ坪,4,-99,9999
135.732864,34.914972,26109,3,99999,03129,横大路運動公園トレーニングルーム,横大路下ノ坪,3,-99,9999
135.734682,34.915063,26109,3,99999,03104,横大路運動公園野球場兼運動場,横大路下ノ坪1,4,-99,9999
135.736013,34.914981,26109,3,99999,03102,横大路運動公園野球場兼運動場,横大路下ノ坪1,4,-99,9999
135.733232,34.914056,26109,3,99999,03122,横大路運動公園洋弓場,横大路下ノ坪,4,-99,9999
135.81693,34.99042,26110,3,99999,03105,ラクトスポーツプラザ,竹鼻竹ノ街道町91,4,-99,9999
135.816924,34.990357,26110,3,99999,03129,ラクトスポーツプラザ,竹鼻竹ノ街道町91,4,-99,9999
135.81693,34.990299,26110,3,99999,03132,ラクトスポーツプラザ,竹鼻竹ノ街道町91,4,-99,9999
135.68713,34.902655,26303,3,99999,03138,老人福祉センター「長寿苑」ゲートボール場,円明寺小字百々18,3,-99,9999
135.895589,34.795423,26365,3,99999,03104,和束運動公園多目的グラウンド,白栖猪ヶ口25,4,-99,9999
135.895588,34.795469,26365,3,99999,03102,和束運動公園多目的グラウンド,白栖猪ヶ口25,4,-99,9999
135.895504,34.794845,26365,3,99999,03115,和束運動公園テニスコート,白栖猪ヶ口25,4,-99,9999
135.909342,34.79918,26365,3,99999,03109,和束Ｂ＆Ｇ海洋センター体育館,釜塚実坂1,3,-99,9999
135.909339,34.799151,26365,3,99999,03129,和束Ｂ＆Ｇ海洋センタートレーニングルーム,釜塚実坂1,3,-99,9999
135.909341,34.799121,26365,3,99999,03105,和束Ｂ＆Ｇ海洋センタープール,釜塚実坂1,3,-99,9999
135.517698,34.937092,26206,3,99999,03142,豊能町営大堂キャンプ場,西別院町寺田中大堂谷1-2,3,-99,9999
135.942119,34.970511,25201,3,03001,03001,滋賀県立近代美術館,瀬田南大萱町1740-1,2,2,1984
135.895206,34.988229,25201,3,03001,03001,膳所焼美術館,中庄1-22-28,4,2,1987
135.964459,34.958749,25201,3,03002,03002,田上郷土史料館,牧1-8-32,3,-99,1969
135.935757,34.93768,25201,3,03002,03002,田上鉱物博物館,枝3-4-8,4,1,1963
135.950545,34.972633,25201,3,99999,03003,滋賀医科大学附属図書館,瀬田月輪,0,-99,9999
135.903795,34.950065,25201,3,99999,03003,滋賀大学附属図書館教育学部分館,平津2-5-1,0,-99,9999
135.961598,34.981442,25206,3,99999,03003,立命館大学BKCメディアライブラリー,野路東1-1-1,4,-99,9999
135.893718,34.994063,25201,3,99999,03002,大津市科学館,本丸町6-50,3,-99,1970
135.908333,34.983628,25201,3,99999,03137,琵琶湖漕艇場,玉野浦6-1,2,-99,1971
135.934986,34.968761,25201,3,99999,03124,アイスアリーナ,瀬田大江町17-3,2,-99,2000
135.933607,34.908119,25201,3,99999,03133,ライフル射撃場,大石東町鉞峠,2,-99,1980
135.880603,34.9801,25201,3,99999,03106,富士見市民温水プール,膳所上別保町777-1,3,-99,9999
135.894677,34.994512,25201,3,99999,03115,膳所城跡公園,本丸町,3,-99,9999
135.883132,34.989585,25201,3,99999,03103,茶臼山公園,秋葉台,3,-99,9999
135.901634,34.97317,25201,3,99999,03106,晴嵐市民プール,鳥居川町,3,-99,9999
135.909372,34.958839,25201,3,99999,03115,石山公園,石山寺3,3,-99,9999
135.892152,34.956527,25201,3,99999,03115,大平公園,大平1,3,-99,9999
135.908602,34.940819,25201,3,99999,03106,南郷公園,南郷1,3,-99,9999
135.908584,34.909297,25201,3,99999,03115,大石緑地スポーツ村,大石淀,3,-99,9999
135.9073,34.909643,25201,3,99999,03103,大石緑地スポーツ村,大石淀,3,-99,9999
135.933098,34.938452,25201,3,99999,03115,田上公園,枝3,3,-99,9999
135.935308,34.93815,25201,3,99999,03106,田上公園,枝3,3,-99,9999
135.908376,34.978868,25201,3,99999,03115,唐橋公園,瀬田1,3,-99,9999
135.908359,34.97844,25201,3,99999,03106,唐橋公園,瀬田1,3,-99,9999
135.922706,34.984478,25201,3,99999,03115,瀬田駅前西公園,大萱1,3,-99,9999
135.93853,34.976599,25201,3,99999,03109,瀬田公園,一里山6-9-1,3,-99,9999
135.991975,34.969382,25201,3,99999,03142,桐生若人の広場,上田上桐生町（草津川河川敷）,3,-99,9999
135.914574,34.946915,25201,3,99999,03109,田上市民体育館,稲津1-10-18,3,-99,9999
135.908666,34.956098,25201,3,99999,03109,石山市民体育館,石山寺3-10-35,3,-99,9999
135.832322,34.992849,25201,3,99999,03104,藤尾市民運動広場,横木2-578-1,3,-99,9999
135.888112,34.952288,25201,3,99999,03104,石山市民運動広場,石山寺辺町219,3,-99,9999
135.935592,34.935997,25201,3,99999,03104,田上市民運動広場,枝4（天神川河川敷）,3,-99,9999
135.921942,34.966329,25201,3,99999,03104,瀬田南市民運動広場,瀬田神領町147-1,3,-99,9999
135.879443,34.904214,25201,3,99999,03106,曽束市民プール,大石曽束2,3,-99,9999
135.981341,34.984176,25206,3,99999,03101,志津運動公園,馬場町1200,3,-99,9999
135.981341,34.984303,25206,3,99999,03102,志津運動公園,馬場町1200,3,-99,9999
135.968817,34.998754,25206,3,99999,03105,ロクハ公園,追分町623,3,-99,9999
135.969316,34.998453,25206,3,99999,03106,ロクハ公園,追分町623,3,-99,9999
135.969922,34.995814,25206,3,99999,03142,ロクハ公園,追分町623,3,-99,9999
