X,Y,P27_001,P27_002,P27_003,P27_004,P27_005,P27_006,P27_007,P27_008,P27_009
136.253501,35.275427,25202,3,03001,03001,彦根城博物館,金亀町1-1,3,-99,1987
136.268882,35.374737,25203,3,03001,03001,成田美術館,朝日町34-24,4,2,1998
136.298154,35.079731,25213,3,03001,03001,日登美美術館,山上町2068,4,2,1992
136.246557,35.277371,25202,3,03002,03002,滋賀大学経済学部附属史料館,馬場1-1-1,0,3,1995
136.311901,35.434054,25203,3,03002,03002,お市の里浅井歴史民俗資料館,大依528,3,-99,1964
136.282494,35.40896,25203,3,03002,03002,国友鉄砲の里資料館,国友町534,3,2,1987
136.261281,35.377657,25203,3,03002,03002,長浜市長浜城歴史博物館,公園町10-10,3,5,1983
136.143207,35.420999,25203,3,03002,03002,竹生島宝物殿,早崎町1664,4,-99,1977
136.266017,35.376722,25203,3,03002,03002,長浜鉄道スクエア,北船町1-41,3,2,1882
136.092057,35.140862,25204,3,03002,03002,かわらミュージアム,多賀町738-2,3,2,1995
136.089143,35.137859,25204,3,03002,03002,近江八幡市立資料館,新町2-22,3,-99,1974
136.008833,35.017867,25208,3,03002,03002,栗東歴史民俗博物館,小野223-8,3,2,1990
136.044829,35.072694,25210,3,03002,03002,野洲市歴史民俗博物館・銅鐸博物館,辻町57-1,3,2,1988
136.043356,35.00595,25211,3,03002,03002,東海道石部宿歴史民俗資料館,雨山2-1-1,3,-99,1985
136.031436,35.324727,25212,3,03002,03002,近江聖人中江藤樹記念館,安曇川町大字上小川69,3,-99,1988
136.013801,35.315498,25212,3,03002,03002,高島歴史民俗資料館,鴨2239,3,2,1981
136.188431,35.154419,25213,3,03002,03002,観峰館,五個荘竜田町136,4,6,1995
136.184805,35.151934,25213,3,03002,03002,東近江市近江商人博物館,五個荘竜田町583,3,4,1996
136.203244,35.108846,25213,3,03002,03002,世界凧博物館八日市大凧会館,八日市東本町3-5,3,-99,1991
136.247007,35.13242,25213,3,03002,03002,西堀榮三郎記念・探検の殿堂,横溝町419,3,-99,1994
136.189222,35.157625,25213,3,03002,03002,東近江市五個荘近江商人屋敷藤井彦四郎邸,宮荘町681,3,1,1980
136.155738,35.18562,25213,3,03002,03002,東近江市能登川博物館,山路町2225,3,-99,1997
136.221357,35.132663,25213,3,03002,03002,東近江市立近江商人郷土館,小田苅町473,4,2,1859
136.377599,35.382476,25214,3,03002,03002,伊吹山文化資料館,春照77,3,-99,1998
136.13322,35.14168,25204,3,03002,03002,安土町城郭資料館,小中700,3,-99,1988
136.14804,35.14977,25204,3,03002,03002,滋賀県立安土城考古博物館,大字下豊浦6678,2,2,1992
136.247658,35.011525,25383,3,03002,03002,近江日野商人館,大窪1011,3,-99,9999
136.214648,35.17108,25425,3,03002,03002,愛荘町立愛知川びんてまりの館,市1673,3,-99,2000
136.278335,35.163578,25425,3,03002,03002,愛荘町立歴史文化博物館,松尾寺878,3,2,1994
136.222523,35.192472,25441,3,03002,03002,豊会館,下枝56,4,2,9999
136.3024,35.221098,25443,3,03002,03002,多賀町立博物館・多賀の自然と文化の館,大字四手976-2,3,2,1999
136.240474,35.475292,25203,3,03002,03002,高月町立観音の里歴史民俗資料館,大字渡岸寺229,3,2,1984
136.251133,35.508297,25203,3,03002,03002,鶏足寺収蔵庫「己高閣」「世代閣」,大字古橋,4,1,9999
136.256833,35.277649,25202,3,03003,03003,彦根市立図書館,尾末町8-1,3,-99,9999
136.233029,35.410715,25203,3,03003,03003,長浜市立びわ図書館,難波町505,3,1,1999
136.311936,35.434214,25203,3,03003,03003,長浜市立浅井図書館,大依528,3,2,1995
136.27022,35.377248,25203,3,03003,03003,長浜市立長浜図書館,朝日町18-5,3,2,1983
136.085145,35.141004,25204,3,03003,03003,近江八幡市立近江八幡図書館,宮内町100,3,-99,9999
136.008139,35.017367,25208,3,03003,03003,栗東市立図書館,小野223,3,-99,9999
136.042991,35.078687,25210,3,03003,03003,野洲図書館,辻町410,3,-99,9999
136.085714,35.005619,25211,3,03003,03003,湖南市立甲西図書館,中央5-50,3,-99,9999
136.059217,35.010674,25211,3,03003,03003,湖南市立石部図書館,石部中央1-2-3,3,-99,9999
136.04963,35.463179,25212,3,03003,03003,高島市立マキノ図書館,マキノ町蛭口260-1,3,-99,9999
136.030247,35.325304,25212,3,03003,03003,高島市立安曇川図書館,安曇川町青柳1173,3,-99,9999
136.011052,35.300542,25212,3,03003,03003,高島市立安曇川図書館高島分館,勝野670,3,-99,9999
136.028856,35.400997,25212,3,03003,03003,高島市立今津図書館,今津町舟橋2-3-1,3,-99,9999
136.036115,35.352521,25212,3,03003,03003,高島市立今津図書館新旭分館,新旭町北畑567,3,-99,9999
136.262392,35.110721,25213,3,03003,03003,東近江市立愛東図書館,下中野町431,3,-99,9999
136.297777,35.069586,25213,3,03003,03003,東近江市立永源寺図書館,山上町830-1,3,-99,9999
136.245309,35.130858,25213,3,03003,03003,東近江市立湖東図書館,横溝町1967,3,-99,9999
136.184869,35.152687,25213,3,03003,03003,東近江市立五個荘図書館,五個荘竜田町548,3,-99,9999
136.197896,35.109581,25213,3,03003,03003,東近江市立八日市図書館,八日市金屋2-6-25,3,-99,1988
136.155207,35.185126,25213,3,03003,03003,東近江市立能登川図書館,山路町2225,3,-99,9999
136.310382,35.334338,25214,3,03003,03003,米原市立近江図書館,顔戸281-1,3,-99,9999
136.367784,35.364528,25214,3,03003,03003,米原市立山東図書館,長岡1050-1,3,-99,9999
136.142096,35.133022,25204,3,03003,03003,近江八幡市立安土図書館,安土町上豊浦1,3,-99,9999
136.246503,35.019284,25383,3,03003,03003,日野町立図書館,松尾1655,3,-99,9999
136.125404,35.062503,25384,3,03003,03003,竜王町立図書館,大字綾戸1021,3,-99,9999
136.214728,35.171297,25425,3,03003,03003,愛荘町立愛知川図書館,市1673,3,-99,9999
136.244615,35.175438,25425,3,03003,03003,愛荘町立秦荘図書館,安孫子822,3,-99,9999
136.232871,35.203373,25441,3,03003,03003,豊郷町立図書館,石畑518,3,-99,9999
136.270114,35.201386,25442,3,03003,03003,甲良町立図書館,横関927,3,-99,9999
136.302192,35.221212,25443,3,03003,03003,多賀町立図書館,大字四手976-2,3,-99,9999
136.266553,35.422631,25203,3,03003,03003,長浜市立虎姫図書館,宮部町3445,3,-99,1996
136.242749,35.446571,25203,3,03003,03003,長浜市立湖北図書館,湖北町速水2745,3,-99,2001
136.236452,35.475111,25203,3,03003,03003,長浜市立高月図書館,高月町渡岸寺115,3,2,1993
136.222391,35.50651,25203,3,03003,03003,（公財）江北図書館,木之本1362,4,-99,9999
136.182074,35.060134,25213,3,99999,03003,東近江市立蒲生図書館,市子川原町676,3,-99,2008
136.251366,35.284881,25202,3,99999,03003,滋賀県立視覚障害者センター,松原1-12-17,4,-99,9999
136.219357,35.25974,25202,3,99999,03003,滋賀県立大学図書情報センター,八坂2500,0,-99,9999
136.245898,35.277736,25202,3,99999,03003,滋賀大学附属図書館,馬場1-1-1,0,-99,9999
136.01759,35.109174,25210,3,99999,03003,野洲市野洲図書館中主分館,比留田3313-3,3,-99,9999
136.280299,35.356923,25203,3,99999,03003,長浜バイオ大学図書情報センター,田村町1266,4,-99,9999
136.287132,35.358105,25203,3,99999,03003,滋賀文教短期大学図書館「智徳館」,田村町335,4,-99,9999
136.262284,35.110876,25213,3,99999,03002,滋賀県平和祈念館,下中野町431,2,-99,2012
136.268946,35.381347,25203,3,99999,03002,長浜市曳山博物館,元浜町14-8,3,2,1990
136.281473,35.352752,25203,3,99999,03116,長浜ドーム,田村町1320,2,-99,1992
136.281473,35.352616,25203,3,99999,03103,長浜ドーム,田村町1320,2,-99,1992
136.281473,35.3525,25203,3,99999,03138,長浜ドーム,田村町1320,2,-99,1992
136.281473,35.352379,25203,3,99999,03129,長浜ドーム,田村町1320,2,-99,1992
136.282572,35.352272,25203,3,99999,03115,長浜ドーム,田村町1320,2,-99,1992
136.25648,35.281748,25202,3,99999,03101,彦根総合運動場,松原町3028,2,-99,1996
136.25648,35.280274,25202,3,99999,03102,彦根総合運動場,松原町3028,2,-99,1996
136.254709,35.281457,25202,3,99999,03115,彦根総合運動場,松原町3028,2,-99,1996
136.2538,35.281937,25202,3,99999,03106,彦根総合運動場,松原町3028,2,-99,1996
136.255291,35.28299,25202,3,99999,03104,彦根総合運動場,松原町3028,2,-99,1996
136.37983,35.383832,25214,3,99999,03104,伊吹運動場,春照,2,-99,1979
136.260476,35.436349,25203,3,99999,03142,虎御前山教育キャンプ場,中野町,2,-99,9999
136.256406,35.283004,25202,3,99999,03109,彦根市民体育センター,松原町3751-7,3,-99,1980
136.256406,35.282888,25202,3,99999,03120,彦根市民体育センター,松原町3751-7,3,-99,1980
136.256928,35.270152,25202,3,99999,03112,彦根市武道場,京町2-1-6,3,-99,9999
136.256424,35.278145,25202,3,99999,03121,彦根市弓道場,尾末町8-1,3,-99,1983
136.180476,35.212988,25202,3,99999,03109,稲枝地区体育館,金田町609-2,3,-99,1983
136.180476,35.212958,25202,3,99999,03112,稲枝地区体育館,金田町609-2,3,-99,1983
136.257213,35.269601,25202,3,99999,03104,城東小学校,京町2-2-19,3,-99,9999
136.248354,35.272189,25202,3,99999,03104,城西小学校,本町3-3-22,3,-99,9999
136.243908,35.247997,25202,3,99999,03104,城南小学校,西今町380,3,-99,9999
136.243065,35.259648,25202,3,99999,03104,平田小学校,平田町267,3,-99,9999
136.256429,35.283745,25202,3,99999,03104,城北小学校,松原町3751-3,3,-99,9999
136.25978,35.263852,25202,3,99999,03104,佐和山小学校,安清町11-32,3,-99,9999
136.264421,35.249772,25202,3,99999,03104,旭森小学校,東沼波町300,3,-99,9999
136.225791,35.246718,25202,3,99999,03104,城陽小学校,甘呂町430,3,-99,9999
136.225435,35.233273,25202,3,99999,03104,若葉小学校,蓮台寺町180,3,-99,9999
136.234425,35.27022,25202,3,99999,03104,金城小学校,大藪町391,3,-99,9999
136.28628,35.282135,25202,3,99999,03104,鳥居本小学校,鳥居本町1550-1,3,-99,9999
136.2392,35.227638,25202,3,99999,03104,河瀬小学校,極楽寺町118,3,-99,9999
136.214448,35.220449,25202,3,99999,03104,亀山小学校,賀田山町8,3,-99,9999
136.258431,35.232826,25202,3,99999,03104,高宮小学校,高宮町2447,3,-99,9999
136.195663,35.207522,25202,3,99999,03104,稲枝東小学校,稲部町308,3,-99,9999
136.159714,35.209314,25202,3,99999,03104,稲枝西小学校,本庄町3583,3,-99,9999
136.178483,35.221458,25202,3,99999,03104,稲枝北小学校,下岡部町597,3,-99,9999
136.263034,35.26097,25202,3,99999,03104,東中学校,芹川町443,3,-99,9999
136.248884,35.278102,25202,3,99999,03104,西中学校,金亀町8-1,3,-99,9999
136.236316,35.260526,25202,3,99999,03104,中央中学校,西今町1207,3,-99,9999
136.227204,35.245878,25202,3,99999,03104,南中学校,甘呂町156,3,-99,9999
136.245916,35.227161,25202,3,99999,03104,彦根中学校,西葛籠町553,3,-99,9999
136.285379,35.284436,25202,3,99999,03104,鳥居本中学校,鳥居本町788,3,-99,9999
136.17934,35.212315,25202,3,99999,03104,稲枝中学校,田原町202,3,-99,9999
136.28737,35.377734,25203,3,99999,03109,長浜市民体育館,宮司町1203,3,-99,1979
136.28737,35.377663,25203,3,99999,03112,長浜市民体育館,宮司町1203,3,-99,1979
136.28737,35.377605,25203,3,99999,03120,長浜市民体育館,宮司町1203,3,-99,1979
136.287367,35.377547,25203,3,99999,03129,長浜市民体育館,宮司町1203,3,-99,1979
136.265745,35.390092,25203,3,99999,03109,長浜市勤労青少年ホーム「長浜サンパレス」体育室,八幡中山町1316-3,3,-99,9999
136.265745,35.390036,25203,3,99999,03120,長浜市勤労青少年ホーム「長浜サンパレス」体育室,八幡中山町1316-3,3,-99,9999
136.296272,35.432242,25203,3,99999,03109,浅井体育館,内保町2685,3,-99,1977
136.208158,35.413818,25203,3,99999,03109,びわ体育館（びわ体育センター）,早崎町1479,3,-99,1981
136.313097,35.432752,25203,3,99999,03109,長浜市浅井Ｂ＆Ｇ海洋センター「体育館」,大依町15（浅井文化スポーツ公園内）,3,-99,9999
136.313103,35.432679,25203,3,99999,03129,長浜市浅井Ｂ＆Ｇ海洋センター「体育館」,大依町15（浅井文化スポーツ公園内）,3,-99,9999
136.265512,35.42176,25203,3,99999,03109,虎姫運動広場「体育館」,五村360-1,3,-99,1990
136.209237,35.441829,25203,3,99999,03109,山本山運動広場「体育館」,湖北町山本2868,3,-99,9999
136.243177,35.445002,25203,3,99999,03109,湖北体育館,湖北町速水1210,3,-99,1979
136.223143,35.470111,25203,3,99999,03109,高月運動広場「体育館」,高月町東柳野3-1,3,-99,1978
136.223143,35.470099,25203,3,99999,03110,高月運動広場「体育館」,高月町東柳野3-1,3,-99,1978
136.223143,35.470089,25203,3,99999,03120,高月運動広場「体育館」,高月町東柳野3-1,3,-99,1978
136.212488,35.497461,25203,3,99999,03109,木之本運動広場「体育館」,木之本町西山183-3,3,-99,1977
136.213188,35.496782,25203,3,99999,03115,木之本運動広場「体育館」,木之本町西山183-3,3,-99,1977
136.211801,35.532121,25203,3,99999,03109,余呉体育館,余呉町下余呉555-1,3,-99,1985
136.123621,35.498545,25203,3,99999,03109,西浅井運動広場「体育館」,西浅井町大浦2590,3,-99,1996
136.123621,35.498489,25203,3,99999,03129,西浅井運動広場「体育館」,西浅井町大浦2590,3,-99,1996
136.264558,35.375526,25203,3,99999,03106,長浜市民プール,港町3-10,3,-99,1978
136.313169,35.432451,25203,3,99999,03106,長浜市浅井Ｂ＆Ｇ海洋センター「プール」,大依町15（浅井文化スポーツ公園内）,3,-99,9999
136.207493,35.412641,25203,3,99999,03106,奥びわスポーツの森「プール」,早崎町1667,3,-99,9999
136.21327,35.497443,25203,3,99999,03106,木之本運動広場「プール」,木之本町木之本2101ｰ1,3,-99,1977
136.270314,35.377994,25203,3,99999,03112,長浜市武徳殿,朝日町13-11,3,-99,9999
136.274144,35.383022,25203,3,99999,03121,長浜市民弓道場,宮前町13-15,3,-99,9999
136.287732,35.459747,25203,3,99999,03137,長浜市浅井Ｂ＆Ｇ海洋センター「艇庫」,池奥町59-1（西池）,3,-99,9999
136.298069,35.384662,25203,3,99999,03102,長浜球場,宮司町70,3,-99,1981
136.313236,35.434309,25203,3,99999,03102,長浜市浅井球場,大依町15,3,-99,1990
136.263694,35.376714,25203,3,99999,03115,長浜市民庭球場,港町3-80,3,-99,1978
136.313591,35.431836,25203,3,99999,03115,浅井文化スポーツ公園「テニスコート」,大依町2,3,-99,1987
136.207516,35.414392,25203,3,99999,03115,奥びわスポーツの森「テニスコート」,早崎町1667,3,-99,9999
136.266075,35.423429,25203,3,99999,03115,虎姫運動広場「テニスコート」,宮部町3378-1,3,-99,9999
136.208233,35.441884,25203,3,99999,03115,山本山運動広場「テニスコート」,湖北町山本2868,3,-99,9999
136.24431,35.44422,25203,3,99999,03115,高時川運動広場「テニスコート」,湖北町速水2021,3,-99,9999
136.223251,35.469754,25203,3,99999,03115,高月運動広場「テニスコート」,高月町東柳野3-1,3,-99,9999
136.124613,35.498472,25203,3,99999,03115,西浅井運動広場「テニスコート」,西浅井町大浦2590,3,-99,9999
136.279294,35.395271,25203,3,99999,03101,長浜市多目的競技場「神照運動公園」,神照町208-1,3,-99,1996
136.2793,35.395182,25203,3,99999,03104,長浜市多目的競技場「神照運動公園」,神照町208-1,3,-99,1996
136.277957,35.395739,25203,3,99999,03138,長浜市多目的競技場「神照運動公園」,神照町208-1,3,-99,1996
136.278361,35.394487,25203,3,99999,03102,長浜市多目的競技場「神照運動公園」,神照町208-1,3,-99,1996
136.297017,35.384335,25203,3,99999,03138,長浜市民運動広場「サンドーム・多目的広場」,宮司町154,3,-99,9999
136.297023,35.384248,25203,3,99999,03116,長浜市民運動広場「サンドーム・多目的広場」,宮司町154,3,-99,9999
136.297023,35.384146,25203,3,99999,03104,長浜市民運動広場「サンドーム・多目的広場」,宮司町154,3,-99,9999
136.317592,35.372168,25203,3,99999,03102,本庄山村広場,本庄町800,3,-99,9999
136.317592,35.372115,25203,3,99999,03138,本庄山村広場,本庄町800,3,-99,9999
136.318989,35.40099,25203,3,99999,03102,東上坂山村広場,東上坂町1415-2,3,-99,9999
136.318988,35.400957,25203,3,99999,03138,東上坂山村広場,東上坂町1415-2,3,-99,9999
136.318989,35.400923,25203,3,99999,03103,東上坂山村広場,東上坂町1415-2,3,-99,9999
136.312256,35.430832,25203,3,99999,03101,浅井ふれあいグラウンド,大依町15（浅井文化スポーツ公園内）,3,-99,1994
136.223019,35.424518,25203,3,99999,03109,あじさいホール,富田町431,3,-99,9999
136.223017,35.424562,25203,3,99999,03116,あじさいホール,富田町431,3,-99,9999
136.223017,35.42447,25203,3,99999,03138,あじさいホール,富田町431,3,-99,9999
136.206618,35.413743,25203,3,99999,03102,奥びわスポーツの森「多目的運動広場」,早崎町1667,3,-99,9999
136.206618,35.413631,25203,3,99999,03103,奥びわスポーツの森「多目的運動広場」,早崎町1667,3,-99,9999
136.206624,35.413844,25203,3,99999,03104,奥びわスポーツの森「多目的運動広場」,早崎町1667,3,-99,9999
136.265327,35.422964,25203,3,99999,03102,虎姫運動広場「運動場」,宮部町3378-1,3,-99,9999
136.265333,35.422766,25203,3,99999,03138,虎姫運動広場「運動場」,宮部町3378-1,3,-99,9999
136.207514,35.441403,25203,3,99999,03102,山本山運動広場「グラウンド」,湖北町山本2868,3,-99,9999
136.207511,35.441318,25203,3,99999,03104,山本山運動広場「グラウンド」,湖北町山本2868,3,-99,9999
136.244465,35.445038,25203,3,99999,03104,高時川運動広場「多目的広場」,湖北町速水2021,3,-99,9999
136.244459,35.444917,25203,3,99999,03138,高時川運動広場「多目的広場」,湖北町速水2021,3,-99,9999
136.224904,35.469529,25203,3,99999,03102,高月運動広場「運動場」,高月町高月820-1,3,-99,1975
136.213196,35.496601,25203,3,99999,03104,木之本運動広場「運動場」,木之本町西山350,3,-99,1977
136.203753,35.54863,25203,3,99999,03116,余呉屋内グラウンド,余呉町中之郷788,3,-99,9999
136.203759,35.548563,25203,3,99999,03138,余呉屋内グラウンド,余呉町中之郷788,3,-99,9999
136.124429,35.499249,25203,3,99999,03102,西浅井運動広場「多目的広場」,西浅井町大浦2590,3,-99,1987
136.159571,35.523051,25203,3,99999,03116,西浅井いきいきホール,西浅井町塩津浜1795,3,-99,9999
136.159571,35.522955,25203,3,99999,03138,西浅井いきいきホール,西浅井町塩津浜1795,3,-99,9999
136.067961,35.150674,25204,3,99999,03109,運動公園施設,津田町18,3,-99,1979
136.066553,35.150363,25204,3,99999,03102,運動公園施設,津田町18,3,-99,1979
136.067183,35.15303,25204,3,99999,03103,運動公園施設,津田町18,3,-99,1979
136.067444,35.151514,25204,3,99999,03115,運動公園施設,津田町18,3,-99,1979
136.067608,35.151225,25204,3,99999,03117,運動公園施設,津田町18,3,-99,1979
136.107835,35.119567,25204,3,99999,03109,サン・ビレッジ近江八幡施設,鷹飼町40,3,-99,1999
136.107835,35.119513,25204,3,99999,03112,サン・ビレッジ近江八幡施設,鷹飼町40,3,-99,1999
136.107835,35.119455,25204,3,99999,03120,サン・ビレッジ近江八幡施設,鷹飼町40,3,-99,1999
136.107835,35.119397,25204,3,99999,03115,サン・ビレッジ近江八幡施設,鷹飼町40,3,-99,1999
136.107835,35.119343,25204,3,99999,03121,サン・ビレッジ近江八幡施設,鷹飼町40,3,-99,1999
136.010506,35.051564,25207,3,99999,03102,野洲川立入河川公園,立入町地先,3,-99,9999
136.009864,35.052595,25207,3,99999,03103,野洲川立入河川公園,立入町地先,3,-99,9999
136.011699,35.0476,25208,3,99999,03109,野洲川体育館,出庭2083（野洲川河川敷）,3,-99,9999
136.011696,35.047554,25208,3,99999,03120,野洲川体育館,出庭2083（野洲川河川敷）,3,-99,9999
136.013259,35.047875,25208,3,99999,03101,野洲川運動公園,出庭2083（野洲川河川敷）,3,-99,9999
136.014412,35.046591,25208,3,99999,03102,野洲川運動公園,出庭2083（野洲川河川敷）,3,-99,9999
136.016158,35.045316,25208,3,99999,03115,野洲川運動公園,出庭2083（野洲川河川敷）,3,-99,9999
136.018666,35.050419,25210,3,99999,03101,野洲市野洲川河川公園,三上2224,3,-99,9999
136.01995,35.048833,25210,3,99999,03102,野洲市野洲川河川公園,三上2224,3,-99,9999
136.020758,35.047743,25210,3,99999,03104,野洲市野洲川河川公園,三上2224,3,-99,9999
136.017026,35.051868,25210,3,99999,03115,野洲市野洲川河川公園,三上2224,3,-99,9999
136.02077,35.04751,25210,3,99999,03138,野洲市野洲川河川公園,三上2224,3,-99,9999
136.029053,35.088636,25210,3,99999,03109,野州市総合体育館,冨波甲1339,3,-99,9999
136.029053,35.088554,25210,3,99999,03120,野州市総合体育館,冨波甲1339,3,-99,9999
136.029053,35.088471,25210,3,99999,03116,野州市総合体育館,冨波甲1339,3,-99,9999
136.029053,35.088383,25210,3,99999,03112,野州市総合体育館,冨波甲1339,3,-99,9999
136.029053,35.088291,25210,3,99999,03129,野州市総合体育館,冨波甲1339,3,-99,9999
136.029368,35.088986,25210,3,99999,03105,野洲市総合体育館（温水プール）,冨波甲1339,3,-99,9999
136.073931,35.078284,25210,3,99999,03109,野洲市体育センター,大篠原3333-6,3,-99,9999
136.073931,35.07823,25210,3,99999,03116,野洲市体育センター,大篠原3333-6,3,-99,9999
136.074264,35.078335,25210,3,99999,03115,野洲市体育センター,大篠原3333-6,3,-99,9999
136.073928,35.078175,25210,3,99999,03120,野洲市体育センター,大篠原3333-6,3,-99,9999
136.009592,35.113612,25210,3,99999,03109,野洲市中主Ｂ＆Ｇセンター,六条460,3,-99,9999
136.010555,35.11405,25210,3,99999,03104,野洲市中主Ｂ＆Ｇセンター,六条460,3,-99,9999
136.010079,35.113466,25210,3,99999,03105,野洲市中主Ｂ＆Ｇセンター,六条460,3,-99,9999
136.043289,35.006037,25211,3,99999,03109,雨山体育館,雨山2-1-1,3,-99,9999
136.043449,35.005433,25211,3,99999,03109,雨山第二体育館,雨山2-1-1,3,-99,9999
136.043449,35.005355,25211,3,99999,03120,雨山第二体育館,雨山2-1-1,3,-99,9999
136.043443,35.005268,25211,3,99999,03111,雨山第二体育館,雨山2-1-1,3,-99,9999
136.042671,35.004903,25211,3,99999,03106,雨山市民プール,雨山2-1-1,4,-99,9999
136.043567,35.00466,25211,3,99999,03146,雨山ランニングコース,雨山2-3887-30～宝来坂4-3877-16,4,-99,9999
136.043593,35.004115,25211,3,99999,03143,雨山ハイキングコース,石部3877-6,4,-99,9999
136.044295,35.00534,25211,3,99999,03101,雨山総合グラウンド,雨山2-3877-38,3,-99,9999
136.044292,35.005197,25211,3,99999,03102,雨山総合グラウンド,雨山2-3877-38,3,-99,9999
136.044289,35.005048,25211,3,99999,03103,雨山総合グラウンド,雨山2-3877-38,3,-99,9999
136.042839,35.0061,25211,3,99999,03115,雨山テニスコート,雨山2-3877-30,3,-99,9999
136.043051,35.004329,25211,3,99999,03142,雨山キャンプ場,雨山2-1-1,3,-99,9999
136.126401,35.012493,25211,3,99999,03109,水戸体育館,梅影町4-2,3,-99,9999
136.126401,35.012449,25211,3,99999,03120,水戸体育館,梅影町4-2,3,-99,9999
136.129829,35.01739,25211,3,99999,03101,湖南市民グラウンド,高松町7,3,-99,9999
136.129639,35.018685,25211,3,99999,03102,湖南市民グラウンド,高松町7,3,-99,9999
136.123764,35.013006,25211,3,99999,03115,田代ヶ池テニスコート,水戸町32,3,-99,9999
136.081728,35.009856,25211,3,99999,03102,野洲川運動公園,中央3-1地先,3,-99,9999
136.075846,35.012532,25211,3,99999,03104,野洲川運動公園,中央3-1地先,3,-99,9999
136.080005,35.010625,25211,3,99999,03103,野洲川運動公園,中央3-1地先,3,-99,9999
136.079133837288,35.0111668431814,25211,3,99999,03115,野洲川運動公園,中央3-1地先,3,-99,9999
136.096642,35.000794,25211,3,99999,03101,野洲川親水公園,夏見地先,3,-99,9999
136.096642,35.000682,25211,3,99999,03102,野洲川親水公園,夏見地先,3,-99,9999
136.095186,35.001821,25211,3,99999,03138,野洲川親水公園,夏見地先,3,-99,9999
136.049508,35.46246,25212,3,99999,03109,マキノ土に学ぶ里研修センター,マキノ町蛭口260-1,3,-99,9999
136.000496,35.416152,25212,3,99999,03101,今津総合運動公園,今津町日置前3110,3,-99,9999
136.030478,35.405977,25212,3,99999,03109,今津勤労者体育センター,今津町今津1952-1,3,-99,9999
136.025462,35.422267,25212,3,99999,03109,今津北体育館,今津町日置前100,3,-99,9999
136.007956,35.407773,25212,3,99999,03109,今津上体育館,今津町上弘部486,3,-99,9999
136.006446,35.343723,25212,3,99999,03104,健康の森梅ノ子運動公園,安曇川町南古賀65他,3,-99,9999
136.004913,35.34542,25212,3,99999,03115,健康の森梅ノ子運動公園,安曇川町南古賀65他,3,-99,9999
136.006375,35.345236,25212,3,99999,03138,健康の森梅ノ子運動公園,安曇川町南古賀65他,3,-99,9999
136.014316,35.333549,25212,3,99999,03109,安曇川総合体育館,安曇川町田中630-1,3,-99,9999
136.014316,35.333471,25212,3,99999,03116,安曇川総合体育館,安曇川町田中630-1,3,-99,9999
136.014316,35.333379,25212,3,99999,03120,安曇川総合体育館,安曇川町田中630-1,3,-99,9999
136.01431,35.333287,25212,3,99999,03112,安曇川総合体育館,安曇川町田中630-1,3,-99,9999
136.002926,35.306714,25212,3,99999,03109,高島Ｂ＆Ｇ海洋センター,宮野1516,3,-99,9999
136.002926,35.306637,25212,3,99999,03112,高島Ｂ＆Ｇ海洋センター,宮野1516,3,-99,9999
136.002926,35.306554,25212,3,99999,03120,高島Ｂ＆Ｇ海洋センター,宮野1516,3,-99,9999
136.002926,35.306297,25212,3,99999,03103,高島Ｂ＆Ｇ海洋センター,宮野1516,3,-99,9999
136.002932,35.3062,25212,3,99999,03116,高島Ｂ＆Ｇ海洋センター,宮野1516,3,-99,9999
136.002926,35.306477,25212,3,99999,03105,高島Ｂ＆Ｇ海洋センター,宮野1516,3,-99,9999
136.002926,35.306389,25212,3,99999,03138,高島Ｂ＆Ｇ海洋センター,宮野1516,3,-99,9999
136.025426,35.35609,25212,3,99999,03102,新旭森林スポーツ公園,新旭町熊野本245,3,-99,9999
136.026662,35.357806,25212,3,99999,03115,新旭森林スポーツ公園,新旭町熊野本245,3,-99,9999
136.025117,35.3569,25212,3,99999,03138,新旭森林スポーツ公園,新旭町熊野本245,3,-99,9999
136.038423,35.353383,25212,3,99999,03109,新旭体育館,新旭町旭818,3,-99,9999
136.038951,35.353388,25212,3,99999,03111,新旭武道館,新旭町旭818,3,-99,9999
136.191227,35.086308,25213,3,99999,03109,布引運動公園,今堀町581-11,4,-99,1991
136.191227,35.086201,25213,3,99999,03120,布引運動公園,今堀町581-11,4,-99,1991
136.191227,35.08609,25213,3,99999,03116,布引運動公園,今堀町581-11,4,-99,1991
136.191227,35.085973,25213,3,99999,03110,布引運動公園,今堀町581-11,4,-99,1991
136.191447,35.086819,25213,3,99999,03105,布引運動公園,今堀町581-11,4,-99,1991
136.191845,35.087057,25213,3,99999,03121,布引運動公園,今堀町581-11,4,-99,1991
136.191275,35.087801,25213,3,99999,03104,布引運動公園,今堀町581-11,4,-99,1991
136.191269,35.087646,25213,3,99999,03138,布引運動公園,今堀町581-11,4,-99,1991
136.196293,35.083058,25213,3,99999,03101,布引運動公園陸上競技場（布引グリーンスタジアム）,芝原町1503,3,-99,2010
136.196436,35.083953,25213,3,99999,03104,布引運動公園陸上競技場（布引グリーンスタジアム）,芝原町1503,3,-99,2010
136.197446,35.083831,25213,3,99999,03129,布引運動公園陸上競技場（布引グリーンスタジアム）,芝原町1503,3,-99,2010
136.2346,35.08936,25213,3,99999,03102,長山公園,上大森町370,3,-99,1979
136.234588,35.089778,25213,3,99999,03103,長山公園,上大森町370,3,-99,1979
136.2346,35.089554,25213,3,99999,03115,長山公園,上大森町370,3,-99,1979
136.2346,35.089165,25213,3,99999,03138,長山公園,上大森町370,3,-99,1979
136.296516,35.069703,25213,3,99999,03109,永源寺運動公園,上二俣町44,3,-99,1982
136.29492,35.069568,25213,3,99999,03102,永源寺運動公園,上二俣町44,3,-99,1982
136.29492,35.069743,25213,3,99999,03138,永源寺運動公園,上二俣町44,3,-99,1982
136.168606,35.156944,25213,3,99999,03102,繖（きぬがさ）公園,五個荘川並町1204,3,-99,1984
136.168583,35.156341,25213,3,99999,03115,繖（きぬがさ）公園,五個荘川並町1204,3,-99,1984
136.168523,35.157954,25213,3,99999,03104,繖（きぬがさ）公園,五個荘川並町1204,3,-99,1984
136.193452,35.151902,25213,3,99999,03109,五個荘体育館,五個荘小幡町297,3,-99,1974
136.271774,35.102692,25213,3,99999,03109,おくのの運動公園,青山町70,3,-99,1982
136.272451,35.101321,25213,3,99999,03101,おくのの運動公園,青山町70,3,-99,1982
136.273295,35.102566,25213,3,99999,03102,おくのの運動公園,青山町70,3,-99,1982
136.27446,35.102118,25213,3,99999,03115,おくのの運動公園,青山町70,3,-99,1982
136.273931,35.100665,25213,3,99999,03104,おくのの運動公園,青山町70,3,-99,1982
136.2486,35.1247,25213,3,99999,03102,湖東スタジアム,池庄町610,3,-99,1991
136.247489,35.125964,25213,3,99999,03102,ひばりグラウンド・パークゴルフ,池庄町610,3,-99,1988
136.247489,35.125823,25213,3,99999,03103,ひばりグラウンド・パークゴルフ,池庄町610,3,-99,1988
136.249931,35.12506,25213,3,99999,03116,ひばりドーム・テニスコート,池庄町610,3,-99,1995
136.250489,35.124574,25213,3,99999,03115,ひばりドーム・テニスコート,池庄町610,3,-99,1995
136.244709,35.128706,25213,3,99999,03109,湖東体育館,池庄町488,3,-99,1979
136.24587,35.12822,25213,3,99999,03105,湖東プール,池庄町496,3,-99,1986
136.215505,35.125846,25213,3,99999,03102,すこやかの杜（もり）運動公園,小田苅町1890,3,-99,1986
136.214982,35.126595,25213,3,99999,03115,すこやかの杜（もり）運動公園,小田苅町1890,3,-99,1986
136.214851,35.127032,25213,3,99999,03103,すこやかの杜（もり）運動公園,小田苅町1890,3,-99,1986
136.156392,35.186762,25213,3,99999,03109,能登川スポーツセンター,山路町600,3,-99,1978
136.156784,35.186577,25213,3,99999,03112,能登川スポーツセンター,山路町600,3,-99,1978
136.157206,35.186014,25213,3,99999,03102,能登川スポーツセンター,山路町600,3,-99,1978
136.171305,35.182472,25213,3,99999,03105,能登川プール,垣見町50,3,-99,9999
136.131276,35.210635,25213,3,99999,03102,ふれあい運動公園,栗見新田町1224,3,-99,1996
136.128477,35.210479,25213,3,99999,03103,ふれあい運動公園,栗見新田町1224,3,-99,1996
136.154032,35.156389,25213,3,99999,03115,やわらぎの郷公園,南須田町4,3,-99,1990
136.153247,35.155898,25213,3,99999,03138,やわらぎの郷公園,南須田町4,3,-99,1990
136.169109,35.053293,25213,3,99999,03102,蒲生運動公園,上南町50,4,-99,1973
136.168717,35.054315,25213,3,99999,03115,蒲生運動公園,上南町50,4,-99,1973
136.167445,35.055531,25213,3,99999,03103,蒲生運動公園,上南町50,4,-99,1973
136.181197,35.061261,25213,3,99999,03109,蒲生体育館,市子川原町679,3,-99,1982
136.181197,35.061076,25213,3,99999,03120,蒲生体育館,市子川原町679,3,-99,1982
136.148914,35.095174,25213,3,99999,03104,平田グラウンド,下羽田町84-1,3,-99,1979
136.14856,35.094509,25213,3,99999,03109,東近江市トレーニングセンター,下羽田町54,3,-99,1983
136.366798,35.365622,25214,3,99999,03109,米原市民体育館,長岡3127,3,-99,9999
136.272075,35.297351,25214,3,99999,03102,米原市米原野球場,磯899-2,3,-99,9999
136.280756,35.312226,25214,3,99999,03138,すぱーく米原,入江292,3,-99,9999
136.382436,35.382948,25214,3,99999,03104,すぱーく伊吹,春照55-3,3,-99,9999
136.382436,35.382783,25214,3,99999,03138,すぱーく伊吹,春照55-3,3,-99,9999
136.36077,35.372964,25214,3,99999,03138,すぱーく山東,池下80-1,3,-99,9999
136.350354,35.377598,25214,3,99999,03104,米原市山東グラウンド,市場1077,4,-99,9999
136.378497,35.382504,25214,3,99999,03102,米原市伊吹第１グラウンド,春照77-1,3,-99,9999
136.378497,35.382717,25214,3,99999,03103,米原市伊吹第１グラウンド,春照77-1,3,-99,9999
136.378497,35.3826,25214,3,99999,03104,米原市伊吹第１グラウンド,春照77-1,3,-99,9999
136.381223,35.383186,25214,3,99999,03102,米原市伊吹第２グラウンド,春照1852,3,-99,9999
136.381223,35.383055,25214,3,99999,03103,米原市伊吹第２グラウンド,春照1852,3,-99,9999
136.381223,35.38291,25214,3,99999,03104,米原市伊吹第２グラウンド,春照1852,3,-99,9999
136.300643,35.340695,25214,3,99999,03102,米原市近江グラウンド,顔戸1513,3,-99,9999
136.300643,35.340889,25214,3,99999,03103,米原市近江グラウンド,顔戸1513,3,-99,9999
136.300643,35.341063,25214,3,99999,03138,米原市近江グラウンド,顔戸1513,3,-99,9999
136.399912,35.340425,25214,3,99999,03109,米原市山東Ｂ＆Ｇ海洋センター,柏原2293-1,3,-99,9999
136.399508,35.340187,25214,3,99999,03105,米原市山東Ｂ＆Ｇ海洋センター,柏原2293-1,3,-99,9999
136.3792,35.38176,25214,3,99999,03105,米原市伊吹Ｂ＆Ｇ海洋センター,春照72-2,3,-99,9999
136.377778,35.382012,25214,3,99999,03109,伊吹山麓青少年総合体育館,春照77-2,3,-99,9999
136.377772,35.381925,25214,3,99999,03112,伊吹山麓青少年総合体育館,春照77-2,3,-99,9999
136.377772,35.381823,25214,3,99999,03129,伊吹山麓青少年総合体育館,春照77-2,3,-99,9999
136.238419,35.030406,25383,3,99999,03109,大谷公園,大字大谷字東山341-1,3,-99,9999
136.238384,35.029462,25383,3,99999,03104,大谷公園,大字大谷字東山341-1,3,-99,9999
136.239834,35.030017,25383,3,99999,03102,大谷公園,大字大谷字東山341-1,3,-99,9999
136.239216,35.028907,25383,3,99999,03115,大谷公園,大字大谷字東山341-1,3,-99,9999
136.224777,35.011461,25383,3,99999,03102,内池公園グラウンド,内池,3,-99,9999
136.224777,35.011339,25383,3,99999,03103,内池公園グラウンド,内池,3,-99,9999
136.224777,35.011212,25383,3,99999,03138,内池公園グラウンド,内池,3,-99,9999
136.268277,35.007046,25383,3,99999,03102,日野川ダム公園グラウンド,西大路,3,-99,9999
136.267909,35.006228,25383,3,99999,03138,日野川ダム公園グラウンド,西大路,3,-99,9999
136.124183,35.075541,25384,3,99999,03112,武道交流会館,大字橋本20,4,-99,9999
136.1165,35.052056,25384,3,99999,03101,竜王町総合運動公園（ドラゴンハット）,大字岡屋3333,3,-99,9999
136.116512,35.051745,25384,3,99999,03102,竜王町総合運動公園（ドラゴンハット）,大字岡屋3333,3,-99,9999
136.116512,35.051964,25384,3,99999,03103,竜王町総合運動公園（ドラゴンハット）,大字岡屋3333,3,-99,9999
136.116512,35.051857,25384,3,99999,03138,竜王町総合運動公園（ドラゴンハット）,大字岡屋3333,3,-99,9999
136.115835,35.053117,25384,3,99999,03109,竜王町総合運動公園（ドラゴンスポーツセンター）,大字岡屋3333,3,-99,9999
136.115835,35.053039,25384,3,99999,03112,竜王町総合運動公園（ドラゴンスポーツセンター）,大字岡屋3333,3,-99,9999
136.115835,35.052956,25384,3,99999,03105,竜王町総合運動公園（ドラゴンスポーツセンター）,大字岡屋3333,3,-99,9999
136.115835,35.052864,25384,3,99999,03121,竜王町総合運動公園（ドラゴンスポーツセンター）,大字岡屋3333,3,-99,9999
136.115579,35.051964,25384,3,99999,03115,竜王町総合運動公園（テニスコート）,大字岡屋3333,3,-99,9999
136.113731,35.052056,25384,3,99999,03102,竜王町総合運動公園（自由広場）,大字岡屋3333,3,-99,9999
136.113737,35.051881,25384,3,99999,03103,竜王町総合運動公園（自由広場）,大字岡屋3333,3,-99,9999
136.115835,35.05245,25384,3,99999,03129,竜王町総合運動公園（ドラゴンスポーツジム＆スタジオ）,大字岡屋3333,3,-99,9999
136.14235,35.070788,25384,3,99999,03104,竜王町農村運動広場,川守5,3,-99,9999
136.142338,35.070594,25384,3,99999,03103,竜王町農村運動広場,川守5,3,-99,9999
136.142344,35.070395,25384,3,99999,03142,竜王町農村運動広場（妹背の里）,川守5,3,-99,9999
136.253068,35.163297,25425,3,99999,03104,秦荘グラウンド,軽野甲100,3,-99,9999
136.252575,35.164026,25425,3,99999,03109,秦荘体育館,軽野甲100,3,-99,9999
136.252236,35.163613,25425,3,99999,03112,秦荘武道館,軽野甲100,3,-99,9999
136.204296,35.18668,25425,3,99999,03104,愛荘町ふれ愛スポーツ公園,長野1973,3,-99,9999
136.211349,35.170992,25425,3,99999,03109,愛荘町愛知川体育館,愛知川13-2,3,-99,9999
136.211207,35.171217,25425,3,99999,03115,愛荘町愛知川体育館,愛知川13-2,3,-99,9999
136.211121,35.171127,25425,3,99999,03112,愛荘町愛知川武道館,愛知川13-1,3,-99,9999
136.224618,35.182503,25425,3,99999,03115,愛荘町中央スポーツ公園,川久保145,4,-99,9999
136.224624,35.182707,25425,3,99999,03103,愛荘町中央スポーツ公園,川久保145,4,-99,9999
136.224624,35.182605,25425,3,99999,03122,愛荘町中央スポーツ公園,川久保145,4,-99,9999
136.251565,35.172427,25425,3,99999,03104,はつらつドーム,蚊野2978-1,3,-99,1999
136.251807,35.171274,25425,3,99999,03105,けんこうプール,蚊野2978-1,3,-99,9999
136.251807,35.171245,25425,3,99999,03107,けんこうプール,蚊野2978-1,3,-99,9999
136.251807,35.171301,25425,3,99999,03129,けんこうプール,蚊野2978-1,3,-99,9999
136.222962,35.183393,25425,3,99999,03104,保愛運動場,川久保164-1,4,-99,9999
136.270131,35.18752,25442,3,99999,03104,甲良町総合公園,池寺123-2,4,-99,9999
136.268672,35.187877,25442,3,99999,03102,甲良町総合公園,池寺123-2,4,-99,9999
136.250477,35.223679,25202,3,99999,03115,呉竹児童公園施設,葛籠町,4,-99,9999
136.250848,35.223303,25202,3,99999,03104,呉竹児童公園施設,葛籠町,4,-99,9999
136.294245,35.220087,25443,3,99999,03109,多賀町Ｂ＆Ｇ海洋センター,多賀245-2,3,-99,9999
136.294488,35.219105,25443,3,99999,03106,多賀町Ｂ＆Ｇ海洋センター,多賀245-2,3,-99,9999
136.29415,35.21947,25443,3,99999,03137,多賀町Ｂ＆Ｇ海洋センター,多賀245-2,3,-99,9999
136.283908,35.225409,25443,3,99999,03109,勤労者体育センター,多賀1330,3,-99,9999
136.296505,35.192825,25443,3,99999,03109,滝の宮スポーツ公園,富之尾1586-5,3,-99,9999
136.296705,35.191684,25443,3,99999,03102,滝の宮スポーツ公園,富之尾1586-5,3,-99,9999
136.297429,35.191951,25443,3,99999,03115,滝の宮スポーツ公園,富之尾1586-5,3,-99,9999
136.296259,35.192271,25443,3,99999,03106,滝の宮スポーツ公園,富之尾1586-5,3,-99,9999
136.01799,35.296104,25212,3,99999,03109,大阪市立びわ湖青少年の家,勝野1523-1,4,2,9999
136.01799,35.296104,25212,3,99999,03137,大阪市立びわ湖青少年の家,勝野1523-1,4,2,9999
136.694293,35.063347,24205,3,03001,03001,桑名市博物館,京町37-1,3,2,1985
136.489875,35.012766,24341,3,03001,03001,パラミタミュージアム,大羽根園松ケ枝町21-6,4,-99,2003
136.558977,35.047467,24202,3,03002,03002,秤乃館,中野町1163,4,2,1991
136.688292,35.121618,24205,3,03002,03002,輪中の郷,長島町西川1093,3,2,1993
136.470586,35.176712,24214,3,03002,03002,藤原岳自然科学館,藤原町坂本870-1,3,-99,1974
136.659463,35.036654,24343,3,03002,03002,朝日町歴史博物館,大字柿2278,3,-99,1997
136.642168,35.01421,24202,3,03003,03003,四日市地域総合会館あさけプラザ図書館,下之宮町296-1,3,5,9999
136.631517,35.131158,24205,3,03003,03003,桑名市立ふるさと多度文学館,多度町多度2-24-1,3,2,9999
136.687081,35.063138,24205,3,03003,03003,桑名市立中央図書館,中央町3-79,3,4,2004
136.564806,35.118081,24214,3,03003,03003,いなべ市員弁図書館,員弁町楚原940,3,-99,2000
136.54537,35.091915,24214,3,03003,03003,いなべ市大安図書館,大安町大井田1305,3,-99,1986
136.486552,35.175098,24214,3,03003,03003,いなべ市藤原図書館,藤原町市場493-1,3,-99,1989
136.525841,35.152485,24214,3,03003,03003,いなべ市北勢図書館,北勢町阿下喜3083-1,3,-99,1990
136.586364,35.073241,24324,3,03003,03003,東員町立図書館,大字山田1700,3,-99,9999
136.659005,35.036734,24343,3,03003,03003,朝日町あさひライブラリー,柿2278,3,-99,9999
136.708563,35.085568,24205,3,99999,03003,桑名市立長島輪中図書館,長島町源部外面337,3,2,2006
136.50718,35.019182,24341,3,99999,03003,菰野町図書館,大字潤田1250,3,2,2008
136.673444,35.072561,24205,3,99999,03003,桑名点訳会,高塚町2-18,4,-99,1982
136.608349,35.022529,24202,3,99999,03003,四日市大学情報センター,萱生町1200,4,-99,9999
136.608349,35.022529,24202,3,99999,03003,四日市看護医療大学図書館,萱生町1200,4,-99,9999
136.689043,35.063245,24205,3,99999,03109,桑名市体育館,中央町3-38,3,-99,9999
136.689043,35.063162,24205,3,99999,03110,桑名市体育館,中央町3-38,3,-99,9999
136.689049,35.063079,24205,3,99999,03111,桑名市体育館,中央町3-38,3,-99,9999
136.689049,35.063001,24205,3,99999,03120,桑名市体育館,中央町3-38,3,-99,9999
136.689049,35.062924,24205,3,99999,03129,桑名市体育館,中央町3-38,3,-99,9999
136.699389,35.064933,24205,3,99999,03102,桑名市九華公園野球場,吉之丸5-1,3,-99,9999
136.698457,35.064286,24205,3,99999,03118,桑名市九華公園相撲場,吉之丸5-１,3,-99,9999
136.6744,35.064195,24205,3,99999,03115,桑名市立花公園テニスコート,立花町1-4,3,-99,9999
136.645522,35.080717,24205,3,99999,03102,桑名市大山田第4公園野球場,筒尾9-5,3,-99,9999
136.631574,35.081471,24205,3,99999,03115,桑名市大山田第2公園テニスコート,野田3-5,3,-99,9999
136.632364,35.081578,24205,3,99999,03104,桑名市大山田第2公園運動広場,野田3-5,3,-99,9999
136.698769,35.066105,24205,3,99999,03106,桑名市民プール,吉之丸8-1,3,-99,9999
136.69893,35.065741,24205,3,99999,03107,桑名市民プール,吉之丸8-1,3,-99,9999
136.694555,35.050287,24205,3,99999,03115,桑名市江場テニスコート,江場字金縄444,3,-99,9999
136.678824,35.089093,24205,3,99999,03102,桑名市北部野球場,東汰上字大砂田835,3,-99,9999
136.665847,35.103826,24205,3,99999,03102,桑名市深谷野球場,下深谷部5080-7,3,-99,9999
136.624574,35.051613,24205,3,99999,03115,桑名市こばさか公園テニスコート,赤尾台1-37,3,-99,9999
136.628868,35.089067,24205,3,99999,03115,桑名市運動総合公園テニスコート,芳ケ崎1859-4,3,-99,9999
136.630044,35.088124,24205,3,99999,03104,桑名市運動総合公園テニスコート,芳ケ崎1859-4,3,-99,9999
136.63481,35.134214,24205,3,99999,03115,桑名市多度テニスコート,多度町多度739-2,3,-99,9999
136.635171,35.134287,24205,3,99999,03109,桑名市多度体育センター,多度町多度738-4,3,-99,9999
136.640193,35.104699,24205,3,99999,03104,桑名市多度アイリスパークグラウンド,多度町御衣野4000,3,-99,9999
136.639872,35.105783,24205,3,99999,03102,桑名市多度アイリスパーク野球場,多度町御衣野4000,3,-99,9999
136.698939,35.086788,24205,3,99999,03109,桑名市長島B&G海洋センター体育館,長島町松ヶ島59,3,-99,9999
136.704645,35.108354,24205,3,99999,03102,桑名市長島運動公園野球場,長島町押付・小島,3,-99,9999
136.702318,35.111604,24205,3,99999,03115,桑名市長島運動公園テニスコート,長島町押付・小島,3,-99,9999
136.698768,35.087268,24205,3,99999,03105,桑名市長島Ｂ＆Ｇ海洋センタープール,長島町松ヶ島59,3,-99,9999
136.703144,35.110471,24205,3,99999,03102,桑名市長島運動公園,長島町押付・小島,3,-99,9999
136.706228,35.106568,24205,3,99999,03103,桑名市長島運動公園,長島町押付・小島,3,-99,9999
136.719447,35.101688,24303,3,99999,03104,木曽川グランド,大字加路戸,3,-99,9999
136.740917,35.086776,24303,3,99999,03102,鍋田川グランド,大字新加路戸,3,-99,9999
136.74437,35.084272,24303,3,99999,03115,鍋田川グランド,大字新加路戸,3,-99,9999
136.728717,35.074892,24303,3,99999,03104,西部グランド,大字西対海地,3,-99,9999
136.73126,35.074063,24303,3,99999,03109,木曽岬町体育館,大字田代168,3,-99,9999
136.524445,35.153325,24214,3,99999,03109,北勢体育館,北勢町阿下喜2624-2,3,-99,9999
136.540017,35.143775,24214,3,99999,03104,北勢其原グラウンド,北勢町其原707,3,-99,9999
136.518755,35.152002,24214,3,99999,03112,北勢武道場,北勢町阿下喜1980,3,-99,9999
136.514682,35.131073,24214,3,99999,03104,北勢中山グラウンド,北勢町中山5-2,3,-99,9999
136.564329,35.117499,24214,3,99999,03112,員弁運動公園体育館,員弁町楚原936,3,-99,9999
136.564329,35.117397,24214,3,99999,03129,員弁運動公園体育館,員弁町楚原936,3,-99,9999
136.56579,35.116663,24214,3,99999,03104,員弁運動公園運動場,員弁町楚原936,3,-99,9999
136.567485,35.138272,24214,3,99999,03102,員弁市之原野球場,員弁町市之原2331-18,3,-99,9999
136.56648,35.116897,24214,3,99999,03115,員弁運動公園テニスコート,員弁町楚原936,3,-99,9999
136.564988,35.115599,24214,3,99999,03103,員弁運動公園サッカー場,員弁町楚原936,3,-99,9999
136.564376,35.116342,24214,3,99999,03102,員弁運動公園野球場,員弁町楚原936,3,-99,9999
136.563788,35.116999,24214,3,99999,03106,員弁運動公園プール,員弁町楚原936,3,-99,9999
136.537043,35.095035,24214,3,99999,03109,大安スポーツ公園体育館,大安町大井田2704,3,-99,9999
136.53923,35.095016,24214,3,99999,03102,大安スポーツ公園野球場,大安町大井田2704,3,-99,9999
136.543086,35.0959,24214,3,99999,03104,大安スポーツ公園運動場,大安町大井田2704,3,-99,9999
136.540293,35.094967,24214,3,99999,03115,大安スポーツ公園テニスコート,大安町大井田2704,3,-99,9999
136.554994,35.073785,24214,3,99999,03109,Ｂ＆Ｇ大安海洋センター,大安町大井田2704,3,-99,9999
136.554994,35.073744,24214,3,99999,03112,Ｂ＆Ｇ大安海洋センター,大安町大井田2704,3,-99,9999
136.554994,35.073706,24214,3,99999,03137,Ｂ＆Ｇ大安海洋センター,大安町大井田2704,3,-99,9999
136.504633,35.09867,24214,3,99999,03104,大安西部運動広場,大安町鍋坂2225,3,-99,9999
136.507971,35.104389,24214,3,99999,03110,大安武道館,大安町石榑南335,3,-99,9999
136.507971,35.104313,24214,3,99999,03111,大安武道館,大安町石榑南335,3,-99,9999
136.540748,35.095087,24214,3,99999,03109,大安スポーツ公園スパーク大安,大安町大井田2704,3,-99,9999
136.487476,35.175493,24214,3,99999,03104,藤原運動場,藤原町市場493-1,3,-99,9999
136.491694,35.17123,24214,3,99999,03102,藤原第１野球場,藤原町市場137-3,3,-99,9999
136.457223,35.205185,24214,3,99999,03102,藤原第２野球場,篠立3387,3,-99,9999
136.543358,35.137919,24214,3,99999,03103,北勢フットサルコート,北勢町其原808,3,-99,9999
136.583632,35.074156,24324,3,99999,03109,東員町総合体育館,大字山田1600,3,-99,9999
136.584714,35.073516,24324,3,99999,03109,東員町総合体育館,大字山田1600,3,-99,9999
136.580039549533,35.0705199576946,24324,3,99999,03106,東員町民プール,大字北大社428-6,3,-99,9999
136.579779,35.070159,24324,3,99999,03107,東員町民プール,大字北大社428-6,3,-99,9999
136.581004593869,35.0698448251455,24324,3,99999,03102,東員勤労者体育センター,大字北大社450,3,-99,9999
136.576851,35.072622,24324,3,99999,03115,東員町中央テニスコート,大字北大社450,3,-99,9999
136.607737,35.09699,24324,3,99999,03102,城山球場,城山3-4-1,3,-99,9999
136.606097,35.091308,24324,3,99999,03115,城山テニスコート,城山1-47-1,3,-99,9999
136.578323,35.071547,24324,3,99999,03101,東員町スポーツ公園陸上競技場,大字北大社323,3,-99,9999
136.572415,35.05762,24324,3,99999,03104,長深グラウンド,大字長深3583,3,-99,9999
136.653953,35.009791,24202,3,99999,03115,松原テニスコート,松原町4-15,3,-99,9999
136.616432,35.015326,24202,3,99999,03102,垂坂ソフトボール場,大矢知町字大沢1981-25,3,-99,9999
136.61497,35.015311,24202,3,99999,03103,垂坂サッカー場,大矢知町字大沢1981-25,3,-99,9999
136.653228,35.010472,24202,3,99999,03102,松原野球場,松原町4-15,3,-99,9999
136.487502,35.015682,24341,3,99999,03109,菰野町Ｂ＆Ｇ海洋センター,大字菰野4775-1,3,-99,9999
136.487324,35.015307,24341,3,99999,03106,菰野町Ｂ＆Ｇ海洋センター,大字菰野4775-1,3,-99,9999
136.514053,35.016385,24341,3,99999,03109,菰野町体育センター,大字福村871-3,3,-99,9999
136.514053,35.016303,24341,3,99999,03120,菰野町体育センター,大字福村871-3,3,-99,9999
136.493802,35.018628,24341,3,99999,03102,大羽根運動公園,大羽根園河川敷,3,-99,9999
136.49202,35.017971,24341,3,99999,03104,大羽根運動公園,大羽根園河川敷,3,-99,9999
136.494141,35.017708,24341,3,99999,03115,大羽根運動公園,大羽根園河川敷,3,-99,9999
136.496411,35.018866,24341,3,99999,03103,大羽根運動公園,大羽根園河川敷,3,-99,9999
136.494563,35.041983,24341,3,99999,03102,朝明野球場,大字干草,3,-99,9999
136.49325,35.041434,24341,3,99999,03104,朝明西運動広場,大字干草,3,-99,9999
136.658889,35.035196,24343,3,99999,03109,朝日町体育館,大字柿2146,3,-99,9999
136.658473,35.035537,24343,3,99999,03115,朝日町体育館,大字柿2146,3,-99,9999
136.652681,35.036174,24343,3,99999,03102,町民スポーツ施設,大字柿2822-1,3,-99,9999
136.652055955006,35.0361889568781,24343,3,99999,03106,町民スポーツ施設,大字柿2822-1,3,-99,9999
136.652313,35.036743,24343,3,99999,03104,町民スポーツ施設,大字柿2822-1,3,-99,9999
136.653079,35.03686,24343,3,99999,03115,町民スポーツ施設,大字柿2822-1,3,-99,9999
136.684653,35.009578,24344,3,99999,03102,川越町総合運動場,亀崎新田77-530,3,-99,9999
136.684029,35.010245,24344,3,99999,03104,川越町総合運動場,亀崎新田77-530,3,-99,9999
136.685443,35.009787,24344,3,99999,03115,川越町総合運動場,亀崎新田77-530,3,-99,9999
136.683434,35.01052,24344,3,99999,03112,川越町総合体育館,亀崎新田77-546,3,-99,9999
136.68344,35.010437,24344,3,99999,03129,川越町総合体育館,亀崎新田77-546,3,-99,9999
136.68379,35.010841,24344,3,99999,03106,川越町民プール,亀崎新田77-546,3,-99,9999
136.676816,35.065681,24205,3,99999,03109,桑名高等学校,東方1795,2,-99,9999
136.676816,35.065968,24205,3,99999,03112,桑名高等学校,東方1795,2,-99,9999
136.607315,35.047045,24205,3,99999,03109,桑名西高等学校,志知東山2839,2,-99,9999
136.607386,35.046617,24205,3,99999,03112,桑名西高等学校,志知東山2839,2,-99,9999
136.60848,35.045882,24205,3,99999,03104,桑名西高等学校,志知東山2839,2,-99,9999
136.658754,35.0932,24205,3,99999,03109,桑名北高等学校,下深谷部山王2527,2,-99,9999
136.658819,35.093463,24205,3,99999,03112,桑名北高等学校,下深谷部山王2527,2,-99,9999
136.659283,35.092514,24205,3,99999,03104,桑名北高等学校,下深谷部山王2527,2,-99,9999
136.659948,35.094313,24205,3,99999,03115,桑名北高等学校,下深谷部山王2527,2,-99,9999
136.658754,35.093302,24205,3,99999,03129,桑名北高等学校,下深谷部山王2527,2,-99,9999
136.616254,35.076317,24205,3,99999,03109,桑名工業高等学校,芳ヶ崎1330-1,2,-99,9999
136.616717,35.075612,24205,3,99999,03104,桑名工業高等学校,芳ヶ崎1330-1,2,-99,9999
136.55157,35.105024,24214,3,99999,03104,いなべ総合学園高等学校,員弁町御薗632,2,-99,9999
136.55226,35.106351,24214,3,99999,03109,いなべ総合学園高等学校,員弁町御薗632,2,-99,9999
136.552301,35.106657,24214,3,99999,03112,いなべ総合学園高等学校,員弁町御薗632,2,-99,9999
136.552307,35.106584,24214,3,99999,03130,いなべ総合学園高等学校,員弁町御薗632,2,-99,9999
136.666725,35.02685,24344,3,99999,03112,川越高等学校,豊田2302-1,2,-99,9999
136.667141,35.028358,24344,3,99999,03104,川越高等学校,豊田2302-1,2,-99,9999
136.648889,35.007583,24202,3,99999,03109,四日市高等学校,富田4-1-43,2,-99,9999
136.64842,35.006882,24202,3,99999,03104,四日市高等学校,富田4-1-43,2,-99,9999
136.647992,35.008522,24202,3,99999,03112,四日市高等学校,富田4-1-43,2,-99,9999
136.547854,35.04058,24202,3,99999,03109,朝明高等学校,中野町2216,2,-99,9999
136.546648,35.039568,24202,3,99999,03104,朝明高等学校,中野町2216,2,-99,9999
136.547658,35.040225,24202,3,99999,03112,朝明高等学校,中野町2216,2,-99,9999
136.642514,35.007934,24202,3,99999,03109,北星高等学校,茂福横座668-1,2,-99,9999
136.641557,35.008026,24202,3,99999,03115,北星高等学校,茂福横座668-1,2,-99,9999
136.642074,35.007696,24202,3,99999,03104,北星高等学校,茂福横座668-1,2,-99,9999
136.57532,35.021087,24202,3,99999,03109,北勢きらら学園,下海老町高松161,2,-99,9999
136.678207,35.075376,24205,3,99999,03109,くわな特別支援学校,東方尾弓田1073,2,-99,9999
136.678932,35.075128,24205,3,99999,03104,くわな特別支援学校,東方尾弓田1073,2,-99,9999
136.67952,35.075225,24205,3,99999,03115,くわな特別支援学校,東方尾弓田1073,2,-99,9999
136.948875,35.168758,23101,3,03001,03001,古川美術館・分館爲三郎記念館,池下町2-50,4,3,1991
136.911415,35.170826,23102,3,03001,03001,愛知芸術文化センター愛知県美術館,東桜1-13-2,2,12,1992
136.911017,35.175311,23102,3,03001,03001,楽只美術館,泉1-17-28,4,2,1987
136.909558,35.172383,23102,3,03001,03001,森村記念館,東桜1-10-18,4,2,1988
136.933792,35.183616,23102,3,03001,03001,徳川美術館,徳川町1017,4,3,1935
136.900602,35.142648,23106,3,03001,03001,名古屋ボストン美術館,金山町1-1-1,4,-99,1999
136.901296,35.163978,23106,3,03001,03001,名古屋市美術館,栄2-17-25,3,2,1988
136.899545,35.185531,23106,3,03001,03001,名古屋城,本丸1-1,3,-99,1959
136.953764,35.148455,23107,3,03001,03001,桑山美術館,山中町2-12,4,2,1981
136.948709,35.140262,23107,3,03001,03001,昭和美術館,汐見町4-1,4,-99,1978
136.988746,35.212456,23113,3,03001,03001,唐九郎記念館（翠松園陶芸記念館）,翠松園1-1710,4,-99,1980
136.74589,35.308109,23203,3,03001,03001,一宮市三岸節子記念美術館,小信中島字郷南3147-1,3,2,1998
136.801469,35.307821,23203,3,03001,03001,真清田神社宝物館,真清田1-2-1,4,-99,1989
136.96851,35.220335,23206,3,03001,03001,春日井市道風記念館,松河戸町946-2,3,2,1981
136.944728,35.378796,23215,3,03001,03001,岩田洗心館,大字犬山字富士見町26,4,-99,1970
136.919873,35.288797,23219,3,03001,03001,メナード美術館,小牧5-250,4,-99,1987
136.789803,35.246632,23220,3,03001,03001,稲沢市荻須記念美術館,稲沢町前田365-8,3,-99,1983
136.774938,35.240939,23220,3,03001,03001,国分寺収蔵庫,矢合町2490,4,1,1965
136.841014,35.234461,23233,3,03001,03001,清須市はるひ美術館,春日夢の森1,3,-99,1999
136.798332,35.179268,23237,3,03001,03001,だいきち美術七宝焼参考館,大字遠島八幡島694,4,-99,9999
136.799697,35.183737,23237,3,03001,03001,七宝町七宝焼アートヴィレッジ,大字遠島字13-2000,3,-99,2004
136.910322,35.181226,23102,3,03002,03002,名古屋市市政資料館,白壁1-3,3,3,1922
136.932571,35.183337,23102,3,03002,03002,名古屋市蓬左文庫,徳川町1001,3,-99,1951
136.902882,35.192116,23103,3,03002,03002,下水道科学館,名城1-3-3,3,-99,1989
136.876328,35.182387,23104,3,03002,03002,産業技術記念館（トヨタテクノミュージアム）,則武新町4-1-35,4,-99,1994
136.853311,35.173766,23105,3,03002,03002,名古屋市秀吉清正記念館,中村町字茶ノ木25（中村公園文化プラザ2階）,3,4,1967
136.899258,35.167728,23106,3,03002,03002,でんきの科学館,栄2-2-5,4,-99,1986
136.923057,35.183099,23102,3,03002,03002,三菱東京ＵＦＪ銀行貨幣資料館,赤塚町25,4,-99,2009
136.907039,35.177264,23106,3,03002,03002,歯の博物館,丸の内3-5-18（愛知県歯科医師会館3階）,4,-99,1989
136.901255,35.153635,23106,3,03002,03002,切支丹遺蹟博物館,橘1-21-38,4,1,1969
136.90024,35.164839,23106,3,03002,03002,名古屋市科学館,栄2-17-1,3,-99,1962
136.962819,35.149844,23107,3,03002,03002,南山大学人類学博物館,山里町18,4,3,1949
136.934905,35.136234,23108,3,03002,03002,名古屋市博物館,瑞穂通1-27-1,3,-99,1977
136.909936,35.124845,23109,3,03002,03002,熱田神宮宝物館,神宮1-1-1,4,-99,1966
136.879446,35.092248,23111,3,03002,03002,名古屋海洋博物館・南極観測船ふじ,港町1-9（名古屋港ポートビル内）,4,-99,1984
136.942044,35.099599,23112,3,03002,03002,名古屋市見晴台考古資料館,見晴町47,3,1,1979
136.995177,35.112822,23116,3,03002,03002,荒木集成館,中平5-616,4,2,1978
136.800633,35.284045,23203,3,03002,03002,一宮市博物館,大和町妙興寺2390,3,2,1987
136.7365,35.305708,23203,3,03002,03002,一宮市尾西歴史民俗資料館,起字下町211,3,2,1986
136.957255,35.243044,23206,3,03002,03002,春日井市立中央公民館内民俗展示室,柏原町1-97-1,3,-99,1977
136.753626,35.167608,23208,3,03002,03002,津島児童科学館,南新開2-74（津島地域文化広場）,3,2,1991
136.939227,35.385614,23215,3,03002,03002,犬山市文化史料館,大字犬山字北古券8,3,2,1986
136.939737,35.387816,23215,3,03002,03002,国宝犬山城,大字犬山字北古券65-2,4,4,9999
136.98828,35.339543,23215,3,03002,03002,博物館明治村,内山1,4,-99,1965
136.876347,35.334833,23217,3,03002,03002,江南市歴史民俗資料館,北野町川石25-1,3,3,1984
136.912077,35.29109,23219,3,03002,03002,小牧市歴史館（小牧城）,堀の内1-1,3,4,1968
136.897283,35.06222,23222,3,03002,03002,ガスエネルギー館,新宝町507-2,4,-99,1985
136.917935,35.031476,23222,3,03002,03002,東海市立平洲記念館・東海市立郷土資料館,荒尾町蜂ケ尻67,3,-99,1974
136.966553,35.012577,23223,3,03002,03002,大府市歴史民俗資料館,桃山町5-180-1,3,2,1980
136.877799,35.298782,23228,3,03002,03002,舩橋楽器資料館,八剱町石橋11,4,2,1992
136.738652,35.192415,23232,3,03002,03002,佐織歴史民俗資料室,諏訪町郷西456-1（佐織公民館内）,3,-99,1985
136.885487,35.250034,23234,3,03002,03002,北名古屋市歴史民俗資料館,熊之庄御榊53,3,3,1990
136.721302,35.106213,23235,3,03002,03002,弥富市歴史民俗資料館,前ケ須町野方731,3,2,1991
136.839732,35.241406,23233,3,03002,03002,清州市春日公民館郷土資料室,春日東出8-2,3,5,1991
136.910044,35.328322,23361,3,03002,03002,大口町歴史民俗資料館,伝右1-35（大口町健康文化センターほほえみプラザ3階）,3,-99,1998
136.798831,35.18637,23237,3,03002,03002,七宝町郷土資料館（休館中）,大字遠島字十坪119-3,3,2,1981
136.784566,35.200744,23237,3,03002,03002,美和町歴史民俗資料館,大字花正字七反地1,3,2,1983
136.790926,35.13714,23425,3,03002,03002,蟹江町歴史民俗資料館,大字今字蟹江浦23,3,2,1978
136.978845,35.160324,23101,3,03003,03003,名古屋市千種図書館,田代町字瓶杁1-137,3,-99,1968
136.946978,35.189196,23102,3,03003,03003,名古屋市東図書館,大幸南1-1-10,3,-99,2001
136.922746,35.228546,23103,3,03003,03003,名古屋市楠図書館,楠2-974,3,-99,1997
136.913208,35.203217,23103,3,03003,03003,名古屋市北図書館,志賀町4-60-31,3,-99,1997
136.890018,35.189613,23104,3,03003,03003,名古屋市西図書館,花の木2-18-23,3,-99,1994
136.853311,35.173766,23105,3,03003,03003,名古屋市中村図書館,中村町字茶ノ木25,3,-99,1991
136.895352,35.178448,23106,3,03003,03003,愛知芸術文化センター愛知県図書館,三の丸1-9-3,2,-99,9999
136.917267,35.15437,23107,3,03003,03003,名古屋市鶴舞中央図書館,鶴舞1-1-155,3,-99,1984
136.935551,35.136002,23108,3,03003,03003,名古屋市瑞穂図書館,東栄町2-1,3,-99,1969
136.910254,35.128689,23109,3,03003,03003,名古屋市熱田図書館,神宮3-1-15,3,-99,2001
136.861268,35.138659,23110,3,03003,03003,名古屋市中川図書館,吉良町178-3,3,-99,2002
136.813276,35.148609,23110,3,03003,03003,名古屋市富田図書館,服部3-601,3,-99,1997
136.885099,35.10605,23111,3,03003,03003,名古屋市港図書館,港楽1-14-16,3,-99,1999
136.823719,35.109589,23111,3,03003,03003,名古屋市南陽図書館,秋葉1-130-79,3,-99,2002
136.923896,35.1055,23112,3,03003,03003,名古屋市南図書館,千竃通2-10-2,3,-99,1992
136.955318,35.196727,23113,3,03003,03003,名古屋市守山図書館,守山1-6-1,3,-99,1972
136.966102,35.083537,23114,3,03003,03003,名古屋市緑図書館,旭出1-1104,3,-99,1972
136.999028,35.180862,23115,3,03003,03003,名古屋市名東図書館,文教台2-205,3,-99,1976
136.983418,35.124051,23116,3,03003,03003,名古屋市天白図書館,横町701,3,-99,1977
136.768441,35.339699,23203,3,03003,03003,一宮市立玉堂記念木曽川図書館,木曽川町外割田字西郷中25,3,-99,9999
136.738457,35.279424,23203,3,03003,03003,一宮市立尾西児童図書館,明地字上平33-1,3,-99,9999
136.751334,35.308602,23203,3,03003,03003,一宮市立尾西図書館,東五城字大平裏19-1,3,-99,9999
136.972196,35.2476,23206,3,03003,03003,春日井市図書館,鳥居松町5-44,3,-99,9999
136.716565,35.169632,23208,3,03003,03003,津島市立図書館,老松町1-1,3,-99,9999
136.943061,35.379537,23215,3,03003,03003,犬山市立図書館,大字犬山字東古券322-1,3,-99,9999
136.882669,35.334268,23217,3,03003,03003,江南市立図書館,石枕町神明82,3,-99,9999
136.918095,35.290519,23219,3,03003,03003,小牧市立図書館,小牧5-89,3,-99,9999
136.805595,35.252858,23220,3,03003,03003,稲沢市立稲沢図書館,国府宮3-1-1-101,3,-99,9999
136.72931,35.248438,23220,3,03003,03003,稲沢市立祖父江の森図書館,祖父江町桜方六町17,3,-99,9999
136.741921,35.215218,23220,3,03003,03003,稲沢市立平和町図書館,平和町中三宅二丁割60,3,-99,9999
136.908437,35.026134,23222,3,03003,03003,東海市立中央図書館,中央町3-2,3,-99,9999
136.966553,35.012577,23223,3,03003,03003,大府市中央図書館（休館予定）,桃山町5-180-1,3,-99,9999
136.873683,35.273492,23228,3,03003,03003,岩倉市図書館,昭和町2-17,3,-99,9999
136.726387,35.153247,23232,3,03003,03003,愛西市中央図書館,須依町東田面6,3,-99,9999
136.885488,35.249995,23234,3,03003,03003,北名古屋市東図書館,熊之庄字御榊53,3,-99,9999
136.858821,35.251629,23234,3,03003,03003,北名古屋市西図書館,法成寺蔵化60,3,-99,9999
136.724557,35.109517,23235,3,03003,03003,弥富市立図書館,前ケ須町南本田347,3,-99,9999
136.911324,35.328776,23361,3,03003,03003,大口町立図書館,伝右1-47,3,-99,9999
136.911593,35.362841,23362,3,03003,03003,扶桑町図書館,大字高雄字福塚183-1,3,-99,9999
136.784546,35.204104,23237,3,03003,03003,あま市美和図書館,花正地先1-1,3,-99,9999
136.778256,35.127318,23425,3,03003,03003,蟹江町図書館,大字蟹江新田字札中地101-1,3,-99,9999
136.792912,35.080612,23427,3,03003,03003,飛島村図書館,大字松之郷3-46-1,3,-99,9999
136.878169,35.091439,23111,3,03004,03004,名古屋港水族館,港町1-3,4,-99,1992
136.977678,35.153372,23101,3,03005,03005,名古屋市東山動植物園,東山元町3-70,3,-99,2000
136.90823,35.161331,23106,3,03005,03005,ランの館,大須4-4-1,3,-99,1998
136.8125,35.115398,23111,3,03005,03005,名古屋市農業文化園,春田野2-3204,3,-99,1989
136.956309,35.389037,23215,3,03005,03005,日本モンキーセンター,犬山官林26,4,-99,1956
136.961014,35.168071,23101,3,99999,03002,愛知学院大学歯学部歯科資料展示室,楠元町1-100,4,-99,1995
136.932983,35.144325,23107,3,99999,03002,サイクル・ギャラリー・ヤガミ・自転車資料館,桜山町1-15,4,-99,1989
136.844613,35.162589,23105,3,99999,03001,大一美術館,鴨付町1-22,4,2,1997
136.851028,35.048923,23111,3,99999,03002,リニア・鉄道館,金城ふ頭3-2-2,4,2,2011
136.738611,35.192408,23232,3,99999,03003,愛西市佐織図書館,諏訪町郷西456-1,3,-99,9999
136.693749,35.169265,23232,3,99999,03003,愛西市立田図書館,小茂井町松下5,3,-99,9999
136.815939,35.307334,23203,3,99999,03003,一宮市立子ども文化広場図書館,朝日1-6-9,3,-99,9999
136.807902,35.244599,23220,3,99999,03003,稲沢市立中央図書館,正明寺3-114,3,-99,9999
136.879879,35.221829,23104,3,99999,03003,名古屋市山田図書館,八筋町358-2,3,-99,2005
136.997892,35.095513,23114,3,99999,03003,名古屋市徳重図書館,鳴海町字徳重18-41,3,-99,2010
136.917391,35.154284,23107,3,99999,03003,名古屋市鶴舞中央図書館点字文庫,鶴舞1-1-155,3,-99,9999
136.887778,35.103392,23111,3,99999,03003,名古屋ライトハウス名古屋盲人情報文化センター,港陽1-1-65,4,-99,9999
136.797518,35.302814,23203,3,99999,03003,一宮市立中央図書館,栄3-1-2（尾張一宮駅前ビル5-7階）,3,-99,9999
136.861724,35.255689,23234,3,99999,03003,名古屋芸術大学東キャンパス図書館,熊之庄古井281,4,-99,9999
136.910628,35.180319,23102,3,99999,03003,愛知県女性総合センター「ウィルあいち」情報ライブラリー,上竪杉町1,4,-99,9999
136.899962,35.142723,23106,3,99999,03003,名古屋都市センターまちづくりライブラリー,金山町1-1-1（金山南ビル12階）,4,-99,9999
136.907704,35.150407,23106,3,99999,03003,名古屋市女性会館女性情報センター図書資料室（休館中）,大井町7-25,3,-99,9999
136.99688,35.117693,23116,3,99999,03003,東海学園大学名古屋キャンパス図書館,中平2-901,4,-99,9999
136.988232,35.159267,23101,3,99999,03003,椙山女学園大学中央図書館,星が丘元町17-3,4,-99,9999
136.976248,35.114232,23116,3,99999,03003,名古屋女子大学学術情報センター天白分館,高宮町1302,4,-99,9999
136.986981,35.170182,23115,3,99999,03003,愛知東邦大学図書館,平和が丘3-11,4,-99,9999
136.944804,35.131276,23108,3,99999,03003,名古屋市立大学総合情報センター田辺通分館,田辺通3-1,0,-99,9999
136.918086,35.157581,23106,3,99999,03003,日本福祉大学付属図書館名古屋分館,千代田5-22-35,4,-99,9999
136.950144,35.188889,23102,3,99999,03003,名古屋大学附属図書館医学部保健学科図書館,大幸南1-1-20,0,-99,9999
136.93811,35.131982,23108,3,99999,03003,名古屋女子大学学術情報センター汐路本館,汐路町3-40,4,-99,9999
136.925482,35.138687,23108,3,99999,03003,名古屋市立大学総合情報センター山の畑分館,瑞穂町山の畑1,0,-99,9999
136.948091,35.181878,23101,3,99999,03003,名古屋市立大学総合情報センター北千種分館,北千種2-1-10,0,-99,9999
136.96099,35.167896,23101,3,99999,03003,愛知学院大学歯学・薬学図書館情報センター,楠元町1-100,4,-99,9999
136.975795,35.135234,23116,3,99999,03003,名城大学附属図書館,塩釜口1-501,4,-99,9999
136.906286,35.077785,23112,3,99999,03003,大同大学図書館,滝春町10-3,4,-99,9999
136.92211,35.158859,23107,3,99999,03003,名古屋大学附属図書館医学部分館,鶴舞町65,0,-99,9999
136.966302,35.139729,23107,3,99999,03003,中京大学名古屋図書館,八事本町101-2,4,-99,9999
136.961976,35.148395,23107,3,99999,03003,南山大学名古屋図書館,山里町18,4,-99,9999
136.987333,35.165765,23101,3,99999,03003,愛知淑徳大学図書館星が丘分館,桜が丘23,4,-99,9999
136.934915,35.138745,23108,3,99999,03003,名古屋市立大学総合情報センター川澄分館,瑞穂町字川澄1,0,-99,9999
136.924029,35.155913,23107,3,99999,03003,名古屋工業大学附属図書館,御器所町,0,-99,9999
136.899187,35.128497,23109,3,99999,03003,名古屋学院大学名古屋キャンパス図書館,熱田西町1-25,4,-99,9999
136.925118,35.289864,23219,3,99999,03003,小牧市えほん図書館,小牧3-555（ラピオ4階「たぶのきランドよむよむ」内）,3,-99,9999
136.840349,35.234645,23233,3,99999,03003,清須市立図書館,春日夢の森1,3,-99,9999
136.951531,35.328078,23215,3,99999,03003,犬山市立楽田ふれあい図書館,字城山97（楽田小学校体育館1階）,3,-99,9999
136.974627,35.058895,23229,3,99999,03003,桜花学園大学・名古屋短期大学図書館,栄町武侍48,4,-99,9999
136.793882,35.155946,23237,3,99999,03104,伊福小学校,七宝町伊福河原28,3,-99,9999
136.793347,35.155955,23237,3,99999,03109,伊福小学校,七宝町伊福河原28,3,-99,9999
136.797136,35.160784,23237,3,99999,03109,七宝総合体育館,七宝町伊福宮東3-1,3,-99,9999
136.797124,35.160687,23237,3,99999,03110,七宝総合体育館,七宝町伊福宮東3-1,3,-99,9999
136.797124,35.160599,23237,3,99999,03111,七宝総合体育館,七宝町伊福宮東3-1,3,-99,9999
136.797124,35.160493,23237,3,99999,03120,七宝総合体育館,七宝町伊福宮東3-1,3,-99,9999
136.796958,35.160774,23237,3,99999,03129,七宝総合体育館,七宝町伊福宮東3-1,3,-99,9999
136.796756,35.160221,23237,3,99999,03106,七宝プール（休止中）,七宝町伊福宮東3-1,3,-99,9999
136.798923,35.185114,23237,3,99999,03104,七宝北中学校,七宝町遠島十坪117,3,-99,9999
136.798935,35.184842,23237,3,99999,03103,七宝北中学校,七宝町遠島十坪117,3,-99,9999
136.79988,35.185383,23237,3,99999,03115,七宝テニスコート,七宝町遠島十坪53,3,-99,9999
136.807663,35.182766,23237,3,99999,03104,宝小学校,七宝町遠島大切戸1296,3,-99,9999
136.806689,35.182407,23237,3,99999,03109,宝小学校,七宝町遠島大切戸1296,3,-99,9999
136.803023,35.183518,23237,3,99999,03138,宝ゲートボール広場,七宝町沖之島西流43,3,-99,9999
136.797704,35.170432,23237,3,99999,03104,七宝小学校,七宝町桂角田1777,3,-99,9999
136.797109,35.170568,23237,3,99999,03109,七宝小学校,七宝町桂角田1777,3,-99,9999
136.795474,35.164513,23237,3,99999,03102,七宝グラウンド,七宝町桂弥勒28,3,-99,9999
136.803479,35.175331,23237,3,99999,03104,秋竹小学校,七宝町秋竹中道358,3,-99,9999
136.803123,35.176235,23237,3,99999,03109,秋竹小学校,七宝町秋竹中道358,3,-99,9999
136.788019,35.162239,23237,3,99999,03138,川部ゲートボール場,七宝町川部三反田54,3,-99,9999
136.795329,35.170833,23237,3,99999,03104,七宝中学校,七宝町川部山王4,3,-99,9999
136.795329,35.171046,23237,3,99999,03103,七宝中学校,七宝町川部山王4,3,-99,9999
136.787583,35.159859,23237,3,99999,03102,七宝鷹居グラウンド,七宝町鷹居5-2,3,-99,9999
136.781568,35.186632,23237,3,99999,03104,篠田小学校,篠田十王堂59,3,-99,9999
136.782543,35.186593,23237,3,99999,03109,篠田小学校,篠田十王堂59,3,-99,9999
136.815262,35.19772,23237,3,99999,03104,甚目寺西小学校,新居屋三反通11,3,-99,9999
136.815928,35.198186,23237,3,99999,03109,甚目寺西小学校,新居屋三反通11,3,-99,9999
136.810252,35.210798,23237,3,99999,03106,甚目寺プール（休止中）,森4-6,3,-99,9999
136.818462,35.21744,23237,3,99999,03102,森遊水地グラウンド,森地内,3,-99,9999
136.818688,35.217023,23237,3,99999,03103,森遊水地グラウンド,森地内,3,-99,9999
136.814429,35.209303,23237,3,99999,03102,森グラウンド,森2-6-4,3,-99,9999
136.814512,35.208788,23237,3,99999,03104,森グラウンド,森2-6-4,3,-99,9999
136.813609,35.208885,23237,3,99999,03138,森ゲートボール場,森2-6-4,3,-99,9999
136.821551,35.194803,23237,3,99999,03104,甚目寺小学校,甚目寺寺西40,3,-99,9999
136.820898,35.194851,23237,3,99999,03109,甚目寺小学校,甚目寺寺西40,3,-99,9999
136.819595,35.199626,23237,3,99999,03115,甚目寺中学校,甚目寺二伴田76,3,-99,9999
136.821283,35.199687,23237,3,99999,03109,甚目寺中学校,甚目寺二伴田76,3,-99,9999
136.820325,35.199284,23237,3,99999,03104,甚目寺中学校,甚目寺二伴田76,3,-99,9999
136.819607,35.198489,23237,3,99999,03115,甚目寺テニスコート,甚目寺二伴田76-1,3,-99,9999
136.827276,35.200206,23237,3,99999,03138,西今宿ゲートボール場,西今宿馬洗144-1,3,-99,9999
136.827025,35.199461,23237,3,99999,03109,甚目寺総合体育館,西今宿馬洗56,3,-99,9999
136.827037,35.199355,23237,3,99999,03112,甚目寺総合体育館,西今宿馬洗56,3,-99,9999
136.826752,35.198665,23237,3,99999,03121,甚目寺総合体育館,西今宿馬洗56,3,-99,9999
136.827037,35.199257,23237,3,99999,03129,甚目寺総合体育館,西今宿馬洗56,3,-99,9999
136.827061,35.199102,23237,3,99999,03116,甚目寺総合体育館,西今宿馬洗56,3,-99,9999
136.824601,35.202386,23237,3,99999,03104,甚目寺東小学校,西今宿六反割60-1,3,-99,9999
136.825065,35.202988,23237,3,99999,03109,甚目寺東小学校,西今宿六反割60-1,3,-99,9999
136.831016,35.18802,23237,3,99999,03104,甚目寺南小学校,中萱津西ノ川40,3,-99,9999
136.830232,35.187972,23237,3,99999,03109,甚目寺南小学校,中萱津西ノ川40,3,-99,9999
136.784989,35.205447,23237,3,99999,03102,美和グラウンド,東溝口3-101,3,-99,9999
136.783634,35.205398,23237,3,99999,03106,美和プール（休止中）,東溝口3-101,3,-99,9999
136.799008,35.206074,23237,3,99999,03104,正則小学校,二ツ寺三本松46,3,-99,9999
136.798592,35.206744,23237,3,99999,03109,正則小学校,二ツ寺三本松46,3,-99,9999
136.771191,35.206656,23237,3,99999,03102,蜂須賀グラウンド,蜂須賀八幡前18,3,-99,9999
136.771096,35.206103,23237,3,99999,03103,蜂須賀グラウンド,蜂須賀八幡前18,3,-99,9999
136.827715,35.188815,23237,3,99999,03115,甚目寺南中学校,本郷八尻6,3,-99,9999
136.82819,35.189825,23237,3,99999,03109,甚目寺南中学校,本郷八尻6,3,-99,9999
136.828559,35.189135,23237,3,99999,03104,甚目寺南中学校,本郷八尻6,3,-99,9999
136.796685,35.190706,23237,3,99999,03104,美和東小学校,木折寺田1-3,3,-99,9999
136.796424,35.191279,23237,3,99999,03109,美和東小学校,木折寺田1-3,3,-99,9999
136.782131,35.19745,23237,3,99999,03104,美和小学校,木田小島55,3,-99,9999
136.782048,35.198402,23237,3,99999,03109,美和小学校,木田小島55,3,-99,9999
136.782167,35.198734,23237,3,99999,03115,美和テニスコート,木田沼西切55-1,3,-99,9999
136.788214,35.197421,23237,3,99999,03104,美和中学校,木田丁子ノ口1,3,-99,9999
136.788238,35.197586,23237,3,99999,03103,美和中学校,木田丁子ノ口1,3,-99,9999
136.786954,35.197401,23237,3,99999,03110,美和中学校,木田丁子ノ口1,3,-99,9999
136.78696,35.197333,23237,3,99999,03111,美和中学校,木田丁子ノ口1,3,-99,9999
136.786972,35.197256,23237,3,99999,03120,美和中学校,木田丁子ノ口1,3,-99,9999
136.789019,35.198052,23237,3,99999,03119,美和中学校,木田丁子ノ口1,3,-99,9999
136.786972,35.197173,23237,3,99999,03109,美和中学校,木田丁子ノ口1,3,-99,9999
136.782924,35.201075,23237,3,99999,03138,美和ゲートボール場,木田戌亥50-1,3,-99,9999
136.845787,35.324865,23203,3,99999,03147,一宮地域文化広場,時之島字玉振1-1,4,-99,9999
136.845514,35.325029,23203,3,99999,03106,一宮地域文化広場,時之島字玉振1-1,4,-99,9999
136.725021,35.288148,23203,3,99999,03115,尾西文化広場,祐久字外浦36,4,-99,9999
136.938112,35.386445,23215,3,99999,03109,犬山市体育館,大字犬山字北古券12,3,-99,9999
136.937946,35.386406,23215,3,99999,03120,犬山市体育館,大字犬山字北古券12,3,-99,9999
136.938112,35.386319,23215,3,99999,03110,犬山市体育館,大字犬山字北古券12,3,-99,9999
136.945149,35.021668,23223,3,99999,03115,市営テニスコート,長草町車池16-24,4,-99,9999
136.942333,35.240872,23206,3,99999,03102,美濃町公園グラウンド,美濃町2-217,3,-99,9999
136.942476,35.241586,23206,3,99999,03106,美濃町公園グラウンド,美濃町2-217,3,-99,9999
136.844113,35.224104,23233,3,99999,03115,清洲第２テニスコート（休止）,一場弓町173,3,-99,9999
136.874989,35.349604,23217,3,99999,03109,市民体育会館,高屋町清水118,3,2,9999
136.874954,35.349449,23217,3,99999,03129,市民体育会館,高屋町清水118,3,2,9999
136.851116,35.333425,23217,3,99999,03109,古知野西小学校,東野町郷前西88,3,-99,9999
136.850914,35.333299,23217,3,99999,03111,古知野西小学校,東野町郷前西88,3,-99,9999
136.755307,35.167912,23208,3,99999,03115,市営庭球場,中一色町地内,4,-99,9999
136.763729,35.190594,23208,3,99999,03109,葉苅スポーツの家,葉苅町字綿掛73,4,-99,9999
136.763724,35.190541,23208,3,99999,03120,葉苅スポーツの家,葉苅町字綿掛73,4,-99,9999
136.763724,35.190492,23208,3,99999,03116,葉苅スポーツの家,葉苅町字綿掛73,4,-99,9999
136.876889,35.012743,23222,3,99999,03115,元浜スポーツ広場,元浜町54-1,4,-99,9999
136.878018,35.013541,23222,3,99999,03103,元浜スポーツ広場,元浜町54-1,4,-99,9999
136.877875,35.013171,23222,3,99999,03138,元浜スポーツ広場,元浜町54-1,4,-99,9999
136.91686,35.059472,23222,3,99999,03104,緑陽小学校,名和町石谷80,3,-99,1972
136.917288,35.060328,23222,3,99999,03109,緑陽小学校,名和町石谷80,3,-99,1972
136.899586,35.126682,23109,3,99999,03109,熱田生涯学習センター,熱田西町2-13,4,-99,9999
136.914266,35.134048,23109,3,99999,03109,市体育館,六野2-5-3,4,2,1969
136.914254,35.133921,23109,3,99999,03120,市体育館,六野2-5-3,4,2,1969
136.914266,35.133785,23109,3,99999,03116,市体育館,六野2-5-3,4,2,1969
136.914099,35.134038,23109,3,99999,03111,市体育館,六野2-5-3,4,2,1969
136.914099,35.133911,23109,3,99999,03113,市体育館,六野2-5-3,4,2,1969
136.942437,35.17991,23101,3,99999,03109,振甫中学校,北千種1-7-1,3,-99,9999
136.943471,35.180444,23101,3,99999,03104,振甫中学校,北千種1-7-1,3,-99,9999
136.987462,35.118599,23116,3,99999,03109,天白生涯学習センター,天白町大字島田字黒石4050,3,-99,9999
136.81913,35.14804,23110,3,99999,03105,富田北プール,吉津4-3201,4,-99,1989
136.819106,35.147953,23110,3,99999,03109,富田北プール,吉津4-3201,4,-99,1989
136.819094,35.147856,23110,3,99999,03120,富田北プール,吉津4-3201,4,-99,1989
136.869436,35.141825,23110,3,99999,03102,松葉公園,太平通1,3,-99,9999
136.870315,35.142233,23110,3,99999,03115,松葉公園,太平通1,3,-99,9999
136.893738,35.163958,23106,3,99999,03109,中スポーツセンター,栄1-30-10,4,-99,2001
136.893741,35.163851,23106,3,99999,03120,中スポーツセンター,栄1-30-10,4,-99,2001
136.893757,35.163758,23106,3,99999,03116,中スポーツセンター,栄1-30-10,4,-99,2001
136.893603,35.163942,23106,3,99999,03110,中スポーツセンター,栄1-30-10,4,-99,2001
136.893605,35.163855,23106,3,99999,03111,中スポーツセンター,栄1-30-10,4,-99,2001
136.893624,35.163754,23106,3,99999,03132,中スポーツセンター,栄1-30-10,4,-99,2001
136.893458,35.163894,23106,3,99999,03129,中スポーツセンター,栄1-30-10,4,-99,2001
136.893482,35.163769,23106,3,99999,03105,中スポーツセンター,栄1-30-10,4,-99,2001
136.902184,35.183291,23106,3,99999,03109,愛知県体育館,二の丸1-1,4,-99,9999
136.90235,35.183282,23106,3,99999,03112,愛知県体育館,二の丸1-1,4,-99,9999
136.90254,35.183291,23106,3,99999,03130,愛知県体育館,二の丸1-1,4,-99,9999
136.902695,35.183311,23106,3,99999,03120,愛知県体育館,二の丸1-1,4,-99,9999
136.902873,35.183282,23106,3,99999,03121,愛知県体育館,二の丸1-1,4,-99,9999
136.902219,35.182942,23106,3,99999,03119,愛知県体育館,二の丸1-1,4,-99,9999
136.902398,35.182951,23106,3,99999,03105,愛知県体育館,二の丸1-1,4,-99,9999
136.902588,35.182942,23106,3,99999,03132,愛知県体育館,二の丸1-1,4,-99,9999
136.90273,35.182961,23106,3,99999,03129,愛知県体育館,二の丸1-1,4,-99,9999
136.902909,35.182951,23106,3,99999,03131,愛知県体育館,二の丸1-1,4,-99,9999
136.998048,35.09077,23114,3,99999,03109,扇台中学校,徳重1-1201,3,-99,9999
136.997882,35.090118,23114,3,99999,03104,扇台中学校,徳重1-1201,3,-99,9999
136.816448,35.112492,23111,3,99999,03109,南陽地区会館,春田野3-101,3,-99,9999
136.816591,35.112473,23111,3,99999,03120,南陽地区会館,春田野3-101,3,-99,9999
136.92263,35.096836,23112,3,99999,03109,南生涯学習センター,東又兵ヱ町5-1-10,3,-99,9999
136.9237,35.096079,23112,3,99999,03109,日本ガイシホール,東又兵ヱ町5-1-16,4,3,1987
136.9237,35.095933,23112,3,99999,03116,日本ガイシホール,東又兵ヱ町5-1-16,4,3,1987
136.923711,35.095797,23112,3,99999,03120,日本ガイシホール,東又兵ヱ町5-1-16,4,3,1987
136.923688,35.095622,23112,3,99999,03110,日本ガイシホール,東又兵ヱ町5-1-16,4,3,1987
136.923533,35.096177,23112,3,99999,03111,日本ガイシホール,東又兵ヱ町5-1-16,4,3,1987
136.923557,35.09604,23112,3,99999,03113,日本ガイシホール,東又兵ヱ町5-1-16,4,3,1987
136.923509,35.095904,23112,3,99999,03132,日本ガイシホール,東又兵ヱ町5-1-16,4,3,1987
136.923509,35.095758,23112,3,99999,03129,日本ガイシホール,東又兵ヱ町5-1-16,4,3,1987
136.923497,35.095613,23112,3,99999,03105,日本ガイシホール,東又兵ヱ町5-1-16,4,3,1987
136.923497,35.095486,23112,3,99999,03122,日本ガイシホール,東又兵ヱ町5-1-16,4,3,1987
136.727195,35.152855,23232,3,99999,03102,佐屋スポーツセンター,稲葉町米野281-1,4,-99,9999
136.708077,35.222028,23232,3,99999,03104,開治小学校,鵜多須町中道248,4,-99,9999
136.707923,35.222911,23232,3,99999,03109,開治小学校,鵜多須町中道248,4,-99,9999
136.748573,35.154094,23232,3,99999,03106,佐屋プール,金棒町東20-1,4,-99,9999
136.748538,35.152705,23232,3,99999,03102,佐屋総合運動場,金棒町東20-1,4,-99,9999
136.749334,35.152374,23232,3,99999,03115,佐屋総合運動場,金棒町東20-1,4,-99,9999
136.74855,35.153054,23232,3,99999,03103,佐屋総合運動場,金棒町東20-1,4,-99,9999
136.699213,35.218693,23232,3,99999,03104,八開中学校,江西町川原11,4,-99,9999
136.700377,35.220168,23232,3,99999,03109,八開中学校,江西町川原11,4,-99,9999
136.699582,35.219245,23232,3,99999,03115,八開中学校,江西町川原11,4,-99,9999
136.700365,35.220063,23232,3,99999,03120,八開中学校,江西町川原11,4,-99,9999
136.699215,35.218876,23232,3,99999,03102,八開中学校,江西町川原11,4,-99,9999
136.69915,35.21933,23232,3,99999,03138,八開運動場,江西町川原7,4,-99,9999
136.696539,35.152063,23232,3,99999,03104,立田南部小学校,山路町小割7,4,-99,9999
136.697133,35.15249,23232,3,99999,03109,立田南部小学校,山路町小割7,4,-99,9999
136.750306,35.195987,23232,3,99999,03104,勝幡小学校,勝幡町五俵入2227,4,-99,9999
136.751055,35.196424,23232,3,99999,03109,勝幡小学校,勝幡町五俵入2227,4,-99,9999
136.693309,35.169303,23232,3,99999,03109,立田体育館,小茂井町松下5,4,-99,9999
136.693321,35.169206,23232,3,99999,03116,立田体育館,小茂井町松下5,4,-99,9999
136.693333,35.169119,23232,3,99999,03110,立田体育館,小茂井町松下5,4,-99,9999
136.693131,35.169235,23232,3,99999,03111,立田体育館,小茂井町松下5,4,-99,9999
136.696066,35.181523,23232,3,99999,03104,立田北部小学校,新右エ門新田町郷前83,4,-99,9999
136.695495,35.181173,23232,3,99999,03109,立田北部小学校,新右エ門新田町郷前83,4,-99,9999
136.741176,35.191423,23232,3,99999,03104,佐織中学校,諏訪町郷東167,4,-99,9999
136.743161,35.192423,23232,3,99999,03109,佐織中学校,諏訪町郷東167,4,-99,9999
136.742517,35.192807,23232,3,99999,03109,佐織体育館,諏訪町郷東75,4,-99,9999
136.742517,35.1927,23232,3,99999,03120,佐織体育館,諏訪町郷東75,4,-99,9999
136.742517,35.192593,23232,3,99999,03116,佐織体育館,諏訪町郷東75,4,-99,9999
136.742517,35.192477,23232,3,99999,03110,佐織体育館,諏訪町郷東75,4,-99,9999
136.742291,35.192788,23232,3,99999,03111,佐織体育館,諏訪町郷東75,4,-99,9999
136.742303,35.192642,23232,3,99999,03129,佐織体育館,諏訪町郷東75,4,-99,9999
136.727203,35.154147,23232,3,99999,03104,佐屋小学校,須依町東田面17,4,-99,9999
136.726585,35.155575,23232,3,99999,03109,佐屋小学校,須依町東田面17,4,-99,9999
136.725772,35.153946,23232,3,99999,03104,佐屋中学校,須依町東田面2,4,-99,9999
136.72475,35.154588,23232,3,99999,03109,佐屋中学校,須依町東田面2,4,-99,9999
136.724738,35.154442,23232,3,99999,03112,佐屋中学校,須依町東田面2,4,-99,9999
136.719867,35.21428,23232,3,99999,03104,西川端小学校,西川端町寺東15,4,-99,9999
136.719226,35.214406,23232,3,99999,03109,西川端小学校,西川端町寺東15,4,-99,9999
136.694416,35.171523,23232,3,99999,03104,立田中学校,石田町宮東1,4,-99,9999
136.695153,35.171562,23232,3,99999,03109,立田中学校,石田町宮東1,4,-99,9999
136.695165,35.171387,23232,3,99999,03111,立田中学校,石田町宮東1,4,-99,9999
136.75739,35.132132,23232,3,99999,03104,永和中学校,善太新田町七草平111-1,4,-99,9999
136.758162,35.132142,23232,3,99999,03109,永和中学校,善太新田町七草平111-1,4,-99,9999
136.757152,35.133337,23232,3,99999,03112,永和中学校,善太新田町七草平111-1,4,-99,9999
136.692946,35.193388,23232,3,99999,03115,立田総合運動場,早尾町草場68,4,-99,9999
136.693611,35.192776,23232,3,99999,03102,立田総合運動場,早尾町草場68,4,-99,9999
136.693742,35.192494,23232,3,99999,03138,立田総合運動場,早尾町草場68,4,-99,9999
136.718921,35.205443,23232,3,99999,03104,佐織西中学校,草平町阿原86,4,-99,9999
136.719896,35.205841,23232,3,99999,03109,佐織西中学校,草平町阿原86,4,-99,9999
136.717689,35.199942,23232,3,99999,03104,草平小学校,草平町北田名57,4,-99,9999
136.717166,35.200224,23232,3,99999,03109,草平小学校,草平町北田名57,4,-99,9999
136.759871,35.132532,23232,3,99999,03104,永和小学校,大井町弥八115,4,-99,9999
136.759312,35.133299,23232,3,99999,03109,永和小学校,大井町弥八115,4,-99,9999
136.707613,35.203531,23232,3,99999,03102,佐織総合運動場,鷹場町孫田1-1,4,-99,9999
136.708671,35.204152,23232,3,99999,03115,佐織総合運動場,鷹場町孫田1-1,4,-99,9999
136.726057,35.136671,23232,3,99999,03104,市江小学校,東條町西田面77,4,-99,9999
136.726687,35.137468,23232,3,99999,03109,市江小学校,東條町西田面77,4,-99,9999
136.71594,35.15521,23232,3,99999,03104,佐屋西小学校,内佐屋町河原136,4,-99,9999
136.715667,35.155832,23232,3,99999,03109,佐屋西小学校,内佐屋町河原136,4,-99,9999
136.743074,35.187495,23232,3,99999,03104,北河田小学校,北河田町郷前406,4,-99,9999
136.742658,35.187961,23232,3,99999,03109,北河田小学校,北河田町郷前406,4,-99,9999
136.739407,35.148014,23232,3,99999,03109,親水公園総合体育館,落合町上通21,4,2,9999
136.739395,35.147873,23232,3,99999,03120,親水公園総合体育館,落合町上通21,4,2,9999
136.739366,35.147756,23232,3,99999,03116,親水公園総合体育館,落合町上通21,4,2,9999
136.739342,35.14765,23232,3,99999,03129,親水公園総合体育館,落合町上通21,4,2,9999
136.738932,35.147387,23232,3,99999,03121,親水公園総合体育館,落合町上通21,4,2,9999
136.737666,35.147169,23232,3,99999,03115,親水公園総合運動場,落合町上通21,4,-99,9999
136.738141,35.147732,23232,3,99999,03104,親水公園総合運動場,落合町上通21,4,-99,9999
136.69073,35.215319,23232,3,99999,03104,八輪小学校,立石町宮西39,4,-99,9999
136.690278,35.21597,23232,3,99999,03109,八輪小学校,立石町宮西39,4,-99,9999
136.812986,35.305475,23203,3,99999,03102,平島公園野球場（市営球場）,羽衣2-5-3,3,-99,1950
136.76939,35.331325,23203,3,99999,03102,奥町公園ソフトボール場,奥町字宮郭32,3,-99,1964
136.770697,35.331208,23203,3,99999,03102,奥町公園野球場,奥町字宮郭9,3,-99,1964
136.771578,35.330751,23203,3,99999,03115,奥町公園テニスコート,奥町字宮東地内,3,-99,1964
136.747824,35.327591,23203,3,99999,03115,木曽川緑地公園テニスコート,奥町字堤下一27,3,-99,1971
136.77621,35.328956,23203,3,99999,03105,エコハウス１３８（エコ）,奥町字八瀬割40-1,4,-99,9999
136.776311,35.328956,23203,3,99999,03129,エコハウス１３８（エコ）,奥町字八瀬割40-1,4,-99,9999
136.776109,35.328952,23203,3,99999,03132,エコハウス１３８（エコ）,奥町字八瀬割40-1,4,-99,9999
136.758941,35.316917,23203,3,99999,03104,尾西第三中学校,開明字村上54,3,-99,1985
136.765571,35.31753,23203,3,99999,03102,尾西運動場グラウンド,開明字柳苗代1-1,3,-99,1968
136.765571,35.317336,23203,3,99999,03103,尾西運動場グラウンド,開明字柳苗代1-1,3,-99,1968
136.765571,35.317142,23203,3,99999,03104,尾西運動場グラウンド,開明字柳苗代1-1,3,-99,1968
136.765619,35.316948,23203,3,99999,03101,尾西運動場グラウンド,開明字柳苗代1-1,3,-99,1968
136.76493,35.317685,23203,3,99999,03115,尾西運動場テニスコート,開明字柳苗代1-1,3,-99,1968
136.79391,35.360128,23203,3,99999,03103,光明寺公園球技場,光明寺字大日東70,3,-99,9999
136.799505,35.358047,23203,3,99999,03109,一宮市総合体育館,光明寺字白山前20,4,2,9999
136.79947,35.357921,23203,3,99999,03120,一宮市総合体育館,光明寺字白山前20,4,2,9999
136.799422,35.357776,23203,3,99999,03116,一宮市総合体育館,光明寺字白山前20,4,2,9999
136.799387,35.35765,23203,3,99999,03129,一宮市総合体育館,光明寺字白山前20,4,2,9999
136.806074,35.339589,23203,3,99999,03104,葉栗中学校,高田字清水100,3,-99,1975
136.793542,35.321617,23203,3,99999,03104,今伊勢小学校,今伊勢町新神戸字乾26,3,-99,1982
136.78378,35.326951,23203,3,99999,03115,一宮市テニス場,今伊勢町馬寄字西流9-1,4,-99,1993
136.824773,35.286561,23203,3,99999,03105,温水プール,若竹3-1-5,4,-99,9999
136.803732,35.308212,23203,3,99999,03124,スケート場,松降1-9-21,4,-99,9999
136.801198,35.308344,23203,3,99999,03109,一宮スポーツ文化センター,真清田1-2-30,4,4,9999
136.801186,35.308256,23203,3,99999,03116,一宮スポーツ文化センター,真清田1-2-30,4,4,9999
136.801186,35.308159,23203,3,99999,03111,一宮スポーツ文化センター,真清田1-2-30,4,4,9999
136.801091,35.308344,23203,3,99999,03110,一宮スポーツ文化センター,真清田1-2-30,4,4,9999
136.801091,35.308256,23203,3,99999,03120,一宮スポーツ文化センター,真清田1-2-30,4,4,9999
136.801079,35.308159,23203,3,99999,03129,一宮スポーツ文化センター,真清田1-2-30,4,4,9999
136.803235,35.308234,23203,3,99999,03121,大宮公園弓道場,真清田1-2-7,3,-99,1953
136.801707,35.308352,23203,3,99999,03118,大宮公園相撲場,真清田1-2-7,3,-99,1926
136.840254,35.340076,23203,3,99999,03102,瀬部スポーツ広場,瀬部字上山22,3,-99,1996
136.840087,35.339766,23203,3,99999,03138,瀬部スポーツ広場,瀬部字上山22,3,-99,1996
136.74293,35.302551,23203,3,99999,03129,尾西スポーツセンター,西五城字中川田36,4,2,9999
136.742942,35.302473,23203,3,99999,03109,尾西スポーツセンター,西五城字中川田36,4,2,9999
136.742965,35.302386,23203,3,99999,03120,尾西スポーツセンター,西五城字中川田36,4,2,9999
136.742775,35.302522,23203,3,99999,03116,尾西スポーツセンター,西五城字中川田36,4,2,9999
136.742787,35.302435,23203,3,99999,03111,尾西スポーツセンター,西五城字中川田36,4,2,9999
136.742799,35.302347,23203,3,99999,03110,尾西スポーツセンター,西五城字中川田36,4,2,9999
136.743366,35.301307,23203,3,99999,03102,五城グラウンド,西五城字中川田50,3,-99,1967
136.743672,35.302018,23203,3,99999,03118,尾西相撲場,西五城字中川田50,3,-99,1984
136.844253,35.302858,23203,3,99999,03102,愛知県一宮総合運動場（県営グランド）,千秋町佐野字向農756,4,-99,9999
136.846856,35.302732,23203,3,99999,03101,愛知県一宮総合運動場（県営グランド）,千秋町佐野字向農756,4,-99,9999
136.846986,35.300084,23203,3,99999,03106,愛知県一宮総合運動場（県営グランド）,千秋町佐野字向農756,4,-99,9999
136.846083,35.301209,23203,3,99999,03115,愛知県一宮総合運動場（県営グランド）,千秋町佐野字向農756,4,-99,9999
136.848769,35.302664,23203,3,99999,03103,愛知県一宮総合運動場（県営グランド）,千秋町佐野字向農756,4,-99,9999
136.845061,35.301811,23203,3,99999,03138,愛知県一宮総合運動場（県営グランド）,千秋町佐野字向農756,4,-99,9999
136.822254,35.343503,23203,3,99999,03104,浅井中小学校,浅井町大日比野字東若栗61,3,-99,1979
136.823024,35.355233,23203,3,99999,03102,大野極楽寺公園野球場,浅井町大野・極楽寺地内,3,-99,1968
136.824012,35.354724,23203,3,99999,03144,大野極楽寺公園,浅井町大野字小屋裏1400,4,-99,9999
136.821552,35.355209,23203,3,99999,03102,大野極楽寺公園,浅井町大野字小屋裏1400,4,-99,9999
136.821243,35.354269,23203,3,99999,03104,大野極楽寺公園,浅井町大野字小屋裏1400,4,-99,9999
136.825438,35.297918,23203,3,99999,03104,南部中学校,浅野字土井ノ内1-1,3,-99,1975
136.785492,35.287648,23203,3,99999,03104,大和中学校,大和町苅安賀字上東出80,3,-99,1975
136.836243,35.311146,23203,3,99999,03104,西成東部中学校,定水寺字五反田10,3,-99,1979
136.768344,35.277455,23203,3,99999,03104,萩原中学校,萩原町串作字河室浦1,3,-99,1979
136.747502,35.272865,23203,3,99999,03115,萬葉公園テニスコート,萩原町戸苅字東古川7-1,3,-99,1971
136.794959,35.305619,23203,3,99999,03115,稲荷公園テニスコート,八幡1-10-1,3,-99,1956
136.729337,35.292047,23203,3,99999,03102,東加賀野井グラウンド,冨田字砂原2118,3,-99,1979
136.72431,35.2874,23203,3,99999,03102,祐久グラウンド,冨田字砂原2118,3,-99,1980
136.73047,35.293806,23203,3,99999,03106,尾西プール・夏期開放プール,冨田字砂原2119,3,-99,9999
136.729934,35.295794,23203,3,99999,03102,尾西河川敷グラウンド,冨田堤外地,3,-99,2006
136.729661,35.29528,23203,3,99999,03103,尾西河川敷グラウンド,冨田堤外地,3,-99,2006
136.729304,35.294494,23203,3,99999,03104,尾西河川敷グラウンド,冨田堤外地,3,-99,2006
136.80442,35.312052,23203,3,99999,03102,九品地公園競技場,文京1-3-1,3,-99,1961
136.803992,35.311974,23203,3,99999,03103,九品地公園競技場,文京1-3-1,3,-99,1961
136.802946,35.312895,23203,3,99999,03115,九品地公園テニスコート,文京1-3-1,3,-99,1950
136.757179,35.341148,23203,3,99999,03102,木曽川サブグラウンド,木曽川町玉ノ井・里小牧地内,3,-99,1966
136.773555,35.347407,23203,3,99999,03102,木曽川運動場グラウンド,木曽川町黒田字北宿三の切1-1,3,-99,1976
136.773561,35.347276,23203,3,99999,03103,木曽川運動場グラウンド,木曽川町黒田字北宿三の切1-1,3,-99,1976
136.77355,35.347155,23203,3,99999,03104,木曽川運動場グラウンド,木曽川町黒田字北宿三の切1-1,3,-99,1976
136.772908,35.347591,23203,3,99999,03115,木曽川運動場テニスコート,木曽川町黒田字北宿三の切1-1,3,-99,1976
136.790529,35.336901,23203,3,99999,03109,木曽川体育館,木曽川町門間字沼間35,4,3,9999
136.790529,35.336795,23203,3,99999,03120,木曽川体育館,木曽川町門間字沼間35,4,3,9999
136.790541,35.336698,23203,3,99999,03116,木曽川体育館,木曽川町門間字沼間35,4,3,9999
136.790517,35.336582,23203,3,99999,03129,木曽川体育館,木曽川町門間字沼間35,4,3,9999
136.75903,35.345047,23203,3,99999,03103,木曽川スポーツ広場,木曽川町里小牧字吹寄州3-47,3,-99,2002
136.768975,35.344085,23203,3,99999,03104,木曽川中学校,木曽川町里小牧字北青木25,3,-99,1977
136.790176,35.300324,23203,3,99999,03109,産業体育館,野口1-6-22,4,2,9999
136.790176,35.300179,23203,3,99999,03120,産業体育館,野口1-6-22,4,2,9999
136.790188,35.300063,23203,3,99999,03116,産業体育館,野口1-6-22,4,2,9999
136.724962,35.288274,23203,3,99999,03115,尾西文化広場テニスコート,祐久字外浦36,3,-99,1982
136.817372,35.241361,23220,3,99999,03110,青少年センター,井之口沖ノ田町38,4,-99,9999
136.81736,35.241245,23220,3,99999,03111,青少年センター,井之口沖ノ田町38,4,-99,9999
136.81736,35.241119,23220,3,99999,03121,青少年センター,井之口沖ノ田町38,4,-99,9999
136.816611,35.24109,23220,3,99999,03118,青少年センター,井之口沖ノ田町38,4,-99,9999
136.817241,35.241245,23220,3,99999,03109,青少年センター,井之口沖ノ田町38,4,-99,9999
136.817229,35.241119,23220,3,99999,03116,青少年センター,井之口沖ノ田町38,4,-99,9999
136.816914,35.240649,23220,3,99999,03106,井之口プール,井之口沖ノ田町39,3,-99,9999
136.755102,35.236225,23220,3,99999,03102,浄化センター運動広場,井堀野口町17,3,-99,9999
136.755839,35.236051,23220,3,99999,03104,浄化センター運動広場,井堀野口町17,3,-99,9999
136.754467,35.246953,23220,3,99999,03106,明治プール,一色竹橋町137,3,-99,9999
136.746836,35.243775,23220,3,99999,03104,片原一色小学校,一色中屋敷町64,3,-99,9999
136.746396,35.24394,23220,3,99999,03109,片原一色小学校,一色中屋敷町64,3,-99,9999
136.791593,35.246073,23220,3,99999,03104,稲沢西中学校,稲沢町前田365-10,3,-99,9999
136.791961,35.247082,23220,3,99999,03109,稲沢西中学校,稲沢町前田365-10,3,-99,9999
136.788435,35.262077,23220,3,99999,03104,稲沢北小学校,稲島3-58,3,-99,9999
136.788626,35.263494,23220,3,99999,03109,稲沢北小学校,稲島3-58,3,-99,9999
136.789034,35.250845,23220,3,99999,03104,稲沢西小学校,稲葉5-9-1,3,-99,9999
136.788285,35.250942,23220,3,99999,03109,稲沢西小学校,稲葉5-9-1,3,-99,9999
136.818235,35.248269,23220,3,99999,03102,駅前公園,駅前3-10,3,-99,9999
136.818235,35.248114,23220,3,99999,03104,駅前公園,駅前3-10,3,-99,9999
136.807713,35.224577,23220,3,99999,03104,大里西小学校,奥田計用町107,3,-99,9999
136.806858,35.224684,23220,3,99999,03109,大里西小学校,奥田計用町107,3,-99,9999
136.812171,35.229005,23220,3,99999,03104,大里中学校,奥田寺切町69,3,-99,9999
136.81273,35.229452,23220,3,99999,03109,大里中学校,奥田寺切町69,3,-99,9999
136.816682,35.232067,23220,3,99999,03115,奥田公園テニスコート,奥田酒伊町1-3,4,-99,9999
136.766928,35.250938,23220,3,99999,03102,市民球場,下屋2-99,4,-99,9999
136.766726,35.250064,23220,3,99999,03115,市民テニスコート,下屋2-99,4,-99,9999
136.828336,35.26094,23220,3,99999,03104,下津小学校,下津ふじ塚町83,3,-99,9999
136.829037,35.260649,23220,3,99999,03109,下津小学校,下津ふじ塚町83,3,-99,9999
136.821896,35.254391,23220,3,99999,03143,稲沢フィットネスロード,下津北山1-16-2スタート,3,-99,9999
136.799408,35.245593,23220,3,99999,03104,高御堂小学校,高御堂10-3-1,3,-99,9999
136.798778,35.24505,23220,3,99999,03109,高御堂小学校,高御堂10-3-1,3,-99,9999
136.781994,35.210086,23220,3,99999,03102,込野農村広場,込野町元屋敷84,3,-99,9999
136.781971,35.209824,23220,3,99999,03104,込野農村広場,込野町元屋敷84,3,-99,9999
136.763513,35.21167,23220,3,99999,03104,坂田小学校,坂田町狐沢18,3,-99,9999
136.762526,35.212068,23220,3,99999,03109,坂田小学校,坂田町狐沢18,3,-99,9999
136.81258,35.264056,23220,3,99999,03104,治郎丸中学校,治郎丸柳町1-1,3,-99,9999
136.811914,35.265569,23220,3,99999,03109,治郎丸中学校,治郎丸柳町1-1,3,-99,9999
136.812116,35.265957,23220,3,99999,03106,治郎丸プール,治郎丸柳町1-1,3,-99,9999
136.79691,35.255448,23220,3,99999,03102,小沢菅原公園,小沢2-6,3,-99,9999
136.796899,35.255186,23220,3,99999,03104,小沢菅原公園,小沢2-6,3,-99,9999
136.815576,35.245548,23220,3,99999,03104,小正小学校,小池正明寺町東川田4100,3,-99,9999
136.815814,35.246693,23220,3,99999,03109,小正小学校,小池正明寺町東川田4100,3,-99,9999
136.811966,35.248821,23220,3,99999,03102,小正中央公園,小池2-20,3,-99,9999
136.81193,35.248589,23220,3,99999,03104,小正中央公園,小池2-20,3,-99,9999
136.809853,35.254982,23220,3,99999,03102,吹上公園,正明寺1-21,3,-99,9999
136.809889,35.25473,23220,3,99999,03104,吹上公園,正明寺1-21,3,-99,9999
136.805861,35.251307,23220,3,99999,03104,稲沢中学校,正明寺2-1-1,3,-99,9999
136.805481,35.251783,23220,3,99999,03109,稲沢中学校,正明寺2-1-1,3,-99,9999
136.757745,35.25639,23220,3,99999,03104,清水小学校,清水寺前町126,3,-99,9999
136.757775,35.25707,23220,3,99999,03109,清水小学校,清水寺前町126,3,-99,9999
136.743587,35.257962,23220,3,99999,03102,西島運動広場,西島3-134-1,3,-99,9999
136.743896,35.257768,23220,3,99999,03104,西島運動広場,西島3-134-1,3,-99,9999
136.744205,35.257632,23220,3,99999,03103,西島運動広場,西島3-134-1,3,-99,9999
136.781477,35.223441,23220,3,99999,03101,陸上競技場,千代7-45,4,-99,9999
136.727748,35.23055,23220,3,99999,03104,丸甲小学校,祖父江町甲新田芝八5の2,3,-99,9999
136.727831,35.231239,23220,3,99999,03109,丸甲小学校,祖父江町甲新田芝八5の2,3,-99,9999
136.728084,35.247974,23220,3,99999,03105,祖父江の森（温水プール、運動場、テニスコート）,祖父江町桜方六町17,4,-99,9999
136.72806,35.247857,23220,3,99999,03129,祖父江の森（温水プール、運動場、テニスコート）,祖父江町桜方六町17,4,-99,9999
136.728951,35.24777,23220,3,99999,03103,祖父江の森（温水プール、運動場、テニスコート）,祖父江町桜方六町17,4,-99,9999
136.728928,35.247527,23220,3,99999,03102,祖父江の森（温水プール、運動場、テニスコート）,祖父江町桜方六町17,4,-99,9999
136.728868,35.247265,23220,3,99999,03104,祖父江の森（温水プール、運動場、テニスコート）,祖父江町桜方六町17,4,-99,9999
136.727668,35.246954,23220,3,99999,03115,祖父江の森（温水プール、運動場、テニスコート）,祖父江町桜方六町17,4,-99,9999
136.72495,35.252837,23220,3,99999,03109,祖父江町体育館,祖父江町山崎下枇486-1,4,-99,9999
136.724938,35.25273,23220,3,99999,03110,祖父江町体育館,祖父江町山崎下枇486-1,4,-99,9999
136.724914,35.252614,23220,3,99999,03111,祖父江町体育館,祖父江町山崎下枇486-1,4,-99,9999
136.732961,35.26027,23220,3,99999,03104,山崎小学校,祖父江町山崎二本木70,3,-99,9999
136.732723,35.260988,23220,3,99999,03109,山崎小学校,祖父江町山崎二本木70,3,-99,9999
136.699802,35.257024,23220,3,99999,03102,祖父江ワイルドネイチャー緑地,祖父江町拾町野・四貫地内（木曽川河川敷）,3,-99,9999
136.698863,35.25585,23220,3,99999,03104,祖父江ワイルドネイチャー緑地,祖父江町拾町野・四貫地内（木曽川河川敷）,3,-99,9999
136.720889,35.248113,23220,3,99999,03104,祖父江中学校,祖父江町上牧下川田456,3,-99,9999
136.720069,35.247783,23220,3,99999,03115,祖父江中学校,祖父江町上牧下川田456,3,-99,9999
136.720211,35.249064,23220,3,99999,03109,祖父江中学校,祖父江町上牧下川田456,3,-99,9999
136.707234,35.271775,23220,3,99999,03116,愛知勤労身体障害者体育館,祖父江町祖父江寺西14-5,4,-99,9999
136.707228,35.271697,23220,3,99999,03109,愛知勤労身体障害者体育館,祖父江町祖父江寺西14-5,4,-99,9999
136.707216,35.271624,23220,3,99999,03120,愛知勤労身体障害者体育館,祖父江町祖父江寺西14-5,4,-99,9999
136.714477,35.263406,23220,3,99999,03104,祖父江小学校,祖父江町祖父江七曲52,3,-99,9999
136.714976,35.264085,23220,3,99999,03109,祖父江小学校,祖父江町祖父江七曲52,3,-99,9999
136.706282,35.261001,23220,3,99999,03115,木曽川祖父江緑地（稲沢市陸上競技場）,祖父江町祖父江鍋島132,4,-99,9999
136.706187,35.260565,23220,3,99999,03106,木曽川祖父江緑地（稲沢市陸上競技場）,祖父江町祖父江鍋島132,4,-99,9999
136.705653,35.260128,23220,3,99999,03146,木曽川祖父江緑地（稲沢市陸上競技場）,祖父江町祖父江鍋島132,4,-99,9999
136.705344,35.261496,23220,3,99999,03104,木曽川祖父江緑地（稲沢市陸上競技場）,祖父江町祖父江鍋島132,4,-99,9999
136.725354,35.242804,23220,3,99999,03104,杏和高等学校,祖父江町二俣宮西1-1,3,-99,9999
136.724736,35.244192,23220,3,99999,03109,杏和高等学校,祖父江町二俣宮西1-1,3,-99,9999
136.731328,35.244189,23220,3,99999,03104,領内小学校,祖父江町二俣上川原706,3,-99,9999
136.731209,35.24481,23220,3,99999,03109,領内小学校,祖父江町二俣上川原706,3,-99,9999
136.692762,35.246313,23220,3,99999,03104,長岡小学校,祖父江町馬飼449-1,3,-99,9999
136.692191,35.246672,23220,3,99999,03109,長岡小学校,祖父江町馬飼449-1,3,-99,9999
136.712498,35.241914,23220,3,99999,03104,牧川小学校,祖父江町両寺内砂崎990,3,-99,9999
136.712272,35.24237,23220,3,99999,03109,牧川小学校,祖父江町両寺内砂崎990,3,-99,9999
136.79901,35.234542,23220,3,99999,03104,稲沢東高等学校,大塚南6-33,3,-99,9999
136.799343,35.235998,23220,3,99999,03109,稲沢東高等学校,大塚南6-33,3,-99,9999
136.800608,35.241606,23220,3,99999,03104,大塚小学校,大塚北9-68,3,-99,9999
136.7998,35.241208,23220,3,99999,03109,大塚小学校,大塚北9-68,3,-99,9999
136.816404,35.216556,23220,3,99999,03102,１号遊水地運動広場,中之庄海道町88-1地先,3,-99,9999
136.816392,35.216313,23220,3,99999,03104,１号遊水地運動広場,中之庄海道町88-1地先,3,-99,9999
136.775085,35.252425,23220,3,99999,03109,ＴＧアリーナ（総合体育館）,朝府町5-1,4,-99,9999
136.775085,35.252308,23220,3,99999,03116,ＴＧアリーナ（総合体育館）,朝府町5-1,4,-99,9999
136.775085,35.252182,23220,3,99999,03120,ＴＧアリーナ（総合体育館）,朝府町5-1,4,-99,9999
136.775097,35.252085,23220,3,99999,03129,ＴＧアリーナ（総合体育館）,朝府町5-1,4,-99,9999
136.774895,35.252415,23220,3,99999,03112,ＴＧアリーナ（総合体育館）,朝府町5-1,4,-99,9999
136.816091,35.259364,23220,3,99999,03104,稲沢東小学校,長野6-50,3,-99,9999
136.815188,35.259587,23220,3,99999,03109,稲沢東小学校,長野6-50,3,-99,9999
136.825708,35.234435,23220,3,99999,03104,大里東小学校,日下部北町1-27,3,-99,9999
136.824924,35.234309,23220,3,99999,03109,大里東小学校,日下部北町1-27,3,-99,9999
136.82279,35.233138,23220,3,99999,03104,大里東中学校,日下部北町3-68,3,-99,9999
136.82172,35.233798,23220,3,99999,03109,大里東中学校,日下部北町3-68,3,-99,9999
136.773696,35.215975,23220,3,99999,03102,福島野球場,福島町沼角田62-4,4,-99,9999
136.776021,35.22179,23220,3,99999,03104,千代田小学校,福島町比舎田102,3,-99,9999
136.775332,35.221567,23220,3,99999,03109,千代田小学校,福島町比舎田102,3,-99,9999
136.774384,35.221808,23220,3,99999,03104,千代田中学校,福島町比舎田17,3,-99,9999
136.773719,35.222118,23220,3,99999,03109,千代田中学校,福島町比舎田17,3,-99,9999
136.787047,35.24,23220,3,99999,03104,稲沢高等学校,平野町加世11,3,-99,9999
136.786893,35.240941,23220,3,99999,03109,稲沢高等学校,平野町加世11,3,-99,9999
136.734875,35.200563,23220,3,99999,03104,六輪小学校,平和町塩川52,3,-99,9999
136.735802,35.200544,23220,3,99999,03109,六輪小学校,平和町塩川52,3,-99,9999
136.736022,35.202433,23220,3,99999,03102,六輪グランド,平和町塩川90-1,4,-99,9999
136.736081,35.201656,23220,3,99999,03115,六輪テニスコート,平和町塩川90-1,4,-99,9999
136.741718,35.212799,23220,3,99999,03129,平和らくらくプラザ,平和町横池三番割19,4,-99,9999
136.740121,35.213324,23220,3,99999,03106,平和町プール,平和町横池中之町140,3,-99,9999
136.752534,35.21593,23220,3,99999,03104,三宅小学校,平和町下三宅北出1,3,-99,9999
136.753081,35.215804,23220,3,99999,03109,三宅小学校,平和町下三宅北出1,3,-99,9999
136.754192,35.230622,23220,3,99999,03102,須ヶ谷グランド,平和町須ヶ谷前浪433-1,4,-99,9999
136.742247,35.216119,23220,3,99999,03109,平和町体育館,平和町中三宅二丁割35,4,-99,9999
136.742021,35.215769,23220,3,99999,03112,平和町体育館,平和町中三宅二丁割35,4,-99,9999
136.740707,35.215472,23220,3,99999,03104,平和中学校,平和町平池七反田53,3,-99,9999
136.739721,35.215443,23220,3,99999,03115,平和中学校,平和町平池七反田53,3,-99,9999
136.739745,35.215996,23220,3,99999,03109,平和中学校,平和町平池七反田53,3,-99,9999
136.738527,35.223139,23220,3,99999,03104,法立小学校,平和町法立東瀬古7,3,-99,9999
136.737778,35.222945,23220,3,99999,03109,法立小学校,平和町法立東瀬古7,3,-99,9999
136.754991,35.243437,23220,3,99999,03104,明治中学校,片原一色町小山1,3,-99,9999
136.755692,35.244146,23220,3,99999,03109,明治中学校,片原一色町小山1,3,-99,9999
136.772406,35.221009,23220,3,99999,03106,千代田プール,野崎町手ヶ島24-1,3,-99,9999
136.771339,35.240683,23220,3,99999,03104,国分小学校,矢合町三島屋敷3440,3,-99,9999
136.771886,35.241158,23220,3,99999,03109,国分小学校,矢合町三島屋敷3440,3,-99,9999
136.781124,35.120624,23425,3,99999,03109,蟹江町立新蟹江小学校,蟹江新田仲川原198,3,-99,1873
136.781885,35.120381,23425,3,99999,03104,蟹江町立新蟹江小学校,蟹江新田仲川原198,3,-99,1873
136.790524,35.113044,23425,3,99999,03115,河川南テニスコート,蟹江本町字栄花野2-1,3,-99,9999
136.783556,35.13404,23425,3,99999,03109,蟹江町立学戸小学校,学戸4-236,3,-99,9999
136.784257,35.133341,23425,3,99999,03104,蟹江町立学戸小学校,学戸4-236,3,-99,9999
136.782601,35.134036,23425,3,99999,03102,学戸グラウンド,学戸5,3,-99,9999
136.782649,35.133832,23425,3,99999,03103,学戸グラウンド,学戸5,3,-99,9999
136.782673,35.133609,23425,3,99999,03104,学戸グラウンド,学戸5,3,-99,9999
136.786793,35.132933,23425,3,99999,03109,蟹江町体育館,学戸3-2,3,-99,9999
136.791469,35.122089,23425,3,99999,03109,蟹江町立舟入小学校,舟入3-70,3,-99,1936
136.791017,35.122429,23425,3,99999,03104,蟹江町立舟入小学校,舟入3-70,3,-99,1936
136.792218,35.130109,23425,3,99999,03109,蟹江町立蟹江小学校,城4-500,3,-99,1872
136.792955,35.130517,23425,3,99999,03104,蟹江町立蟹江小学校,城4-500,3,-99,1872
136.783776,35.143292,23425,3,99999,03109,蟹江町立須西小学校,須成西6-114,3,-99,1907
136.785404,35.142466,23425,3,99999,03104,蟹江町立須西小学校,須成西6-114,3,-99,1907
136.775024,35.135837,23425,3,99999,03109,町体育館分館,大字蟹江新田字佐屋川東46,3,-99,9999
136.787832,35.127524,23425,3,99999,03104,佐屋川グラウンド,大字蟹江新田字小助山4,3,-99,9999
136.774544,35.128854,23425,3,99999,03102,日光川野球場,大字蟹江新田字銭袋,3,-99,9999
136.775162,35.128086,23425,3,99999,03102,日光川ウォーターパークソフトボール場,大字蟹江新田字銭袋,3,-99,9999
136.790239,35.113705,23425,3,99999,03102,河川南グラウンド,大字蟹江本町字栄花野,3,-99,9999
136.796656,35.128813,23425,3,99999,03109,蟹江中学校,宝3-20,3,-99,1889
136.797381,35.129668,23425,3,99999,03104,蟹江中学校,宝3-20,3,-99,1889
136.780667,35.141461,23425,3,99999,03109,蟹江北中学校,須成西9-55-1,3,-99,1980
136.78113,35.140654,23425,3,99999,03104,蟹江北中学校,須成西9-55-1,3,-99,1980
136.992778,35.007998,23210,3,99999,03102,日高公園グラウンド,日高町,3,-99,9999
136.992766,35.007638,23210,3,99999,03104,日高公園グラウンド,日高町,3,-99,9999
136.873142,35.273669,23228,3,99999,03117,辻田公園,昭和町2-16,3,-99,9999
136.869752,35.29073,23228,3,99999,03102,石仏スポーツ広場,石仏町五山寺1,3,-99,9999
136.869752,35.290381,23228,3,99999,03103,石仏スポーツ広場,石仏町五山寺1,3,-99,9999
136.851217,35.26524,23228,3,99999,03142,希望の家,川井町江崎3819-1,3,-99,9999
136.883019,35.271671,23228,3,99999,03104,南部中学校グラウンド,曽野町江毛1,3,-99,9999
136.86702,35.277656,23228,3,99999,03102,中央公園,中央町2-20,3,-99,9999
136.871485,35.279493,23228,3,99999,03132,岩倉市生涯学習センター,本町神明西20,4,-99,9999
136.87072,35.284677,23228,3,99999,03104,岩倉北小学校グラウンド,本町南新溝廻間2,3,-99,9999
136.857039,35.27581,23228,3,99999,03115,野寄テニスコート,野寄町火吹6,3,-99,9999
136.856908,35.275276,23228,3,99999,03102,西小スポーツ広場,野寄町火吹6,3,-99,9999
136.863725,35.284839,23228,3,99999,03109,岩倉市総合体育文化センター,鈴井町下新田123,3,-99,9999
136.863737,35.284723,23228,3,99999,03120,岩倉市総合体育文化センター,鈴井町下新田123,3,-99,9999
136.863761,35.284587,23228,3,99999,03129,岩倉市総合体育文化センター,鈴井町下新田123,3,-99,9999
136.863773,35.284451,23228,3,99999,03111,岩倉市総合体育文化センター,鈴井町下新田123,3,-99,9999
136.863785,35.284315,23228,3,99999,03110,岩倉市総合体育文化センター,鈴井町下新田123,3,-99,9999
136.96091,35.361786,23215,3,99999,03109,東小学校,羽黒安戸西1-2,3,-99,9999
136.960031,35.361282,23215,3,99999,03104,東小学校,羽黒安戸西1-2,3,-99,9999
136.96091,35.361699,23215,3,99999,03111,東小学校,羽黒安戸西1-2,3,-99,9999
136.960684,35.361777,23215,3,99999,03113,東小学校,羽黒安戸西1-2,3,-99,9999
136.963447,35.351614,23215,3,99999,03109,東部中学校,羽黒朝日6-1,3,-99,9999
136.963091,35.350858,23215,3,99999,03104,東部中学校,羽黒朝日6-1,3,-99,9999
136.963447,35.351478,23215,3,99999,03111,東部中学校,羽黒朝日6-1,3,-99,9999
136.963626,35.351527,23215,3,99999,03113,東部中学校,羽黒朝日6-1,3,-99,9999
136.99174,35.335803,23215,3,99999,03109,池野小学校,字杁下51,3,-99,9999
136.991716,35.335454,23215,3,99999,03104,池野小学校,字杁下51,3,-99,9999
136.99174,35.335725,23215,3,99999,03111,池野小学校,字杁下51,3,-99,9999
136.991823,35.335744,23215,3,99999,03113,池野小学校,字杁下51,3,-99,9999
136.930595,35.376389,23215,3,99999,03109,犬山西小学校,上坂町5-2,3,-99,9999
136.930001,35.375333,23215,3,99999,03104,犬山西小学校,上坂町5-2,3,-99,9999
136.930583,35.376273,23215,3,99999,03111,犬山西小学校,上坂町5-2,3,-99,9999
136.930548,35.376157,23215,3,99999,03113,犬山西小学校,上坂町5-2,3,-99,9999
136.950749,35.328461,23215,3,99999,03109,楽田小学校,城山97,3,-99,9999
136.951403,35.327588,23215,3,99999,03104,楽田小学校,城山97,3,-99,9999
136.950761,35.328364,23215,3,99999,03111,楽田小学校,城山97,3,-99,9999
136.950916,35.328422,23215,3,99999,03113,楽田小学校,城山97,3,-99,9999
136.952182,35.348355,23215,3,99999,03109,羽黒小学校,大字羽黒字前川原67,3,-99,9999
136.951517,35.347938,23215,3,99999,03104,羽黒小学校,大字羽黒字前川原67,3,-99,9999
136.952063,35.348384,23215,3,99999,03111,羽黒小学校,大字羽黒字前川原67,3,-99,9999
136.952301,35.348346,23215,3,99999,03113,羽黒小学校,大字羽黒字前川原67,3,-99,9999
136.940031,35.335932,23215,3,99999,03115,山ノ田公園テニス場,大字羽黒新田字高見地内,3,-99,9999
136.936823,35.336645,23215,3,99999,03121,犬山市弓道場,大字羽黒新田字上堅筬1-1,3,-99,9999
136.936502,35.336645,23215,3,99999,03109,犬山市体育センター,大字羽黒新田字上堅筬1-1,3,-99,9999
136.936479,35.336519,23215,3,99999,03120,犬山市体育センター,大字羽黒新田字上堅筬1-1,3,-99,9999
136.951291,35.342309,23215,3,99999,03109,南部中学校,大字羽黒新田字畑田1,3,-99,9999
136.951683,35.341611,23215,3,99999,03104,南部中学校,大字羽黒新田字畑田1,3,-99,9999
136.951291,35.342212,23215,3,99999,03111,南部中学校,大字羽黒新田字畑田1,3,-99,9999
136.951291,35.342116,23215,3,99999,03113,南部中学校,大字羽黒新田字畑田1,3,-99,9999
136.940738,35.375094,23215,3,99999,03109,犬山南小学校,大字橋爪字末友28,3,-99,9999
136.941332,35.375162,23215,3,99999,03104,犬山南小学校,大字橋爪字末友28,3,-99,9999
136.940726,35.374968,23215,3,99999,03111,犬山南小学校,大字橋爪字末友28,3,-99,9999
136.940714,35.374842,23215,3,99999,03113,犬山南小学校,大字橋爪字末友28,3,-99,9999
136.964327,35.408139,23215,3,99999,03142,犬山市野外活動センター,大字栗栖字垣ノ内181,3,-99,9999
136.963535,35.412691,23215,3,99999,03109,栗栖小学校,大字栗栖字野口455,3,-99,9999
136.963541,35.412633,23215,3,99999,03104,栗栖小学校,大字栗栖字野口455,3,-99,9999
136.963552,35.412565,23215,3,99999,03111,栗栖小学校,大字栗栖字野口455,3,-99,9999
136.963671,35.412546,23215,3,99999,03113,栗栖小学校,大字栗栖字野口455,3,-99,9999
136.943063,35.38588,23215,3,99999,03102,名証犬山綜合運動場,大字犬山字三反田1,3,-99,9999
136.943051,35.385521,23215,3,99999,03104,名証犬山綜合運動場,大字犬山字三反田1,3,-99,9999
136.941791,35.385773,23215,3,99999,03103,名証犬山綜合運動場,大字犬山字三反田1,3,-99,9999
136.941553,35.386383,23215,3,99999,03115,名証犬山綜合運動場,大字犬山字三反田1,3,-99,9999
136.937331,35.385275,23215,3,99999,03110,犬山市武道館,大字犬山字北古券16-1,3,-99,9999
136.937153,35.385294,23215,3,99999,03111,犬山市武道館,大字犬山字北古券16-1,3,-99,9999
136.937103,35.384707,23215,3,99999,03109,犬山北小学校,大字犬山字北古券2,3,-99,9999
136.937745,35.384581,23215,3,99999,03104,犬山北小学校,大字犬山字北古券2,3,-99,9999
136.938434,35.384378,23215,3,99999,03111,犬山北小学校,大字犬山字北古券2,3,-99,9999
136.937103,35.384601,23215,3,99999,03113,犬山北小学校,大字犬山字北古券2,3,-99,9999
136.972995,35.37871,23215,3,99999,03109,城東中学校,大字塔野地字田口洞39-101,3,-99,9999
136.972306,35.378168,23215,3,99999,03104,城東中学校,大字塔野地字田口洞39-101,3,-99,9999
136.972983,35.378594,23215,3,99999,03111,城東中学校,大字塔野地字田口洞39-101,3,-99,9999
136.973138,35.378594,23215,3,99999,03113,城東中学校,大字塔野地字田口洞39-101,3,-99,9999
136.970951,35.379203,23215,3,99999,03109,城東小学校,大字塔野地字東屋敷1,3,-99,9999
136.970927,35.378225,23215,3,99999,03104,城東小学校,大字塔野地字東屋敷1,3,-99,9999
136.970951,35.379077,23215,3,99999,03111,城東小学校,大字塔野地字東屋敷1,3,-99,9999
136.97107,35.379126,23215,3,99999,03113,城東小学校,大字塔野地字東屋敷1,3,-99,9999
136.928683,35.377395,23215,3,99999,03109,犬山中学校,大字木津字宮前15,3,-99,9999
136.929265,35.377773,23215,3,99999,03104,犬山中学校,大字木津字宮前15,3,-99,9999
136.928683,35.37724,23215,3,99999,03111,犬山中学校,大字木津字宮前15,3,-99,9999
136.928683,35.377075,23215,3,99999,03113,犬山中学校,大字木津字宮前15,3,-99,9999
136.926816,35.378267,23215,3,99999,03104,木曽川犬山緑地,大字木津地先,3,-99,9999
136.926008,35.377899,23215,3,99999,03102,木曽川犬山緑地,大字木津地先,3,-99,9999
136.881776,35.343053,23217,3,99999,03109,古知野東小学校,宮後町船渡58,3,-99,9999
136.881752,35.342951,23217,3,99999,03111,古知野東小学校,宮後町船渡58,3,-99,9999
136.837629,35.354602,23217,3,99999,03104,蘇南公園,宮田町本田島322,3,-99,9999
136.838163,35.355784,23217,3,99999,03102,蘇南公園,宮田町本田島322,3,-99,9999
136.8365,35.355212,23217,3,99999,03103,蘇南公園,宮田町本田島322,3,-99,9999
136.837118,35.355493,23217,3,99999,03101,蘇南公園,宮田町本田島322,3,-99,9999
136.840386,35.356288,23217,3,99999,03117,蘇南公園,宮田町本田島322,3,-99,9999
136.839352,35.355445,23217,3,99999,03127,蘇南公園,宮田町本田島322,3,-99,9999
136.837308,35.354456,23217,3,99999,03138,蘇南公園,宮田町本田島322,3,-99,9999
136.842216,35.356986,23217,3,99999,03115,蘇南公園,宮田町本田島322,3,-99,9999
136.839934,35.356472,23217,3,99999,03147,蘇南公園,宮田町本田島322,3,-99,9999
136.86793,35.334928,23217,3,99999,03109,古知野南小学校,古知野町大塔72,3,-99,9999
136.867859,35.334787,23217,3,99999,03111,古知野南小学校,古知野町大塔72,3,-99,9999
136.850866,35.350172,23217,3,99999,03109,宮田中学校,後飛保町前川210,3,-99,9999
136.850843,35.350046,23217,3,99999,03111,宮田中学校,後飛保町前川210,3,-99,9999
136.848661,35.351688,23217,3,99999,03109,宮田小学校,後飛保町両家125,3,-99,9999
136.84872,35.351572,23217,3,99999,03111,宮田小学校,後飛保町両家125,3,-99,9999
136.876791,35.341975,23217,3,99999,03109,古知野中学校,高屋町遠場148,3,-99,9999
136.876851,35.341839,23217,3,99999,03111,古知野中学校,高屋町遠場148,3,-99,9999
136.874847,35.349623,23217,3,99999,03109,江南市民体育会館,高屋町清水118,4,-99,9999
136.874811,35.349468,23217,3,99999,03129,江南市民体育会館,高屋町清水118,4,-99,9999
136.874561,35.350011,23217,3,99999,03110,武道館,高屋町清水118,3,3,9999
136.87455,35.349933,23217,3,99999,03111,武道館,高屋町清水118,3,3,9999
136.874799,35.35098,23217,3,99999,03102,市営グランド,高屋町清水118,3,-99,9999
136.875548,35.350767,23217,3,99999,03115,市営テニスコート,高屋町清水118,3,-99,9999
136.875263,35.350117,23217,3,99999,03106,市民プール,高屋町清水118,3,-99,9999
136.882839,35.329688,23217,3,99999,03109,布袋北小学校,今市場町秋津220,3,-99,9999
136.882791,35.329591,23217,3,99999,03111,布袋北小学校,今市場町秋津220,3,-99,9999
136.871783,35.362951,23217,3,99999,03109,草井小学校,小杁町長者毛西1,3,-99,9999
136.871783,35.362845,23217,3,99999,03111,草井小学校,小杁町長者毛西1,3,-99,9999
136.85508,35.325767,23217,3,99999,03109,西部中学校,上奈良町観音寺60,3,-99,9999
136.85508,35.325622,23217,3,99999,03111,西部中学校,上奈良町観音寺60,3,-99,9999
136.878646,35.370994,23217,3,99999,03129,すいとぴあ江南,草井町西200,3,6,1994
136.877993,35.370887,23217,3,99999,03115,すいとぴあ江南,草井町西200,3,6,1994
136.877707,35.371957,23217,3,99999,03103,草井グランド,草井町中270,3,-99,9999
136.880381,35.372723,23217,3,99999,03102,草井グランド,草井町中270,3,-99,9999
136.859369,35.358446,23217,3,99999,03109,藤里小学校,村久野町藤里1,3,-99,9999
136.859428,35.35833,23217,3,99999,03111,藤里小学校,村久野町藤里1,3,-99,9999
136.88024,35.35984,23217,3,99999,03109,北部中学校（工事中）,村久野町平松245,3,-99,9999
136.880264,35.359705,23217,3,99999,03111,北部中学校（工事中）,村久野町平松245,3,-99,9999
136.863267,35.349059,23217,3,99999,03109,門弟山小学校,村久野町門弟山272,3,-99,9999
136.863351,35.348972,23217,3,99999,03111,門弟山小学校,村久野町門弟山272,3,-99,9999
136.895005,35.373731,23217,3,99999,03115,中般若グランド,中般若町川端284,3,-99,9999
136.896514,35.373769,23217,3,99999,03102,中般若グランド,中般若町川端284,3,-99,9999
136.870673,35.315632,23217,3,99999,03109,布袋小学校,布袋下山町南167,3,-99,9999
136.870649,35.315516,23217,3,99999,03111,布袋小学校,布袋下山町南167,3,-99,9999
136.876207,35.320159,23217,3,99999,03109,布袋中学校,北山町西7,3,-99,9999
136.87616,35.319974,23217,3,99999,03111,布袋中学校,北山町西7,3,-99,9999
136.912748,35.373614,23217,3,99999,03144,遊歩道・サイクリングロード,木曽川沿,3,-99,9999
136.88511,35.356368,23217,3,99999,03109,古知野北小学校,和田町宮145,3,-99,9999
136.885051,35.356194,23217,3,99999,03111,古知野北小学校,和田町宮145,3,-99,9999
136.984516,35.250403,23206,3,99999,03102,篠木公園グラウンド,関田町1-41,3,-99,9999
136.945469,35.273751,23206,3,99999,03102,牛山運動広場（少年野球）,牛山町字田違3133-1,3,-99,9999
136.945528,35.272615,23206,3,99999,03103,牛山運動広場,牛山町字田違3133-1,3,-99,9999
136.94535,35.271442,23206,3,99999,03102,牛山公園グラウンド,牛山町字田違3133-1,3,-99,9999
136.945362,35.271102,23206,3,99999,03103,牛山公園グラウンド,牛山町字田違3133-1,3,-99,9999
136.945774,35.219749,23206,3,99999,03102,地蔵ヶ池公園グラウンド,勝川町1-3,3,-99,9999
136.965701,35.218013,23206,3,99999,03102,松河戸グラウンド河川敷,松河戸町,3,-99,9999
136.963776,35.2181,23206,3,99999,03102,松河戸グラウンド河川敷,松河戸町,3,-99,9999
136.988032,35.229162,23206,3,99999,03102,上条グラウンド河川敷,上条町9地内,3,-99,9999
136.951779,35.279372,23206,3,99999,03102,上田楽運動広場,上田楽町1958-1,3,-99,9999
136.948544,35.257965,23206,3,99999,03102,前高グラウンド,西高山町地内,3,-99,9999
136.948603,35.257684,23206,3,99999,03103,前高グラウンド,西高山町地内,3,-99,9999
136.983761,35.276507,23206,3,99999,03102,大池緑地グラウンド,西山町5-18-1,3,-99,9999
136.983524,35.276178,23206,3,99999,03103,大池緑地グラウンド,西山町5-18-1,3,-99,9999
136.983446,35.253552,23206,3,99999,03109,春日井市福祉文化体育館（サン・アビリティーズ春日井）,浅山町1-2-61,4,-99,9999
136.983474,35.253487,23206,3,99999,03120,春日井市福祉文化体育館（サン・アビリティーズ春日井）,浅山町1-2-61,4,-99,9999
136.983509,35.253428,23206,3,99999,03116,春日井市福祉文化体育館（サン・アビリティーズ春日井）,浅山町1-2-61,4,-99,9999
136.96179,35.268386,23206,3,99999,03109,総合体育館,鷹来町4196-3,4,3,9999
136.961849,35.26827,23206,3,99999,03116,総合体育館,鷹来町4196-3,4,3,9999
136.961909,35.268172,23206,3,99999,03111,総合体育館,鷹来町4196-3,4,3,9999
136.961992,35.268056,23206,3,99999,03110,総合体育館,鷹来町4196-3,4,3,9999
136.962075,35.26794,23206,3,99999,03120,総合体育館,鷹来町4196-3,4,3,9999
136.962146,35.267823,23206,3,99999,03121,総合体育館,鷹来町4196-3,4,3,9999
136.961647,35.268299,23206,3,99999,03132,総合体育館,鷹来町4196-3,4,3,9999
136.961754,35.268134,23206,3,99999,03122,総合体育館,鷹来町4196-3,4,3,9999
136.963719,35.267592,23206,3,99999,03105,春日井市温水プール（サンフロッグ春日井）,鷹来町4286,4,-99,9999
136.963065,35.267262,23206,3,99999,03107,春日井市温水プール（サンフロッグ春日井）,鷹来町4286,4,-99,9999
136.963279,35.266961,23206,3,99999,03129,春日井市温水プール（サンフロッグ春日井）,鷹来町4286,4,-99,9999
136.960276,35.25475,23206,3,99999,03115,朝宮公園,朝宮町4-1-2,4,-99,9999
136.960751,35.255556,23206,3,99999,03102,朝宮公園,朝宮町4-1-2,4,-99,9999
136.958362,35.257109,23206,3,99999,03103,朝宮公園,朝宮町4-1-2,4,-99,9999
136.958647,35.256827,23206,3,99999,03101,朝宮公園,朝宮町4-1-2,4,-99,9999
136.958992,35.257594,23206,3,99999,03106,朝宮公園,朝宮町4-1-2,4,-99,9999
136.95898,35.256497,23206,3,99999,03138,朝宮公園,朝宮町4-1-2,4,-99,9999
136.969659,35.241516,23206,3,99999,03109,青少年女性センター,鳥居松町2-247,3,5,9999
136.9696,35.241438,23206,3,99999,03120,青少年女性センター,鳥居松町2-247,3,5,9999
136.969505,35.24137,23206,3,99999,03132,青少年女性センター,鳥居松町2-247,3,5,9999
136.968826,35.244825,23206,3,99999,03102,中央公園グラウンド,鳥居松町3-21,3,-99,9999
136.968849,35.244389,23206,3,99999,03103,中央公園グラウンド,鳥居松町3-21,3,-99,9999
136.989692,35.272781,23206,3,99999,03109,落合公園体育館,東野町字茨沢15-5,4,1,9999
136.98974,35.272635,23206,3,99999,03120,落合公園体育館,東野町字茨沢15-5,4,1,9999
136.989788,35.272499,23206,3,99999,03116,落合公園体育館,東野町字茨沢15-5,4,1,9999
136.991029,35.272336,23206,3,99999,03109,グリーンパレス春日井,東野町字落合池1-2,4,3,9999
136.991112,35.27221,23206,3,99999,03120,グリーンパレス春日井,東野町字落合池1-2,4,3,9999
136.991457,35.272181,23206,3,99999,03115,グリーンパレス春日井,東野町字落合池1-2,4,3,9999
136.956893,35.24336,23206,3,99999,03115,中央公民館,柏原町1-97-1,3,-99,9999
136.957665,35.242855,23206,3,99999,03120,中央公民館,柏原町1-97-1,3,-99,9999
136.921962,35.306811,23219,3,99999,03109,パークアリーナ小牧（スポーツ公園）,間々原新田737,4,2,9999
136.921915,35.306665,23219,3,99999,03116,パークアリーナ小牧（スポーツ公園）,間々原新田737,4,2,9999
136.921867,35.306549,23219,3,99999,03120,パークアリーナ小牧（スポーツ公園）,間々原新田737,4,2,9999
136.921796,35.306403,23219,3,99999,03129,パークアリーナ小牧（スポーツ公園）,間々原新田737,4,2,9999
136.921689,35.306239,23219,3,99999,03132,パークアリーナ小牧（スポーツ公園）,間々原新田737,4,2,9999
136.921499,35.306064,23219,3,99999,03103,パークアリーナ小牧（スポーツ公園）,間々原新田737,4,2,9999
136.922001,35.276639,23219,3,99999,03106,南スポーツセンター,郷中2-201,4,-99,9999
136.921846,35.27563,23219,3,99999,03102,南スポーツセンター,郷中2-201,4,-99,9999
136.921692,35.275969,23219,3,99999,03101,南スポーツセンター,郷中2-201,4,-99,9999
136.922024,35.275397,23219,3,99999,03103,南スポーツセンター,郷中2-201,4,-99,9999
136.921228,35.276726,23219,3,99999,03111,南スポーツセンター,郷中2-201,4,-99,9999
136.921216,35.276542,23219,3,99999,03110,南スポーツセンター,郷中2-201,4,-99,9999
136.919015,35.293847,23219,3,99999,03109,小牧市大輪体育館,小牧1-114,4,2,9999
136.919027,35.293721,23219,3,99999,03120,小牧市大輪体育館,小牧1-114,4,2,9999
136.925008,35.290173,23219,3,99999,03109,小牧市まなび創造館,小牧3-555,3,-99,9999
136.924949,35.290018,23219,3,99999,03132,小牧市まなび創造館,小牧3-555,3,-99,9999
136.924865,35.289853,23219,3,99999,03129,小牧市まなび創造館,小牧3-555,3,-99,9999
136.924782,35.289678,23219,3,99999,03116,小牧市まなび創造館,小牧3-555,3,-99,9999
136.966501,35.291697,23219,3,99999,03102,総合運動場（市民球場）,上末3450-303,4,-99,9999
136.915661,35.282053,23219,3,99999,03102,中島スポーツ広場,常普請3-1,3,-99,9999
136.915625,35.281627,23219,3,99999,03104,中島スポーツ広場,常普請3-1,3,-99,9999
136.88657,35.283677,23219,3,99999,03102,さかき運動場,新小木1-73,4,-99,9999
136.886226,35.280999,23219,3,99999,03115,さかき運動場,新小木1-73,4,-99,9999
136.896826,35.291839,23219,3,99999,03104,小牧西中学校,西之島2200,3,-99,9999
136.908173,35.281301,23219,3,99999,03127,スケートパーク川西,川西3-4,3,-99,2002
136.914834,35.307554,23219,3,99999,03102,村中運動場,村中1400,4,-99,9999
136.914668,35.307263,23219,3,99999,03104,村中運動場,村中1400,4,-99,9999
136.921814,35.305671,23219,3,99999,03109,小牧市スポーツ公園総合体育館（パークアリーナ小牧）,大字間々原新田737,3,-99,9999
136.921736,35.30555,23219,3,99999,03129,小牧市スポーツ公園総合体育館（パークアリーナ小牧）,大字間々原新田737,3,-99,9999
136.921677,35.305438,23219,3,99999,03131,小牧市スポーツ公園総合体育館（パークアリーナ小牧）,大字間々原新田737,3,-99,9999
136.921635,35.3057,23219,3,99999,03119,小牧市スポーツ公園総合体育館（パークアリーナ小牧）,大字間々原新田737,3,-99,9999
136.921576,35.305579,23219,3,99999,03132,小牧市スポーツ公園総合体育館（パークアリーナ小牧）,大字間々原新田737,3,-99,9999
136.921534,35.305477,23219,3,99999,03120,小牧市スポーツ公園総合体育館（パークアリーナ小牧）,大字間々原新田737,3,-99,9999
136.966478,35.291979,23219,3,99999,03102,小牧市総合運動場（市民球場）,大字上末3450-303,4,-99,9999
136.96441,35.29227,23219,3,99999,03103,小牧市総合運動場（市民球場）,大字上末3450-303,4,-99,9999
136.955547,35.301849,23219,3,99999,03109,尾張広域緑道（フレッシュパーク）,大字本庄字南浦1020,3,-99,9999
136.95563,35.301732,23219,3,99999,03132,尾張広域緑道（フレッシュパーク）,大字本庄字南浦1020,3,-99,9999
136.955677,35.30182,23219,3,99999,03120,尾張広域緑道（フレッシュパーク）,大字本庄字南浦1020,3,-99,9999
136.955238,35.301606,23219,3,99999,03129,尾張広域緑道（フレッシュパーク）,大字本庄字南浦1020,3,-99,9999
136.955654,35.300918,23219,3,99999,03144,尾張広域緑道（フレッシュパーク）,大字本庄字南浦1020,3,-99,9999
136.955333,35.301509,23219,3,99999,03116,尾張広域緑道（フレッシュパーク）,大字本庄字南浦1020,3,-99,9999
136.994138,35.318614,23219,3,99999,03105,小牧市温水プール,大字野口2394-3,4,-99,9999
136.99415,35.318463,23219,3,99999,03107,小牧市温水プール,大字野口2394-3,4,-99,9999
136.953393,35.292483,23219,3,99999,03102,長治町スポーツ広場,長治町1-1,3,-99,9999
136.953274,35.292124,23219,3,99999,03104,長治町スポーツ広場,長治町1-1,3,-99,9999
136.979239,35.296473,23219,3,99999,03104,桃陵中学校,桃ケ丘2-1,3,-99,9999
136.9132,35.290785,23219,3,99999,03111,堀の内体育施設,堀の内1-2,4,-99,9999
136.913188,35.290669,23219,3,99999,03110,堀の内体育施設,堀の内1-2,4,-99,9999
136.992463,35.317728,23219,3,99999,03102,野口運動場,野口2419-3,4,-99,9999
136.992522,35.317563,23219,3,99999,03104,野口運動場,野口2419-3,4,-99,9999
136.844684,35.22392,23233,3,99999,03102,清洲ソフトボール場（休止）,一場弓町173,3,-99,9999
136.850821,35.185656,23233,3,99999,03102,新川軟式野球場,下河原800（庄内川新川緑地内）,3,-99,9999
136.85176,35.186074,23233,3,99999,03102,新川ソフトボール場,下河原800（庄内川新川緑地内）,3,-99,9999
136.851273,35.186433,23233,3,99999,03115,新川テニスコート,下河原800（庄内川新川緑地内）,3,-99,9999
136.855105,35.210923,23233,3,99999,03105,カルチバ新川（プール、スポーツ施設、文化ホール併設）,寺野美鈴60,4,2,1996
136.85501,35.210758,23233,3,99999,03129,カルチバ新川（プール、スポーツ施設、文化ホール併設）,寺野美鈴60,4,2,1996
136.855105,35.210826,23233,3,99999,03132,カルチバ新川（プール、スポーツ施設、文化ホール併設）,寺野美鈴60,4,2,1996
136.840083,35.236373,23233,3,99999,03102,春日グランド,春日新田畑1,3,-99,9999
136.839572,35.236587,23233,3,99999,03115,春日グランド,春日新田畑1,3,-99,9999
136.839635,35.24181,23233,3,99999,03109,春日Ｂ＆Ｇ海洋センター,春日東出6,3,-99,9999
136.839516,35.241742,23233,3,99999,03112,春日Ｂ＆Ｇ海洋センター,春日東出6,3,-99,9999
136.839397,35.241674,23233,3,99999,03120,春日Ｂ＆Ｇ海洋センター,春日東出6,3,-99,9999
136.838216,35.242451,23233,3,99999,03104,春日Ｂ＆Ｇ多目的運動場,春日二ツ池22-1,3,-99,9999
136.852662,35.200516,23233,3,99999,03109,新川体育会館,須ケ口1251-1,3,2,1971
136.852603,35.20038,23233,3,99999,03120,新川体育会館,須ケ口1251-1,3,2,1971
136.852519,35.200244,23233,3,99999,03116,新川体育会館,須ケ口1251-1,3,2,1971
136.84423,35.2134,23233,3,99999,03105,アルコ清洲（プール、スポーツ施設併設）,清洲2537,4,4,1995
136.844206,35.213274,23233,3,99999,03107,アルコ清洲（プール、スポーツ施設併設）,清洲2537,4,4,1995
136.844194,35.213147,23233,3,99999,03129,アルコ清洲（プール、スポーツ施設併設）,清洲2537,4,4,1995
136.84417,35.213002,23233,3,99999,03121,アルコ清洲（プール、スポーツ施設併設）,清洲2537,4,4,1995
136.844147,35.212866,23233,3,99999,03109,アルコ清洲（プール、スポーツ施設併設）,清洲2537,4,4,1995
136.844016,35.213361,23233,3,99999,03132,アルコ清洲（プール、スポーツ施設併設）,清洲2537,4,4,1995
136.844004,35.213186,23233,3,99999,03110,アルコ清洲（プール、スポーツ施設併設）,清洲2537,4,4,1995
136.84398,35.213011,23233,3,99999,03111,アルコ清洲（プール、スポーツ施設併設）,清洲2537,4,4,1995
136.843968,35.212817,23233,3,99999,03120,アルコ清洲（プール、スポーツ施設併設）,清洲2537,4,4,1995
136.856193,35.196396,23233,3,99999,03115,浄化センター（テニスコート）,西枇杷島町亥新田45-2,3,-99,9999
136.867852,35.208593,23233,3,99999,03102,西枇杷島野球場,西枇杷島町古城2-15-1（枇杷島公園内）,3,-99,9999
136.866231,35.19788,23233,3,99999,03129,にしびさわやかプラザ,西枇杷島町住吉1-1,3,-99,9999
136.866136,35.197861,23233,3,99999,03109,にしびさわやかプラザ,西枇杷島町住吉1-1,3,-99,9999
136.866029,35.197861,23233,3,99999,03120,にしびさわやかプラザ,西枇杷島町住吉1-1,3,-99,9999
136.866136,35.197764,23233,3,99999,03116,にしびさわやかプラザ,西枇杷島町住吉1-1,3,-99,9999
136.870723,35.200885,23233,3,99999,03102,西枇杷島子ども野球場,西枇杷島町上新95-（上新公園内）,3,-99,9999
136.871187,35.201264,23233,3,99999,03115,西枇杷島テニスコート,西枇杷島町上新95-（上新公園内）,3,-99,9999
136.857204,35.190829,23233,3,99999,03102,西枇杷島ソフトボール場,西枇杷島町西枇杷池地内（リバーランド内）,3,-99,9999
136.908295,35.337408,23361,3,99999,03147,白山ふれあいの森,下小口1-155,3,-99,9999
136.909325,35.32972,23361,3,99999,03115,総合テニスコート,下小口6-150,4,-99,9999
136.909349,35.330602,23361,3,99999,03104,総合運動場,下小口6-150,4,-99,9999
136.909361,35.330263,23361,3,99999,03104,多目的広場,下小口6-150,4,-99,9999
136.934478,35.34496,23361,3,99999,03104,河北グランド,河北3-25,4,-99,9999
136.902424,35.332065,23361,3,99999,03102,野球グラウンド,丸1-38-1,3,-99,9999
136.904909,35.322572,23361,3,99999,03104,秋田グラウンド,秋田2-44-1,4,-99,9999
136.920625,35.343933,23361,3,99999,03104,わかしゃち国体記念運動公園,上小口3-181,4,-99,9999
136.916787,35.340773,23361,3,99999,03109,町屋内運動場,大字小口字城屋敷123,4,-99,9999
136.923049,35.339218,23361,3,99999,03104,旧北小学校跡地広場,大字小口字城屋敷123,4,-99,9999
136.903137,35.332911,23361,3,99999,03115,町テニスコート,竹田2-202-3,3,-99,9999
136.91007,35.3285,23361,3,99999,03129,ほほえみプラザ,伝右1-35,4,-99,9999
136.910058,35.328422,23361,3,99999,03132,ほほえみプラザ,伝右1-35,4,-99,9999
136.911747,35.328502,23361,3,99999,03105,温水プール,伝右1-47,4,-99,9999
136.819289,35.165891,23424,3,99999,03104,大治南小学校,砂子勇八前320,3,-99,9999
136.818529,35.166425,23424,3,99999,03109,大治南小学校,砂子勇八前320,3,-99,9999
136.812049,35.180611,23424,3,99999,03104,大治西小学校,西條松下100,3,-99,9999
136.811335,35.181009,23424,3,99999,03109,大治西小学校,西條松下100,3,-99,9999
136.816829,35.173534,23424,3,99999,03104,多目的スポーツ広場,大字中島字中田79-1,3,-99,9999
136.828248,35.178589,23424,3,99999,03102,町営野球場,大字北間島字阿原,3,-99,2007
136.82978,35.178542,23424,3,99999,03120,スポーツセンター,大字北間島字藤田33-1,3,-99,1996
136.829744,35.178406,23424,3,99999,03110,スポーツセンター,大字北間島字藤田33-1,3,-99,1996
136.829732,35.178289,23424,3,99999,03111,スポーツセンター,大字北間島字藤田33-1,3,-99,1996
136.829613,35.178552,23424,3,99999,03113,スポーツセンター,大字北間島字藤田33-1,3,-99,1996
136.82959,35.178425,23424,3,99999,03132,スポーツセンター,大字北間島字藤田33-1,3,-99,1996
136.82959,35.178309,23424,3,99999,03129,スポーツセンター,大字北間島字藤田33-1,3,-99,1996
136.829946,35.178513,23424,3,99999,03109,スポーツセンター,大字北間島字藤田33-1,3,-99,1996
136.82991,35.178357,23424,3,99999,03116,スポーツセンター,大字北間島字藤田33-1,3,-99,1996
136.826075,35.176721,23424,3,99999,03104,大治中学校,大字堀之内字半之返791,3,-99,9999
136.825575,35.177187,23424,3,99999,03112,大治中学校,大字堀之内字半之返791,3,-99,9999
136.826098,35.175964,23424,3,99999,03115,大治中学校,大字堀之内字半之返791,3,-99,9999
136.821374,35.175265,23424,3,99999,03104,大治小学校,堀之内南二反畑606,3,-99,9999
136.822087,35.17541,23424,3,99999,03109,大治小学校,堀之内南二反畑606,3,-99,9999
136.978577,35.021283,23223,3,99999,03104,大府東高校,横根町膝折1-4,4,-99,9999
136.975935,35.013247,23223,3,99999,03109,大府市民体育館,横根町平地191,4,2,1985
136.975947,35.01314,23223,3,99999,03116,大府市民体育館,横根町平地191,4,2,1985
136.975971,35.013033,23223,3,99999,03120,大府市民体育館,横根町平地191,4,2,1985
136.975995,35.012926,23223,3,99999,03112,大府市民体育館,横根町平地191,4,2,1985
136.975781,35.013169,23223,3,99999,03132,大府市民体育館,横根町平地191,4,2,1985
136.976018,35.013559,23223,3,99999,03121,大府市民体育館,横根町平地191,4,2,1985
136.975804,35.013014,23223,3,99999,03129,大府市民体育館,横根町平地191,4,2,1985
136.976338,35.012132,23223,3,99999,03102,横根グラウンド,横根町平地1-3,4,-99,9999
136.976421,35.011801,23223,3,99999,03103,横根グラウンド,横根町平地1-3,4,-99,9999
136.976991,35.014322,23223,3,99999,03102,横根多目的グラウンド,横根町平地211,4,-99,9999
136.977051,35.014001,23223,3,99999,03103,横根多目的グラウンド,横根町平地211,4,-99,9999
136.978073,35.013397,23223,3,99999,03103,横根フットサルコート,横根町平地269,4,-99,9999
136.932769,35.001953,23223,3,99999,03109,吉田小学校,吉田町4-33,4,-99,9999
136.944148,35.037417,23223,3,99999,03104,共和西小学校,共西町1-29,4,-99,9999
136.943732,35.038099,23223,3,99999,03109,共和西小学校,共西町1-29,4,-99,9999
136.949778,35.031443,23223,3,99999,03104,共長小学校,共和町6-140,4,-99,9999
136.958303,35.003684,23223,3,99999,03104,大府高校,月見町6-180,4,-99,9999
136.949633,35.010693,23223,3,99999,03109,石ケ瀬小学校,江端町6-99,4,-99,9999
136.947998,35.008844,23223,3,99999,03102,石ヶ瀬多目的グラウンド,森岡町2-58,4,-99,9999
136.94795,35.008406,23223,3,99999,03103,石ヶ瀬多目的グラウンド,森岡町2-58,4,-99,9999
136.987775,35.024572,23223,3,99999,03104,神田小学校,神田町3-135,4,-99,9999
136.973044,35.006324,23223,3,99999,03104,大東小学校,大東町2-61,4,-99,9999
136.972616,35.007141,23223,3,99999,03109,大東小学校,大東町2-61,4,-99,9999
136.977351,35.003125,23223,3,99999,03105,東部知多温水プール,大東町2-96,3,2,1991
136.9626,35.01313,23223,3,99999,03104,桃陵高校,中央町5-15,4,-99,9999
136.962398,35.012653,23223,3,99999,03115,桃陵高校,中央町5-15,4,-99,9999
136.963898,35.025743,23223,3,99999,03104,東山小学校,長根町3-111,4,-99,9999
136.963042,35.026366,23223,3,99999,03109,東山小学校,長根町3-111,4,-99,9999
136.944974,35.022614,23223,3,99999,03109,大府西中学校,長草町車池11,4,-99,9999
136.942894,35.022001,23223,3,99999,03102,市営グラウンド,長草町車池11,4,-99,9999
136.942894,35.021602,23223,3,99999,03103,市営グラウンド,長草町車池11,4,-99,9999
136.974721,35.026545,23223,3,99999,03102,二ツ池公園グラウンド,横根町名高山75,4,-99,9999
136.974676,35.026748,23223,3,99999,03103,二ツ池公園グラウンド,横根町名高山75,4,-99,9999
136.945959,35.021193,23223,3,99999,03109,大府体育センター,長草町車池16ー21,4,1,1979
136.946066,35.021183,23223,3,99999,03120,大府体育センター,長草町車池16ー21,4,1,1979
136.946173,35.021164,23223,3,99999,03111,大府体育センター,長草町車池16ー21,4,1,1979
136.959308,35.03283,23223,3,99999,03109,大府北中学校,東新町3-3-1,4,-99,9999
136.96463,35.018406,23223,3,99999,03104,大府中学校,桃山町3-216,4,-99,9999
136.96488,35.0197,23223,3,99999,03109,大府中学校,桃山町3-216,4,-99,9999
136.964297,35.01968,23223,3,99999,03112,大府中学校,桃山町3-216,4,-99,9999
136.963912,35.013298,23223,3,99999,03104,大府小学校,桃山町5-44,4,-99,9999
136.967635,35.031107,23223,3,99999,03104,北山小学校,北山町3-120,4,-99,9999
136.945891,35.028851,23223,3,99999,03138,長草多目的広場,明成町2-61,4,-99,9999
136.946069,35.028763,23223,3,99999,03104,長草多目的広場,明成町2-61,4,-99,9999
136.868663,35.002619,23224,3,99999,03106,知多海浜プール,緑町10,4,-99,9999
136.869763,35.001132,23224,3,99999,03102,緑広場,緑町12-3,3,-99,9999
136.869573,35.000802,23224,3,99999,03103,緑広場,緑町12-3,3,-99,9999
136.869204,35.000373,23224,3,99999,03104,緑広場,緑町12-3,3,-99,9999
136.869413,35.00348,23224,3,99999,03102,ふれあい広場,緑町44,3,-99,9999
136.87002,35.003207,23224,3,99999,03103,ふれあい広場,緑町44,3,-99,9999
136.870709,35.002876,23224,3,99999,03104,ふれあい広場,緑町44,3,-99,9999
136.868099,35.00116,23224,3,99999,03102,知多運動公園（野球場、陸上競技場、庭球場）,緑町8,4,-99,9999
136.717685,35.168727,23208,3,99999,03109,天王中学校,宮川町2-45,3,-99,9999
136.717638,35.16862,23208,3,99999,03120,天王中学校,宮川町2-45,3,-99,9999
136.717519,35.168697,23208,3,99999,03112,天王中学校,宮川町2-45,3,-99,9999
136.71605,35.166494,23208,3,99999,03104,津島高等学校,宮川町3-80,3,-99,9999
136.725071,35.184486,23208,3,99999,03109,北小学校,松原町37,3,-99,9999
136.725143,35.183777,23208,3,99999,03104,北小学校,松原町37,3,-99,9999
136.725178,35.184457,23208,3,99999,03120,北小学校,松原町37,3,-99,9999
136.724976,35.184477,23208,3,99999,03112,北小学校,松原町37,3,-99,9999
136.77147,35.177023,23208,3,99999,03109,神守小学校,神守町中町13,3,-99,9999
136.76989,35.177315,23208,3,99999,03104,神守小学校,神守町中町13,3,-99,9999
136.771459,35.176946,23208,3,99999,03120,神守小学校,神守町中町13,3,-99,9999
136.771328,35.177014,23208,3,99999,03112,神守小学校,神守町中町13,3,-99,9999
136.727226,35.16884,23208,3,99999,03109,南小学校,常盤町4-20,3,-99,9999
136.727214,35.168752,23208,3,99999,03104,南小学校,常盤町4-20,3,-99,9999
136.72719,35.168665,23208,3,99999,03120,南小学校,常盤町4-20,3,-99,9999
136.727166,35.168568,23208,3,99999,03112,南小学校,常盤町4-20,3,-99,9999
136.753106,35.168491,23208,3,99999,03102,市営球場,新開町3-179,4,-99,9999
136.774319,35.156445,23208,3,99999,03109,高台寺小学校,神尾町字江西61,3,-99,9999
136.774556,35.1556,23208,3,99999,03104,高台寺小学校,神尾町字江西61,3,-99,9999
136.774319,35.156348,23208,3,99999,03112,高台寺小学校,神尾町字江西61,3,-99,9999
136.734464,35.183057,23208,3,99999,03109,藤浪中学校,西柳原町4-45,3,-99,9999
136.734464,35.18295,23208,3,99999,03120,藤浪中学校,西柳原町4-45,3,-99,9999
136.734452,35.182843,23208,3,99999,03112,藤浪中学校,西柳原町4-45,3,-99,9999
136.716317,35.178345,23208,3,99999,03109,西小学校,大和町1-14,3,-99,9999
136.716745,35.178024,23208,3,99999,03104,西小学校,大和町1-14,3,-99,9999
136.716293,35.178228,23208,3,99999,03120,西小学校,大和町1-14,3,-99,9999
136.716258,35.178102,23208,3,99999,03112,西小学校,大和町1-14,3,-99,9999
136.755533,35.168666,23208,3,99999,03110,錬成館,中一色町中山26,4,-99,9999
136.755557,35.168549,23208,3,99999,03111,錬成館,中一色町中山26,4,-99,9999
136.755592,35.168442,23208,3,99999,03113,錬成館,中一色町中山26,4,-99,9999
136.755022,35.168559,23208,3,99999,03121,錬成館,中一色町中山26,4,-99,9999
136.754475,35.168413,23208,3,99999,03118,錬成館,中一色町中山26,4,-99,9999
136.75539,35.168539,23208,3,99999,03120,卓球室,中一色町中山26,4,-99,9999
136.760292,35.151082,23208,3,99999,03109,神島田小学校,中一色町東郷80,3,-99,9999
136.760149,35.150227,23208,3,99999,03104,神島田小学校,中一色町東郷80,3,-99,9999
136.760316,35.150975,23208,3,99999,03120,神島田小学校,中一色町東郷80,3,-99,9999
136.760149,35.151004,23208,3,99999,03112,神島田小学校,中一色町東郷80,3,-99,9999
136.748241,35.165805,23208,3,99999,03109,暁中学校,唐臼町囲外1,3,-99,9999
136.747599,35.164668,23208,3,99999,03104,暁中学校,唐臼町囲外1,3,-99,9999
136.748241,35.165649,23208,3,99999,03120,暁中学校,唐臼町囲外1,3,-99,9999
136.748098,35.165795,23208,3,99999,03112,暁中学校,唐臼町囲外1,3,-99,9999
136.755351,35.167262,23208,3,99999,03102,東公園グランド,南新開町,4,-99,9999
136.755386,35.166922,23208,3,99999,03103,東公園グランド,南新開町,4,-99,9999
136.755446,35.166562,23208,3,99999,03104,東公園グランド,南新開町,4,-99,9999
136.75378,35.167605,23208,3,99999,03105,総合プール,南新開町2-74,4,-99,9999
136.753174,35.167138,23208,3,99999,03106,総合プール,南新開町2-74,4,-99,9999
136.771879,35.171483,23208,3,99999,03109,神守中学校,百島町字観音坊32-1,3,-99,9999
136.773305,35.171279,23208,3,99999,03104,神守中学校,百島町字観音坊32-1,3,-99,9999
136.772271,35.170697,23208,3,99999,03120,神守中学校,百島町字観音坊32-1,3,-99,9999
136.772093,35.170687,23208,3,99999,03112,神守中学校,百島町字観音坊32-1,3,-99,9999
136.768564,35.189954,23208,3,99999,03109,蛭間小学校,蛭間町字逆川東848,3,-99,9999
136.768006,35.189634,23208,3,99999,03104,蛭間小学校,蛭間町字逆川東848,3,-99,9999
136.766136,35.182577,23208,3,99999,03104,津島東高等学校,蛭間町字弁日1,3,-99,9999
136.726051,35.187451,23208,3,99999,03104,津島北高等学校,又吉町4-1,3,-99,9999
136.73881,35.177043,23208,3,99999,03109,東小学校,立込町1-17,3,-99,9999
136.739356,35.17713,23208,3,99999,03104,東小学校,立込町1-17,3,-99,9999
136.738822,35.176946,23208,3,99999,03120,東小学校,立込町1-17,3,-99,9999
136.738822,35.176829,23208,3,99999,03112,東小学校,立込町1-17,3,-99,9999
136.776528,35.166758,23208,3,99999,03109,津島市生涯学習センター,莪原町字椋木5,4,-99,9999
136.77591,35.1667,23208,3,99999,03115,津島市生涯学習センター,莪原町字椋木5,4,-99,9999
136.777764,35.166447,23208,3,99999,03104,津島市生涯学習センター,莪原町字椋木5,4,-99,9999
136.918456,35.036142,23222,3,99999,03104,渡内小学校,荒尾町義呂1-1,3,-99,1974
136.919051,35.036989,23222,3,99999,03109,渡内小学校,荒尾町義呂1-1,3,-99,1974
136.906155,35.042768,23222,3,99999,03129,しあわせ村,荒尾町西廻間2-1,4,-99,9999
136.90587,35.04272,23222,3,99999,03105,しあわせ村,荒尾町西廻間2-1,4,-99,9999
136.905478,35.043158,23222,3,99999,03142,聚楽園公園（キャンプ場）,荒尾町西廻間2-1,4,-99,9999
136.900953,35.028087,23222,3,99999,03142,大窪公園（キャンプ場）,荒尾町大窪1,4,-99,9999
136.917114,35.02819,23222,3,99999,03104,明倫小学校,荒尾町土取1-1,3,-99,1969
136.916294,35.028949,23222,3,99999,03109,明倫小学校,荒尾町土取1-1,3,-99,1969
136.909135,35.029844,23222,3,99999,03104,平洲小学校,荒尾町片坂1,3,-99,1907
136.910073,35.029883,23222,3,99999,03109,平洲小学校,荒尾町片坂1,3,-99,1907
136.889717,35.012861,23222,3,99999,03104,横須賀小学校,高横須賀町大塚36,3,-99,1965
136.890727,35.011888,23222,3,99999,03109,横須賀小学校,高横須賀町大塚36,3,-99,1965
136.901588,35.003817,23222,3,99999,03109,横須賀中学校,高横須賀町猫狭間2,3,-99,1947
136.900304,35.002814,23222,3,99999,03112,横須賀中学校,高横須賀町猫狭間2,3,-99,1947
136.884692,35.015396,23222,3,99999,03109,東海市民体育館,高横須賀町桝形1-1,4,-99,9999
136.884668,35.01526,23222,3,99999,03116,東海市民体育館,高横須賀町桝形1-1,4,-99,9999
136.884656,35.015143,23222,3,99999,03120,東海市民体育館,高横須賀町桝形1-1,4,-99,9999
136.884668,35.015016,23222,3,99999,03110,東海市民体育館,高横須賀町桝形1-1,4,-99,9999
136.884513,35.015396,23222,3,99999,03111,東海市民体育館,高横須賀町桝形1-1,4,-99,9999
136.88449,35.01525,23222,3,99999,03121,東海市民体育館,高横須賀町桝形1-1,4,-99,9999
136.884466,35.015094,23222,3,99999,03129,東海市民体育館,高横須賀町桝形1-1,4,-99,9999
136.895007,35.061708,23222,3,99999,03102,新宝緑地運動公園,新宝町507-37,4,-99,9999
136.894912,35.060405,23222,3,99999,03104,新宝緑地運動公園,新宝町507-37,4,-99,9999
136.900868,35.017402,23222,3,99999,03104,大田小学校,大田町細田23,3,-99,1972
136.901724,35.018005,23222,3,99999,03109,大田小学校,大田町細田23,3,-99,1972
136.901884,35.018829,23222,3,99999,03109,青少年センター,大田町細田9-1,3,-99,9999
136.901872,35.018722,23222,3,99999,03132,青少年センター,大田町細田9-1,3,-99,9999
136.90142,35.018731,23222,3,99999,03117,青少年センター,大田町細田9-1,3,-99,9999
136.901718,35.018839,23222,3,99999,03116,青少年センター,大田町細田9-1,3,-99,9999
136.901694,35.018741,23222,3,99999,03120,青少年センター,大田町細田9-1,3,-99,9999
136.903793,35.022833,23222,3,99999,03105,市営温水プール（休館中）,中央町1-1-1,4,-99,9999
136.904677,35.02671,23222,3,99999,03102,大池公園野球場,中央町3-1,4,-99,9999
136.902205,35.024783,23222,3,99999,03115,大池公園テニスコート,中央町3-1,4,-99,9999
136.906398,35.029319,23222,3,99999,03109,平洲中学校,富貴ノ台5-181,3,-99,1984
136.90635,35.029212,23222,3,99999,03112,平洲中学校,富貴ノ台5-181,3,-99,1984
136.916627,35.019425,23222,3,99999,03109,富木島中学校,富木島町向イ27,3,-99,1969
136.91665,35.019318,23222,3,99999,03112,富木島中学校,富木島町向イ27,3,-99,1969
136.926391,35.017695,23222,3,99999,03115,上野台公園テニスコート,富木島町山田7-1,4,-99,9999
136.922943,35.01524,23222,3,99999,03104,富木島小学校,富木島町手代44,3,-99,1965
136.921873,35.015785,23222,3,99999,03109,富木島小学校,富木島町手代44,3,-99,1965
136.913608,35.01244,23222,3,99999,03104,船島小学校,富木島町船島1-1,3,-99,1980
136.912467,35.012751,23222,3,99999,03109,船島小学校,富木島町船島1-1,3,-99,1980
136.910083,35.044172,23222,3,99999,03109,上野中学校,名和町奥平戸28,3,-99,1947
136.91458,35.051459,23222,3,99999,03104,名和小学校,名和町山東10,3,-99,1904
136.913522,35.051576,23222,3,99999,03109,名和小学校,名和町山東10,3,-99,1904
136.923285,35.05674,23222,3,99999,03109,名和中学校,名和町中首羅1-1,3,-99,1979
136.924502,35.046549,23222,3,99999,03102,平地公園野球場,名和町法秀1-1,4,-99,9999
136.923932,35.047386,23222,3,99999,03115,平地公園テニスコート,名和町法秀1-1,4,-99,9999
136.793373,35.080713,23427,3,99999,03105,すこやかセンター,松之郷3-46-1,3,-99,9999
136.793361,35.080586,23427,3,99999,03107,すこやかセンター,松之郷3-46-1,3,-99,9999
136.793195,35.080674,23427,3,99999,03129,すこやかセンター,松之郷3-46-1,3,-99,9999
136.807618,35.088239,23427,3,99999,03103,三福サッカー場（休止中）,大字三福3-28-1,3,-99,9999
136.821778,35.075477,23427,3,99999,03102,東グランド,大字梅之郷字東梅26-1,3,-99,9999
136.77815,35.086297,23427,3,99999,03102,運動の森公園,大字服岡1,3,-99,9999
136.778173,35.086132,23427,3,99999,03104,運動の森公園,大字服岡1,3,-99,9999
136.778173,35.085967,23427,3,99999,03103,運動の森公園,大字服岡1,3,-99,9999
136.777662,35.086113,23427,3,99999,03102,古台ソフトボール場,大字服岡1-35,3,-99,9999
136.777135,35.086965,23427,3,99999,03115,村民庭球場,大宝6-76,3,-99,9999
136.7748,35.086314,23427,3,99999,03103,大宝サッカー場,大宝6-78,3,-99,9999
136.79207,35.079587,23427,3,99999,03109,飛島村総合体育館,竹之郷3-1,3,-99,9999
136.792046,35.079412,23427,3,99999,03112,飛島村総合体育館,竹之郷3-1,3,-99,9999
136.792023,35.079256,23427,3,99999,03129,飛島村総合体育館,竹之郷3-1,3,-99,9999
136.819156,35.062337,23427,3,99999,03109,飛島村公民館分館,木場2-3,3,-99,9999
136.819145,35.0622,23427,3,99999,03120,飛島村公民館分館,木場2-3,3,-99,9999
136.819145,35.061996,23427,3,99999,03115,飛島村公民館分館,木場2-3,3,-99,9999
136.925038,35.350146,23362,3,99999,03104,丹羽高等学校,高雄柳前95,3,-99,9999
136.899963,35.375195,23362,3,99999,03102,木曽川扶桑緑地公園,大字小渕字砂原,3,-99,9999
136.899927,35.374982,23362,3,99999,03104,木曽川扶桑緑地公園,大字小渕字砂原,3,-99,9999
136.899868,35.374711,23362,3,99999,03142,木曽川扶桑緑地公園,大字小渕字砂原,3,-99,9999
136.919029,35.356542,23362,3,99999,03109,扶桑東小学校,大字高雄字定松郷58,3,-99,9999
136.918435,35.356697,23362,3,99999,03104,扶桑東小学校,大字高雄字定松郷58,3,-99,9999
136.924223,35.364094,23362,3,99999,03109,高雄小学校,大字高雄字北海道61,3,-99,9999
136.924817,35.363755,23362,3,99999,03104,高雄小学校,大字高雄字北海道61,3,-99,9999
136.918246,35.373012,23362,3,99999,03102,扶桑町北部グラウンド,大字山那字番所下83-4,3,-99,9999
136.905078,35.370949,23362,3,99999,03109,山名小学校,大字南山名字山神浦152,3,-99,9999
136.905482,35.37062,23362,3,99999,03104,山名小学校,大字南山名字山神浦152,3,-99,9999
136.90424,35.351298,23362,3,99999,03109,柏森小学校,大字柏森字丙寺裏40,3,-99,9999
136.903669,35.351356,23362,3,99999,03104,柏森小学校,大字柏森字丙寺裏40,3,-99,9999
136.916742,35.352795,23362,3,99999,03115,町民テニスコート,大字柏森字平塚357-1,3,-99,9999
136.916015,35.352554,23362,3,99999,03109,扶桑町総合体育館,大字柏森字平塚370,3,-99,9999
136.916063,35.352399,23362,3,99999,03120,扶桑町総合体育館,大字柏森字平塚370,3,-99,9999
136.915861,35.352506,23362,3,99999,03110,扶桑町総合体育館,大字柏森字平塚370,3,-99,9999
136.91592,35.35237,23362,3,99999,03111,扶桑町総合体育館,大字柏森字平塚370,3,-99,9999
136.915671,35.352476,23362,3,99999,03129,扶桑町総合体育館,大字柏森字平塚370,3,-99,9999
136.915005,35.35331,23362,3,99999,03102,扶桑町総合グラウンド,大字柏森字平塚370,3,-99,9999
136.915053,35.353048,23362,3,99999,03103,扶桑町総合グラウンド,大字柏森字平塚370,3,-99,9999
136.9168,35.352961,23362,3,99999,03115,扶桑町総合グラウンド,大字柏森字平塚370,3,-99,9999
136.91428,35.352098,23362,3,99999,03106,扶桑町町民プール,大字柏森字平塚370,3,-99,9999
136.910314,35.255979,23342,3,99999,03138,青山ゲートボール場,大字青山字東栄176-1,3,-99,9999
136.910195,35.252773,23342,3,99999,03104,新栄小学校,大字青山字東川100,3,-99,9999
136.909601,35.252569,23342,3,99999,03109,新栄小学校,大字青山字東川100,3,-99,9999
136.914285,35.239799,23342,3,99999,03104,志水小学校,大字豊場字下戸1,3,-99,9999
136.913655,35.239837,23342,3,99999,03109,志水小学校,大字豊場字下戸1,3,-99,9999
136.915548,35.252419,23342,3,99999,03106,豊山スカイプール,大字豊場字丸田35-2,4,-99,9999
136.913017,35.24008,23342,3,99999,03115,志水テニスコート,大字豊場字志水108,3,-99,9999
136.912257,35.238537,23342,3,99999,03104,志水ふれあい広場,大字豊場字志水64-1,3,-99,9999
136.916315,35.25185,23342,3,99999,03102,豊山グランド,大字豊場字小道3-2,3,-99,9999
136.916327,35.251627,23342,3,99999,03103,豊山グランド,大字豊場字小道3-2,3,-99,9999
136.916327,35.251423,23342,3,99999,03104,豊山グランド,大字豊場字小道3-2,3,-99,9999
136.90972,35.247558,23342,3,99999,03115,新栄テニスコート,大字豊場字新栄15,3,-99,9999
136.910808,35.247705,23342,3,99999,03120,新栄学習等供用施設,大字豊場字新栄64,4,-99,2005
136.9204,35.248139,23342,3,99999,03138,東部ゲートボール場,大字豊場字新田町156,3,-99,9999
136.919986,35.240681,23342,3,99999,03102,伊勢山スポーツ広場,大字豊場字神戸106-1,3,-99,9999
136.920021,35.240516,23342,3,99999,03104,伊勢山スポーツ広場,大字豊場字神戸106-1,3,-99,9999
136.918742,35.247007,23342,3,99999,03120,東部学習等供用施設,大字豊場字諏訪261,4,-99,2004
136.917346,35.246628,23342,3,99999,03104,豊山中学校,大字豊場字前池39,3,-99,9999
136.916562,35.246317,23342,3,99999,03109,豊山中学校,大字豊場字前池39,3,-99,9999
136.916621,35.246201,23342,3,99999,03112,豊山中学校,大字豊場字前池39,3,-99,9999
136.91674,35.246696,23342,3,99999,03115,豊山中学校,大字豊場字前池39,3,-99,9999
136.915009,35.246642,23342,3,99999,03104,豊山小学校,大字豊場字中之町10,3,-99,9999
136.915734,35.246923,23342,3,99999,03109,豊山小学校,大字豊場字中之町10,3,-99,9999
136.914258,35.251782,23342,3,99999,03109,社会教育センター,大字豊場字和合72,3,3,9999
136.914389,35.251646,23342,3,99999,03129,社会教育センター,大字豊場字和合72,3,3,9999
136.9859,35.0538,23229,3,99999,03115,落合公園,新栄町3,3,-99,9999
136.986554,35.053343,23229,3,99999,03102,落合公園,新栄町3,3,-99,9999
136.874941,35.238653,23234,3,99999,03109,健康ドーム,九之坪笹塚1,4,-99,9999
136.874953,35.238517,23234,3,99999,03112,健康ドーム,九之坪笹塚1,4,-99,9999
136.874929,35.238362,23234,3,99999,03129,健康ドーム,九之坪笹塚1,4,-99,9999
136.887847,35.258645,23234,3,99999,03106,市民プール,熊之庄城ノ屋敷2950,3,-99,9999
136.883763,35.229976,23234,3,99999,03102,市民グラウンド,二子四反地15-3,3,-99,9999
136.884737,35.229685,23234,3,99999,03101,市民グラウンド,二子四反地15-3,3,-99,9999
136.884833,35.22951,23234,3,99999,03103,市民グラウンド,二子四反地15-3,3,-99,9999
136.883715,35.23018,23234,3,99999,03138,市民グラウンド,二子四反地15-3,3,-99,9999
136.88506,35.234795,23234,3,99999,03115,二子テニスコート,二子西の町22,3,-99,9999
136.887061,35.249762,23234,3,99999,03110,総合体育館,能田引免地40,3,-99,9999
136.887049,35.249646,23234,3,99999,03111,総合体育館,能田引免地40,3,-99,9999
136.887061,35.24952,23234,3,99999,03129,総合体育館,能田引免地40,3,-99,9999
136.886883,35.249724,23234,3,99999,03109,総合体育館,能田引免地40,3,-99,9999
136.886895,35.249559,23234,3,99999,03120,総合体育館,能田引免地40,3,-99,9999
136.858662,35.251081,23234,3,99999,03107,ジャンボプール,法成寺蔵化110,3,-99,9999
136.983111,35.218594,23113,3,99999,03105,守山スポーツセンター,竜泉寺2-112,4,3,9999
136.983064,35.218449,23113,3,99999,03129,守山スポーツセンター,竜泉寺2-112,4,3,9999
136.983004,35.218303,23113,3,99999,03120,守山スポーツセンター,竜泉寺2-112,4,3,9999
136.982945,35.218167,23113,3,99999,03132,守山スポーツセンター,竜泉寺2-112,4,3,9999
136.982897,35.218031,23113,3,99999,03103,守山スポーツセンター,竜泉寺2-112,4,3,9999
136.982826,35.217915,23113,3,99999,03109,守山スポーツセンター,竜泉寺2-112,4,3,9999
136.982767,35.218216,23113,3,99999,03116,守山スポーツセンター,竜泉寺2-112,4,3,9999
136.982719,35.21808,23113,3,99999,03111,守山スポーツセンター,竜泉寺2-112,4,3,9999
136.98266,35.217934,23113,3,99999,03113,守山スポーツセンター,竜泉寺2-112,4,3,9999
136.982731,35.217808,23113,3,99999,03110,守山スポーツセンター,竜泉寺2-112,4,3,9999
136.870053,35.117703,23111,3,99999,03109,愛知県武道館,丸池町1-1-4,4,3,9999
136.870065,35.117547,23111,3,99999,03112,愛知県武道館,丸池町1-1-4,4,3,9999
136.870053,35.117392,23111,3,99999,03120,愛知県武道館,丸池町1-1-4,4,3,9999
136.869827,35.116925,23111,3,99999,03113,愛知県武道館,丸池町1-1-4,4,3,9999
136.869839,35.116808,23111,3,99999,03111,愛知県武道館,丸池町1-1-4,4,3,9999
136.869839,35.116711,23111,3,99999,03110,愛知県武道館,丸池町1-1-4,4,3,9999
136.870136,35.117178,23111,3,99999,03121,愛知県武道館,丸池町1-1-4,4,3,9999
136.870136,35.11674,23111,3,99999,03122,愛知県武道館,丸池町1-1-4,4,3,9999
136.848294,35.111103,23111,3,99999,03106,港プール,当知1-1401,4,-99,9999
136.828948,35.086302,23111,3,99999,03105,南陽プール,藤前4-701,4,-99,1985
136.828924,35.086176,23111,3,99999,03120,南陽プール,藤前4-701,4,-99,1985
136.8289,35.08602,23111,3,99999,03132,南陽プール,藤前4-701,4,-99,1985
136.828865,35.085836,23111,3,99999,03129,南陽プール,藤前4-701,4,-99,1985
136.849118,35.080398,23111,3,99999,03109,稲永スポーツセンター,野跡5-1-10,4,-99,1989
136.84919,35.080232,23111,3,99999,03120,稲永スポーツセンター,野跡5-1-10,4,-99,1989
136.849273,35.080057,23111,3,99999,03116,稲永スポーツセンター,野跡5-1-10,4,-99,1989
136.84932,35.079921,23111,3,99999,03132,稲永スポーツセンター,野跡5-1-10,4,-99,1989
136.849237,35.079522,23111,3,99999,03121,稲永スポーツセンター,野跡5-1-10,4,-99,1989
136.849285,35.079406,23111,3,99999,03111,稲永スポーツセンター,野跡5-1-10,4,-99,1989
136.84932,35.079279,23111,3,99999,03113,稲永スポーツセンター,野跡5-1-10,4,-99,1989
136.849344,35.079814,23111,3,99999,03129,稲永スポーツセンター,野跡5-1-10,4,-99,1989
136.850696,35.075869,23111,3,99999,03103,港サッカー場,野跡4-11-12,4,-99,1993
136.962321,35.20842,23113,3,99999,03106,守山プール,村合町197,4,-99,9999
136.975946,35.21065,23113,3,99999,03102,小幡緑地,大字牛牧字中山1632-1,4,-99,9999
136.976457,35.209514,23113,3,99999,03103,小幡緑地,大字牛牧字中山1632-1,4,-99,9999
136.974544,35.210426,23113,3,99999,03115,小幡緑地,大字牛牧字中山1632-1,4,-99,9999
136.976445,35.209727,23113,3,99999,03104,小幡緑地,大字牛牧字中山1632-1,4,-99,9999
136.975328,35.209727,23113,3,99999,03129,小幡緑地,大字牛牧字中山1632-1,4,-99,9999
136.930028,35.157415,23107,3,99999,03109,昭和スポーツセンター,吹上2-6-15,4,-99,9999
136.930194,35.157347,23107,3,99999,03120,昭和スポーツセンター,吹上2-6-15,4,-99,9999
136.930361,35.157289,23107,3,99999,03116,昭和スポーツセンター,吹上2-6-15,4,-99,9999
136.930527,35.15724,23107,3,99999,03132,昭和スポーツセンター,吹上2-6-15,4,-99,9999
136.93067,35.157191,23107,3,99999,03129,昭和スポーツセンター,吹上2-6-15,4,-99,9999
136.930872,35.157114,23107,3,99999,03105,昭和スポーツセンター,吹上2-6-15,4,-99,9999
136.944273,35.122668,23108,3,99999,03101,瑞穂運動場,山下通5-1,4,-99,1941
136.94432,35.122337,23108,3,99999,03104,瑞穂運動場,山下通5-1,4,-99,1941
136.94167,35.124135,23108,3,99999,03102,瑞穂運動場,山下通5-1,4,-99,1941
136.942609,35.120889,23108,3,99999,03103,瑞穂運動場,山下通5-1,4,-99,1941
136.942668,35.126682,23108,3,99999,03121,瑞穂運動場,山下通5-1,4,-99,1941
136.942395,35.12675,23108,3,99999,03122,瑞穂運動場,山下通5-1,4,-99,1941
136.945164,35.127109,23108,3,99999,03115,瑞穂運動場,山下通5-1,4,-99,1941
136.942478,35.125768,23108,3,99999,03106,瑞穂運動場,山下通5-1,4,-99,1941
136.942466,35.126176,23108,3,99999,03105,瑞穂運動場,山下通5-1,4,-99,1941
136.942644,35.126186,23108,3,99999,03129,瑞穂運動場,山下通5-1,4,-99,1941
136.942799,35.126983,23108,3,99999,03118,瑞穂運動場,山下通5-1,4,-99,1941
136.942803,35.125773,23108,3,99999,03106,瑞穂運動場練習プール,萩山町3-68-1,4,-99,9999
136.890086,35.219473,23104,3,99999,03106,山田プール,五才美町236-1,4,-99,9999
136.860254,35.220798,23104,3,99999,03105,山田西プール,長先町173,4,-99,1986
136.875197,35.188916,23104,3,99999,03109,枇杷島スポーツセンター,枇杷島1-1-2,4,-99,1987
136.875186,35.1888,23104,3,99999,03120,枇杷島スポーツセンター,枇杷島1-1-2,4,-99,1987
136.87477,35.188906,23104,3,99999,03116,枇杷島スポーツセンター,枇杷島1-1-2,4,-99,1987
136.875055,35.188945,23104,3,99999,03112,枇杷島スポーツセンター,枇杷島1-1-2,4,-99,1987
136.875043,35.188819,23104,3,99999,03132,枇杷島スポーツセンター,枇杷島1-1-2,4,-99,1987
136.874889,35.188974,23104,3,99999,03129,枇杷島スポーツセンター,枇杷島1-1-2,4,-99,1987
136.874865,35.188819,23104,3,99999,03105,枇杷島スポーツセンター,枇杷島1-1-2,4,-99,1987
136.9795,35.190484,23101,3,99999,03105,香流橋プール,香流橋1-2-35,4,2,1979
136.932599,35.165733,23101,3,99999,03109,今池中学校,今池3-19-1,3,-99,9999
136.933276,35.165616,23101,3,99999,03104,今池中学校,今池3-19-1,3,-99,9999
136.969045,35.17714,23101,3,99999,03109,千種台中学校,自由ヶ丘3-3-55,3,-99,9999
136.969366,35.176654,23101,3,99999,03104,千種台中学校,自由ヶ丘3-3-55,3,-99,9999
136.943307,35.176623,23101,3,99999,03102,千種公園,若水1,3,-99,9999
136.944198,35.175914,23101,3,99999,03115,千種公園,若水1,3,-99,9999
136.945951,35.174128,23101,3,99999,03109,若水中学校,若水2-6-1,3,-99,9999
136.979319,35.162746,23101,3,99999,03109,東星中学校,星が丘山手105,3,-99,9999
136.978392,35.162746,23101,3,99999,03104,東星中学校,星が丘山手105,3,-99,9999
136.978976,35.161426,23101,3,99999,03109,千種スポーツセンター,星が丘山手121,4,-99,1998
136.978976,35.1613,23101,3,99999,03120,千種スポーツセンター,星が丘山手121,4,-99,1998
136.978976,35.161164,23101,3,99999,03116,千種スポーツセンター,星が丘山手121,4,-99,1998
136.978786,35.161436,23101,3,99999,03111,千種スポーツセンター,星が丘山手121,4,-99,1998
136.978798,35.161281,23101,3,99999,03113,千種スポーツセンター,星が丘山手121,4,-99,1998
136.978798,35.161164,23101,3,99999,03110,千種スポーツセンター,星が丘山手121,4,-99,1998
136.978644,35.161397,23101,3,99999,03132,千種スポーツセンター,星が丘山手121,4,-99,1998
136.978644,35.161281,23101,3,99999,03105,千種スポーツセンター,星が丘山手121,4,-99,1998
136.978644,35.161154,23101,3,99999,03129,千種スポーツセンター,星が丘山手121,4,-99,1998
136.978822,35.161057,23101,3,99999,03122,千種スポーツセンター,星が丘山手121,4,-99,1998
136.959699,35.162018,23101,3,99999,03109,城山中学校,西崎町1-42,3,-99,9999
136.959093,35.161572,23101,3,99999,03104,城山中学校,西崎町1-42,3,-99,9999
136.964485,35.191591,23101,3,99999,03102,千代田橋緑地,千代田橋1,3,-99,9999
136.967427,35.188608,23101,3,99999,03109,千種中学校,千代田橋1-1-12,3,-99,9999
136.966761,35.188268,23101,3,99999,03104,千種中学校,千代田橋1-1-12,3,-99,9999
136.963834,35.182521,23101,3,99999,03102,茶屋ヶ坂公園,鍋屋上野字汁谷、字北山、揚羽1,3,-99,1990
136.894973,35.179219,23106,3,99999,03109,丸の内中学校,三の丸1-9-2,3,-99,9999
136.895544,35.17952,23106,3,99999,03104,丸の内中学校,三の丸1-9-2,3,-99,9999
136.917529,35.16774,23106,3,99999,03109,白山中学校,新栄1-15-56,3,-99,9999
136.917874,35.166992,23106,3,99999,03104,白山中学校,新栄1-15-56,3,-99,9999
136.896278,35.147229,23106,3,99999,03109,伊勢山中学校,正木3-2-21,3,-99,9999
136.895636,35.146927,23106,3,99999,03104,伊勢山中学校,正木3-2-21,3,-99,9999
136.914884,35.161425,23106,3,99999,03115,若宮大通公園テニスコート,千代田1,3,-99,1979
136.908241,35.159595,23106,3,99999,03109,前津中学校,大須4-8-88,3,-99,9999
136.908538,35.158847,23106,3,99999,03104,前津中学校,大須4-8-88,3,-99,9999
136.831044,35.128963,23110,3,99999,03109,一色中学校,一色新町1-701,3,-99,9999
136.831983,35.128769,23110,3,99999,03104,一色中学校,一色新町1-701,3,-99,9999
136.839405,35.128032,23110,3,99999,03109,中川学校体育センター,下之一色町松蔭1-45-1,3,-99,9999
136.840059,35.127701,23110,3,99999,03104,中川学校体育センター,下之一色町松蔭1-45-1,3,-99,9999
136.840059,35.127915,23110,3,99999,03103,中川学校体育センター,下之一色町松蔭1-45-1,3,-99,9999
136.840095,35.1281,23110,3,99999,03102,中川学校体育センター,下之一色町松蔭1-45-1,3,-99,9999
136.839417,35.127779,23110,3,99999,03120,中川学校体育センター,下之一色町松蔭1-45-1,3,-99,9999
136.818868,35.148079,23110,3,99999,03105,富田北プール,吉津4-3201,4,-99,1989
136.818844,35.147953,23110,3,99999,03109,富田北プール,吉津4-3201,4,-99,1989
136.818702,35.148118,23110,3,99999,03120,富田北プール,吉津4-3201,4,-99,1989
136.818666,35.147982,23110,3,99999,03116,富田北プール,吉津4-3201,4,-99,1989
136.813342,35.136286,23110,3,99999,03109,供米田中学校,供米田2-802,3,-99,9999
136.813996,35.13615,23110,3,99999,03104,供米田中学校,供米田2-802,3,-99,9999
136.880797,35.137188,23110,3,99999,03109,八幡中学校,元中野町2-11,3,-99,9999
136.880156,35.137363,23110,3,99999,03104,八幡中学校,元中野町2-11,3,-99,9999
136.804965,35.136641,23110,3,99999,03109,富田地区会館,戸田4-2502,4,-99,9999
136.805072,35.136612,23110,3,99999,03120,富田地区会館,戸田4-2502,4,-99,9999
136.884976,35.133496,23110,3,99999,03115,荒越公園庭球場,荒越町3,3,-99,9999
136.857687,35.13837,23110,3,99999,03102,荒子公園野球場,荒子2,3,-99,9999
136.843455,35.126359,23110,3,99999,03109,高杉中学校,高杉町133,3,-99,9999
136.843443,35.125844,23110,3,99999,03104,高杉中学校,高杉町133,3,-99,9999
136.843395,35.125426,23110,3,99999,03115,高杉中学校,高杉町133,3,-99,9999
136.850158,35.142507,23110,3,99999,03102,高畑公園野球場,高畑4,3,-99,9999
136.890152,35.149789,23110,3,99999,03109,山王中学校,山王3-7-3,3,-99,9999
136.890782,35.149585,23110,3,99999,03104,山王中学校,山王3-7-3,3,-99,9999
136.828335,35.133812,23110,3,99999,03109,助光中学校,助光3-201,3,-99,9999
136.828537,35.133297,23110,3,99999,03104,助光中学校,助光3-201,3,-99,9999
136.827871,35.133034,23110,3,99999,03115,助光中学校,助光3-201,3,-99,9999
136.865689,35.133908,23110,3,99999,03109,長良中学校,大畑町1-3-1,3,-99,9999
136.865142,35.134112,23110,3,99999,03104,長良中学校,大畑町1-3-1,3,-99,9999
136.848563,35.13432,23110,3,99999,03109,一柳中学校,中郷4-235,3,-99,9999
136.848813,35.133436,23110,3,99999,03104,一柳中学校,中郷4-235,3,-99,9999
136.848468,35.133669,23110,3,99999,03115,一柳中学校,中郷4-235,3,-99,9999
136.841633,35.145673,23110,3,99999,03102,野田公園野球場,土野町,3,-99,9999
136.817749,35.130876,23110,3,99999,03106,富田プール,東かの里町809,4,-99,9999
136.81637,35.142559,23110,3,99999,03109,富田中学校,東春田2-72,3,-99,9999
136.817831,35.14324,23110,3,99999,03104,富田中学校,東春田2-72,3,-99,9999
136.872625,35.130579,23110,3,99999,03102,八家公園ソフトボール場,八家町2,3,-99,9999
136.883902,35.126341,23110,3,99999,03109,昭和橋中学校,八劔町1-9,3,-99,9999
136.883332,35.126448,23110,3,99999,03104,昭和橋中学校,八劔町1-9,3,-99,9999
136.831534,35.143296,23110,3,99999,03144,横井橋緑地,富田町大字長須賀字東出,3,-99,9999
136.811115,35.148015,23110,3,99999,03115,富田公園庭球場,富田町大字服部,3,-99,9999
136.828646,35.151108,23110,3,99999,03102,万場大橋緑地野球場,富田町大字万場字才宮,3,-99,9999
136.833931,35.153382,23110,3,99999,03144,万場大橋緑地,富田町大字万場字流作・字才宮,3,-99,9999
136.814579,35.148194,23110,3,99999,03109,はとり中学校,服部2-1701,3,-99,9999
136.814757,35.147524,23110,3,99999,03104,はとり中学校,服部2-1701,3,-99,9999
136.865485,35.127432,23110,3,99999,03106,中川プール,北江町3-1,4,-99,9999
136.865497,35.127315,23110,3,99999,03106,中川プール,北江町3-1,4,-99,9999
136.886653,35.149007,23110,3,99999,03102,露橋公園ソフトボール場,露橋2,3,-99,9999
136.885693,35.149139,23110,3,99999,03109,露橋スポーツセンター,露橋2-14-1,4,-99,1982
136.885693,35.149022,23110,3,99999,03120,露橋スポーツセンター,露橋2-14-1,4,-99,1982
136.885681,35.148896,23110,3,99999,03116,露橋スポーツセンター,露橋2-14-1,4,-99,1982
136.885586,35.149158,23110,3,99999,03110,露橋スポーツセンター,露橋2-14-1,4,-99,1982
136.885574,35.149032,23110,3,99999,03111,露橋スポーツセンター,露橋2-14-1,4,-99,1982
136.88555,35.148905,23110,3,99999,03129,露橋スポーツセンター,露橋2-14-1,4,-99,1982
136.885443,35.149177,23110,3,99999,03105,露橋スポーツセンター,露橋2-14-1,4,-99,1982
136.857109,35.174336,23105,3,99999,03109,中村スポーツセンター,中村町字待屋43-1,4,-99,1994
136.857109,35.174219,23105,3,99999,03120,中村スポーツセンター,中村町字待屋43-1,4,-99,1994
136.857109,35.174103,23105,3,99999,03116,中村スポーツセンター,中村町字待屋43-1,4,-99,1994
136.857109,35.173986,23105,3,99999,03129,中村スポーツセンター,中村町字待屋43-1,4,-99,1994
136.856919,35.174326,23105,3,99999,03110,中村スポーツセンター,中村町字待屋43-1,4,-99,1994
136.856919,35.17421,23105,3,99999,03111,中村スポーツセンター,中村町字待屋43-1,4,-99,1994
136.856919,35.174122,23105,3,99999,03113,中村スポーツセンター,中村町字待屋43-1,4,-99,1994
136.856919,35.174035,23105,3,99999,03121,中村スポーツセンター,中村町字待屋43-1,4,-99,1994
136.856812,35.174268,23105,3,99999,03132,中村スポーツセンター,中村町字待屋43-1,4,-99,1994
136.856812,35.174151,23105,3,99999,03105,中村スポーツセンター,中村町字待屋43-1,4,-99,1994
136.990242,35.127166,23116,3,99999,03109,天白スポーツセンター,植田3-1502,4,-99,9999
136.990218,35.12705,23116,3,99999,03116,天白スポーツセンター,植田3-1502,4,-99,9999
136.990123,35.126933,23116,3,99999,03120,天白スポーツセンター,植田3-1502,4,-99,9999
136.990028,35.127196,23116,3,99999,03111,天白スポーツセンター,植田3-1502,4,-99,9999
136.989992,35.127079,23116,3,99999,03113,天白スポーツセンター,植田3-1502,4,-99,9999
136.989968,35.126953,23116,3,99999,03121,天白スポーツセンター,植田3-1502,4,-99,9999
136.989826,35.127254,23116,3,99999,03132,天白スポーツセンター,植田3-1502,4,-99,9999
136.989814,35.127118,23116,3,99999,03129,天白スポーツセンター,植田3-1502,4,-99,9999
136.98979,35.126982,23116,3,99999,03105,天白スポーツセンター,植田3-1502,4,-99,9999
136.964605,35.117251,23116,3,99999,03109,天白学校体育センター,菅田1-501,3,-99,9999
136.964071,35.116775,23116,3,99999,03104,天白学校体育センター,菅田1-501,3,-99,9999
136.976013,35.146612,23116,3,99999,03116,東山公園テニスセンター,天白町大字八事字裏山60-19,4,-99,9999
136.973268,35.146729,23116,3,99999,03115,東山公園テニスセンター,天白町大字八事字裏山60-19,4,-99,9999
136.947558,35.188816,23102,3,99999,03109,東スポーツセンター,大幸南1-1-10,4,-99,9999
136.947546,35.1887,23102,3,99999,03120,東スポーツセンター,大幸南1-1-10,4,-99,9999
136.947522,35.188593,23102,3,99999,03116,東スポーツセンター,大幸南1-1-10,4,-99,9999
136.947487,35.188486,23102,3,99999,03111,東スポーツセンター,大幸南1-1-10,4,-99,9999
136.947344,35.188845,23102,3,99999,03113,東スポーツセンター,大幸南1-1-10,4,-99,9999
136.94732,35.188729,23102,3,99999,03110,東スポーツセンター,大幸南1-1-10,4,-99,9999
136.947309,35.188622,23102,3,99999,03121,東スポーツセンター,大幸南1-1-10,4,-99,9999
136.947273,35.188515,23102,3,99999,03132,東スポーツセンター,大幸南1-1-10,4,-99,9999
136.946869,35.188865,23102,3,99999,03129,東スポーツセンター,大幸南1-1-10,4,-99,9999
136.946821,35.188739,23102,3,99999,03105,東スポーツセンター,大幸南1-1-10,4,-99,9999
136.948592,35.187835,23102,3,99999,03115,東スポーツセンター,大幸南1-1-10,4,-99,9999
136.923153,35.096186,23112,3,99999,03109,日本ガイシホール,東又兵ヱ町5-1-16,4,3,1987
136.923165,35.096031,23112,3,99999,03116,日本ガイシホール,東又兵ヱ町5-1-16,4,3,1987
136.923153,35.095875,23112,3,99999,03120,日本ガイシホール,東又兵ヱ町5-1-16,4,3,1987
136.923141,35.095729,23112,3,99999,03110,日本ガイシホール,東又兵ヱ町5-1-16,4,3,1987
136.923129,35.095564,23112,3,99999,03111,日本ガイシホール,東又兵ヱ町5-1-16,4,3,1987
136.922975,35.09605,23112,3,99999,03113,日本ガイシホール,東又兵ヱ町5-1-16,4,3,1987
136.922975,35.095914,23112,3,99999,03132,日本ガイシホール,東又兵ヱ町5-1-16,4,3,1987
136.922975,35.095778,23112,3,99999,03105,日本ガイシホール,東又兵ヱ町5-1-16,4,3,1987
136.92301,35.095642,23112,3,99999,03122,日本ガイシホール,東又兵ヱ町5-1-16,4,3,1987
136.922953,35.093715,23112,3,99999,03105,日本ガイシアリーナ,東又兵ヱ町5-1-5,4,5,1992
136.923,35.093569,23112,3,99999,03108,日本ガイシアリーナ,東又兵ヱ町5-1-5,4,5,1992
136.923048,35.093423,23112,3,99999,03124,日本ガイシアリーナ,東又兵ヱ町5-1-5,4,5,1992
136.923095,35.093258,23112,3,99999,03121,日本ガイシアリーナ,東又兵ヱ町5-1-5,4,5,1992
136.92319,35.093053,23112,3,99999,03132,日本ガイシアリーナ,東又兵ヱ町5-1-5,4,5,1992
136.901376,35.131936,23109,3,99999,03102,熱田神宮公園,旗屋1-10-45,4,-99,9999
136.902029,35.130926,23109,3,99999,03103,熱田神宮公園,旗屋1-10-45,4,-99,9999
136.901507,35.129993,23109,3,99999,03115,熱田神宮公園,旗屋1-10-45,4,-99,9999
136.902101,35.130712,23109,3,99999,03138,熱田神宮公園,旗屋1-10-45,4,-99,9999
136.90216,35.13043,23109,3,99999,03104,熱田神宮公園,旗屋1-10-45,4,-99,9999
136.911715,35.12605,23109,3,99999,03132,名古屋鉄道㈱熱田の森文化センター,神宮3-6-34（名鉄パレ百貨店神宮6F）,4,-99,9999
136.911751,35.125934,23109,3,99999,03113,名古屋鉄道㈱熱田の森文化センター,神宮3-6-34（名鉄パレ百貨店神宮6F）,4,-99,9999
136.911775,35.125807,23109,3,99999,03129,名古屋鉄道㈱熱田の森文化センター,神宮3-6-34（名鉄パレ百貨店神宮6F）,4,-99,9999
136.91181,35.12573,23109,3,99999,03116,名古屋鉄道㈱熱田の森文化センター,神宮3-6-34（名鉄パレ百貨店神宮6F）,4,-99,9999
136.913549,35.133737,23109,3,99999,03106,熱田プール,六野2-5-2,4,-99,1970
136.914111,35.133775,23109,3,99999,03109,名古屋市体育館,六野2-5-3,4,2,1969
136.913969,35.134047,23109,3,99999,03120,名古屋市体育館,六野2-5-3,4,2,1969
136.913957,35.133902,23109,3,99999,03116,名古屋市体育館,六野2-5-3,4,2,1969
136.913969,35.133775,23109,3,99999,03111,名古屋市体育館,六野2-5-3,4,2,1969
136.913862,35.133766,23109,3,99999,03113,名古屋市体育館,六野2-5-3,4,2,1969
136.918659,35.231117,23103,3,99999,03106,楠プール,若鶴町126,4,-99,9999
136.913791,35.216005,23103,3,99999,03109,北スポーツセンター,成願寺1-6-12,4,-99,1995
136.913802,35.215859,23103,3,99999,03120,北スポーツセンター,成願寺1-6-12,4,-99,1995
136.913802,35.215713,23103,3,99999,03116,北スポーツセンター,成願寺1-6-12,4,-99,1995
136.9136,35.215975,23103,3,99999,03111,北スポーツセンター,成願寺1-6-12,4,-99,1995
136.913624,35.215859,23103,3,99999,03113,北スポーツセンター,成願寺1-6-12,4,-99,1995
136.913636,35.215694,23103,3,99999,03110,北スポーツセンター,成願寺1-6-12,4,-99,1995
136.913268,35.215878,23103,3,99999,03121,北スポーツセンター,成願寺1-6-12,4,-99,1995
136.913434,35.215927,23103,3,99999,03132,北スポーツセンター,成願寺1-6-12,4,-99,1995
136.913458,35.21581,23103,3,99999,03105,北スポーツセンター,成願寺1-6-12,4,-99,1995
136.91347,35.215674,23103,3,99999,03129,北スポーツセンター,成願寺1-6-12,4,-99,1995
136.911279,35.194288,23103,3,99999,03129,黒川スポーツトレーニングセンター,清水4-17-17,4,-99,1997
136.911291,35.194201,23103,3,99999,03109,黒川スポーツトレーニングセンター,清水4-17-17,4,-99,1997
136.911291,35.194094,23103,3,99999,03120,黒川スポーツトレーニングセンター,清水4-17-17,4,-99,1997
136.900523,35.191611,23103,3,99999,03110,愛知県スポーツ会館,名城1-3-35,4,4,9999
136.900547,35.191504,23103,3,99999,03113,愛知県スポーツ会館,名城1-3-35,4,4,9999
136.900571,35.191388,23103,3,99999,03111,愛知県スポーツ会館,名城1-3-35,4,4,9999
136.900921,35.191737,23103,3,99999,03120,愛知県スポーツ会館,名城1-3-35,4,4,9999
136.900927,35.191631,23103,3,99999,03132,愛知県スポーツ会館,名城1-3-35,4,4,9999
136.900785,35.191665,23103,3,99999,03109,愛知県スポーツ会館,名城1-3-35,4,4,9999
136.901189,35.191611,23103,3,99999,03121,愛知県スポーツ会館,名城1-3-35,4,4,9999
136.901141,35.19199,23103,3,99999,03135,愛知県スポーツ会館,名城1-3-35,4,4,9999
136.9032,35.190892,23103,3,99999,03106,名城プール,名城1-2-13,4,-99,9999
136.902749,35.191381,23103,3,99999,03115,名城庭球場,名城1-3-3,4,-99,1966
136.943638,35.090975,23114,3,99999,03105,鳴海プール,浦里1-66,4,-99,9999
136.985058,35.074714,23114,3,99999,03109,鎌倉台中学校,鎌倉台2-402,3,-99,9999
136.984523,35.074306,23114,3,99999,03104,鎌倉台中学校,鎌倉台2-402,3,-99,9999
136.960638,35.069262,23114,3,99999,03109,左京山中学校,左京山1407,3,-99,9999
136.96097,35.069651,23114,3,99999,03104,左京山中学校,左京山1407,3,-99,9999
136.941583,35.060119,23114,3,99999,03109,大高中学校,森の里1-107,3,-99,9999
136.942605,35.060605,23114,3,99999,03104,大高中学校,森の里1-107,3,-99,9999
136.984729,35.096435,23114,3,99999,03109,神沢中学校,神沢2-1201,3,-99,9999
136.984717,35.095891,23114,3,99999,03104,神沢中学校,神沢2-1201,3,-99,9999
136.97175,35.081759,23114,3,99999,03109,緑スポーツセンター,相原郷1-2901,4,-99,1992
136.97175,35.081672,23114,3,99999,03120,緑スポーツセンター,相原郷1-2901,4,-99,1992
136.971746,35.081582,23114,3,99999,03116,緑スポーツセンター,相原郷1-2901,4,-99,1992
136.971748,35.081504,23114,3,99999,03111,緑スポーツセンター,相原郷1-2901,4,-99,1992
136.971596,35.081728,23114,3,99999,03113,緑スポーツセンター,相原郷1-2901,4,-99,1992
136.971601,35.081629,23114,3,99999,03110,緑スポーツセンター,相原郷1-2901,4,-99,1992
136.971596,35.08152,23114,3,99999,03121,緑スポーツセンター,相原郷1-2901,4,-99,1992
136.971403,35.081745,23114,3,99999,03132,緑スポーツセンター,相原郷1-2901,4,-99,1992
136.971403,35.081638,23114,3,99999,03105,緑スポーツセンター,相原郷1-2901,4,-99,1992
136.971392,35.081522,23114,3,99999,03129,緑スポーツセンター,相原郷1-2901,4,-99,1992
136.953368,35.067161,23114,3,99999,03102,大高緑地,大高町高山1-1,4,-99,9999
136.960356,35.063134,23114,3,99999,03103,大高緑地,大高町高山1-1,4,-99,9999
136.958145,35.059885,23114,3,99999,03115,大高緑地,大高町高山1-1,4,-99,9999
136.954437,35.06255,23114,3,99999,03106,大高緑地,大高町高山1-1,4,-99,9999
136.952702,35.06611,23114,3,99999,03138,大高緑地,大高町高山1-1,4,-99,9999
136.947616,35.062647,23114,3,99999,03104,大高緑地,大高町高山1-1,4,-99,9999
136.977369,35.087221,23114,3,99999,03109,滝ノ水中学校,滝ノ水3-602,3,-99,9999
136.977048,35.086696,23114,3,99999,03104,滝ノ水中学校,滝ノ水3-602,3,-99,9999
136.970803,35.070966,23114,3,99999,03109,東陵中学校,鳴海町細根100-1,3,-99,9999
136.971302,35.071306,23114,3,99999,03104,東陵中学校,鳴海町細根100-1,3,-99,9999
136.954873,35.091762,23114,3,99999,03109,千鳥丘中学校,鳴海町山ノ神108,3,-99,9999
136.955633,35.090741,23114,3,99999,03104,千鳥丘中学校,鳴海町山ノ神108,3,-99,9999
136.968853,35.099012,23114,3,99999,03109,鳴子台中学校,鳴子町3-40,3,-99,9999
136.969494,35.098982,23114,3,99999,03104,鳴子台中学校,鳴子町3-40,3,-99,9999
136.969641,35.064304,23114,3,99999,03109,有松中学校,有松町桶狭間高根39-83,3,-99,9999
136.970069,35.064596,23114,3,99999,03104,有松中学校,有松町桶狭間高根39-83,3,-99,9999
136.963774,35.078512,23114,3,99999,03109,鳴海中学校,六田2-96,3,-99,9999
136.962847,35.077763,23114,3,99999,03104,鳴海中学校,六田2-96,3,-99,9999
136.734925,35.119507,23235,3,99999,03109,弥富北中学校,鎌倉町62,3,-99,9999
136.736613,35.119837,23235,3,99999,03104,弥富北中学校,鎌倉町62,3,-99,9999
136.746772,35.093825,23235,3,99999,03109,弥富中学校,鎌島7-52-2,3,-99,9999
136.747521,35.092911,23235,3,99999,03104,弥富中学校,鎌島7-52-2,3,-99,9999
136.754605,35.056893,23235,3,99999,03104,境港多目的グランド,境町51-1先,3,-99,9999
136.776937,35.057711,23235,3,99999,03104,亀の子グランド,駒野町3,3,-99,9999
136.767908,35.068637,23235,3,99999,03109,栄南小学校,狐地2-163,3,-99,9999
136.768609,35.06852,23235,3,99999,03104,栄南小学校,狐地2-163,3,-99,9999
136.70803,35.120724,23235,3,99999,03115,水明テニスコート,五明3-16,3,-99,9999
136.765551,35.104409,23235,3,99999,03104,子宝グランド,子宝3-33,3,-99,9999
136.764743,35.104711,23235,3,99999,03115,子宝テニスコート,子宝3-33,3,-99,9999
136.75044,35.084422,23235,3,99999,03109,大藤小学校,芝井十4-1175,3,-99,9999
136.75,35.083994,23235,3,99999,03104,大藤小学校,芝井十4-1175,3,-99,9999
136.78085,35.048441,23235,3,99999,03104,上野グランド,上野町2-32,3,-99,9999
136.773261,35.100487,23235,3,99999,03109,十四山スポーツセンター,神戸3-20,3,-99,9999
136.769465,35.101394,23235,3,99999,03109,十四山東部小学校,神戸2-4,3,-99,9999
136.77032,35.100976,23235,3,99999,03104,十四山東部小学校,神戸2-4,3,-99,9999
136.723921,35.110006,23235,3,99999,03109,桜小学校,前ケ須町南本田425,3,-99,9999
136.723292,35.109646,23235,3,99999,03104,桜小学校,前ケ須町南本田425,3,-99,9999
136.723326,35.104736,23235,3,99999,03104,文化広場市民グランド,前ケ須町野方802-1,3,-99,9999
136.722186,35.105154,23235,3,99999,03105,市民プール,前ケ須町野方802-1,3,-99,9999
136.72156,35.105343,23235,3,99999,03109,弥富市総合社会教育センター（社教センター）,前ケ須町野方802-20,3,-99,9999
136.721513,35.105187,23235,3,99999,03110,弥富市総合社会教育センター（社教センター）,前ケ須町野方802-20,3,-99,9999
136.721382,35.105372,23235,3,99999,03111,弥富市総合社会教育センター（社教センター）,前ケ須町野方802-20,3,-99,9999
136.721334,35.105236,23235,3,99999,03129,弥富市総合社会教育センター（社教センター）,前ケ須町野方802-20,3,-99,9999
136.747028,35.126091,23235,3,99999,03109,白鳥小学校,前ケ平2-1896-3,3,-99,9999
136.746837,35.125109,23235,3,99999,03104,白鳥小学校,前ケ平2-1896-3,3,-99,9999
136.742728,35.085237,23235,3,99999,03104,鍋田川グランド,大藤町110,3,-99,9999
136.718167,35.104301,23235,3,99999,03104,木曽川グランド,中山町松山地先,3,-99,9999
136.759736,35.100069,23235,3,99999,03109,十四山体育館,鳥ケ地1-176,3,-99,9999
136.758761,35.10143,23235,3,99999,03109,十四山中学校,鳥ケ地1-176,3,-99,9999
136.759498,35.100837,23235,3,99999,03104,十四山中学校,鳥ケ地1-176,3,-99,9999
136.756227,35.096347,23235,3,99999,03147,海南こどもの国,鳥ケ地町二反田1238,4,-99,9999
136.757593,35.095414,23235,3,99999,03126,海南こどもの国,鳥ケ地町二反田1238,4,-99,9999
136.760065,35.05259,23235,3,99999,03104,二葉グランド,鍋田町稲山100,3,-99,9999
136.761039,35.052551,23235,3,99999,03115,二葉テニスコート,鍋田町稲山99,3,-99,9999
136.788159,35.038757,23235,3,99999,03115,西三区テニスコート,楠3-7-2,3,-99,9999
136.77593,35.035313,23235,3,99999,03144,富浜緑地,富浜1-1（名古屋港周辺）,4,-99,9999
136.776952,35.034943,23235,3,99999,03103,富浜緑地,富浜1-1（名古屋港周辺）,4,-99,9999
136.774243,35.03361,23235,3,99999,03115,富浜緑地,富浜1-1（名古屋港周辺）,4,-99,9999
136.774908,35.032676,23235,3,99999,03102,富浜緑地,富浜1-1（名古屋港周辺）,4,-99,9999
136.780827,35.022864,23235,3,99999,03134,名古屋港ゴルフ倶楽部（富浜コース）,富浜1-4,4,-99,9999
136.735848,35.10422,23235,3,99999,03115,おみよしテニスコート,平島町西新田1244-4,3,-99,9999
136.732406,35.105112,23235,3,99999,03112,武道場,平島町西新田185,3,-99,9999
136.751522,35.106709,23235,3,99999,03109,十四山西部小学校,六條町大山94,3,-99,9999
136.752568,35.1063,23235,3,99999,03104,十四山西部小学校,六條町大山94,3,-99,9999
136.721395,35.121831,23235,3,99999,03109,弥生小学校,鯏浦町下与太142,3,-99,9999
136.72193,35.121219,23235,3,99999,03104,弥生小学校,鯏浦町下与太142,3,-99,9999
136.887315,35.168612,23105,3,99999,03003,名古屋経済大学サテライトキャンパス図書館,名駅4-25-13,4,-99,9999
136.95371,35.319677,23215,3,99999,03003,名古屋経済大学消費者問題研究所,内久保61-1,4,-99,9999
136.954616770166,35.3178353572537,23215,3,99999,03003,名古屋経済大学図書館,字樋池61-22,4,-99,9999
136.788025566505,35.2553678807077,23220,3,99999,03003,愛知文教女子短期大学附属図書館,稲葉2-9-17,4,-99,9999
136.730361,35.401281,21201,3,03001,03001,岐阜県美術館,宇佐4-1-22,2,2,1982
136.77387,35.433542,21201,3,03001,03001,岐阜市歴史博物館分館・加藤栄三・東―記念美術館,大宮町1-46,3,-99,9999
136.617406,35.360286,21202,3,03001,03001,大垣市守屋多々志美術館,郭町2-12,3,-99,2001
136.917924,35.49579,21205,3,03001,03001,関市立篠田桃紅美術空間,若草通3-1（関市役所北庁舎7階）,3,-99,2003
136.957099,35.748659,21219,3,03001,03001,奥美濃おもだか家民芸館,八幡町新町929,4,-99,1969
136.957461,35.781024,21219,3,03001,03001,郡上工芸研究所,八幡町初音,4,-99,9999
136.94995,35.745836,21219,3,03001,03001,郡上八幡民芸美術館,八幡町新栄町1459-2,4,-99,1998
136.957182,35.748295,21219,3,03001,03001,心の森ミュージアム・遊童館,八幡町稲荷町,4,-99,1990
136.957434,35.748584,21219,3,03001,03001,齋藤美術館,八幡町新町927,4,-99,1987
136.772963,35.391139,21302,3,03001,03001,大松美術館,みやまち4-34-1,4,2,1991
136.763592,35.482574,21201,3,03002,03002,みつばちの家,椿洞776-3（岐阜市畜産センター内）,4,-99,1981
136.731111,35.403808,21201,3,03002,03002,岐阜市科学館,本荘3456-41,3,-99,1980
136.765578,35.436193,21201,3,03002,03002,岐阜市歴史博物館,大宮町2-18-1（岐阜公園内）,3,3,1985
136.782589,35.433703,21201,3,03002,03002,岐阜城・岐阜城資料館,金華山天守閣18,3,-99,1956
136.736719,35.464827,21201,3,03002,03002,岐阜大学教育学部郷土博物館,柳戸1-1,0,7,1983
136.760675,35.398387,21201,3,03002,03002,歯の博物館,加納城南通り1-18,4,-99,9999
136.773097,35.434332,21201,3,03002,03002,名和昆虫博物館,大宮町2-18（岐阜公園内）,4,2,1904
136.614406,35.361587,21202,3,03002,03002,大垣市郷土館,丸の内2-4,3,2,1985
136.578507,35.393594,21202,3,03002,03002,大垣市金生山化石館,赤坂町4527-19,3,2,1985
136.466092,35.287162,21202,3,03002,03002,大垣市上石津郷土資料館,上石津町宮237-1,3,1,1993
136.552022,35.385953,21202,3,03002,03002,大垣市歴史民俗資料館,青野町1180-1,3,2,1982
136.616051,35.361946,21202,3,03002,03002,大垣城,郭町2-52（大垣公園内）,3,4,1959
136.890257,35.505768,21205,3,03002,03002,関市円空館,池尻185,3,-99,2003
136.853948,35.6501,21205,3,03002,03002,関市洞戸円空記念館,洞戸高賀1212,3,2,1995
136.916419,35.481794,21205,3,03002,03002,関鍛冶伝承館,南春日町9-1,3,-99,2002
136.868788,35.478052,21205,3,03002,03002,岐阜県博物館,小屋名字小洞1989,2,-99,1976
136.913037,35.547031,21207,3,03002,03002,旧今井家住宅・美濃史料館,泉町1883,3,2,9999
136.8764,35.583451,21207,3,03002,03002,美濃和紙の里会館,蕨生1851-3,3,2,1994
136.702144,35.324206,21209,3,03002,03002,羽島市歴史民俗資料館・羽島市映画資料館,竹鼻町2624-1,3,-99,1996
136.86143,35.387785,21213,3,03002,03002,かかみがはら航空宇宙科学博物館,下切町5-1,3,2,1996
136.82593,35.367865,21213,3,03002,03002,川島ふるさと史料館,川島松倉町1951-4,3,5,1983
136.844501,35.36449,21213,3,03002,03002,内藤記念くすり博物館,川島竹早町1,4,-99,1971
136.724856,35.535805,21215,3,03002,03002,山県市歴史民俗資料館,大門850-65,3,-99,1986
136.958502,35.752013,21219,3,03002,03002,安養寺宝物殿,八幡町柳町217,4,-99,2000
136.829666,35.922309,21219,3,03002,03002,奥美濃若宮修古館,白鳥町長滝,4,-99,1835
136.961351,35.75255,21219,3,03002,03002,郡上八幡城,八幡町柳町字一の平,3,5,1933
136.956963,35.753388,21219,3,03002,03002,郡上八幡博覧館,八幡町殿町50,3,3,1991
136.925579,35.812132,21219,3,03002,03002,古今伝授の里フィールドミュージアム,大和町牧912-1,3,-99,1993
136.891053,35.68383,21219,3,03002,03002,那比新宮宝物庫,八幡町那比,4,-99,1964
136.948427,35.656059,21219,3,03002,03002,日本まん真ん中センター,美並町白山430-4,3,2,1997
136.864458,35.861098,21219,3,03002,03002,日本土鈴館,白鳥町大島1555,4,-99,1986
136.831694,35.924471,21219,3,03002,03002,白山文化博物館,白鳥町長滝402,3,2,1997
136.640637,35.216369,21221,3,03002,03002,海津市歴史民俗資料館,海津町萱野205-1,3,3,1993
136.780931,35.382245,21302,3,03002,03002,岐南町歴史民俗資料館,平成7-38,3,1,1981
136.761867,35.36609,21303,3,03002,03002,笠松町歴史民俗資料館,下本町87,3,-99,1998
136.548861,35.305027,21341,3,03002,03002,養老町郷土資料館,石畑483-2,3,-99,1991
136.536603,35.369964,21361,3,03002,03002,タルイピアセンター・歴史民俗資料館,2443-1,3,-99,1994
136.436846,35.368834,21362,3,03002,03002,エコミュージアム関ケ原,大字玉1565-3,2,-99,1998
136.4532,35.368303,21362,3,03002,03002,関ヶ原ウォーランド,大字関ケ原1701-6,4,-99,1964
136.466331,35.365708,21362,3,03002,03002,関ヶ原町歴史民俗資料館,大字関ケ原894-28,3,2,1982
136.458059,35.359535,21362,3,03002,03002,不破関資料館,大字松尾21-1,3,1,1982
136.648151,35.284899,21382,3,03002,03002,片野記念館,四郷1825,4,-99,1971
136.452709,35.517485,21401,3,03002,03002,森の文化博物館,春日美束1902-183,3,-99,1995
136.486282,35.63886,21401,3,03002,03002,藤橋歴史民俗資料館,鶴見419,3,-99,1984
136.565487,35.498038,21401,3,03002,03002,揖斐川歴史民俗資料館,上南方901-5,3,-99,1987
136.630527,35.469731,21403,3,03002,03002,大野町民俗資料館,黒野913,3,-99,1972
136.730139,35.399948,21201,3,03003,03003,岐阜県図書館,宇佐4-2-1,2,-99,9999
136.759356,35.422123,21201,3,03003,03003,岐阜市立図書館,八ツ寺町1-7,3,-99,9999
136.757576,35.409416,21201,3,03003,03003,岐阜市立図書館分館,橋本町1-10-23,3,-99,9999
136.607369,35.364206,21202,3,03003,03003,大垣市立図書館,室本町5-51,3,-99,9999
136.681565,35.358678,21202,3,03003,03003,大垣市立墨俣図書館,墨俣町上宿510-1,3,-99,9999
136.759301,35.422084,21205,3,03003,03003,関市立図書館,若草通2-1,3,-99,9999
136.841951,35.536378,21205,3,03003,03003,関市立図書館武芸川分館,武芸川町小知野779-1,3,-99,9999
136.910821,35.549344,21207,3,03003,03003,美濃市図書館,1571-2,3,-99,9999
136.696506,35.329066,21209,3,03003,03003,羽島市立図書館,竹鼻町丸の内6-2,3,-99,9999
136.82593,35.367865,21213,3,03003,03003,各務原市中央図書館分館川島ほんの家,川島松倉町1951-4,3,-99,9999
136.842626,35.400088,21213,3,03003,03003,各務原市立中央図書館,那加門前町3-1-3,3,-99,9999
136.724856,35.535805,21215,3,03003,03003,山県市図書館,大門850-65,3,-99,9999
136.68509,35.390892,21216,3,03003,03003,瑞穂市図書館,稲里28-1,3,-99,9999
136.64998,35.402563,21216,3,03003,03003,瑞穂市図書館分館,宮田304-2,3,-99,9999
136.657748,35.432433,21218,3,03003,03003,しんせいほんの森,軽海424,3,-99,9999
136.861436,35.887131,21219,3,03003,03003,郡上市図書館,白鳥町白鳥359-26,3,-99,9999
136.964346,35.749162,21219,3,03003,03003,郡上市図書館はちまん分館,八幡町島谷207-1,3,-99,9999
136.639097,35.217856,21221,3,03003,03003,海津市海津図書館,海津町高須605,3,-99,9999
136.598518,35.221324,21221,3,03003,03003,海津市南濃図書館,南濃町駒野奥条入会地99-1,3,-99,9999
136.635952,35.257075,21221,3,03003,03003,海津市平田図書館,平田町仏師川488,3,-99,9999
136.780633,35.381145,21302,3,03003,03003,岐南町図書館,平成7-38,3,-99,9999
136.548861,35.305027,21341,3,03003,03003,養老町図書館,石畑483-2,3,-99,9999
136.536603,35.369964,21361,3,03003,03003,タルイピアセンター図書館,2443-1,3,-99,9999
136.466984,35.366532,21362,3,03003,03003,関ケ原ふれあいセンター・ふれあい図書館,大字関ヶ原894-29,3,-99,9999
136.594474,35.430673,21381,3,03003,03003,神戸町立図書館,大字北一色821-1,3,-99,9999
136.636152,35.285432,21382,3,03003,03003,輪之内町立図書館,中郷新田1495,3,-99,9999
136.664322,35.335626,21383,3,03003,03003,ハートピア安八図書館,氷取30,3,-99,9999
136.567274,35.490132,21401,3,03003,03003,揖斐川町立揖斐川図書館,上南方15-1,3,-99,9999
136.412114,35.60303,21401,3,03003,03003,揖斐川町立坂内図書館,坂内広瀬924,3,-99,9999
136.607925,35.526947,21401,3,03003,03003,揖斐川町立谷汲図書館,谷汲名礼264-22,3,-99,9999
136.627842,35.469398,21403,3,03003,03003,大野町立図書館,大字黒野990,3,-99,9999
136.57403,35.440882,21404,3,03003,03003,池田町図書館,六之井1541-1,3,-99,9999
136.682603,35.436246,21421,3,03003,03003,北方町立図書館,北方1816-4,3,-99,9999
136.81041,35.371777,21213,3,03004,03004,岐阜県世界淡水魚園水族館,川島笠田町1453（河川環境楽園内）,2,-99,2004
136.774854,35.434537,21201,3,03005,03005,金華山リス村,千畳敷下257,4,-99,1965
136.900619,35.998496,21219,3,03005,03005,ひるがの湿原植物園,高鷲町ひるがの4670-3694,3,-99,1988
136.552057,35.284248,21341,3,03005,03005,養老公園竹類園,高林1298-2,2,-99,9999
136.90127,35.453108,21205,3,99999,03001,岐阜現代美術館,桃紅大地1（鍋屋バイテック会社関工園内）,4,-99,9999
136.790436,35.44486,21201,3,99999,03001,三甲美術館,長良福士山3533-26,4,-99,1973
136.664077,35.335649,21383,3,99999,03002,ハートピア安八（歴史民俗資料館）,氷取30,3,3,2001
136.915114,35.483525,21205,3,99999,03002,フェザーミュージアム（カミソリ文化伝承館）,日の出町1-17,4,2,2000
136.992081,35.49274,21502,3,99999,03002,松井屋酒造資料館,加治田688-2,4,-99,1795
136.472975,35.283984,21202,3,99999,03003,大垣市立上石津図書館,上石津町上原1400,3,-99,9999
136.755797,35.422077,21201,3,99999,03003,視覚障害者生活情報センターぎふ,梅河町1-4,4,-99,1997
136.950802,35.41091,21213,3,99999,03003,各務原市もりの本やさん,鵜沼字石山6529-2,3,-99,9999
136.818223,35.424518,21213,3,99999,03003,東海学院大学・東海学院大学短期大学部附属図書館,那加桐野町5-68,4,-99,9999
136.845106,35.404902,21213,3,99999,03003,中部学院大学各務原キャンパス図書館,那加甥田町30-1,4,-99,9999
136.97034,35.443554,21501,3,99999,03003,中日本自動車短期大学附属図書館,深萓1301,4,-99,9999
136.618618,35.394249,21202,3,99999,03003,岐阜経済大学図書館,北方町5-50,4,-99,9999
136.621388,35.385657,21202,3,99999,03003,情報科学芸術大学院大学附属図書館,領家町3-95,0,-99,9999
136.608044,35.386132,21202,3,99999,03003,大垣女子短期大学図書館,西之川町1-109,4,-99,9999
136.733287,35.467068,21201,3,99999,03003,岐阜大学医学図書館,柳戸1-1,0,-99,9999
136.705993,35.361704,21201,3,99999,03003,岐阜聖徳学園大学羽島キャンパス図書館,柳津町高桑西1-1,4,-99,9999
136.735686,35.386935,21201,3,99999,03003,岐阜聖徳学園大学岐阜キャンパス図書館,中鶉1-38,4,-99,9999
136.716844,35.425869,21201,3,99999,03003,岐阜市立女子短期大学附属図書館,一日市場北町7-1,0,-99,9999
136.808154,35.500623,21201,3,99999,03003,岐阜女子大学図書館,太郎丸80,4,-99,9999
136.736983,35.464179,21201,3,99999,03003,岐阜大学図書館,柳戸1-1,0,-99,9999
136.691165,35.381106,21216,3,99999,03003,朝日大学図書館,穂積1851-1,4,-99,9999
136.685159,35.306634,21209,3,99999,03003,岐阜県立看護大学図書館,江吉良町3047-1,2,-99,9999
136.898136,35.458507,21205,3,99999,03003,中部学院大学関キャンパス図書館,桐ヶ丘2-1,4,-99,9999
136.611815,35.356042,21202,3,99999,03002,大垣市奥の細道むすびの地記念館,船町2-26-1,3,2,2012
136.766054,35.441254,21201,3,99999,03101,長良川競技場,長良福光大野2675-28,2,-99,9999
136.727624,35.32268,21209,3,99999,03102,羽島市運動公園,正木町大浦602,3,-99,9999
136.725259,35.323039,21209,3,99999,03115,羽島市運動公園,正木町大浦602,3,-99,9999
136.726251,35.322855,21209,3,99999,03104,羽島市運動公園,正木町大浦602,3,-99,9999
136.688224,35.48838,21218,3,99999,03103,本巣総合運動場,文殊50-1,2,-99,9999
136.688226,35.488335,21218,3,99999,03102,本巣総合運動場,文殊50-1,2,-99,9999
136.688437,35.488953,21218,3,99999,03104,本巣総合運動場,文殊50-1,2,-99,9999
136.688575,35.489402,21218,3,99999,03138,本巣総合運動場,文殊50-1,2,-99,9999
136.687523,35.488483,21218,3,99999,03118,本巣総合運動場,文殊50-1,2,-99,9999
136.832097,35.514308,21201,3,99999,03102,岐阜ファミリーパーク野球場,山県北野,2,-99,9999
136.770055,35.459256,21201,3,99999,03102,岐阜市民球場,八代2-8,3,-99,9999
136.884233,35.427761,21213,3,99999,03102,各務原市民球場,須衛町2-601,3,-99,9999
136.725597,35.391388,21201,3,99999,03109,ヒマラヤアリーナ,薮田南2-1-1,2,-99,9999
136.725597,35.39134,21201,3,99999,03120,ヒマラヤアリーナ,薮田南2-1-1,2,-99,9999
136.725597,35.391287,21201,3,99999,03116,ヒマラヤアリーナ,薮田南2-1-1,2,-99,9999
136.725591,35.391233,21201,3,99999,03112,ヒマラヤアリーナ,薮田南2-1-1,2,-99,9999
136.780223,35.41322,21201,3,99999,03109,岐阜市民総合体育館,九重町4-24,3,-99,9999
136.780223,35.413177,21201,3,99999,03120,岐阜市民総合体育館,九重町4-24,3,-99,9999
136.780223,35.413128,21201,3,99999,03116,岐阜市民総合体育館,九重町4-24,3,-99,9999
136.780223,35.413089,21201,3,99999,03112,岐阜市民総合体育館,九重町4-24,3,-99,9999
136.780229,35.413036,21201,3,99999,03113,岐阜市民総合体育館,九重町4-24,3,-99,9999
136.833275,35.401131,21213,3,99999,03109,各務原市総合体育館,須衛町2-601,3,-99,9999
136.833274,35.401057,21213,3,99999,03120,各務原市総合体育館,須衛町2-601,3,-99,9999
136.833274,35.400985,21213,3,99999,03116,各務原市総合体育館,須衛町2-601,3,-99,9999
136.833274,35.400916,21213,3,99999,03112,各務原市総合体育館,須衛町2-601,3,-99,9999
136.779966,35.382428,21302,3,99999,03109,岐南町総合体育館,平成7-47,3,-99,9999
136.779966,35.382374,21302,3,99999,03120,岐南町総合体育館,平成7-47,3,-99,9999
136.779972,35.382321,21302,3,99999,03112,岐南町総合体育館,平成7-47,3,-99,9999
136.779972,35.382268,21302,3,99999,03113,岐南町総合体育館,平成7-47,3,-99,9999
136.779972,35.382215,21302,3,99999,03129,岐南町総合体育館,平成7-47,3,-99,9999
136.794921,35.505252,21215,3,99999,03109,山県市総合体育館,高木1675,3,-99,9999
136.794921,35.505194,21215,3,99999,03120,山県市総合体育館,高木1675,3,-99,9999
136.794921,35.505141,21215,3,99999,03129,山県市総合体育館,高木1675,3,-99,9999
136.794921,35.505083,21215,3,99999,03112,山県市総合体育館,高木1675,3,-99,9999
136.762929,35.440238,21201,3,99999,03102,長良川球場,長良福光大野2675-28,3,-99,9999
136.693075,35.424754,21421,3,99999,03109,北方町総合体育館,高屋石末1-9,3,-99,9999
136.693075,35.424692,21421,3,99999,03120,北方町総合体育館,高屋石末1-9,3,-99,9999
136.693075,35.424643,21421,3,99999,03116,北方町総合体育館,高屋石末1-9,3,-99,9999
136.693075,35.424585,21421,3,99999,03112,北方町総合体育館,高屋石末1-9,3,-99,9999
136.762042,35.441998,21201,3,99999,03109,岐阜メモリアルセンター,長良福光大野2675-28,3,-99,9999
136.766064,35.441324,21201,3,99999,03101,岐阜メモリアルセンター,長良福光大野2675-28,3,-99,9999
136.76265,35.442842,21201,3,99999,03121,岐阜メモリアルセンター,長良福光大野2675-28,3,-99,9999
136.731516,35.372873,21201,3,99999,03109,南部スポーツセンター,南鶉5-86,3,-99,9999
136.731516,35.372825,21201,3,99999,03113,南部スポーツセンター,南鶉5-86,3,-99,9999
136.731516,35.372776,21201,3,99999,03120,南部スポーツセンター,南鶉5-86,3,-99,9999
136.731516,35.372733,21201,3,99999,03115,南部スポーツセンター,南鶉5-86,3,-99,9999
136.731516,35.372684,21201,3,99999,03112,南部スポーツセンター,南鶉5-86,3,-99,9999
136.745584,35.456841,21201,3,99999,03109,岐阜市北部体育館,正木1020-2,3,-99,9999
136.745584,35.456788,21201,3,99999,03120,岐阜市北部体育館,正木1020-2,3,-99,9999
136.745584,35.456744,21201,3,99999,03116,岐阜市北部体育館,正木1020-2,3,-99,9999
136.74559,35.456691,21201,3,99999,03112,岐阜市北部体育館,正木1020-2,3,-99,9999
136.745584,35.456647,21201,3,99999,03113,岐阜市北部体育館,正木1020-2,3,-99,9999
136.847297,35.450413,21201,3,99999,03109,岐阜市東部体育館,芥見4-68,3,-99,9999
136.847297,35.450359,21201,3,99999,03120,岐阜市東部体育館,芥見4-68,3,-99,9999
136.847297,35.450306,21201,3,99999,03116,岐阜市東部体育館,芥見4-68,3,-99,9999
136.847297,35.450263,21201,3,99999,03111,岐阜市東部体育館,芥見4-68,3,-99,9999
136.847297,35.450209,21201,3,99999,03113,岐阜市東部体育館,芥見4-68,3,-99,9999
136.71531,35.403703,21201,3,99999,03109,岐阜市西部体育館,鏡島2-8-40,3,-99,9999
136.71531,35.403645,21201,3,99999,03120,岐阜市西部体育館,鏡島2-8-40,3,-99,9999
136.715304,35.403582,21201,3,99999,03116,岐阜市西部体育館,鏡島2-8-40,3,-99,9999
136.700873,35.485348,21201,3,99999,03109,岐阜市北西部体育館,則松2-65-2,3,-99,9999
136.700873,35.485271,21201,3,99999,03120,岐阜市北西部体育館,則松2-65-2,3,-99,9999
136.700873,35.485208,21201,3,99999,03116,岐阜市北西部体育館,則松2-65-2,3,-99,9999
136.678098,35.483332,21218,3,99999,03109,本巣体育センター,文殊324,3,-99,9999
136.678098,35.483288,21218,3,99999,03120,本巣体育センター,文殊324,3,-99,9999
136.678098,35.483249,21218,3,99999,03116,本巣体育センター,文殊324,3,-99,9999
136.678092,35.483206,21218,3,99999,03112,本巣体育センター,文殊324,3,-99,9999
136.689938,35.391778,21216,3,99999,03109,瑞穂市体育館,別府1300-3,3,-99,9999
136.689938,35.391739,21216,3,99999,03120,瑞穂市体育館,別府1300-3,3,-99,9999
136.689938,35.391701,21216,3,99999,03112,瑞穂市体育館,別府1300-3,3,-99,9999
136.689938,35.391662,21216,3,99999,03113,瑞穂市体育館,別府1300-3,3,-99,9999
136.830771,35.516084,21201,3,99999,03115,岐阜ファミリーパークテニスコート,北野,3,-99,9999
136.782761,35.408171,21201,3,99999,03115,木ノ下テニスコート,木ノ下町7,3,-99,9999
136.890927,35.4063,21213,3,99999,03115,各務原スポーツ広場テニスコート,各務山の前町1-47-1,3,-99,9999
136.750446,35.34707,21303,3,99999,03115,笠松町緑地公園内テニスコート,北及字外山,3,-99,9999
136.687545,35.391046,21216,3,99999,03115,瑞穂市穂積テニスコート,稲里8-1,3,-99,9999
136.735103,35.593077,21215,3,99999,03115,山県市美山テニスコート,谷合1038,3,-99,9999
136.76631,35.445139,21201,3,99999,03103,長良川球技メドウ,長良福光青襖2070-7,3,-99,9999
136.88959,35.40632,21213,3,99999,03103,各務原スポーツ広場多目的運動広場,各務山の前町1-47-1,3,-99,9999
136.694904,35.444282,21421,3,99999,03102,宮東公園グウランド,芝原中町3-64,3,-99,9999
136.689508,35.429713,21421,3,99999,03103,中央公園グウランド,柱本2-3,3,-99,9999
136.688113,35.41687,21421,3,99999,03102,条里公園グウランド,高屋条里2-90,3,-99,9999
136.688119,35.416807,21421,3,99999,03103,条里公園グウランド,高屋条里2-90,3,-99,9999
136.640963,35.540115,21218,3,99999,03102,本巣神海運動場,神海1299-5,3,-99,9999
136.640971,35.54003,21218,3,99999,03103,本巣神海運動場,神海1299-5,3,-99,9999
136.640969,35.539951,21218,3,99999,03138,本巣神海運動場,神海1299-5,3,-99,9999
136.677935,35.482097,21218,3,99999,03103,本巣多目的広場,文殊326,3,-99,9999
136.677395,35.481792,21218,3,99999,03138,本巣多目的広場,文殊326,3,-99,9999
136.677929,35.482034,21218,3,99999,03104,本巣多目的広場,文殊326,3,-99,9999
136.684445,35.386894,21216,3,99999,03102,瑞穂市穂積グラウンド,稲里452-1,3,-99,9999
136.686678,35.40537,21216,3,99999,03102,瑞穂市糸貫川運動公園,本田1940,3,-99,9999
136.723638,35.534949,21215,3,99999,03102,山県市伊自良総合運動公園,洞田127-67,3,-99,9999
136.723638,35.534853,21215,3,99999,03103,山県市伊自良総合運動公園,洞田127-67,3,-99,9999
136.744834,35.595089,21215,3,99999,03102,山県市美山総合運動場,田栗899,3,-99,9999
136.744834,35.595002,21215,3,99999,03103,山県市美山総合運動場,田栗899,3,-99,9999
136.725471,35.535011,21215,3,99999,03138,山県市伊自良ふれあい・さわやかドーム,大門850-71,3,-99,9999
136.673034,35.303948,21209,3,99999,03106,羽島市民プール,堀津町須賀南1-72,3,-99,9999
136.673688,35.303783,21209,3,99999,03132,羽島市民プール,堀津町須賀南1-72,3,-99,9999
136.928302,35.38705,21213,3,99999,03107,各務原市民プール,鵜沼小伊木町4-300,3,-99,9999
136.929829,35.387578,21213,3,99999,03105,各務原市民プール,鵜沼小伊木町4-300,3,-99,9999
136.763576,35.442237,21201,3,99999,03106,長良川スイミングプラザ,長良福光大野2675-28,2,-99,9999
136.763565,35.441854,21201,3,99999,03108,長良川スイミングプラザ,長良福光大野2675-28,2,-99,9999
136.763624,35.442765,21201,3,99999,03105,長良川スイミングプラザ,長良福光大野2675-28,2,-99,9999
136.698112,35.328658,21209,3,99999,03121,羽島市弓道場,竹鼻町丸の内6-160,3,-99,9999
136.896548,35.398843,21213,3,99999,03121,各務原市弓道場,鵜沼三ツ池町5-228,3,-99,9999
136.696384,35.400622,21216,3,99999,03121,瑞穂市弓道場,生津天王町2-106,3,-99,9999
136.693988,35.572996,21215,3,99999,03142,伊自良キャンプ場,長滝27-44,3,-99,9999
136.738999,35.614414,21215,3,99999,03142,グリーンプラザみやま,片原134,4,-99,9999
136.854728,35.464537,21201,3,99999,03134,岐阜中央カントリークラブ,芥見薬師洞5576-3,4,-99,9999
136.71314,35.353864,21201,3,99999,03134,岐阜羽島ゴルフクラブ,柳津町高桑459,4,-99,9999
136.685158,35.539978,21218,3,99999,03134,岐阜本巣カントリークラブ,外山2120-30,4,-99,9999
136.764932,35.44525,21201,3,99999,03129,長良川スポーツプラザ,長良福光青襖2070-7,4,6,9999
136.920356,35.386139,21213,3,99999,03115,いこいの広場・伊木の森,鵜沼伊木山1492-1,3,-99,9999
136.920315,35.386881,21213,3,99999,03147,いこいの広場・伊木の森,鵜沼伊木山1492-1,3,-99,9999
136.91978,35.386547,21213,3,99999,03127,いこいの広場・伊木の森,鵜沼伊木山1492-1,3,-99,9999
136.673344,35.451121,21218,3,99999,03109,糸貫体育センター,三橋1101-6,3,-99,9999
136.67335,35.451058,21218,3,99999,03120,糸貫体育センター,三橋1101-6,3,-99,9999
136.831731,35.516929,21201,3,99999,03109,岐阜ファミリーパーク体育館,山県北野2078-1,2,-99,9999
136.831731,35.516866,21201,3,99999,03120,岐阜ファミリーパーク体育館,山県北野2078-1,2,-99,9999
136.831737,35.516803,21201,3,99999,03116,岐阜ファミリーパーク体育館,山県北野2078-1,2,-99,9999
136.76374,35.48302,21201,3,99999,03123,岐阜市畜産センター公園,椿洞776-4,3,-99,9999
136.76583,35.484184,21201,3,99999,03143,岐阜市畜産センター公園,椿洞776-4,3,-99,9999
136.765118,35.487835,21201,3,99999,03102,岐阜市畜産センター公園,椿洞776-4,3,-99,9999
136.764934,35.48646,21201,3,99999,03103,岐阜市畜産センター公園,椿洞776-4,3,-99,9999
136.764269,35.487859,21201,3,99999,03115,岐阜市畜産センター公園,椿洞776-4,3,-99,9999
136.761336,35.441951,21201,3,99999,03109,岐阜メモリアルセンタートレーニング室,長良福光大野2675-28,2,-99,9999
136.76133,35.441893,21201,3,99999,03120,岐阜メモリアルセンタートレーニング室,長良福光大野2675-28,2,-99,9999
136.762061,35.442861,21201,3,99999,03109,岐阜メモリアルセンターふれ愛ドーム（第２体育館）,長良福光大野2675-28,2,-99,9999
136.762067,35.442789,21201,3,99999,03120,岐阜メモリアルセンターふれ愛ドーム（第２体育館）,長良福光大野2675-28,2,-99,9999
136.762061,35.442721,21201,3,99999,03116,岐阜メモリアルセンターふれ愛ドーム（第２体育館）,長良福光大野2675-28,2,-99,9999
136.762037,35.441929,21201,3,99999,03109,岐阜メモリアルセンターで愛ドーム（第１体育館）,長良福光大野2675-29,2,-99,9999
136.762031,35.441862,21201,3,99999,03120,岐阜メモリアルセンターで愛ドーム（第１体育館）,長良福光大野2675-29,2,-99,9999
136.762031,35.441784,21201,3,99999,03116,岐阜メモリアルセンターで愛ドーム（第１体育館）,長良福光大野2675-29,2,-99,9999
136.761336,35.441775,21201,3,99999,03129,岐阜メモリアルセンター体育室,長良福光大野2675-30,2,-99,9999
136.761336,35.441702,21201,3,99999,03132,岐阜メモリアルセンター体育室,長良福光大野2675-30,2,-99,9999
136.688753,35.525606,21201,3,99999,03134,岐阜北カントリー倶楽部,奥475,4,-99,9999
136.754317,35.43872,21201,3,99999,03115,早田テニスコート,学園町1-93,3,-99,9999
136.761229,35.440228,21201,3,99999,03115,長良川テニスプラザ,長良福光大野2675-28,3,-99,9999
136.722997,35.431792,21201,3,99999,03101,島西運動場,旦島2-5,4,-99,9999
136.76098,35.442745,21201,3,99999,03110,岐阜メモリアルセンター武道館（柔道場）,長良福光大野2675-28,3,-99,9999
136.76098,35.442682,21201,3,99999,03113,岐阜メモリアルセンター武道館（柔道場）,長良福光大野2675-28,3,-99,9999
136.760974,35.442624,21201,3,99999,03111,岐阜メモリアルセンター武道館（剣道場）,長良福光大野2675-28,3,-99,9999
136.760968,35.442561,21201,3,99999,03113,岐阜メモリアルセンター武道館（剣道場）,長良福光大野2675-28,3,-99,9999
136.761509,35.442731,21201,3,99999,03118,岐阜メモリアルセンター相撲場,長良福光大野2675-28,3,-99,9999
136.762679,35.442784,21201,3,99999,03121,長良川弓道場,長良福光大野2675-28,2,-99,9999
136.801335,35.412597,21201,3,99999,03115,野一色テニスコート,野一色4,3,-99,9999
136.671892,35.476783,21218,3,99999,03102,本巣市民スポーツプラザ,長屋262,3,-99,9999
136.671894,35.47675,21218,3,99999,03138,本巣市民スポーツプラザ,長屋262,3,-99,9999
136.734357,35.320632,21209,3,99999,03102,羽島市木曽川堤外正木運動場,正木町大浦字柳原,3,-99,9999
136.733649,35.319565,21209,3,99999,03104,羽島市木曽川堤外正木運動場,正木町大浦字柳原,3,-99,9999
136.698035,35.328578,21209,3,99999,03112,羽島市柔剣道道場,竹鼻町丸の内6-160,3,-99,9999
136.698035,35.328534,21209,3,99999,03130,羽島市柔剣道道場,竹鼻町丸の内6-160,3,-99,9999
136.698035,35.32849,21209,3,99999,03132,羽島市柔剣道道場,竹鼻町丸の内6-160,3,-99,9999
136.647357,35.460608,21218,3,99999,03103,糸貫根尾川スポーツ広場,屋井1195-1地先,3,-99,9999
136.647125,35.459776,21218,3,99999,03102,糸貫根尾川スポーツ広場,屋井1195-1地先,3,-99,9999
136.647345,35.460463,21218,3,99999,03138,糸貫根尾川スポーツ広場,屋井1195-1地先,3,-99,9999
136.759267,35.399072,21201,3,99999,03115,加納テニスコート,加納丸の内（加納公園内）,3,-99,9999
136.732247,35.373188,21201,3,99999,03115,南部スポーツセンターテニスコート,南鶉5-86,3,-99,9999
136.732633,35.372963,21201,3,99999,03106,南部市民プール,南鶉4-120,3,-99,9999
136.744925,35.456764,21201,3,99999,03106,北部市民プール,正木1020-2,3,-99,9999
136.742434,35.414593,21201,3,99999,03106,本荘市民プール,寿町2-13（本荘公園内）,3,-99,9999
136.730614,35.402804,21201,3,99999,03102,岐阜市八ツ草球場,本荘八ヶ坪3456-6,3,-99,9999
136.690787,35.362735,21201,3,99999,03102,日置江球場,茶屋新田字上村地先,3,-99,9999
136.703042,35.401704,21201,3,99999,03102,江崎第一球場,江崎川添堤外,3,-99,9999
136.70316,35.400924,21201,3,99999,03102,江崎第二球場,江崎川添堤外,3,-99,9999
136.703339,35.399994,21201,3,99999,03102,江崎第三球場,江崎川添堤外,3,-99,9999
136.837262,35.47556,21201,3,99999,03102,溝口第一球場,溝口河通（溝口公園内）,3,-99,9999
136.709892,35.385469,21201,3,99999,03102,次木球場,下奈良4-3-1（日置江北公園内）,3,-99,9999
136.706426,35.48346,21201,3,99999,03102,則松球場,則松1-196,3,-99,9999
136.771844,35.395363,21302,3,99999,03102,厚八運動場,みやまち1-91番外1,3,-99,9999
136.771844,35.395336,21302,3,99999,03104,厚八運動場,みやまち1-91番外1,3,-99,9999
136.722104,35.438183,21201,3,99999,03102,旦ノ島球場,守口町4-26（旦ノ島公園）,3,-99,9999
136.70316,35.403535,21201,3,99999,03102,江崎Ａ・Ｂ球場,江崎川添堤外,3,-99,9999
136.703921,35.398512,21201,3,99999,03102,江崎Ｃ球場,江崎川添堤外,3,-99,9999
136.838165,35.478298,21201,3,99999,03102,溝口第二球場,溝口河通（溝口公園内）,3,-99,9999
136.725291,35.450906,21201,3,99999,03102,板屋（Ａ・Ｂ）球場,木田5（板屋公園内）,3,-99,9999
136.70994,35.384878,21201,3,99999,03102,次木（Ａ・Ｂ）球場,下奈良4-3-1（日置江北公園内）,3,-99,9999
136.842032,35.490499,21201,3,99999,03102,中屋球場,中屋東（中屋運動場内）,3,-99,9999
136.71979,35.43767,21201,3,99999,03102,伊自良川Ｃ球場,旦島字蓼厚（伊自良川緑地）,3,-99,9999
136.830914,35.51422,21201,3,99999,03103,岐阜ファミリーパークサッカー兼ラグビー場,北野,3,-99,9999
136.712873,35.412907,21201,3,99999,03103,鏡島サッカー場（Ａ・Ｂ）,鏡島字長瀬3172-1,3,-99,9999
136.812287,35.444621,21201,3,99999,03103,日野サッカー場,日野中石川原3982,3,-99,9999
136.691,35.364031,21201,3,99999,03103,日置江サッカー場,茶屋新田字上村地先,3,-99,9999
136.719035,35.437232,21201,3,99999,03103,伊自良川サッカー場,旦島蓼厚（伊自良川緑地）,3,-99,9999
136.758832,35.407673,21201,3,99999,03115,天満テニスコート,加納清水町5（清水緑地内）,3,-99,9999
136.770634,35.440675,21201,3,99999,03115,長良川テニスコート,長良福光多ヶ脇（長良川公園内）,3,-99,9999
136.838504,35.478807,21201,3,99999,03115,溝口テニスコート,溝口河通（溝口公園内）,3,-99,9999
136.724311,35.450877,21201,3,99999,03115,板屋テニスコート,木田5（板屋公園内）,3,-99,9999
136.772014,35.394714,21302,3,99999,03115,厚八テニスコート,みやまち1-91番外1,3,-99,9999
136.74684,35.425846,21201,3,99999,03115,大縄場テニスコート,大縄場3-1,3,-99,9999
136.732698,35.370127,21201,3,99999,03102,柳津運動場,柳津町北塚4-94,3,-99,9999
136.732692,35.370064,21201,3,99999,03103,柳津運動場,柳津町北塚4-94,3,-99,9999
136.725368,35.354693,21201,3,99999,03102,坂巻運動広場,柳津町佐波6397-1,3,-99,9999
136.725362,35.354645,21201,3,99999,03103,坂巻運動広場,柳津町佐波6397-1,3,-99,9999
136.72469,35.353772,21201,3,99999,03138,坂巻運動広場,柳津町佐波6397-1,3,-99,9999
136.708339,35.352962,21201,3,99999,03102,高桑運動広場,柳津町高桑堤外3-102,3,-99,9999
136.708339,35.352916,21201,3,99999,03103,高桑運動広場,柳津町高桑堤外3-102,3,-99,9999
136.694724,35.517569,21201,3,99999,03102,フィールドかけぼら,奥1-37-1,3,-99,9999
136.694718,35.517496,21201,3,99999,03103,フィールドかけぼら,奥1-37-1,3,-99,9999
136.86218,35.385705,21213,3,99999,03103,岐阜県グリーンスタジアム,下切町6-1-4,3,-99,9999
136.883587,35.429679,21213,3,99999,03103,各務原勤労者総合グランド,須衛町2-600,3,-99,9999
136.883587,35.429631,21213,3,99999,03102,各務原勤労者総合グランド,須衛町2-600,3,-99,9999
136.71858,35.364345,21201,3,99999,03109,岐阜市もえぎの里体育館,柳津町下佐波西1-15もえぎの里3階,3,-99,9999
136.718574,35.364292,21201,3,99999,03120,岐阜市もえぎの里体育館,柳津町下佐波西1-15もえぎの里3階,3,-99,9999
136.718574,35.364239,21201,3,99999,03129,岐阜市もえぎの里体育館,柳津町下佐波西1-15もえぎの里3階,3,-99,9999
136.851795,35.366356,21213,3,99999,03102,川島総合スポーツ公園,川島小網町2146-1,3,-99,9999
136.850749,35.365028,21213,3,99999,03103,川島総合スポーツ公園,川島小網町2146-1,3,-99,9999
136.849864,35.365653,21213,3,99999,03106,川島総合スポーツ公園プール,川島小網町2146-1,3,-99,9999
136.668662,35.305544,21209,3,99999,03104,長良川多目的運動場,堀津町須賀地先（長良川左岸）,3,-99,9999
136.788843,35.384098,21302,3,99999,03116,岐南町スポーツセンター,伏屋5-65,3,-99,9999
136.788843,35.38403,21302,3,99999,03138,岐南町スポーツセンター,伏屋5-65,3,-99,9999
136.657204,35.432452,21218,3,99999,03115,真正テニスコート,軽海425,3,-99,9999
136.870587,35.380224,21213,3,99999,03134,各務原リバーサイド２１,前渡西町1079,3,-99,9999
136.788296,35.384187,21302,3,99999,03109,岐南町防災コミュニティーセンター,伏屋5-82,3,-99,9999
136.788293,35.384153,21302,3,99999,03120,岐南町防災コミュニティーセンター,伏屋5-82,3,-99,9999
136.788293,35.384122,21302,3,99999,03111,岐南町防災コミュニティーセンター,伏屋5-82,3,-99,9999
136.788296,35.384093,21302,3,99999,03113,岐南町防災コミュニティーセンター,伏屋5-82,3,-99,9999
136.674267,35.49062,21218,3,99999,03115,本巣テニスコート,文殊148-3,3,-99,9999
136.77815,35.409378,21201,3,99999,03109,岐陽体育館,上川手735-2,3,-99,9999
136.77815,35.409325,21201,3,99999,03113,岐陽体育館,上川手735-2,3,-99,9999
136.778144,35.409272,21201,3,99999,03112,岐陽体育館,上川手735-2,3,-99,9999
136.778138,35.409223,21201,3,99999,03132,岐陽体育館,上川手735-2,3,-99,9999
136.677742,35.282932,21209,3,99999,03127,長良川南部多目的広場,桑原町東方地先（長良川左岸）,3,-99,9999
136.760951,35.374047,21303,3,99999,03109,笠松町民体育館,常盤町6,3,-99,9999
136.760951,35.373998,21303,3,99999,03120,笠松町民体育館,常盤町6,3,-99,9999
136.760951,35.37395,21303,3,99999,03112,笠松町民体育館,常盤町6,3,-99,9999
136.750939,35.347554,21303,3,99999,03102,笠松町緑地公園内運動場,北及字外山,3,-99,9999
136.747224,35.356658,21303,3,99999,03102,笠松町民運動場,長池573-1,3,-99,9999
136.808252,35.375178,21303,3,99999,03102,笠松町民米野運動場,米野堤外,3,-99,9999
136.801861,35.373591,21303,3,99999,03103,笠松町民江川運動場,江川堤外,3,-99,9999
136.80197,35.372104,21303,3,99999,03102,笠松町勤労青少年運動場,無動寺堤外,3,-99,9999
136.742493,35.354855,21303,3,99999,03102,笠松町運動公園内運動場,北及1655-1,3,-99,9999
136.742493,35.354783,21303,3,99999,03103,笠松町運動公園内運動場,北及1655-1,3,-99,9999
136.8034,35.372857,21303,3,99999,03103,笠松町多目的運動場,江川堤外,3,-99,9999
136.670388,35.709515,21218,3,99999,03142,ＮＥＯキャンピングパーク,下大須1428-1,2,-99,9999
136.86719,35.426927,21213,3,99999,03102,各務原市飛鳥球場,蘇原北山町2-81,2,-99,9999
136.847458,35.395561,21213,3,99999,03102,各務原市協定グランド,三井東町2,2,-99,9999
136.841146,35.375212,21213,3,99999,03102,各務原市勤労青少年運動場・向山運動場,上中屋町字村前堤外1861地先（木曽川右岸河川敷),2,-99,9999
136.841211,35.37665,21213,3,99999,03103,各務原市勤労青少年運動場・向山運動場,上中屋町字村前堤外1861地先（木曽川右岸河川敷),2,-99,9999
136.842197,35.377275,21213,3,99999,03122,各務原市勤労青少年運動場・向山運動場,上中屋町字村前堤外1861地先（木曽川右岸河川敷),2,-99,9999
136.845364,35.376588,21213,3,99999,03142,各務原市勤労青少年運動場・向山運動場,上中屋町字村前堤外1861地先（木曽川右岸河川敷),2,-99,9999
136.802908,35.3778,21303,3,99999,03129,笠松町スポーツ交流館,江川116,3,-99,9999
136.749876,35.355276,21303,3,99999,03109,笠松町南体育館,長池642,3,-99,9999
136.724538,35.366705,21201,3,99999,03104,境川緑道公園スポーツ広場,柳津町字堤外,3,-99,9999
136.729862,35.368842,21201,3,99999,03115,境川緑道公園テニスコート,柳津町字堤外,3,-99,9999
136.727551,35.367195,21201,3,99999,03138,境川緑道公園ゲートボール場,柳津町字堤外,3,-99,9999
136.684506,35.385693,21216,3,99999,03103,瑞穂市穂積第２グラウンド,稲里607-1,3,-99,9999
136.696324,35.399034,21216,3,99999,03103,瑞穂市糸貫川グラウンド,生津1252,3,-99,9999
136.696324,35.398965,21216,3,99999,03102,瑞穂市糸貫川グラウンド,生津1252,3,-99,9999
136.674262,35.389674,21216,3,99999,03103,瑞穂市五六川グラウンド,野田新田4320,3,-99,9999
136.674274,35.389616,21216,3,99999,03102,瑞穂市五六川グラウンド,野田新田4320,3,-99,9999
136.650054,35.403329,21216,3,99999,03103,瑞穂市巣南グラウンド,宮田300-2,3,-99,9999
136.661977,35.40965,21216,3,99999,03102,瑞穂市中ふれあい広場,美江寺276,3,-99,9999
136.661168,35.409195,21216,3,99999,03115,瑞穂市中ふれあい広場,美江寺276,3,-99,9999
136.661304,35.409511,21216,3,99999,03138,瑞穂市中ふれあい広場,美江寺276,3,-99,9999
136.661977,35.409563,21216,3,99999,03103,瑞穂市中ふれあい広場,美江寺276,3,-99,9999
136.643823,35.416088,21216,3,99999,03102,瑞穂市西ふれあい広場,居倉175,3,-99,9999
136.655797,35.387402,21216,3,99999,03117,瑞穂市南ふれあい広場,古橋1466,3,-99,9999
136.656118,35.387427,21216,3,99999,03138,瑞穂市南ふれあい広場,古橋1466,3,-99,9999
136.694955,35.406154,21216,3,99999,03102,瑞穂市生津スポーツ広場,生津223-1,3,-99,9999
136.69363,35.406212,21216,3,99999,03115,瑞穂市生津スポーツ広場,生津223-1,3,-99,9999
136.694955,35.406062,21216,3,99999,03104,瑞穂市生津スポーツ広場,生津223-1,3,-99,9999
136.641509,35.393096,21216,3,99999,03102,瑞穂市呂久グラウンド,呂久1092地先,3,-99,9999
136.643988,35.395065,21216,3,99999,03103,瑞穂市鷺田橋グラウンド,呂久77地先,3,-99,9999
136.652128,35.400383,21216,3,99999,03115,瑞穂市巣南テニスコート,古橋27,3,-99,9999
136.796133,35.505325,21215,3,99999,03103,山県市総合運動場,高木1675,3,-99,9999
136.796128,35.505247,21215,3,99999,03102,山県市総合運動場,高木1675,3,-99,9999
136.797316,35.504971,21215,3,99999,03115,山県市総合テニスコート,高木1675,3,-99,9999
136.65772,35.432922,21218,3,99999,03138,真正まくわゲートボール場,下真桑1000,3,-99,9999
136.656473,35.432142,21218,3,99999,03109,真正体育センター,軽海725-1,3,-99,9999
136.665753,35.43253,21218,3,99999,03103,真正グラウンド,軽海181-2,3,-99,9999
136.665753,35.432463,21218,3,99999,03102,真正グラウンド,軽海181-2,3,-99,9999
136.666317,35.432104,21218,3,99999,03138,真正グラウンド,軽海181-2,3,-99,9999
136.641229,35.435668,21218,3,99999,03102,しんせい運動広場,国領173,3,-99,9999
136.641544,35.434487,21218,3,99999,03115,しんせい運動広場,国領173,3,-99,9999
136.641229,35.4356,21218,3,99999,03103,しんせい運動広場,国領173,3,-99,9999
136.641383,35.434806,21218,3,99999,03138,しんせい運動広場,国領173,3,-99,9999
136.626531,35.598051,21218,3,99999,03132,ＮＥＯさわやかセンターたかお,根尾高尾755-1,4,-99,9999
136.626537,35.598013,21218,3,99999,03129,ＮＥＯさわやかセンターたかお,根尾高尾755-1,4,-99,9999
136.626537,35.597974,21218,3,99999,03109,ＮＥＯさわやかセンターたかお,根尾高尾755-1,4,-99,9999
136.671845,35.4775,21218,3,99999,03115,糸貫川テニスコート（本巣市民スポーツプラザ内）,長屋262,3,-99,9999
136.672991,35.476474,21218,3,99999,03106,糸貫川プール（本巣市民スポーツプラザ内）,長屋262,3,-99,9999
136.671558,35.437443,21218,3,99999,03138,真桑みどり公園,上真桑1636-1,3,-99,9999
136.684107,35.458466,21218,3,99999,03103,席田北部公園,郡府51-1,3,-99,9999
136.684113,35.458388,21218,3,99999,03102,席田北部公園,郡府51-1,3,-99,9999
136.758932,35.409271,21201,3,99999,03109,岐阜市体育ルーム,橋本町1-10-23,3,-99,9999
136.758938,35.409203,21201,3,99999,03120,岐阜市体育ルーム,橋本町1-10-23,3,-99,9999
136.758938,35.40915,21201,3,99999,03112,岐阜市体育ルーム,橋本町1-10-23,3,-99,9999
136.758938,35.409087,21201,3,99999,03113,岐阜市体育ルーム,橋本町1-10-23,3,-99,9999
136.753731,35.456301,21201,3,99999,03115,鳥羽川テニスコート,下土居字下野(鳥羽川緑地内),3,-99,9999
136.861205,35.38619,21213,3,99999,03103,各務原市ホッケー場,下切町6-1-4,3,-99,9999
136.825348,35.409517,21213,3,99999,03109,各務原市桜体育館,那加手力町41,3,-99,9999
136.834529,35.515703,21201,3,99999,03142,岐阜市少年自然の家,山県北野2078-1（岐阜ファミリーパーク駐車場を利用）,3,-99,9999
136.675277,35.422933,21218,3,99999,03109,真正スポーツセンター,小柿368-3,3,-99,9999
136.675277,35.42287,21218,3,99999,03129,真正スポーツセンター,小柿368-3,3,-99,9999
136.774546,35.535655,21215,3,99999,03102,大桜グラウンド,大桑2731-1,3,-99,9999
136.774552,35.535587,21215,3,99999,03103,大桜グラウンド,大桑2731-1,3,-99,9999
136.747106,35.516168,21215,3,99999,03102,梅原スポーツランド,梅原2645-1,3,-99,9999
136.747104,35.516104,21215,3,99999,03103,梅原スポーツランド,梅原2645-1,3,-99,9999
136.747607,35.51633,21215,3,99999,03115,梅原スポーツランド,梅原2645-1,3,-99,9999
136.492326,35.365363,21362,3,99999,03102,桃配運動公園,野上1673-11,3,-99,9999
136.494376,35.366216,21362,3,99999,03103,桃配運動公園,野上1673-11,3,-99,9999
136.493223,35.365751,21362,3,99999,03115,桃配運動公園,野上1673-11,3,-99,9999
136.663834,35.327559,21383,3,99999,03103,アンヒルパーク,大野343,3,-99,9999
136.516114,35.364885,21361,3,99999,03102,垂井町朝倉運動公園野球場,宮代1984-4,3,-99,1979
136.66502,35.328127,21383,3,99999,03102,安八町総合運動公園野球場,大野298,3,-99,9999
136.546565,35.310988,21341,3,99999,03112,養老町総合体育館,五日市400,3,-99,9999
136.546568,35.310907,21341,3,99999,03113,養老町総合体育館,五日市400,3,-99,9999
136.546562,35.311043,21341,3,99999,03109,養老町総合体育館,五日市400,3,-99,9999
136.494411,35.336342,21202,3,99999,03109,上石津総合体育館,上石津町牧田1995,3,-99,9999
136.494417,35.336284,21202,3,99999,03120,上石津総合体育館,上石津町牧田1995,3,-99,9999
136.51805,35.362705,21361,3,99999,03109,垂井町朝倉運動公園町民体育館,宮代1984-1,3,-99,9999
136.51805,35.362642,21361,3,99999,03120,垂井町朝倉運動公園町民体育館,宮代1984-1,3,-99,9999
136.665058,35.327186,21383,3,99999,03109,安八町総合体育館,大野343,3,-99,9999
136.665052,35.327133,21383,3,99999,03120,安八町総合体育館,大野343,3,-99,9999
136.665052,35.327094,21383,3,99999,03112,安八町総合体育館,大野343,3,-99,9999
136.665052,35.327056,21383,3,99999,03129,安八町総合体育館,大野343,3,-99,9999
136.665046,35.327002,21383,3,99999,03115,安八町総合体育館,大野343,3,-99,9999
136.470804,35.358678,21362,3,99999,03109,関ヶ原町町民体育館,大字関ヶ原2682-2,3,-99,9999
136.47081,35.35862,21362,3,99999,03120,関ヶ原町町民体育館,大字関ヶ原2682-2,3,-99,9999
136.47081,35.358562,21362,3,99999,03110,関ヶ原町町民体育館,大字関ヶ原2682-2,3,-99,9999
136.609284,35.416515,21381,3,99999,03109,神戸町民体育館,大字神戸1202,3,-99,9999
136.609284,35.416457,21381,3,99999,03120,神戸町民体育館,大字神戸1202,3,-99,9999
136.609284,35.416399,21381,3,99999,03111,神戸町民体育館,大字神戸1202,3,-99,9999
136.609284,35.416346,21381,3,99999,03116,神戸町民体育館,大字神戸1202,3,-99,9999
136.681501,35.358754,21202,3,99999,03109,さくら会館体育ホール,墨俣町大字上宿510-1,3,-99,9999
136.681495,35.358705,21202,3,99999,03120,さくら会館体育ホール,墨俣町大字上宿510-1,3,-99,9999
136.681495,35.358666,21202,3,99999,03116,さくら会館体育ホール,墨俣町大字上宿510-1,3,-99,9999
136.681489,35.358623,21202,3,99999,03129,さくら会館体育ホール,墨俣町大字上宿510-1,3,-99,9999
136.629338,35.47206,21403,3,99999,03109,大野町民体育館,大字黒野2278-1,3,-99,9999
136.629344,35.472007,21403,3,99999,03120,大野町民体育館,大字黒野2278-1,3,-99,9999
136.548784,35.282038,21341,3,99999,03115,養老公園テニスコート,高林1298-1,3,-99,9999
136.471411,35.258109,21202,3,99999,03115,かみいしづ緑の村公園テニスコート,上石津町上多良1-1,3,-99,9999
136.518539,35.363174,21361,3,99999,03115,垂井町朝倉運動公園第１テニスコート,宮代1984-4,3,-99,9999
136.516743,35.366407,21361,3,99999,03115,垂井町朝倉運動公園第２テニスコート,宮代1984-1,3,-99,1988
136.623306,35.424374,21381,3,99999,03115,西座倉テニスコート,大字西座倉151-1,3,-99,9999
136.680106,35.357409,21202,3,99999,03115,墨俣町営テニスコート,墨俣町大字上宿572-1,3,-99,9999
136.642898,35.46428,21403,3,99999,03115,大野町民東庭球場,大字黒野2264-8,3,-99,9999
136.429447,35.539314,21401,3,99999,03115,揖斐高原貝月テニスコート,日坂,3,-99,9999
136.634868,35.257099,21221,3,99999,03102,海津市平田グラウンド,平田町今尾500,3,-99,9999
136.634874,35.257031,21221,3,99999,03103,海津市平田グラウンド,平田町今尾500,3,-99,9999
136.634874,35.256963,21221,3,99999,03101,海津市平田グラウンド,平田町今尾500,3,-99,9999
136.472039,35.283713,21202,3,99999,03102,青少年グラウンド,上石津町上原1360,3,-99,9999
136.494459,35.337386,21202,3,99999,03102,上石津ふれあいグラウンド,上石津町牧田2063,3,-99,9999
136.494459,35.337323,21202,3,99999,03103,上石津ふれあいグラウンド,上石津町牧田2063,3,-99,9999
136.494459,35.337265,21202,3,99999,03138,上石津ふれあいグラウンド,上石津町牧田2063,3,-99,9999
136.515418,35.366346,21361,3,99999,03102,垂井町朝倉運動公園多目的グラウンド,宮代2036-1,3,-99,1993
136.515418,35.366283,21361,3,99999,03103,垂井町朝倉運動公園多目的グラウンド,宮代2036-1,3,-99,1993
136.515424,35.366225,21361,3,99999,03138,垂井町朝倉運動公園多目的グラウンド,宮代2036-1,3,-99,1993
136.51543,35.366166,21361,3,99999,03104,垂井町朝倉運動公園多目的グラウンド,宮代2036-1,3,-99,1993
136.45782,35.365434,21362,3,99999,03102,西田運動公園広場,大字関ヶ原2368-1,3,-99,9999
136.425314,35.344582,21362,3,99999,03102,今須運動広場（今須杉っ子広場）,今須161,3,-99,9999
136.424856,35.344883,21362,3,99999,03138,今須運動広場（今須杉っ子広場）,今須161,3,-99,9999
136.643673,35.463996,21403,3,99999,03102,大野町民東運動場,大字黒野2267-4,3,-99,9999
136.643673,35.463928,21403,3,99999,03103,大野町民東運動場,大字黒野2267-4,3,-99,9999
136.643667,35.46386,21403,3,99999,03104,大野町民東運動場,大字黒野2267-4,3,-99,9999
136.497029,35.562866,21401,3,99999,03102,久瀬山村広場,西津汲1543,4,-99,1981
136.496257,35.562436,21401,3,99999,03115,久瀬山村広場,西津汲1543,4,-99,1981
136.630022,35.468786,21403,3,99999,03112,大野町民武道館,大字黒野925,3,-99,9999
136.554183,35.310665,21341,3,99999,03112,養老町武道館,高田,3,-99,9999
136.554183,35.310607,21341,3,99999,03113,養老町武道館,高田,3,-99,9999
136.647901,35.470731,21403,3,99999,03115,大野町民根尾川庭球場,大字上秋根尾川右岸河川敷,3,-99,9999
136.422145,35.239078,21202,3,99999,03142,時山バンガロー,上石津町時山919,4,-99,9999
136.518097,35.472875,21401,3,99999,03142,オートキャンプ場,瑞岩寺（粕川河川敷）,3,-99,9999
136.543141,35.453214,21404,3,99999,03142,大津谷公園キャンプ場,願成寺地内,3,-99,9999
136.543149,35.453008,21404,3,99999,03144,大津谷公園キャンプ場,願成寺地内,3,-99,9999
136.452056,35.518666,21401,3,99999,03142,長者の里,春日美束1901-125,3,-99,9999
136.453298,35.517031,21401,3,99999,03143,長者の里,春日美束1901-125,3,-99,9999
136.453167,35.517428,21401,3,99999,03115,長者の里,春日美束1901-125,3,-99,9999
136.429245,35.539005,21401,3,99999,03142,揖斐高原貝月リゾート,日坂,3,-99,9999
136.430183,35.538937,21401,3,99999,03143,揖斐高原貝月リゾート,日坂,3,-99,9999
136.413176,35.522087,21401,3,99999,03142,ふれあいの森,坂内坂本2184-9,3,-99,9999
136.641162,35.520238,21401,3,99999,03142,谷汲山大橋キャンプ場,谷汲長瀬外川原1,3,-99,9999
136.431453,35.536258,21401,3,99999,03141,揖斐高原スキー場,日坂1509-15,3,-99,9999
136.476371,35.243043,21202,3,99999,03137,日本昭和音楽村カナディアンカヌー場,上石津町下山2011,4,-99,9999
136.415845,35.4759,21401,3,99999,03141,国見岳スキー場,春日美束字古田4385,4,-99,9999
136.444892,35.252833,21202,3,99999,03134,養老カントリークラブ,上石津町堂ノ上1526-2,4,-99,9999
136.452269,35.273001,21202,3,99999,03134,上石津ゴルフ倶楽部,上石津町三ツ里1016-4,4,-99,9999
136.545227,35.373265,21361,3,99999,03134,ユニチカゴルフィング垂井,2210,4,-99,9999
136.543515,35.513702,21401,3,99999,03134,大垣カントリー倶楽部,北方2975-2,4,-99,1970
136.616868,35.536923,21401,3,99999,03134,谷汲カントリークラブ,谷汲長瀬字乾谷,4,-99,1970
136.557347,35.404675,21202,3,99999,03142,野外活動センター,青墓町982,3,-99,9999
136.557347,35.405154,21202,3,99999,03145,野外活動センター,青墓町982,3,-99,9999
136.557424,35.404432,21202,3,99999,03138,野外活動センター,青墓町982,3,-99,9999
136.622418,35.385395,21202,3,99999,03109,大垣市北部体育館,楽田町8-1-1,3,-99,9999
136.518337,35.362942,21361,3,99999,03129,垂井町朝倉運動公園体育センター,宮代1984-4,4,-99,1979
136.518337,35.362903,21361,3,99999,03113,垂井町朝倉運動公園体育センター,宮代1984-4,4,-99,1979
136.518337,35.362859,21361,3,99999,03120,垂井町朝倉運動公園体育センター,宮代1984-4,4,-99,1979
136.518337,35.362826,21361,3,99999,03111,垂井町朝倉運動公園体育センター,宮代1984-4,4,-99,1979
136.518337,35.362763,21361,3,99999,03110,垂井町朝倉運動公園体育センター,宮代1984-4,4,-99,1979
136.63529,35.25638,21221,3,99999,03109,海津市平田体育館,平田町今尾503,3,-99,9999
136.63529,35.256331,21221,3,99999,03120,海津市平田体育館,平田町今尾503,3,-99,9999
136.63529,35.256283,21221,3,99999,03111,海津市平田体育館,平田町今尾503,3,-99,9999
136.471197,35.259967,21202,3,99999,03142,かみいしづ緑の村バンガロー村,上石津町上多良1-1,4,-99,9999
136.474132,35.341886,21202,3,99999,03134,関ヶ原カントリークラブ,上石津町牧田95-18,4,-99,9999
136.616033,35.360742,21202,3,99999,03109,大垣城ホール,郭町2-52,4,-99,1958
136.616033,35.36067,21202,3,99999,03120,大垣城ホール,郭町2-52,4,-99,1958
136.616033,35.360597,21202,3,99999,03132,大垣城ホール,郭町2-52,4,-99,1958
136.616039,35.360529,21202,3,99999,03116,大垣城ホール,郭町2-52,4,-99,1958
136.605443,35.358688,21202,3,99999,03129,大垣市西公園トレーニング室,日の出町2-69-1,3,-99,9999
136.640908,35.366259,21202,3,99999,03129,大垣市総合体育館トレーニング室,加賀野4-62,3,-99,9999
136.546893,35.467729,21404,3,99999,03115,池田公園,粕ヶ原231,3,-99,9999
136.546596,35.466994,21404,3,99999,03102,池田公園,粕ヶ原231,3,-99,9999
136.555754,35.433249,21404,3,99999,03104,霞間ヶ渓スポーツ公園,山洞367-1,3,-99,9999
136.556657,35.433337,21404,3,99999,03115,霞間ヶ渓スポーツ公園,山洞367-1,3,-99,9999
136.557073,35.433366,21404,3,99999,03138,霞間ヶ渓スポーツ公園,山洞367-1,3,-99,9999
136.554696,35.434386,21404,3,99999,03109,池田町総合体育館,小寺722-1,3,-99,9999
136.554702,35.434318,21404,3,99999,03112,池田町総合体育館,小寺722-1,3,-99,9999
136.554696,35.434251,21404,3,99999,03120,池田町総合体育館,小寺722-1,3,-99,9999
136.554696,35.434188,21404,3,99999,03129,池田町総合体育館,小寺722-1,3,-99,9999
136.550866,35.431971,21404,3,99999,03142,霞間ヶ渓公園キャンプ場,藤代地内,3,-99,9999
136.525099,35.461207,21404,3,99999,03150,池田山ハングライダー発進基地,池田山頂,3,-99,9999
136.592966,35.456003,21404,3,99999,03103,広域グラウンド,杉野地先河川敷,3,-99,9999
136.59296,35.455925,21404,3,99999,03104,広域グラウンド,杉野地先河川敷,3,-99,9999
136.563827,35.495347,21401,3,99999,03106,揖斐川プール,上南方853-49,3,-99,9999
136.636613,35.219381,21221,3,99999,03102,海津市海津グラウンド,海津町高須515,3,-99,9999
136.636616,35.219344,21221,3,99999,03104,海津市海津グラウンド,海津町高須515,3,-99,9999
136.637391,35.219308,21221,3,99999,03115,海津市海津テニスコート,海津町高須515,3,-99,9999
136.471928,35.256018,21202,3,99999,03144,かみいしづ緑の村公園,上石津町上多良1-1,3,-99,9999
136.470478,35.259836,21202,3,99999,03145,かみいしづ緑の村公園,上石津町上多良1-1,3,-99,9999
136.637426,35.219992,21221,3,99999,03111,海津市海津武道館,海津町高須530-3,3,-99,9999
136.637426,35.219924,21221,3,99999,03113,海津市海津武道館,海津町高須530-3,3,-99,9999
136.637228,35.218821,21221,3,99999,03110,海津市海津柔道場,海津町高須536-1,3,-99,9999
136.639939,35.216087,21221,3,99999,03107,海津市市民プール,海津町萱野204-1,3,-99,9999
136.639915,35.216325,21221,3,99999,03105,海津市市民プール,海津町萱野204-1,3,-99,9999
136.636594,35.286447,21382,3,99999,03102,輪之内アポロンスタジアム,中郷新田1470,3,-99,9999
136.438309,35.600101,21401,3,99999,03133,揖斐教習射撃場,坂内広瀬字川尻,0,-99,9999
136.46825,35.258808,21202,3,99999,03138,かみいしづ緑の村公園ウッデイドーム,上石津町上多良1-1,4,-99,9999
136.46825,35.258735,21202,3,99999,03116,かみいしづ緑の村公園ウッデイドーム,上石津町上多良1-1,4,-99,9999
136.516027,35.363717,21361,3,99999,03107,垂井町朝倉運動公園町民プール,宮代2022-1,4,-99,9999
136.515694,35.36395,21361,3,99999,03106,垂井町朝倉運動公園町民プール,宮代2022-1,4,-99,9999
136.596515,35.366991,21202,3,99999,03102,大垣市杭瀬川野球場,木戸町1281,3,-99,9999
136.619774,35.347444,21202,3,99999,03102,大垣市南公園運動場野球場,禾森町6-1468-4,3,-99,9999
136.640455,35.364394,21202,3,99999,03102,大垣市三城公園ソフトホ゛ール場,加賀野5-49-1,3,-99,9999
136.60467,35.3134,21202,3,99999,03102,浅中公園総合グラウンド野球場,浅中2-11-1,3,-99,9999
136.614199,35.372361,21202,3,99999,03102,大垣市北公園野球場,八島町2247,3,-99,9999
136.615583,35.37254,21202,3,99999,03101,大垣市北公園陸上競技場,八島町2247,3,-99,9999
136.605306,35.31531,21202,3,99999,03101,浅中公園総合グラウンド陸上競技場・球技場,浅中2-11-1,3,-99,9999
136.596616,35.339725,21202,3,99999,03102,大垣市杭瀬川スポーツ公園野球場,野口町1654-1（杭瀬川河川敷）,3,-99,9999
136.640022,35.365989,21202,3,99999,03109,大垣市総合体育館（第３体育館）,加賀野4-62,3,-99,1980
136.640028,35.36595,21202,3,99999,03120,大垣市総合体育館（第３体育館）,加賀野4-62,3,-99,1980
136.640028,35.365906,21202,3,99999,03132,大垣市総合体育館（第３体育館）,加賀野4-62,3,-99,1980
136.640082,35.3664,21202,3,99999,03109,大垣市総合体育館（第２体育館）,加賀野4-62,3,-99,1980
136.640076,35.366352,21202,3,99999,03120,大垣市総合体育館（第２体育館）,加賀野4-62,3,-99,1980
136.640076,35.366294,21202,3,99999,03116,大垣市総合体育館（第２体育館）,加賀野4-62,3,-99,1980
136.6409,35.366431,21202,3,99999,03109,大垣市総合体育館（第１体育館）,加賀野4-63,3,-99,1980
136.640912,35.366373,21202,3,99999,03120,大垣市総合体育館（第１体育館）,加賀野4-63,3,-99,1980
136.640912,35.366325,21202,3,99999,03116,大垣市総合体育館（第１体育館）,加賀野4-63,3,-99,1980
136.590751,35.400766,21202,3,99999,03138,大垣市赤坂スポーツ公園屋内ゲートボール場,草道島町40-1,3,-99,9999
136.618936,35.347754,21202,3,99999,03138,大垣市南公園運動場ゲートボール場,禾森町6-1468-4,3,-99,9999
136.594482,35.37307,21202,3,99999,03122,大垣市アーチェリー場,福田町488,3,-99,9999
136.614942,35.373184,21202,3,99999,03118,大垣市北公園相撲場,八島町2247,3,-99,9999
136.626099,35.345346,21202,3,99999,03106,大垣市民プール,新田町1-1,3,-99,9999
136.643138,35.364521,21202,3,99999,03106,大垣市勤労身体障害者等市民プール,中ノ江3-1-3,3,-99,9999
136.605419,35.358465,21202,3,99999,03115,大垣市西公園庭球場,日の出町2-69-1,3,-99,9999
136.59153,35.400756,21202,3,99999,03115,大垣市赤坂スポーツ公園庭球場,草道島町40-1,3,-99,9999
136.641746,35.366241,21202,3,99999,03115,大垣市総合体育館庭球場,加賀野4-62,3,-99,9999
136.618954,35.348777,21202,3,99999,03115,大垣市南公園運動場庭球場,禾森町6-1468-4,3,-99,9999
136.643072,35.363753,21202,3,99999,03115,大垣市三城公園庭球場,中ノ江3-1-3,3,-99,9999
136.6128,35.408484,21381,3,99999,03103,神戸町民グランド,大字瀬古340,3,-99,9999
136.612783,35.408369,21381,3,99999,03102,神戸町民グランド,大字瀬古340,3,-99,9999
136.597745,35.339488,21202,3,99999,03102,大垣市杭瀬川スポーツ公園ソフトボール場,野口町1654-1（杭瀬川河川敷）,3,-99,9999
136.591304,35.40188,21202,3,99999,03104,大垣市赤坂スポーツ公園多目的運動広場,草道島町40-1,3,-99,9999
136.59131,35.401812,21202,3,99999,03102,大垣市赤坂スポーツ公園多目的運動広場,草道島町40-1,3,-99,9999
136.591305,35.401749,21202,3,99999,03103,大垣市赤坂スポーツ公園多目的運動広場,草道島町40-1,3,-99,9999
136.591313,35.401686,21202,3,99999,03138,大垣市赤坂スポーツ公園多目的運動広場,草道島町40-1,3,-99,9999
136.603046,35.31622,21202,3,99999,03104,浅中公園総合グラウンド多目的広場,大外羽4地内,3,-99,9999
136.603046,35.316147,21202,3,99999,03103,浅中公園総合グラウンド多目的広場,大外羽4地内,3,-99,9999
136.597091,35.337565,21202,3,99999,03103,大垣市杭瀬川スポーツ公園サッカー場,野口町1654-1（杭瀬川河川敷),3,-99,9999
136.602572,35.315217,21202,3,99999,03102,浅中公園総合グラウンドソフトボール場,西大外羽4地内,3,-99,9999
136.62025,35.348428,21202,3,99999,03103,大垣市南公園運動場サッカー場,禾森町6-1468-4,3,-99,9999
136.624923,35.335082,21202,3,99999,03119,大垣市武道館,米野町2-1-1,3,-99,1998
136.552758,35.269566,21341,3,99999,03115,養老町グリーンハイツ養老,若宮437-1,3,-99,9999
136.540805,35.28055,21341,3,99999,03142,養老キャンプセンター,養老公園1298,3,-99,9999
136.544641,35.311835,21341,3,99999,03103,養老町スマイルグランド,五日市300,3,-99,9999
136.544641,35.311776,21341,3,99999,03138,養老町スマイルグランド,五日市300,3,-99,9999
136.595455,35.287602,21341,3,99999,03115,養老町営笠郷テニスコート,船附1149-1,3,-99,9999
136.547637,35.311324,21341,3,99999,03115,養老町中央公園野球場,五日市400,3,-99,9999
136.578319,35.2991,21341,3,99999,03105,スポーツプラザ養老,高田2862,4,-99,9999
136.578313,35.299042,21341,3,99999,03129,スポーツプラザ養老,高田2862,4,-99,9999
136.578307,35.298979,21341,3,99999,03132,スポーツプラザ養老,高田2862,4,-99,9999
136.606722,35.519338,21401,3,99999,03109,谷汲スポーツセンター,谷汲名礼141,3,-99,9999
136.606728,35.519188,21401,3,99999,03116,谷汲スポーツセンター,谷汲名礼141,3,-99,9999
136.606722,35.519261,21401,3,99999,03120,谷汲スポーツセンター,谷汲名礼141,3,-99,9999
136.60712,35.518607,21401,3,99999,03102,谷汲総合運動場,谷汲名礼126,3,-99,9999
136.60649,35.518835,21401,3,99999,03115,谷汲総合運動場,谷汲名礼126,3,-99,9999
136.612926,35.521943,21401,3,99999,03106,谷汲プール,谷汲徳積1324-7,3,-99,1983
136.587447,35.531561,21401,3,99999,03142,谷汲緑地公園キャンプ場,谷汲名礼1741-16,4,-99,9999
136.451656,35.290323,21202,3,99999,03134,メナードカントリークラブ西濃コース,上石津町称冝上600,2,-99,9999
136.517023,35.363993,21361,3,99999,03142,垂井町朝倉運動公園自由広場,宮代1984-4,3,-99,9999
136.517029,35.36393,21361,3,99999,03104,垂井町朝倉運動公園自由広場,宮代1984-4,3,-99,9999
136.517493,35.365408,21361,3,99999,03102,垂井町朝倉運動公園スポーツグラウンド,宮代1984-4,3,-99,9999
136.517505,35.36534,21361,3,99999,03103,垂井町朝倉運動公園スポーツグラウンド,宮代1984-4,3,-99,9999
136.564516,35.497354,21401,3,99999,03102,揖斐川健康広場,上南方853-49,4,-99,9999
136.564522,35.497277,21401,3,99999,03103,揖斐川健康広場,上南方853-49,4,-99,9999
136.563738,35.496532,21401,3,99999,03109,揖斐川健康広場,上南方853-49,4,-99,9999
136.563667,35.497049,21401,3,99999,03111,揖斐川健康広場,上南方853-49,4,-99,9999
136.563667,35.497001,21401,3,99999,03113,揖斐川健康広場,上南方853-49,4,-99,9999
136.563673,35.496958,21401,3,99999,03132,揖斐川健康広場,上南方853-49,4,-99,9999
136.666137,35.328048,21383,3,99999,03115,安八町テニスコート,大野324,3,-99,9999
136.65418,35.33503,21383,3,99999,03116,安八町多目的運動場,中須202,4,-99,9999
136.65418,35.334962,21383,3,99999,03138,安八町多目的運動場,中須202,4,-99,9999
136.654174,35.334894,21383,3,99999,03104,安八町多目的運動場,中須202,4,-99,9999
136.624923,35.335019,21202,3,99999,03113,大垣市武道館第１道場,米野町2-1-1,3,-99,9999
136.624923,35.334966,21202,3,99999,03112,大垣市武道館第２道場,米野町2-1-1,3,-99,9999
136.624489,35.334467,21202,3,99999,03121,大垣市武道館第３道場,米野町2-1-1,3,-99,9999
136.624477,35.334389,21202,3,99999,03122,大垣市武道館第３道場,米野町2-1-1,3,-99,9999
136.623545,35.487906,21403,3,99999,03104,大野町運動公園,野860,3,-99,9999
136.622963,35.486179,21403,3,99999,03102,大野町運動公園,野860,3,-99,9999
136.623545,35.487843,21403,3,99999,03103,大野町運動公園,野860,3,-99,9999
136.494949,35.335727,21202,3,99999,03115,上石津庭球場,上石津町牧田1995,3,-99,9999
136.474684,35.358838,21362,3,99999,03106,関ヶ原町民プール,関ヶ原3441-10,3,-99,9999
136.597717,35.22208,21221,3,99999,03109,海津市南濃体育館,南濃町駒野奥条入会99-2,3,-99,9999
136.597717,35.222027,21221,3,99999,03120,海津市南濃体育館,南濃町駒野奥条入会99-2,3,-99,9999
136.597717,35.221969,21221,3,99999,03112,海津市南濃体育館,南濃町駒野奥条入会99-2,3,-99,9999
136.598169,35.222697,21221,3,99999,03102,海津市南濃グラウンド,南濃町駒野奥条入会99-2,3,-99,9999
136.598775,35.222867,21221,3,99999,03115,海津市南濃テニスコート,南濃町駒野奥条入会99-2,3,-99,9999
136.640521,35.156382,21221,3,99999,03103,海津市南濃南部グラウンド,南濃町田鶴706,3,-99,9999
136.640169,35.157,21221,3,99999,03102,海津市南濃南部グラウンド,南濃町田鶴706,3,-99,9999
136.640177,35.156921,21221,3,99999,03104,海津市南濃南部グラウンド,南濃町田鶴706,3,-99,9999
136.640698,35.157569,21221,3,99999,03115,海津市南濃南部テニスコート,南濃町田鶴706,3,-99,9999
136.634708,35.256289,21221,3,99999,03115,海津市平田テニスコート,平田町今尾500,3,-99,9999
136.581897,35.415485,21404,3,99999,03115,池田南部公園,片山218-2,3,-99,9999
136.579057,35.413766,21404,3,99999,03103,池田南部公園,片山218-2,3,-99,9999
136.579063,35.413693,21404,3,99999,03102,池田南部公園,片山218-2,3,-99,9999
136.517154,35.366004,21361,3,99999,03115,垂井町朝倉運動公園第３テニスコート,宮代1984-4,3,-99,9999
136.610541,35.414576,21381,3,99999,03115,下宮テニスコート,大字下宮1841-1,3,-99,9999
136.623104,35.425967,21381,3,99999,03102,西座倉グラウンド,大字西座倉176,3,-99,9999
136.62311,35.425894,21381,3,99999,03103,西座倉グラウンド,大字西座倉176,3,-99,9999
136.615743,35.408395,21381,3,99999,03102,ごうど中央スポーツ公園（多目的グラウンド）,大字瀬古348-1,3,-99,9999
136.613836,35.408524,21381,3,99999,03115,ごうど中央スポーツ公園（テニスコート）,大字瀬古348-1,3,-99,9999
136.939271,35.502376,21205,3,99999,03102,関市民球場,塔ノ洞3885-1,3,-99,9999
136.938379,35.499851,21205,3,99999,03103,中池公園,塔ノ洞3885-1,3,-99,9999
136.936549,35.505816,21205,3,99999,03109,関市中池体育館,塔ノ洞3885-1,3,-99,9999
136.936549,35.505772,21205,3,99999,03120,関市中池体育館,塔ノ洞3885-1,3,-99,9999
136.936543,35.505733,21205,3,99999,03111,関市中池体育館,塔ノ洞3885-1,3,-99,9999
136.936537,35.505685,21205,3,99999,03113,関市中池体育館,塔ノ洞3885-1,3,-99,9999
136.78428,35.722782,21205,3,99999,03109,関市板取体育館,板取2305,3,-99,9999
136.78428,35.722724,21205,3,99999,03120,関市板取体育館,板取2305,3,-99,9999
136.78428,35.722666,21205,3,99999,03111,関市板取体育館,板取2305,3,-99,9999
136.842016,35.536313,21205,3,99999,03109,関市武芸川体育館,武芸川町小知野779-1,3,-99,9999
136.84201,35.536264,21205,3,99999,03120,関市武芸川体育館,武芸川町小知野779-1,3,-99,9999
136.856529,35.880822,21219,3,99999,03109,白鳥体育館,白鳥町白鳥1067-2,3,-99,9999
136.856529,35.880774,21219,3,99999,03120,白鳥体育館,白鳥町白鳥1067-2,3,-99,9999
136.856529,35.880726,21219,3,99999,03110,白鳥体育館,白鳥町白鳥1067-2,3,-99,9999
136.93728,35.50362,21205,3,99999,03115,中池テニスコート,塔ノ洞3885-1,3,-99,9999
136.842371,35.602673,21205,3,99999,03115,関市洞戸テニスコート,洞戸大野840-2,3,-99,9999
136.937357,35.501951,21205,3,99999,03101,中池陸上競技場,塔ノ洞3885-1,3,-99,9999
136.916134,35.556482,21207,3,99999,03115,台山広場,曽代1125-2,3,-99,9999
136.91614,35.556419,21207,3,99999,03103,台山広場,曽代1125-2,3,-99,9999
136.863494,35.581333,21207,3,99999,03104,御手洗グラウンド,御手洗888-3,3,-99,9999
136.783705,35.723717,21205,3,99999,03101,関市板取運動公園,板取2340-21,3,-99,9999
136.783705,35.72366,21205,3,99999,03103,関市板取運動公園,板取2340-21,3,-99,9999
136.98714,35.543461,21205,3,99999,03101,関市下之保グラウンド,下之保3030,3,-99,9999
136.98714,35.543388,21205,3,99999,03103,関市下之保グラウンド,下之保3030,3,-99,9999
136.987146,35.54333,21205,3,99999,03104,関市下之保グラウンド,下之保3030,3,-99,9999
136.935616,35.50569,21205,3,99999,03106,関市中池市民プール,塔ノ洞3885-1,3,-99,9999
136.917904,35.556973,21207,3,99999,03106,美濃市運動公園市民プール,曽代117-14,3,-99,1983
136.92358,35.558204,21207,3,99999,03121,美濃市運動公園弓道場,曽代166-1,3,-99,1985
136.758679,35.748034,21205,3,99999,03142,板取キャンプ場,板取杉原4602-12,4,-99,9999
136.770971,35.746868,21205,3,99999,03142,キャンプランド新板取,板取4551,4,-99,9999
136.772775,35.718493,21205,3,99999,03142,黒谷キャンプ場,板取野口3084,4,-99,9999
136.768476,35.728633,21205,3,99999,03142,板取川温泉オートキャンプ場,板取田口,4,-99,9999
136.92694,35.772358,21219,3,99999,03142,郡上八幡自然園,八幡町島757,4,-99,9999
136.927528,35.771779,21219,3,99999,03106,郡上八幡自然園,八幡町島757,4,-99,9999
136.864993,35.990569,21219,3,99999,03141,ダイナランド,高鷲町西洞3035-2,4,-99,9999
136.804182,35.966851,21219,3,99999,03141,ウィングヒルズ白鳥リゾート,白鳥町石徹白峠山1-1,4,-99,9999
136.920879,35.942705,21219,3,99999,03141,鷲ヶ岳スキー場,高鷲町大鷲3250,4,-99,9999
136.911253,35.939405,21219,3,99999,03134,鷲ヶ岳スキー場,高鷲町大鷲3250,4,-99,9999
136.909161,35.48412,21205,3,99999,03136,関ボウリングセンター,柳町33-2,4,-99,9999
136.994557,35.51895,21205,3,99999,03134,岐阜セントフィールドカントリー倶楽部,神野字宮後3496,4,-99,9999
136.960552,35.537095,21205,3,99999,03134,シーダーヒルズカントリークラブ,西神野1181-1,4,-99,9999
136.915501,35.457803,21205,3,99999,03134,岐阜稲口ゴルフ倶楽部,稲口字砥取洞1189,4,-99,9999
136.933062,35.454868,21205,3,99999,03134,グリーンヒル関ゴルフ倶楽部,小迫間東別所852,4,-99,9999
136.935376,35.954704,21219,3,99999,03141,ホワイトピアたかす,高鷲町鷲見512,4,-99,9999
136.873631,35.480396,21205,3,99999,03115,岐阜県百年公園,小屋名1966,3,-99,9999
136.873717,35.477422,21205,3,99999,03145,岐阜県百年公園,小屋名1966,3,-99,9999
136.870336,35.479871,21205,3,99999,03144,岐阜県百年公園,小屋名1966,3,-99,9999
136.922225,35.558673,21207,3,99999,03109,美濃市体育館,曽代166-1,3,-99,9999
136.922219,35.558615,21207,3,99999,03120,美濃市体育館,曽代166-1,3,-99,9999
136.874939,35.535269,21207,3,99999,03109,大矢田体育館,大矢田975-1,3,-99,9999
136.874939,35.535211,21207,3,99999,03120,大矢田体育館,大矢田975-1,3,-99,9999
136.770168,35.731715,21205,3,99999,03142,ＴＡＣランドいたどり,板取田口3693-3,4,-99,9999
136.770186,35.731579,21205,3,99999,03144,ＴＡＣランドいたどり,板取田口3693-3,4,-99,9999
136.821354,35.610337,21205,3,99999,03142,洞戸キャンピングセンター,洞戸通元寺315,4,-99,9999
136.861075,35.530665,21205,3,99999,03134,ＴＯＳＨＩＮさくらＨｉｌｌｓＧｏｌｆＣｌｕｂ,武芸川町八幡19-1,4,-99,9999
136.891406,35.541288,21207,3,99999,03134,ぎふ美濃ゴルフ倶楽部,横越383-1,4,-99,9999
136.77192,35.967915,21219,3,99999,03141,いとしろシャーロットタウン,白鳥町石徹白82-1-2,4,-99,9999
136.832157,35.922176,21219,3,99999,03115,白山長滝公園,白鳥町長滝104-19,4,-99,9999
136.866288,35.880338,21219,3,99999,03109,郡上市合併記念公園,白鳥町為真2062-1,4,-99,9999
136.86851,35.881609,21219,3,99999,03102,郡上市合併記念公園,白鳥町為真2062-1,4,-99,9999
136.866098,35.881186,21219,3,99999,03115,郡上市合併記念公園,白鳥町為真2062-1,4,-99,9999
136.866597,35.880781,21219,3,99999,03119,郡上市合併記念公園,白鳥町為真2062-1,4,-99,9999
136.966977,35.752081,21219,3,99999,03109,郡上市総合スポーツセンター,八幡町旭1130-1,4,-99,9999
136.966977,35.752014,21219,3,99999,03112,郡上市総合スポーツセンター,八幡町旭1130-1,4,-99,9999
136.966977,35.751956,21219,3,99999,03105,郡上市総合スポーツセンター,八幡町旭1130-1,4,-99,9999
136.966971,35.751898,21219,3,99999,03129,郡上市総合スポーツセンター,八幡町旭1130-1,4,-99,9999
136.966971,35.751831,21219,3,99999,03116,郡上市総合スポーツセンター,八幡町旭1130-1,4,-99,9999
136.915256,35.495977,21205,3,99999,03109,関市総合体育館,若草通2-1,3,-99,9999
136.91525,35.495905,21205,3,99999,03112,関市総合体育館,若草通2-1,3,-99,9999
136.915244,35.495832,21205,3,99999,03116,関市総合体育館,若草通2-1,3,-99,9999
136.915238,35.495765,21205,3,99999,03105,関市総合体育館,若草通2-1,3,-99,9999
136.915232,35.495697,21205,3,99999,03129,関市総合体育館,若草通2-1,3,-99,9999
136.915232,35.495634,21205,3,99999,03120,関市総合体育館,若草通2-1,3,-99,9999
136.875629,35.999195,21219,3,99999,03141,高鷲スノーパーク,高鷲町西洞3086-1,4,-99,9999
136.900757,35.805738,21219,3,99999,03109,やまと総合センター,大和町徳永290,4,-99,9999
136.900757,35.805651,21219,3,99999,03129,やまと総合センター,大和町徳永290,4,-99,9999
136.900757,35.805555,21219,3,99999,03120,やまと総合センター,大和町徳永290,4,-99,9999
136.804445,35.956528,21219,3,99999,03141,スノーウェーブパーク白鳥高原,白鳥町石徹白檜峠,4,-99,9999
136.930114,35.896037,21219,3,99999,03141,しらおスキー場,白鳥町六ノ里,4,-99,9999
136.830338,35.60314,21205,3,99999,03101,関市洞戸運動公園,洞戸小坂351,3,-99,9999
136.832459,35.604488,21205,3,99999,03117,関市洞戸運動公園,洞戸小坂351,3,-99,9999
136.937126,35.504263,21205,3,99999,03103,グリーン・フィールド中池,塔ノ洞3885-1,3,-99,9999
136.939867,35.97571,21219,3,99999,03103,郡上高原スキー場,高鷲町鷲見上野2363-395,4,-99,9999
136.941002,35.975556,21219,3,99999,03141,郡上高原スキー場,高鷲町鷲見上野2363-395,4,-99,9999
136.939392,35.975989,21219,3,99999,03115,郡上高原スキー場,高鷲町鷲見上野2363-395,4,-99,9999
136.98163,35.982583,21203,3,99999,03141,一色国際スキー場,荘川町一色928,4,-99,9999
136.981297,35.985891,21203,3,99999,03142,一色国際スキー場,荘川町一色928,4,-99,9999
136.841677,35.536003,21205,3,99999,03112,関市武芸川体育館武道場,武芸川町小知野779-1,3,-99,9999
136.841677,35.53595,21205,3,99999,03113,関市武芸川体育館武道場,武芸川町小知野779-1,3,-99,9999
136.830832,35.541698,21205,3,99999,03103,関市武芸川西グラウンド,武芸川町谷口1111,3,-99,9999
136.831854,35.541451,21205,3,99999,03102,関市武芸川西グラウンド,武芸川町谷口1111,3,-99,9999
136.830832,35.541645,21205,3,99999,03104,関市武芸川西グラウンド,武芸川町谷口1111,3,-99,9999
136.922736,35.559161,21207,3,99999,03115,美濃市運動公園テニスコート,曽代166-1,3,-99,9999
136.922148,35.556807,21207,3,99999,03102,美濃市運動公園市民球場,曽代166-1,3,-99,9999
136.922124,35.557963,21207,3,99999,03101,美濃市運動公園陸上競技場,曽代166-1,3,-99,9999
136.922118,35.5579,21207,3,99999,03102,美濃市運動公園陸上競技場,曽代166-1,3,-99,9999
136.922112,35.557842,21207,3,99999,03103,美濃市運動公園陸上競技場,曽代166-1,3,-99,9999
136.945935,35.587297,21207,3,99999,03109,洲原体育館,下河和451,3,-99,9999
136.945935,35.587244,21207,3,99999,03120,洲原体育館,下河和451,3,-99,9999
136.872636,35.58347,21207,3,99999,03102,和紙の里スポーツ広場,上野796-1,4,-99,1978
136.87263,35.583402,21207,3,99999,03103,和紙の里スポーツ広場,上野796-1,4,-99,1978
136.874062,35.583156,21207,3,99999,03115,和紙の里スポーツ広場,上野796-1,4,-99,1978
136.788028,35.720436,21205,3,99999,03142,三ツ石オートキャンプ場,板取,4,-99,9999
136.797268,35.711973,21205,3,99999,03115,関市板取テニスコート,板取1678,3,-99,9999
136.841181,35.536426,21205,3,99999,03115,関市武芸川テニスコート,武芸川町小知野679-1,3,-99,9999
136.880916,35.566503,21207,3,99999,03102,下牧グラウンド,神洞948-2,3,-99,9999
136.87722,35.546437,21207,3,99999,03102,大矢田グラウンド,大矢田2253-1,3,-99,9999
136.890638,35.533851,21207,3,99999,03102,藍見グラウンド,横越95-1,3,-99,9999
136.889452,35.51981,21207,3,99999,03102,中有知グラウンド,生櫛1702-1,3,-99,9999
136.878521,35.526566,21207,3,99999,03115,美濃テクノパーク／第１公園テニスコート,楓台8,3,-99,9999
136.987956,35.486959,21502,3,99999,03115,半布ヶ丘公園（テニスコート）,夕田238,4,-99,9999
136.986607,35.486872,21502,3,99999,03102,半布ヶ丘公園（多目的広場）,夕田238,3,-99,9999
136.986619,35.486804,21502,3,99999,03101,半布ヶ丘公園（多目的広場）,夕田238,3,-99,9999
136.985395,35.485459,21502,3,99999,03142,半布ヶ丘公園（半布ヶ丘教育キャンプ場）,夕田238,3,-99,9999
136.986156,35.487917,21502,3,99999,03109,半布ヶ丘公園（富加町Ｂ＆Ｇ海洋センター）,夕田238,3,-99,9999
136.986156,35.487878,21502,3,99999,03113,半布ヶ丘公園（富加町Ｂ＆Ｇ海洋センター）,夕田238,3,-99,9999
136.986156,35.487835,21502,3,99999,03112,半布ヶ丘公園（富加町Ｂ＆Ｇ海洋センター）,夕田238,3,-99,9999
136.986156,35.487796,21502,3,99999,03120,半布ヶ丘公園（富加町Ｂ＆Ｇ海洋センター）,夕田238,3,-99,9999
136.98615,35.487753,21502,3,99999,03129,半布ヶ丘公園（富加町Ｂ＆Ｇ海洋センター）,夕田238,3,-99,9999
136.956155,35.504178,21502,3,99999,03134,富加カントリー倶楽部,大平賀950,4,-99,9999
136.980371,35.440956,21501,3,99999,03107,坂祝町町民ふれあいプール,黒岩109,3,-99,9999
136.980109,35.441285,21501,3,99999,03106,坂祝町町民ふれあいプール,黒岩109,3,-99,9999
136.032187,35.65699,18202,3,03001,03001,西福寺,原13-7,4,-99,9999
136.246177,35.91032,18209,3,03001,03001,越前市越前和紙の里紙の文化博物館,新在家町11-12,3,2,1974
136.362871,35.861609,18382,3,03001,03001,能楽の里能面美術館,志津原17-2,3,-99,1995
136.054746,35.959157,18423,3,03001,03001,雨田光平記念館,織田153-1-3,3,2,2001
136.058348,35.934871,18423,3,03001,03001,福井県陶芸館,小曽原120-61,2,2,1971
136.089031,35.655255,18202,3,03002,03002,中池見・人と自然のふれあいの里,樫曲奥堀切79,3,-99,2000
136.066718,35.651749,18202,3,03002,03002,敦賀郷土博物館,三島町1-3-3（八幡神社境内）,4,-99,1950
136.068766,35.656463,18202,3,03002,03002,敦賀市立博物館（休館中）,相生町7-8,3,-99,1927
136.02162,35.746766,18202,3,03002,03002,日本原子力発電敦賀原子力館,明神町1,4,2,1987
136.081966,35.633991,18202,3,03002,03002,福井原子力センター（原子力の科学館「あっとほうむ」）,吉河37-1,4,2,1976
136.482471,35.985283,18205,3,03002,03002,越前大野城,城町3-109,3,4,1968
136.484477,35.984923,18205,3,03002,03002,大野市民俗資料館,城町2-13,3,1,1968
136.489257,35.980643,18205,3,03002,03002,大野市歴史博物館,天神町2-4,3,1,1986
136.486866,35.985488,18205,3,03002,03002,武家屋敷旧内山家,城町10-7,3,-99,9999
136.19885,35.950141,18207,3,03002,03002,伊藤柏翠俳句記念館,東鯖江4-5-3,4,-99,2000
136.184354,35.953342,18207,3,03002,03002,鯖江市まなべの館,長泉寺町1-9-20,3,-99,1978
136.247053,35.919201,18209,3,03002,03002,越前市今立歴史民俗資料館,定友町21-3-1,3,1,1983
136.168305,35.901744,18209,3,03002,03002,越前市武生公会堂記念館,蓬莱町8-8,3,6,1929
136.235961,35.886047,18209,3,03002,03002,万葉館（越前市越前の里味真野苑資料館）,余川町55-1,3,-99,2004
136.185152,35.843382,18404,3,03002,03002,南条ふるさと資料館,脇本17-38-1,3,-99,1922
136.054746,35.959157,18423,3,03002,03002,越前町織田文化歴史館,織田第153-1-8,3,-99,2001
136.120844,35.970769,18423,3,03002,03002,越前町朝日郷土資料館,朝日22-10-2,3,-99,9999
136.055394,35.957821,18423,3,03002,03002,劒神社宝物殿,織田金栄山,4,1,1969
136.359671,35.999957,18201,3,03003,03003,福井市立美山図書館,美山町2-12,3,-99,1997
136.0701,35.644242,18202,3,03003,03003,敦賀市立図書館,東洋町2-1,3,-99,9999
136.489182,35.980677,18205,3,03003,03003,大野市図書館,天神町2-4,3,2,1985
136.184409,35.953925,18207,3,03003,03003,鯖江市図書館,水落町2-25-28,3,-99,9999
136.247292,35.919209,18209,3,03003,03003,越前市今立図書館,定友町21-3-1,3,-99,9999
136.168163,35.904182,18209,3,03003,03003,武生市立図書館,幸町8-27,3,-99,9999
136.156998,35.895932,18209,3,03003,03003,武生市立図書館分館らいぶはうすラク,高瀬町1-14-7,3,-99,9999
136.344756,35.894963,18382,3,03003,03003,池田町立図書館,薮田5-1,3,-99,9999
136.068091,35.826064,18404,3,03003,03003,南越前町立河野図書館,河野2-29-1,3,-99,9999
136.200329,35.77356,18404,3,03003,03003,南越前町立今庄図書館,今庄74-14,3,-99,9999
136.200412,35.832719,18404,3,03003,03003,南越前町立南条図書館,牧谷29-15-1,3,-99,9999
136.054746,35.959157,18423,3,03003,03003,越前町立図書館織田分館,織田153-1-8,3,-99,9999
136.136726,35.97706,18423,3,03003,03003,越前町立図書館,西田中2-210,3,-99,9999
136.073566,35.942391,18423,3,03003,03003,越前町立図書館宮崎分館,江波50-80-1,3,-99,9999
136.118749,35.968811,18423,3,03005,03005,越前町立福井総合植物園（プラントピア朝日）,朝日17-3-1,3,-99,1994
136.159053,35.899074,18209,3,99999,03003,越前市中央図書館,高瀬2-7-24,3,-99,9999
136.211364,35.891454,18209,3,99999,03003,仁愛大学附属図書館,大手町3-1-1,4,-99,9999
136.363818,35.998473,18201,3,99999,03109,美山トレーニングセンター,境寺町2-7,4,2,9999
136.363818,35.998406,18201,3,99999,03120,美山トレーニングセンター,境寺町2-7,4,2,9999
136.362968,35.998501,18201,3,99999,03105,美山Ｂ＆Ｇ海洋センター,美山町9-30,3,-99,9999
136.363536,35.997689,18201,3,99999,03102,美山中学校,美山町9-14,3,-99,9999
136.189737,35.993618,18201,3,99999,03102,江尻グラウンド,下江尻町12-9,3,-99,9999
136.032614,35.642424,18202,3,99999,03109,総合運動公園,沓見149-1,3,-99,9999
136.033671,35.640478,18202,3,99999,03101,総合運動公園,沓見149-1,3,-99,9999
136.032051,35.641212,18202,3,99999,03104,総合運動公園,沓見149-1,3,-99,9999
136.03127,35.639416,18202,3,99999,03102,総合運動公園,沓見149-1,3,-99,9999
136.03454,35.644461,18202,3,99999,03115,総合運動公園,沓見149-1,3,-99,9999
136.032543,35.6433,18202,3,99999,03138,総合運動公園,沓見149-1,3,-99,9999
136.034521,35.639447,18202,3,99999,03121,総合運動公園,沓見149-1,3,-99,9999
136.033157,35.644071,18202,3,99999,03105,総合運動公園,沓見149-1,3,-99,9999
136.032608,35.642309,18202,3,99999,03129,総合運動公園,沓見149-1,3,-99,9999
136.503568,35.971701,18205,3,99999,03109,大野市エキサイト広場総合体育施設,桜塚町601,3,-99,9999
136.503556,35.971937,18205,3,99999,03121,大野市エキサイト広場総合体育施設,桜塚町601,3,-99,9999
136.503562,35.971773,18205,3,99999,03111,大野市エキサイト広場総合体育施設,桜塚町601,3,-99,9999
136.503574,35.971614,18205,3,99999,03133,大野市エキサイト広場総合体育施設,桜塚町601,3,-99,9999
136.503574,35.971538,18205,3,99999,03110,大野市エキサイト広場総合体育施設,桜塚町601,3,-99,9999
136.50358,35.971456,18205,3,99999,03119,大野市エキサイト広場総合体育施設,桜塚町601,3,-99,9999
136.503562,35.971855,18205,3,99999,03129,大野市エキサイト広場総合体育施設,桜塚町601,3,-99,9999
136.496896,35.964307,18205,3,99999,03101,ふれあい公園多目的広場,篠座70-46,3,-99,9999
136.4956,35.963268,18205,3,99999,03116,ふれあい公園多目的広場,篠座70-46,3,-99,9999
136.498476,35.963759,18205,3,99999,03138,ふれあい公園多目的広場,篠座70-46,3,-99,9999
136.496777,35.966606,18205,3,99999,03104,ふれあい公園多目的広場,篠座70-46,3,-99,9999
136.516496,35.988334,18205,3,99999,03102,真名川憩いの島,中保（真名川河川敷）,3,-99,9999
136.515455,35.990699,18205,3,99999,03103,真名川憩いの島,中保（真名川河川敷）,3,-99,9999
136.51547,35.990434,18205,3,99999,03138,真名川憩いの島,中保（真名川河川敷）,3,-99,9999
136.515056,35.991749,18205,3,99999,03104,真名川憩いの島,中保（真名川河川敷）,3,-99,9999
136.50242,35.972296,18205,3,99999,03115,大野市明治公園テニス場,桜塚町604,3,-99,9999
136.485464,35.988335,18205,3,99999,03138,大野市ゲートボール場,城町3-61,3,-99,9999
136.523645,35.949213,18205,3,99999,03109,大野市Ｂ＆Ｇ海洋センター,稲郷43-17-1,3,-99,9999
136.523247,35.94929,18205,3,99999,03105,大野市Ｂ＆Ｇ海洋センター,稲郷43-17-1,3,-99,9999
136.670512,35.906603,18205,3,99999,03104,大野市和泉グラウンド,川合9-9,3,-99,9999
136.607531,35.883096,18205,3,99999,03109,大野市和泉体育館,上大納38-16,3,-99,9999
136.494232,35.975618,18205,3,99999,03109,有終南小学校,春日2-8-30,3,-99,9999
136.494155,35.975056,18205,3,99999,03104,有終南小学校,春日2-8-30,3,-99,9999
136.505155,35.984489,18205,3,99999,03109,有終東小学校,美里町901,3,-99,9999
136.505803,35.983965,18205,3,99999,03104,有終東小学校,美里町901,3,-99,9999
136.490528,35.961707,18205,3,99999,03109,小山小学校,下舌9-1-1,3,-99,9999
136.49076,35.961159,18205,3,99999,03104,小山小学校,下舌9-1-1,3,-99,9999
136.467425,35.995712,18205,3,99999,03109,乾側小学校,牛ヶ原66-1,3,-99,9999
136.467864,35.996145,18205,3,99999,03104,乾側小学校,牛ヶ原66-1,3,-99,9999
136.489366,35.993272,18205,3,99999,03109,下庄小学校,中野町2-1-1,3,-99,9999
136.490026,35.993118,18205,3,99999,03104,下庄小学校,中野町2-1-1,3,-99,9999
136.523663,35.951413,18205,3,99999,03109,上庄小学校,稲郷27-11,3,-99,9999
136.524002,35.950864,18205,3,99999,03104,上庄小学校,稲郷27-11,3,-99,9999
136.573323,35.984896,18205,3,99999,03109,阪谷小学校,伏石11-14,3,-99,9999
136.573965,35.983987,18205,3,99999,03104,阪谷小学校,伏石11-14,3,-99,9999
136.538028,35.99081,18205,3,99999,03109,富田小学校,上野42-3,3,-99,9999
136.538658,35.991132,18205,3,99999,03104,富田小学校,上野42-3,3,-99,9999
136.48531,35.976565,18205,3,99999,03109,開成中学校,新庄16-7,3,-99,9999
136.484704,35.975983,18205,3,99999,03104,開成中学校,新庄16-7,3,-99,9999
136.497399,35.99333,18205,3,99999,03109,陽明中学校,陽明町3-202,3,-99,9999
136.497881,35.994085,18205,3,99999,03104,陽明中学校,陽明町3-202,3,-99,9999
136.518765,35.94635,18205,3,99999,03109,上庄中学校,稲郷74-25,3,-99,9999
136.518123,35.945729,18205,3,99999,03104,上庄中学校,稲郷74-25,3,-99,9999
136.54402,35.989927,18205,3,99999,03109,尚徳中学校,土打45-9,3,-99,9999
136.542724,35.990643,18205,3,99999,03104,尚徳中学校,土打45-9,3,-99,9999
136.197667,35.944288,18207,3,99999,03109,総合体育館,東鯖江3-6-10,4,-99,9999
136.197667,35.944206,18207,3,99999,03120,総合体育館,東鯖江3-6-10,4,-99,9999
136.197662,35.944119,18207,3,99999,03131,総合体育館,東鯖江3-6-10,4,-99,9999
136.197667,35.944042,18207,3,99999,03129,総合体育館,東鯖江3-6-10,4,-99,9999
136.172593,35.983833,18207,3,99999,03109,立待体育館,杉本町513,3,-99,9999
136.206577,35.962936,18207,3,99999,03109,ことぶき体育館,舟枝町4-23-1,3,-99,9999
136.157202,35.963025,18207,3,99999,03109,吉川農村環境改善センター,大倉町5-14-1,3,-99,9999
136.186827,35.960125,18207,3,99999,03109,勤労者体育センター,水落町2-24-33,3,-99,9999
136.17396,35.983307,18207,3,99999,03109,立待公民館講堂,杉本町702-2,3,-99,9999
136.277862,35.956561,18207,3,99999,03109,河和田体育館,西袋町第68-48-1,3,-99,9999
136.208646,35.956253,18207,3,99999,03129,中河トレーニングセンター,中野町203-8,3,-99,9999
136.230566,35.973625,18207,3,99999,03109,片上体育館,大野町第6-8-1,3,-99,9999
136.152179,35.94605,18207,3,99999,03109,豊農村環境改善センター,下野田町26-8-1,3,-99,9999
136.237775,35.951466,18207,3,99999,03109,北中山体育館,落井町40-34,3,-99,9999
136.200698,35.942074,18207,3,99999,03109,新横江体育館,横越町1-43-2,3,-99,9999
136.174297,35.968687,18207,3,99999,03109,神明健康スポーツセンター,北野町第16-7,3,-99,1990
136.184012,35.9309,18207,3,99999,03109,スポーツ交流館,宮前2-9-1,3,-99,9999
136.184,35.930832,18207,3,99999,03129,スポーツ交流館,宮前2-9-1,3,-99,9999
136.159487,35.991159,18207,3,99999,03116,鯖江広域西番スポーツセンター,西番町第15-27,3,-99,9999
136.159624,35.990433,18207,3,99999,03115,鯖江広域西番スポーツセンター,西番町第15-27,3,-99,9999
136.180322,35.973487,18207,3,99999,03110,三六武道館,三六町2-2-40,3,-99,9999
136.180322,35.973449,18207,3,99999,03111,三六武道館,三六町2-2-40,3,-99,9999
136.173545,35.982812,18207,3,99999,03121,市営弓道場,杉本町619,3,-99,9999
136.199028,35.94511,18207,3,99999,03101,東公園陸上競技場,東鯖江3-6-10,4,-99,9999
136.198482,35.94397,18207,3,99999,03138,東公園ゲートボール場,東鯖江3-6-10,4,-99,9999
136.185604,35.961905,18207,3,99999,03138,ゲートボールセンター,水落町2-25-10,4,-99,9999
136.197834,35.94575,18207,3,99999,03106,市民プール,東鯖江3-6-10,4,-99,9999
136.181274,35.96001,18207,3,99999,03102,西山公園野球場,水落町1,4,-99,9999
136.177271,35.943357,18207,3,99999,03102,南公園グラウンド,有定町1,4,-99,9999
136.189058,35.977093,18207,3,99999,03102,御幸公園グラウンド,御幸町4,4,-99,9999
136.165591,35.970669,18207,3,99999,03102,西公園グラウンド,石田上町,4,-99,9999
136.179082,35.984224,18207,3,99999,03102,丸山公園多目的広場,丸山町4,4,-99,9999
136.179094,35.984147,18207,3,99999,03103,丸山公園多目的広場,丸山町4,4,-99,9999
136.278712,35.958224,18207,3,99999,03102,中山公園グラウンド,西袋町第60,3,-99,9999
136.188073,35.976096,18207,3,99999,03115,神中公園テニスコート,神中町3,4,-99,9999
136.279318,35.957076,18207,3,99999,03115,中山公園テニスコート,西袋町68-36,3,-99,9999
136.281317,35.945246,18207,3,99999,03141,莇生田スキー場,莇生田町,3,-99,9999
136.311197,35.965108,18207,3,99999,03142,尾花キャンプ場,尾花町,3,-99,9999
136.15569,35.899146,18209,3,99999,03109,越前市武生中央公園体育館,高瀬2-8-23,4,-99,1968
136.15569,35.899213,18209,3,99999,03120,越前市武生中央公園体育館,高瀬2-8-23,4,-99,1968
136.156431,35.900961,18209,3,99999,03110,越前市武道館,中央1-8-15,4,-99,1979
136.156428,35.900911,18209,3,99999,03111,越前市武道館,中央1-8-15,4,-99,1979
136.156442,35.896521,18209,3,99999,03129,越前市高瀬トレーニングセンター,高瀬1-9-7,4,-99,9999
136.080893,35.920463,18209,3,99999,03142,越前市みどりと自然の村,安養寺町,4,-99,9999
136.079443,35.921873,18209,3,99999,03115,越前市みどりと自然の村,安養寺町,4,-99,9999
136.078902,35.922917,18209,3,99999,03138,越前市みどりと自然の村,安養寺町,4,-99,9999
136.080227,35.922792,18209,3,99999,03146,越前市みどりと自然の村,安養寺町,4,-99,9999
136.080073,35.921392,18209,3,99999,03127,越前市みどりと自然の村,安養寺町,4,-99,9999
136.251215,35.926121,18209,3,99999,03115,越前市今立テニスコート,山室町第5-1,3,-99,9999
136.240674,35.909874,18209,3,99999,03109,越前市今立体育センター,岩本町第1-9,3,-99,1983
136.246442,35.919296,18209,3,99999,03109,越前市今立ふれあいプラザ,粟田部町9-1-9,3,-99,1971
136.244313,35.919802,18209,3,99999,03109,越前市粟田部体育館,粟田部町中央1-501,3,-99,1974
136.141522,35.907896,18209,3,99999,03109,大虫体育館,丹生郷町13-20-1,3,-99,9999
136.188188,35.889618,18209,3,99999,03109,北日野体育館,矢放町21-11,3,-99,9999
136.211061,35.91259,18209,3,99999,03109,北新庄体育館,北町54-25,3,-99,9999
136.24965,35.92541,18209,3,99999,03104,今立中央公園多目的広場,野岡町,3,-99,9999
136.35143,35.91861,18382,3,99999,03116,池田町高齢者等活動促進広場,野尻15-7,3,-99,9999
136.227352,35.808473,18404,3,99999,03116,杣山スポーツセンター・杣山テニス場,中小屋,4,-99,9999
136.227352,35.808377,18404,3,99999,03115,杣山スポーツセンター・杣山テニス場,中小屋,4,-99,9999
136.211474,35.836953,18404,3,99999,03102,南条農村総合運動公園,牧谷123-6-1,4,-99,9999
136.20054,35.83377,18404,3,99999,03109,南条勤労者体育センター,鋳物師45-14-6,4,-99,9999
136.20134,35.832625,18404,3,99999,03105,ウォーターランド南条,牧谷29-8,4,-99,9999
136.192881,35.817881,18404,3,99999,03109,南条活性化施設ホノケ,上別所23-15-1,4,-99,9999
136.192895,35.81773,18404,3,99999,03103,南条活性化施設ホノケ,上別所23-15-1,4,-99,9999
136.267202,35.792174,18404,3,99999,03142,リトリートたくら,古木59-52,4,-99,9999
136.200933,35.772871,18404,3,99999,03144,ふれあい会館今庄サイクリングターミナル,今庄85-2-18,4,-99,9999
136.148836,35.722228,18404,3,99999,03141,今庄３６５スキー場,板取85-36,4,-99,9999
136.265772,35.794242,18404,3,99999,03109,スポーツパーク４７６,古木50-55,4,-99,9999
136.267495,35.793904,18404,3,99999,03102,スポーツパーク４７６,古木50-55,4,-99,9999
136.266342,35.794213,18404,3,99999,03115,スポーツパーク４７６,古木50-55,4,-99,9999
136.200925,35.772975,18404,3,99999,03115,今庄テニスコート,今庄85-2-18,3,-99,9999
136.20294,35.749925,18404,3,99999,03109,堺地区体育館,大門9-5-1,3,-99,9999
136.202449,35.749511,18404,3,99999,03102,山村広場,大門8-1-1,4,-99,9999
136.098928,35.820284,18404,3,99999,03142,キャンプ場めだかの学校,赤萩55-12,4,-99,9999
136.099498,35.819409,18404,3,99999,03102,桜橋総合運動公園,赤萩38-1,3,-99,9999
136.099826,35.818357,18404,3,99999,03109,桜橋体育館,赤萩38-1,3,-99,9999
136.057071,35.833941,18404,3,99999,03108,南越前ダイビングパーク,甲楽城15-28,4,-99,9999
136.137005,35.970261,18423,3,99999,03104,越前町生涯学習センター町営球技場,上川去11-1-1,3,-99,9999
136.136244,35.968968,18423,3,99999,03102,越前町生涯学習センター町営球技場,上川去11-1-1,3,-99,9999
136.13606,35.970194,18423,3,99999,03103,越前町生涯学習センター町営球技場,上川去11-1-1,3,-99,9999
136.187615,35.978828,18501,3,99999,03109,鳥羽小学校,三田26-3-1,3,-99,9999
136.1873,35.978391,18501,3,99999,03104,鳥羽小学校,三田26-3-1,3,-99,9999
136.188649,35.979766,18501,3,99999,03106,鳥羽小学校,三田26-3-1,3,-99,9999
