X,Y,P27_001,P27_002,P27_003,P27_004,P27_005,P27_006,P27_007,P27_008,P27_009
130.196983,32.018538,46206,3,03002,03002,阿久根市立郷土資料館,高松町2,3,3,1985
130.343464,32.098207,46208,3,03002,03002,出水市ツル博物館クレインパークいずみ,文化町1000,3,2,1995
130.304589,32.06169,46208,3,03002,03002,出水市高尾野郷土館・古城画伯コレクション館,高尾野町大久保158-5,3,2,1973
130.360411,32.081641,46208,3,03002,03002,出水市立歴史民俗資料館,本町3-14,3,-99,1985
130.608699,32.061885,46224,3,03002,03002,大口市歴史民俗鉄道記念資料館,里2845-2,3,4,1992
130.112813,32.1626,46404,3,03002,03002,長島町歴史民俗資料館,指江1560,3,-99,1982
130.185431,32.198622,46404,3,03002,03002,日本マンダリンセンター,鷹巣3786-14,3,5,1993
130.196983,32.018538,46206,3,03003,03003,阿久根市立図書館,高松町2,3,3,9999
130.303672,32.06158,46208,3,03003,03003,出水市立高尾野図書館,高尾野町大久保20,3,-99,9999
130.360411,32.081641,46208,3,03003,03003,出水市立中央図書館,本町3-14,3,-99,9999
130.265809,32.058104,46208,3,03003,03003,出水市立野田図書館,野田町上名6094-1,3,-99,9999
130.608964,32.061706,46224,3,03003,03003,伊佐市立大口図書館,大口里2845-2,3,-99,9999
130.112676,32.163286,46404,3,03003,03003,長島町立指江図書館,指江1545,3,-99,1987
130.177425,32.199249,46404,3,03003,03003,長島町立鷹巣図書館,鷹巣1877-3,3,-99,9999
130.640978,32.013132,46224,3,03003,03003,伊佐市立菱刈図書館,菱刈前目2019-1,3,-99,9999
130.211652,32.034437,46206,3,99999,03101,総合運動公園,赤瀬川,3,-99,9999
130.217083,32.034578,46206,3,99999,03104,総合運動公園,赤瀬川,3,-99,9999
130.21706,32.034729,46206,3,99999,03103,総合運動公園,赤瀬川,3,-99,9999
130.213607,32.033979,46206,3,99999,03102,総合運動公園,赤瀬川,3,-99,9999
130.217095,32.034437,46206,3,99999,03138,総合運動公園,赤瀬川,3,-99,9999
130.216032,32.034885,46206,3,99999,03105,総合運動公園,赤瀬川,3,-99,9999
130.21517,32.034366,46206,3,99999,03121,総合運動公園,赤瀬川,3,-99,9999
130.214665,32.034079,46206,3,99999,03109,総合運動公園,赤瀬川,3,-99,9999
130.214671,32.034004,46206,3,99999,03120,総合運動公園,赤瀬川,3,-99,9999
130.214665,32.03414,46206,3,99999,03129,総合運動公園,赤瀬川,3,-99,9999
130.213685,32.034991,46206,3,99999,03115,総合運動公園,赤瀬川,3,-99,9999
130.210131,32.034422,46206,3,99999,03112,総合運動公園,赤瀬川,3,-99,9999
130.188049,32.004258,46206,3,99999,03104,番所丘公園,西目6812-439,3,-99,9999
130.189059,32.002767,46206,3,99999,03126,番所丘公園,西目6812-439,3,-99,9999
130.355336,32.144325,46208,3,99999,03106,出水市海洋公園プール,境町912,3,-99,9999
130.314696,32.042004,46208,3,99999,03142,高野山公園,高尾野町大久保地内,4,-99,9999
130.345341,32.089754,46208,3,99999,03109,出水市総合体育館,文化町22,3,-99,9999
130.345347,32.089716,46208,3,99999,03120,出水市総合体育館,文化町22,3,-99,9999
130.34655,32.08661,46208,3,99999,03115,出水市庭球場,中央町40,3,-99,9999
130.344871,32.0867,46208,3,99999,03121,出水市弓道場,中央町29,3,-99,9999
130.348845,32.052723,46208,3,99999,03115,出水市小原山庭球場,武本1044,3,-99,9999
130.348586,32.086053,46208,3,99999,03102,出水市野球場,中央町32,3,-99,9999
130.346319,32.087335,46208,3,99999,03104,出水市多目的広場,中央町,3,-99,9999
130.346324,32.087264,46208,3,99999,03102,出水市多目的広場,中央町,3,-99,9999
130.344635,32.086086,46208,3,99999,03138,出水市出水屋内ゲートボール場,中央町198,3,-99,9999
130.344635,32.086121,46208,3,99999,03116,出水市出水屋内ゲートボール場,中央町198,3,-99,9999
130.441886,32.072896,46208,3,99999,03129,大川内農業者トレーニングセンター,上大川内807-1,4,-99,9999
130.34377,32.088843,46208,3,99999,03101,出水市陸上競技場,文化町24,3,-99,9999
130.344954,32.087255,46208,3,99999,03112,出水市総合武道館,中央町29,3,-99,9999
130.345728,32.0905,46208,3,99999,03105,出水市市民プール,文化町13,3,-99,9999
130.345297,32.090339,46208,3,99999,03106,出水市市民プール,文化町13,3,-99,9999
130.348055,32.05449,46208,3,99999,03109,出水市小原山体育館,武本1044,3,-99,9999
130.303991,32.061526,46208,3,99999,03109,高尾野体育館,高尾野町大久保158-1,3,-99,9999
130.303997,32.06145,46208,3,99999,03120,高尾野体育館,高尾野町大久保158-1,3,-99,9999
130.302894,32.061878,46208,3,99999,03112,高尾野武道館,高尾野町大久保15-1,3,-99,9999
130.3029,32.061807,46208,3,99999,03121,高尾野武道館,高尾野町大久保15-1,3,-99,9999
130.314545,32.060762,46208,3,99999,03102,高尾野工業団地運動場,高尾野町大久保3816-6,3,-99,9999
130.313927,32.061577,46208,3,99999,03115,高尾野工業団地運動場,高尾野町大久保3816-6,3,-99,9999
130.313085,32.06333,46208,3,99999,03146,高尾野川ジョギングロード,高尾野町大久保,3,-99,9999
130.253138,32.096186,46208,3,99999,03109,江内体育館,高尾野町江内3302-2,4,-99,9999
130.299111,32.08721,46208,3,99999,03109,下水流農業者トレーニングセンター,高尾野町下水流3164-15,3,-99,9999
130.299123,32.087139,46208,3,99999,03120,下水流農業者トレーニングセンター,高尾野町下水流3164-15,3,-99,9999
130.304489,32.072266,46208,3,99999,03104,高尾野多目的運動場,高尾野町柴引899-1,3,-99,9999
130.304507,32.072104,46208,3,99999,03102,高尾野多目的運動場,高尾野町柴引899-1,3,-99,9999
130.304507,32.071938,46208,3,99999,03103,高尾野多目的運動場,高尾野町柴引899-1,3,-99,9999
130.255599,32.091501,46208,3,99999,03102,江内運動広場,高尾野町江内2342-34,4,-99,9999
130.255599,32.091418,46208,3,99999,03103,江内運動広場,高尾野町江内2342-34,4,-99,9999
130.311778,32.063825,46208,3,99999,03116,高尾野きらめきドーム,高尾野町大久保628,3,-99,9999
130.311778,32.063865,46208,3,99999,03138,高尾野きらめきドーム,高尾野町大久保628,3,-99,9999
130.302157,32.074721,46208,3,99999,03102,高尾野運動場,高尾野町上水流2082,3,-99,9999
130.303506003814,32.0732457261603,46208,3,99999,03103,高尾野運動場,高尾野町上水流2082,3,-99,9999
130.282187,32.061747,46208,3,99999,03102,高尾野西部地区農村公園,高尾野町下高尾野1154-1,3,-99,9999
130.264289,32.059239,46208,3,99999,03109,野田体育館,野田町上名6164,3,-99,9999
130.264289,32.059201,46208,3,99999,03120,野田体育館,野田町上名6164,3,-99,9999
130.262976,32.057777,46208,3,99999,03112,野田武道館,野田町上名6180-1,3,-99,9999
130.262996,32.057434,46208,3,99999,03121,野田弓道場,野田町上名6197-1,3,-99,9999
130.334416,32.063245,46208,3,99999,03104,西出水運動公園,大野原町2040,3,-99,9999
130.349056,32.117995,46208,3,99999,03104,米ノ津運動公園,米ノ津町,3,-99,9999
130.3615,32.063429,46208,3,99999,03104,出水運動公園,武本,3,-99,9999
130.599375,32.056969,46224,3,99999,03101,伊佐市大口地区体育施設,大口鳥巣336-1,3,-99,9999
130.599381,32.056894,46224,3,99999,03103,伊佐市大口地区体育施設,大口鳥巣336-1,3,-99,9999
130.598163,32.056244,46224,3,99999,03109,伊佐市大口地区体育施設,大口鳥巣336-1,3,-99,9999
130.598157,32.056178,46224,3,99999,03120,伊佐市大口地区体育施設,大口鳥巣336-1,3,-99,9999
130.598169,32.056103,46224,3,99999,03112,伊佐市大口地区体育施設,大口鳥巣336-1,3,-99,9999
130.597314,32.055373,46224,3,99999,03102,伊佐市大口地区体育施設,大口鳥巣336-1,3,-99,9999
130.598698,32.055614,46224,3,99999,03115,伊佐市大口地区体育施設,大口鳥巣336-1,3,-99,9999
130.596618,32.054703,46224,3,99999,03106,伊佐市大口地区体育施設,大口鳥巣336-1,3,-99,9999
130.634095,32.008461,46224,3,99999,03121,伊佐市菱刈地区体育施設,菱刈前目251-1,3,-99,9999
130.634897,32.007901,46224,3,99999,03138,伊佐市菱刈地区体育施設,菱刈前目251-1,3,-99,9999
130.634338,32.008783,46224,3,99999,03129,伊佐市菱刈地区体育施設,菱刈前目251-1,3,-99,9999
130.634475,32.007387,46224,3,99999,03102,伊佐市菱刈地区体育施設,菱刈前目251-1,3,-99,9999
130.634475,32.007312,46224,3,99999,03103,伊佐市菱刈地区体育施設,菱刈前目251-1,3,-99,9999
130.603058,32.107526,46224,3,99999,03142,十曽青少年旅行村,大口小木原688,3,-99,9999
130.689237,32.039769,46224,3,99999,03142,楠本川渓流自然公園,菱刈田中1413-9,3,-99,9999
130.110956,32.163157,46404,3,99999,03109,長島町Ｂ＆Ｇ海洋センター,指江1546-3,3,-99,9999
130.110962,32.163119,46404,3,99999,03120,長島町Ｂ＆Ｇ海洋センター,指江1546-3,3,-99,9999
130.110959,32.163079,46404,3,99999,03112,長島町Ｂ＆Ｇ海洋センター,指江1546-3,3,-99,9999
130.110947,32.163036,46404,3,99999,03105,長島町Ｂ＆Ｇ海洋センター,指江1546-3,3,-99,9999
130.109461,32.187967,46404,3,99999,03137,長島町Ｂ＆Ｇ海洋センター艇庫,蔵之元3867-3,3,-99,9999
130.179903,32.198215,46404,3,99999,03109,長島町多目的ホール,鷹巣3653,3,-99,9999
130.179903,32.198054,46404,3,99999,03112,長島町多目的ホール,鷹巣3653,3,-99,9999
130.179594,32.198577,46404,3,99999,03121,長島町多目的ホール,鷹巣3653,3,-99,9999
130.179903,32.19814,46404,3,99999,03120,長島町多目的ホール,鷹巣3653,3,-99,9999
130.185214,32.199215,46404,3,99999,03138,総合交流ターミナル,鷹巣3783-1,3,-99,9999
130.185179,32.199345,46404,3,99999,03116,総合交流ターミナル,鷹巣3783-1,3,-99,9999
130.739711,32.017067,46452,3,99999,03104,吉松運動公園,川西,3,-99,9999
130.739723,32.017019,46452,3,99999,03102,吉松運動公園,川西,3,-99,9999
130.74557,32.014943,46452,3,99999,03109,吉松体育館,中津川607,3,-99,9999
130.826811,32.052175,45209,3,03002,03002,えびの市歴史民俗資料館,大字大明司2146-2,3,-99,1994
130.826811,32.052175,45209,3,03003,03003,えびの市民図書館,大字大明司2146-2,3,-99,9999
130.769364,32.048947,45209,3,99999,03121,誠心館,向江487,3,-99,9999
130.7749,32.084678,45209,3,99999,03142,矢岳高原ベルトンオートキャンプ場,大字西川北1377-2,4,-99,9999
130.975235,32.026011,45205,3,99999,03109,永久津地区体育館,北西方4076,3,-99,9999
130.906834,32.01359,45205,3,99999,03109,西小林地区体育館,南西方6212-イ-3,3,-99,9999
130.990778,32.002635,45205,3,99999,03109,真方地区体育館,真方4906-1,3,-99,9999
130.966806,32.001355,45205,3,99999,03102,緑ヶ丘公園市営野球場,細野509-4,3,-99,9999
130.967976,32.001224,45205,3,99999,03115,緑ヶ丘公園市営テニスコート,細野509-4,3,-99,9999
130.953744,32.00056,45205,3,99999,03101,小林市総合運動公園,南西方2085,3,-99,9999
130.94918,32.002576,45205,3,99999,03104,小林市総合運動公園,南西方2085,3,-99,9999
130.952341,32.001719,45205,3,99999,03102,小林市総合運動公園,南西方2085,3,-99,9999
130.953803,32.000812,45205,3,99999,03103,小林市総合運動公園,南西方2085,3,-99,9999
130.955277,32.00057,45205,3,99999,03105,小林市総合運動公園,南西方2085,3,-99,9999
130.955538,32.000258,45205,3,99999,03106,小林市総合運動公園,南西方2085,3,-99,9999
130.955348,32.000207,45205,3,99999,03107,小林市総合運動公園,南西方2085,3,-99,9999
130.908609,32.025012,45205,3,99999,03104,入佐地区農村運動広場,北西方2425-1,3,-99,9999
130.906597,32.014119,45205,3,99999,03104,西小林地区小運動公園,南西方6212-2,3,-99,9999
130.969776,32.001243,45205,3,99999,03110,緑ヶ丘集会所,真方1033,3,-99,9999
130.96961,32.001243,45205,3,99999,03111,緑ヶ丘集会所,真方1033,3,-99,9999
130.971244,32.022851,45205,3,99999,03109,永久津小学校体育館,北西方4440-1,3,-99,9999
130.912715,32.008283,45205,3,99999,03109,西小林小学校体育館,南西方6068-1,3,-99,9999
130.964644,32.002208,45205,3,99999,03109,小林中学校体育館,細野565,3,-99,9999
130.965649,32.02116,45205,3,99999,03109,永久津中学校体育館,北西方4585,3,-99,9999
130.912619,32.010558,45205,3,99999,03109,西小林中学校体育館,南西方6149,3,-99,9999
130.780118,32.044185,45209,3,99999,03104,王子原運動公園,大字島内字王子原2044,3,-99,9999
130.780438,32.045424,45209,3,99999,03102,王子原運動公園,大字島内字王子原2044,3,-99,9999
130.806807,32.053658,45209,3,99999,03103,永山運動公園,大字永山785,3,-99,9999
130.806212,32.052732,45209,3,99999,03115,永山運動公園,大字永山785,3,-99,9999
130.80506,32.054504,45209,3,99999,03138,永山運動公園,大字永山785,3,-99,9999
130.869363,32.028773,45209,3,99999,03102,神社原運動公園,大字原田2000,3,-99,9999
130.870041,32.028319,45209,3,99999,03138,神社原運動公園,大字原田2000,3,-99,9999
130.868695,32.044736,45209,3,99999,03109,えびの市民体育館,大字原田3056,3,-99,9999
130.843566,32.028811,45209,3,99999,03109,上江地区体育館,大字上江1758-1,3,-99,9999
130.843518,32.028675,45209,3,99999,03116,上江地区体育館,大字上江1758-1,3,-99,9999
130.809247,32.045713,45209,3,99999,03109,加久藤地区体育館,大字栗下1168-13,3,-99,9999
130.760964,32.043974,45209,3,99999,03109,真幸地区体育館,大字向江1188-10,3,-99,9999
130.760917,32.043812,45209,3,99999,03116,真幸地区体育館,大字向江1188-10,3,-99,9999
130.872738,32.033717,45209,3,99999,03109,飯野駅前地区体育館,大字原田2176,3,-99,9999
130.872773,32.033626,45209,3,99999,03116,飯野駅前地区体育館,大字原田2176,3,-99,9999
130.872892,32.033637,45209,3,99999,03121,飯野駅前地区体育館,大字原田2176,3,-99,9999
130.7749,32.084678,45209,3,99999,03142,矢岳高原ベルトンオートキャンプ場,西川北1377-2,3,-99,9999
130.702275,32.806964,43101,3,03001,03001,熊本県立美術館,二の丸2,2,3,1976
130.756443,32.83001,43105,3,03001,03001,熊本国際民藝館,龍田1-5-2,4,2,1965
130.711194,32.803337,43101,3,03001,03001,熊本市現代美術館,上通町2-3,3,-99,2002
130.686067,32.809728,43103,3,03001,03001,島田美術館,島崎4-5-28,4,2,1982
130.66914,32.646941,43213,3,03001,03001,宇城市不知火美術館,不知火町高良2352,3,1,1999
130.981136,32.280687,43506,3,03001,03001,湯前まんが美術館,1834-1,3,2,1992
130.716915,32.808752,43101,3,03002,03002,吉田司家宝物館,北千反畑町3-20,4,-99,9999
130.69926,32.808625,43101,3,03002,03002,熊本市立熊本博物館,古京町3-2,3,2,1977
130.698689,32.782148,43101,3,03002,03002,新聞博物館,世安町172,4,5,1987
130.732325,32.815134,43101,3,03002,03002,神風連資料館,黒髪5-7-60（桜山神社境内）,4,-99,1978
130.720826,32.803309,43101,3,03002,03002,徳富記念園,大江4-10-33,3,3,1970
130.686756,32.817434,43103,3,03002,03002,本妙寺宝物館,花園4-13-20,4,1,1979
130.596668,32.509269,43202,3,03002,03002,松井文庫驥斎,北の丸町3-15,4,-99,1984
130.71781,32.550185,43202,3,03002,03002,東陽石匠館,東陽町北98-2,3,-99,1994
130.596599,32.508345,43202,3,03002,03002,八代市立博物館未来の森ミュージアム,西松江城町12-35,3,4,1991
130.463977,32.984678,43204,3,03002,03002,荒尾総合文化センター子ども科学館,荒尾4186-19,3,4,1986
130.374337,32.204276,43205,3,03002,03002,熊本県環境センター,明神町55-1,2,2,1993
130.561252,32.93405,43206,3,03002,03002,玉名市立歴史博物館こころピア,岩崎117,3,1,1994
130.66985,32.993632,43208,3,03002,03002,熊本県立装飾古墳館,鹿央町岩原3085,2,1,1992
130.816028,32.987779,43210,3,03002,03002,菊池神社歴史館,隈府1257,4,2,1970
130.427497,32.527406,43212,3,03002,03002,天草パールマリア館,松島町合津6225-8,4,-99,1967
130.164222,32.330364,43215,3,03002,03002,天草市新和歴史民俗資料館,新和町小宮地8918-2,3,-99,9999
130.183659,32.459562,43215,3,03002,03002,天草市立天草切支丹館,船之尾町19-52,3,3,1966
130.198641,32.460811,43215,3,03002,03002,本渡歴史民俗資料館,今釜新町3706,3,2,1981
130.791066,32.886448,43216,3,03002,03002,合志市合志歴史資料館,福原2922,3,3,1995
130.745138,32.891119,43216,3,03002,03002,合志市西合志郷土資料館,御代志1661-271,3,-99,1995
130.737616,32.692115,43104,3,03002,03002,城南町歴史民俗資料館,大字塚原1924,3,-99,1983
130.597415,32.970642,43369,3,03002,03002,和水町歴史資料館,江田302,3,1,1978
130.597463,32.972093,43369,3,03002,03002,和水町歴史民俗資料館,大字江田302,3,-99,9999
130.652,32.911383,43105,3,03002,03002,植木町田原坂資料館,植木町豊岡862（田原坂公園内）,3,-99,1983
130.801245,32.714585,43441,3,03002,03002,御船町恐竜博物館,大字御船995-3,3,-99,1998
130.735291,32.786155,43101,3,03003,03003,熊本県立図書館,出水2-5-1,2,-99,9999
130.725069,32.798507,43101,3,03003,03003,熊本市立図書館,大江6-1-74,3,-99,9999
130.633215,32.535836,43202,3,03003,03003,八代市立図書館せんちょう分館,千丁町新牟田1428-2,3,-99,9999
130.648336,32.561909,43202,3,03003,03003,八代市立図書館かがみ分館,鏡町内田468-1,3,-99,9999
130.597578,32.509432,43202,3,03003,03003,八代市立図書館,北の丸町2-35,3,-99,9999
130.739723,32.216729,43203,3,03003,03003,人吉市図書館,下城本町1578-1,3,-99,9999
130.436231,32.97316,43204,3,03003,03003,荒尾市立図書館,増永633,3,-99,9999
130.403168,32.212876,43205,3,03003,03003,水俣市立図書館,浜町2-10-26,3,-99,9999
130.554632,32.878122,43206,3,03003,03003,玉名市横島図書館,横島町横島3810,3,-99,2003
130.558916,32.928435,43206,3,03003,03003,玉名市民図書館,繁根木88-1,3,-99,1981
130.512885,32.915566,43206,3,03003,03003,玉名市岱明図書館,岱明町中土984,3,-99,1972
130.777135,32.922545,43210,3,03003,03003,菊池市立泗水図書館,泗水町福本305-1,3,-99,9999
130.657465,32.685883,43211,3,03003,03003,宇土市立図書館,浦田町131-1,3,-99,9999
130.430932,32.515885,43212,3,03003,03003,上天草市立中央図書館,松島町合津4276-23,3,-99,9999
130.427756,32.58687,43212,3,03003,03003,上天草市立大矢野森記念図書館,大矢野町上1539,3,-99,9999
130.407999,32.440182,43212,3,03003,03003,上天草市立姫戸図書館,姫戸町姫浦2502-3,3,-99,9999
130.389805,32.393748,43212,3,03003,03003,上天草市立龍ケ岳図書館,龍ヶ岳町高戸1412,3,-99,9999
130.470925,32.613112,43213,3,03003,03003,宇城市立三角図書館,三角町波多219-1,3,-99,2008
130.704489,32.593032,43213,3,03003,03003,宇城市立小川図書館,小川町江頭80,3,-99,1999
130.67859,32.651806,43213,3,03003,03003,宇城市立松橋図書館,松橋町松橋564,3,-99,9999
130.66914,32.646941,43213,3,03003,03003,宇城市立中央図書館（不知火図書館）,不知火町高良2352,3,-99,1999
130.753147,32.640391,43213,3,03003,03003,宇城市立豊野図書館,豊野町糸石3824,3,-99,2005
130.079211,32.318377,43215,3,03003,03003,天草市立河浦図書館,河浦町白木河内175-13,3,-99,2013
130.025229,32.195834,43215,3,03003,03003,天草市立牛深図書館,牛深町160,3,-99,9999
130.338898,32.341286,43215,3,03003,03003,天草市立御所浦図書館,御所浦町御所浦3525-2,3,-99,1983
130.200369,32.451495,43215,3,03003,03003,天草市立中央図書館,東町13-1,3,-99,9999
130.791066,32.886448,43216,3,03003,03003,合志市合志図書館,福原2922,3,-99,9999
130.769004,32.869167,43216,3,03003,03003,合志市泉ヶ丘市民センター図書館,幾久富1947-7,3,-99,9999
130.74493,32.890801,43216,3,03003,03003,合志市西合志図書館,御代志1661-265,3,-99,9999
130.72888,32.708969,43104,3,03003,03003,城南町立隈牟田文庫,大字宮地1050,3,-99,9999
130.678092,32.716072,43104,3,03003,03003,富合町立図書館,大字清藤400,3,-99,9999
130.451562,32.929471,43368,3,03003,03003,長洲町図書館,大字長洲2760,3,-99,9999
130.694461,32.903761,43105,3,03003,03003,熊本市立植木図書館,植木町岩野238-1,3,-99,9999
130.871037,32.878439,43403,3,03003,03003,大津町立おおづ図書館,大津1171,3,-99,9999
130.808979,32.866904,43404,3,03003,03003,菊陽町図書館,大字原水1438-1,3,-99,9999
130.801466,32.714966,43441,3,03003,03003,御船町立図書館,大字木倉1168,3,-99,9999
130.991374,32.685658,43447,3,03003,03003,山都町立図書館,城原169-1,3,-99,9999
130.681958,32.554485,43468,3,03003,03003,氷川町八火図書館,宮原栄久52-1,3,-99,9999
130.504344,32.302947,43482,3,03003,03003,芦北町立図書館,大字佐敷206-1,3,-99,9999
130.840078,32.201238,43501,3,03003,03003,錦町図書館,大字一武1587-1,3,-99,9999
130.873002,32.244314,43514,3,03003,03003,あさぎり町深田校区公民館図書館,深田西955-1,3,-99,9999
130.900338,32.266563,43514,3,03003,03003,あさぎり町須恵文化ホール図書館,須恵1227,3,-99,9999
130.703704,32.80839,43101,3,03005,03005,監物台樹木園森林博物館,二の丸4-1,1,-99,9999
130.750387,32.774877,43102,3,03005,03005,熊本市動植物園,健軍5-14-2,3,-99,1969
130.82291,32.786353,43443,3,99999,03003,益城町図書館,大字木山236,3,-99,9999
130.767319,32.808798,43102,3,99999,03003,熊本県点字図書館,長嶺南2-3-2,4,-99,1970
130.995301,32.891444,43433,3,99999,03003,東海大学附属図書館阿蘇図書館,河陽,4,-99,9999
130.691004,32.79032,43103,3,99999,03003,くまもと森都心プラザ図書館,春日1-14-1,3,-99,9999
130.743581,32.812082,43102,3,99999,03003,東海大学附属図書館熊本図書館,渡鹿9-11,4,-99,9999
130.761513,32.857779,43105,3,99999,03003,尚絅大学図書館分館,楡木6-5-1,4,-99,9999
130.717488,32.7972099419264,43101,3,99999,03003,尚絅大学図書館本館,九品寺2-6-78,4,-99,9999
130.721411,32.795042,43101,3,99999,03003,熊本大学附属図書館薬学部分館,大江本町5-1,0,-99,9999
130.71208,32.794444,43101,3,99999,03003,熊本大学附属図書館医学系分館,本荘1-1-1,0,-99,9999
130.697823,32.853186,43105,3,99999,03003,熊本保健科学大学附属図書館,和泉町325,4,-99,9999
130.722909,32.820327,43101,3,99999,03003,九州ルーテル学院大学図書館,黒髪3-12-16,4,-99,9999
130.695755116037,32.8315909351175,43103,3,99999,03003,崇城大学図書館,池田4-22-1,4,-99,9999
130.765011,32.805032,43102,3,99999,03003,熊本県立大学学術情報メディアセンター図書館,月出3-1-100,0,-99,9999
130.727843,32.814981,43101,3,99999,03003,熊本大学附属図書館中央館,黒髪2-40-1,0,-99,9999
130.730048,32.804536,43101,3,99999,03003,熊本学園大学付属図書館,大江2-5-1,4,-99,9999
130.553451,32.946273,43206,3,99999,03003,九州看護福祉大学附属図書館,富尾888,4,-99,9999
130.735291,32.786227,43101,3,99999,03002,熊本近代文学館,出水2-5-1,2,-99,1985
130.706896,32.807597,43101,3,99999,03001,熊本県伝統工芸館,千葉城町3-35,2,2,1982
130.732109,32.666566,43104,3,99999,03115,くまもと城南温泉スポーツ文化センター,城南町藤山1715,4,-99,9999
130.800089,32.836789,43102,3,99999,03101,熊本県民総合運動公園,石原2-9-1,4,-99,9999
130.797187,32.843122,43102,3,99999,03104,熊本県民総合運動公園,石原2-9-1,4,-99,9999
130.794106,32.843873,43102,3,99999,03102,熊本県民総合運動公園,石原2-9-1,4,-99,9999
130.796029,32.841811,43102,3,99999,03103,熊本県民総合運動公園,石原2-9-1,4,-99,9999
130.791842,32.841976,43102,3,99999,03115,熊本県民総合運動公園,石原2-9-1,4,-99,9999
130.785447,32.843322,43102,3,99999,03118,熊本県民総合運動公園,石原2-9-1,4,-99,9999
130.790172,32.841267,43102,3,99999,03121,熊本県民総合運動公園,石原2-9-1,4,-99,9999
130.789828,32.841335,43102,3,99999,03122,熊本県民総合運動公園,石原2-9-1,4,-99,9999
130.802401,32.839769,43102,3,99999,03116,パークドーム熊本（屋内運動広場）,平山町2972,4,-99,9999
130.802407,32.839645,43102,3,99999,03129,パークドーム熊本（屋内運動広場）,平山町2972,4,-99,9999
130.802407,32.839515,43102,3,99999,03105,パークドーム熊本（屋内運動広場）,平山町2972,4,-99,9999
130.802407,32.839395,43102,3,99999,03104,パークドーム熊本（屋内運動広場）,平山町2972,4,-99,9999
130.802407,32.839285,43102,3,99999,03102,パークドーム熊本（屋内運動広場）,平山町2972,4,-99,9999
130.802407,32.839161,43102,3,99999,03103,パークドーム熊本（屋内運動広場）,平山町2972,4,-99,9999
130.802413,32.839051,43102,3,99999,03138,パークドーム熊本（屋内運動広場）,平山町2972,4,-99,9999
130.802407,32.838916,43102,3,99999,03132,パークドーム熊本（屋内運動広場）,平山町2972,4,-99,9999
130.78915,32.843234,43102,3,99999,03109,熊本県民総合運動公園体育館,石原2-9-1,4,-99,9999
130.701613,32.814508,43103,3,99999,03109,熊本県立総合体育館,上熊本1-9-28,2,-99,9999
130.701607,32.814423,43103,3,99999,03120,熊本県立総合体育館,上熊本1-9-28,2,-99,9999
130.701529812262,32.8142231371937,43103,3,99999,03116,熊本県立総合体育館,上熊本1-9-28,2,-99,9999
130.701529812262,32.8141331371937,43103,3,99999,03129,熊本県立総合体育館,上熊本1-9-28,2,-99,9999
130.701529812262,32.8140631371937,43103,3,99999,03131,熊本県立総合体育館,上熊本1-9-28,2,-99,9999
130.701529812262,32.8139781371937,43103,3,99999,03130,熊本県立総合体育館,上熊本1-9-28,2,-99,9999
130.701535812262,32.8139091371937,43103,3,99999,03105,熊本県立総合体育館,上熊本1-9-28,2,-99,9999
130.55472,32.533066,43202,3,99999,03101,熊本県営八代運動公園,新港町4-1,0,-99,9999
130.555552,32.534399,43202,3,99999,03104,熊本県営八代運動公園,新港町4-1,0,-99,9999
130.556289,32.532555,43202,3,99999,03102,熊本県営八代運動公園,新港町4-1,0,-99,9999
130.558035,32.533848,43202,3,99999,03117,熊本県営八代運動公園,新港町4-1,0,-99,9999
130.738952,32.793136,43101,3,99999,03112,熊本武道館,水前寺5-23-2,4,-99,9999
130.806978,32.866513,43404,3,99999,03104,菊陽杉並木公園”さんさん”スポーツ広場,原水5326,4,-99,9999
130.546178,32.945011,43206,3,99999,03115,蛇ケ谷公園,立願寺1598-1,3,-99,9999
130.732065,32.89293,43216,3,99999,03120,ユーパレス弁天,野々島2441-1,4,-99,9999
130.732071,32.89281,43216,3,99999,03129,ユーパレス弁天,野々島2441-1,4,-99,9999
130.732077,32.892705,43216,3,99999,03105,ユーパレス弁天,野々島2441-1,4,-99,9999
130.512584,32.916911,43206,3,99999,03109,玉名市岱明ふれあい健康センター,岱明町中土,4,-99,9999
130.51259,32.916836,43206,3,99999,03120,玉名市岱明ふれあい健康センター,岱明町中土,4,-99,9999
130.512578,32.916766,43206,3,99999,03129,玉名市岱明ふれあい健康センター,岱明町中土,4,-99,9999
130.464594,32.981096,43204,3,99999,03101,荒尾運動公園,荒尾4051,3,-99,9999
130.459852,32.983688,43204,3,99999,03104,荒尾運動公園,荒尾4051,3,-99,9999
130.461837,32.984216,43204,3,99999,03102,荒尾運動公園,荒尾4051,3,-99,9999
130.460007,32.982521,43204,3,99999,03103,荒尾運動公園,荒尾4051,3,-99,9999
130.46179,32.982451,43204,3,99999,03115,荒尾運動公園,荒尾4051,3,-99,9999
130.463204187738,32.9805070313064,43204,3,99999,03106,荒尾運動公園,荒尾4051,3,-99,9999
130.460735,32.983329,43204,3,99999,03121,荒尾運動公園,荒尾4051,3,-99,9999
130.465485,32.980717,43204,3,99999,03138,荒尾運動公園,荒尾4051,3,-99,9999
130.458990767925,32.9824958106862,43204,3,99999,03109,荒尾市民体育館,荒尾4051,3,-99,9999
130.462562,32.982461,43204,3,99999,03109,荒尾市体育センター,荒尾4051,3,-99,9999
130.822607,32.987297,43210,3,99999,03109,菊池市総合体育館,亘538-2,3,-99,9999
130.822607,32.987223,43210,3,99999,03112,菊池市総合体育館,亘538-2,3,-99,9999
130.822601,32.987143,43210,3,99999,03120,菊池市総合体育館,亘538-2,3,-99,9999
130.822601,32.987053,43210,3,99999,03129,菊池市総合体育館,亘538-2,3,-99,9999
130.759089,32.964573,43210,3,99999,03103,七城運動公園,七城町弧入442-1,3,-99,9999
130.759951,32.965311,43210,3,99999,03138,七城運動公園,七城町弧入442-1,3,-99,9999
130.567768,32.92204,43206,3,99999,03109,玉名市桃田運動公園,大倉1144,3,-99,9999
130.567768,32.92193,43206,3,99999,03129,玉名市桃田運動公園,大倉1144,3,-99,9999
130.568362,32.918947,43206,3,99999,03101,玉名市桃田運動公園,大倉1144,3,-99,9999
130.568356224971,32.9187923724443,43206,3,99999,03104,玉名市桃田運動公園,大倉1144,3,-99,9999
130.569788,32.919566,43206,3,99999,03102,玉名市桃田運動公園,大倉1144,3,-99,9999
130.569371955664,32.9174613135847,43206,3,99999,03106,玉名市桃田運動公園,大倉1144,3,-99,9999
130.556181580187,32.8770500787762,43206,3,99999,03129,横島総合保健福祉センター”ゆとりーむ”,横島町横島3923,4,-99,9999
130.556181580187,32.8769780787762,43206,3,99999,03105,横島総合保健福祉センター”ゆとりーむ”,横島町横島3923,4,-99,9999
130.747178361794,32.9623671495769,43210,3,99999,03106,リバーサイドパーク,七城町林原962-1,4,-99,9999
130.74714556486,32.9626010146112,43210,3,99999,03107,リバーサイドパーク,七城町林原962-1,4,-99,9999
130.821746,32.786255,43443,3,99999,03109,益城町総合体育館,木山236,3,-99,9999
130.821752,32.78618,43443,3,99999,03110,益城町総合体育館,木山236,3,-99,9999
130.821746,32.78611,43443,3,99999,03111,益城町総合体育館,木山236,3,-99,9999
130.821746,32.786045,43443,3,99999,03120,益城町総合体育館,木山236,3,-99,9999
130.82174,32.78597,43443,3,99999,03129,益城町総合体育館,木山236,3,-99,9999
130.823684,32.757645,43443,3,99999,03133,熊本県総合射撃場,砥川日平3586,2,-99,9999
130.68411,32.646934,43213,3,99999,03109,宇城市松橋総合体育文化センター（ウイングまつばせ）,松橋町大野85,3,-99,9999
130.68411,32.646874,43213,3,99999,03120,宇城市松橋総合体育文化センター（ウイングまつばせ）,松橋町大野85,3,-99,9999
130.684116,32.646814,43213,3,99999,03116,宇城市松橋総合体育文化センター（ウイングまつばせ）,松橋町大野85,3,-99,9999
130.684116,32.646754,43213,3,99999,03129,宇城市松橋総合体育文化センター（ウイングまつばせ）,松橋町大野85,3,-99,9999
130.694336,32.677064,43211,3,99999,03109,宇土市スポーツセンター,花園町523-1,3,-99,9999
130.694333,32.677019,43211,3,99999,03120,宇土市スポーツセンター,花園町523-1,3,-99,9999
130.69663,32.676722,43211,3,99999,03104,宇土市スポーツセンター,花園町523-1,3,-99,9999
130.696627,32.676607,43211,3,99999,03102,宇土市スポーツセンター,花園町523-1,3,-99,9999
130.694808,32.676714,43211,3,99999,03115,宇土市スポーツセンター,花園町523-1,3,-99,9999
130.697123,32.677302,43211,3,99999,03138,宇土市スポーツセンター,花園町523-1,3,-99,9999
130.695435,32.676169,43211,3,99999,03142,宇土市スポーツセンター,花園町523-1,3,-99,9999
130.379805,32.20056,43205,3,99999,03101,エコパーク水俣（街のゾーン）,汐見町1,4,-99,9999
130.378694,32.201136,43205,3,99999,03104,エコパーク水俣（街のゾーン）,汐見町1,4,-99,9999
130.381053,32.200339,43205,3,99999,03115,エコパーク水俣（街のゾーン）,汐見町1,4,-99,9999
130.375337,32.201536,43205,3,99999,03102,エコパーク水俣（海のゾーン）,汐見町1,4,-99,9999
130.375337,32.201274,43205,3,99999,03103,エコパーク水俣（海のゾーン）,汐見町1,4,-99,9999
130.934408,32.219603,43514,3,99999,03103,あさぎり町森園カントリーパーク,岡原南2236-13,4,-99,9999
130.936013,32.219874,43514,3,99999,03138,あさぎり町森園カントリーパーク,岡原南2236-13,4,-99,9999
130.674025,32.583542,43468,3,99999,03109,竜翔センター,島地651,4,-99,9999
130.674028,32.583507,43468,3,99999,03129,竜翔センター,島地651,4,-99,9999
130.07989746415,32.4487632555852,43531,3,99999,03109,木場地区交流施設,都呂々6118-2,4,-99,9999
130.079042,32.448944,43531,3,99999,03104,木場地区交流施設,都呂々6118-2,4,-99,9999
130.199757,32.45206,43215,3,99999,03110,天草市民センター,東町3,4,-99,9999
130.199751,32.451985,43215,3,99999,03111,天草市民センター,東町3,4,-99,9999
130.199763,32.451914,43215,3,99999,03121,天草市民センター,東町3,4,-99,9999
130.431165,32.516141,43212,3,99999,03109,松島総合センター「アロマ」メインアリーナ棟,松島町合津4276-23,4,-99,9999
130.431159,32.516076,43212,3,99999,03129,松島総合センター「アロマ」メインアリーナ棟,松島町合津4276-23,4,-99,9999
130.430434,32.515933,43212,3,99999,03109,松島総合センター「アロマ」サブアリーナ棟,松島町合津4276-23,4,-99,9999
130.430434,32.515853,43212,3,99999,03110,松島総合センター「アロマ」サブアリーナ棟,松島町合津4276-23,4,-99,9999
130.430434,32.515773,43212,3,99999,03120,松島総合センター「アロマ」サブアリーナ棟,松島町合津4276-23,4,-99,9999
130.430559,32.514848,43212,3,99999,03101,松島総合運動公園,松島町合津4276-23,4,-99,9999
130.433744,32.514808,43212,3,99999,03102,松島総合運動公園,松島町合津4276-23,4,-99,9999
130.358437,32.35155,43215,3,99999,03102,嵐口漁民グラウンド,御所浦町御所浦2894-3,3,-99,9999
130.423235,32.572618,43212,3,99999,03104,大矢野町総合スポーツ公園,大矢野町中2289,3,-99,9999
130.423235,32.572428,43212,3,99999,03102,大矢野町総合スポーツ公園,大矢野町中2289,3,-99,9999
130.423247,32.572217,43212,3,99999,03103,大矢野町総合スポーツ公園,大矢野町中2289,3,-99,9999
130.422901883963,32.5734997982568,43212,3,99999,03109,大矢野総合体育館,大矢野町中2289,3,-99,9999
130.422895883963,32.5734287982568,43212,3,99999,03110,大矢野総合体育館,大矢野町中2289,3,-99,9999
130.422913883963,32.5733587982568,43212,3,99999,03111,大矢野総合体育館,大矢野町中2289,3,-99,9999
130.422907883963,32.5732887982568,43212,3,99999,03120,大矢野総合体育館,大矢野町中2289,3,-99,9999
130.422907883963,32.5732187982569,43212,3,99999,03116,大矢野総合体育館,大矢野町中2289,3,-99,9999
130.422907883963,32.5731487982569,43212,3,99999,03129,大矢野総合体育館,大矢野町中2289,3,-99,9999
130.422907883963,32.5730837982569,43212,3,99999,03121,大矢野総合体育館,大矢野町中2289,3,-99,9999
130.732593,32.806412,43101,3,99999,03104,渡鹿公園運動施設,渡鹿1-557-8,3,-99,9999
130.732575,32.806262,43101,3,99999,03102,渡鹿公園運動施設,渡鹿1-557-8,3,-99,9999
130.753175,32.791574,43102,3,99999,03104,錦ヶ丘公園運動施設,錦ヶ丘8-1,3,-99,9999
130.753952,32.792146,43102,3,99999,03115,錦ヶ丘公園運動施設,錦ヶ丘8-1,3,-99,9999
130.717157,32.780456,43101,3,99999,03115,八王寺中央公園運動施設,八王寺町1075,3,-99,9999
130.77353,32.775641,43102,3,99999,03104,秋津中央公園運動施設,東野2-24-1,3,-99,9999
130.773527,32.775573,43102,3,99999,03102,秋津中央公園運動施設,東野2-24-1,3,-99,9999
130.728487,32.809895,43101,3,99999,03104,川鶴団地公園運動施設,大江1-36-2,3,-99,9999
130.728968,32.81015,43101,3,99999,03102,川鶴団地公園運動施設,大江1-36-2,3,-99,9999
130.636665,32.776287,43103,3,99999,03104,小島公園運動施設,小島中町127,3,-99,9999
130.636047,32.776427,43103,3,99999,03102,小島公園運動施設,小島中町127,3,-99,9999
130.709008,32.766122,43104,3,99999,03104,御幸中央公園運動施設,流通団地1-76,3,-99,9999
130.708467,32.765118,43104,3,99999,03102,御幸中央公園運動施設,流通団地1-76,3,-99,9999
130.683959,32.774981,43103,3,99999,03104,蓮台寺公園運動施設,蓮台寺4-540-1,3,-99,9999
130.683953,32.774881,43103,3,99999,03102,蓮台寺公園運動施設,蓮台寺4-540-1,3,-99,9999
130.627814,32.767051,43103,3,99999,03104,中島中央公園運動施設,中島町字直氏371-1,3,-99,9999
130.627814,32.766958,43103,3,99999,03102,中島中央公園運動施設,中島町字直氏371-1,3,-99,9999
130.717058,32.820348,43101,3,99999,03104,坪井中央公園運動施設,坪井6-297,3,-99,9999
130.717058,32.820258,43101,3,99999,03102,坪井中央公園運動施設,坪井6-297,3,-99,9999
130.683934,32.824846,43103,3,99999,03104,柿原公園運動施設,花園7-961-8,3,-99,9999
130.683928,32.824938,43103,3,99999,03102,柿原公園運動施設,花園7-961-8,3,-99,9999
130.667314,32.762013,43104,3,99999,03104,熊本市総合屋内プール（アクアドーム）,荒尾町2-1-1,4,-99,9999
130.667839,32.763433,43104,3,99999,03105,熊本市総合屋内プール（アクアドーム）,荒尾町2-1-1,4,-99,9999
130.668475,32.762773,43104,3,99999,03124,熊本市総合屋内プール（アクアドーム）,荒尾町2-1-1,4,-99,9999
130.736611,32.785306,43101,3,99999,03109,熊本市総合体育館・青年会館,出水2-7-1,4,-99,9999
130.736605,32.785246,43101,3,99999,03110,熊本市総合体育館・青年会館,出水2-7-1,4,-99,9999
130.736605,32.785186,43101,3,99999,03111,熊本市総合体育館・青年会館,出水2-7-1,4,-99,9999
130.736605,32.785121,43101,3,99999,03116,熊本市総合体育館・青年会館,出水2-7-1,4,-99,9999
130.736605,32.785066,43101,3,99999,03129,熊本市総合体育館・青年会館,出水2-7-1,4,-99,9999
130.736611,32.785001,43101,3,99999,03105,熊本市総合体育館・青年会館,出水2-7-1,4,-99,9999
130.736611,32.784937,43101,3,99999,03121,熊本市総合体育館・青年会館,出水2-7-1,4,-99,9999
130.774225,32.837272,43102,3,99999,03109,託麻スポーツセンター,上南部3-22-30,4,-99,9999
130.774225,32.837207,43102,3,99999,03120,託麻スポーツセンター,上南部3-22-30,4,-99,9999
130.775033,32.837727,43102,3,99999,03104,託麻スポーツセンター,上南部3-22-30,4,-99,9999
130.773215,32.836763,43102,3,99999,03115,託麻スポーツセンター,上南部3-22-30,4,-99,9999
130.77252,32.836453,43102,3,99999,03138,託麻スポーツセンター,上南部3-22-30,4,-99,9999
130.728185,32.759873,43104,3,99999,03109,田迎公園運動施設（浜線健康パーク）,良町4-8-1,4,-99,9999
130.728188,32.759821,43104,3,99999,03112,田迎公園運動施設（浜線健康パーク）,良町4-8-1,4,-99,9999
130.728182,32.759761,43104,3,99999,03120,田迎公園運動施設（浜線健康パーク）,良町4-8-1,4,-99,9999
130.727478,32.759678,43104,3,99999,03105,田迎公園運動施設（浜線健康パーク）,良町4-8-1,4,-99,9999
130.728334,32.758689,43104,3,99999,03102,田迎公園運動施設（浜線健康パーク）,良町4-8-1,4,-99,9999
130.727359,32.758784,43104,3,99999,03115,田迎公園運動施設（浜線健康パーク）,良町4-8-1,4,-99,9999
130.728363,32.759318,43104,3,99999,03138,田迎公園運動施設（浜線健康パーク）,良町4-8-1,4,-99,9999
130.72872,32.758094,43104,3,99999,03147,田迎公園運動施設（浜線健康パーク）,良町4-8-1,4,-99,9999
130.673308,32.755829,43104,3,99999,03109,南部総合スポーツセンター,白藤5-2-1,4,-99,9999
130.673314,32.755764,43104,3,99999,03110,南部総合スポーツセンター,白藤5-2-1,4,-99,9999
130.67332,32.755704,43104,3,99999,03111,南部総合スポーツセンター,白藤5-2-1,4,-99,9999
130.673314,32.755644,43104,3,99999,03120,南部総合スポーツセンター,白藤5-2-1,4,-99,9999
130.673314,32.755594,43104,3,99999,03105,南部総合スポーツセンター,白藤5-2-1,4,-99,9999
130.673486,32.755254,43104,3,99999,03121,南部総合スポーツセンター,白藤5-2-1,4,-99,9999
130.674003,32.755159,43104,3,99999,03138,南部総合スポーツセンター,白藤5-2-1,4,-99,9999
130.673492,32.755334,43104,3,99999,03122,南部総合スポーツセンター,白藤5-2-1,4,-99,9999
130.672351,32.755379,43104,3,99999,03102,南部総合スポーツセンター（運動広場）,白藤5-2-1,4,-99,9999
130.673076,32.75449,43104,3,99999,03115,南部総合スポーツセンター（運動広場）,白藤5-2-1,4,-99,9999
130.720864,32.825463,43105,3,99999,03101,坪井川緑地運動施設,清水町打越字上河原25-1,3,-99,9999
130.718974,32.823595,43105,3,99999,03102,坪井川緑地運動施設,清水町打越字上河原25-1,3,-99,9999
130.696185,32.795859,43101,3,99999,03105,五福小学校プール,細工町2-25,3,-99,9999
130.739404,32.793891,43101,3,99999,03102,熊本市水前寺野球場,水前寺5-23-2,4,-99,9999
130.74134,32.794073,43101,3,99999,03101,熊本市水前寺競技場,水前寺5-23-3,4,-99,9999
130.685441,32.706853,43104,3,99999,03104,富合町屋外運動場,富合町平原67-1,3,-99,9999
130.749465,32.70873,43104,3,99999,03104,舞原運動施設,城南町舞原128-1,3,-99,9999
130.748467,32.70876,43104,3,99999,03115,舞原運動施設,城南町舞原128-1,3,-99,9999
130.747578,32.708956,43104,3,99999,03109,熊本市城南Ｂ＆Ｇ海洋センター,城南町舞原134-1,4,-99,9999
130.747578,32.708556,43104,3,99999,03105,熊本市城南Ｂ＆Ｇ海洋センター,城南町舞原134-1,4,-99,9999
130.74803,32.709016,43104,3,99999,03118,相撲場,城南町舞原134-1,4,-99,9999
130.749746505196,32.7079859859151,43104,3,99999,03121,城南町弓道場,城南町舞原134-1,4,-99,9999
130.686537,32.919373,43105,3,99999,03104,植木総合スポーツセンター,植木町山本788-1,3,-99,9999
130.686305,32.920146,43105,3,99999,03115,植木総合スポーツセンター,植木町山本788-1,3,-99,9999
130.704094,32.86518,43105,3,99999,03104,北部公園運動施設,下硯川町416-2,3,-99,9999
130.752893,32.778633,43102,3,99999,03104,庄口公園運動施設,健軍4-529-1,3,-99,9999
130.640342,32.841823,43103,3,99999,03104,芳野グラウンド,河内町野出1405-2,3,-99,9999
130.635917,32.732447,43104,3,99999,03109,天明運動施設体育館,奥古閑町1877,3,-99,9999
130.635543,32.733297,43104,3,99999,03104,天明運動施設グラウンド,奥古閑町1877,3,-99,9999
130.635543,32.733222,43104,3,99999,03102,天明運動施設グラウンド,奥古閑町1877,3,-99,9999
130.70436,32.885151,43105,3,99999,03109,明徳体育館,明徳町978,3,-99,9999
130.702816,32.86898,43105,3,99999,03109,北部体育館,鹿子木町53,3,-99,9999
130.764146,32.843765,43105,3,99999,03109,龍田体育館,龍田弓削1-1-10,3,-99,9999
130.686759,32.853373,43105,3,99999,03109,北部構造改善センター体育館,和泉町1151-1,3,-99,9999
130.678086,32.716022,43104,3,99999,03109,富合町健康づくり総合センター,富合町清藤400,3,-99,9999
130.795628,32.806414,43102,3,99999,03109,東部交流センター,戸島町2588-1,3,-99,9999
130.747682,32.855877,43105,3,99999,03102,清水新地野球場,清水新地7-5-1,3,-99,9999
130.650404,32.77578,43103,3,99999,03104,西部スポーツセンター（休館中）,城山半田4-16-1,3,-99,9999
130.650404,32.775708,43103,3,99999,03102,西部スポーツセンター（休館中）,城山半田4-16-1,3,-99,9999
130.651552,32.757662,43104,3,99999,03104,飽田公園運動施設,浜口町126,3,-99,9999
130.651552,32.757756,43104,3,99999,03102,飽田公園運動施設,浜口町126,3,-99,9999
130.684824,32.864985,43105,3,99999,03104,今熊公園運動施設,立福寺町91-2,3,-99,9999
130.684824,32.864865,43105,3,99999,03102,今熊公園運動施設,立福寺町91-2,3,-99,9999
130.738237,32.723241,43104,3,99999,03104,坂野グラウンド,城南町坂野65-1,3,-99,9999
130.738237,32.723178,43104,3,99999,03102,坂野グラウンド,城南町坂野65-1,3,-99,9999
130.746719,32.687297,43104,3,99999,03104,塚原グラウンド,城南町塚原59-1,3,-99,9999
130.746719,32.687107,43104,3,99999,03102,塚原グラウンド,城南町塚原59-1,3,-99,9999
130.622634,32.834702,43103,3,99999,03104,河内グラウンド,内町野出976,3,-99,9999
130.622634,32.834612,43103,3,99999,03102,河内グラウンド,内町野出976,3,-99,9999
130.703273,32.934307,43105,3,99999,03104,吉松スポーツ公園,植木町亀甲464,3,-99,9999
130.703273,32.934496,43105,3,99999,03102,吉松スポーツ公園,植木町亀甲464,3,-99,9999
130.662336,32.908415,43105,3,99999,03104,田原スポーツ公園,植木町富応1595-1,3,-99,9999
130.662336,32.908295,43105,3,99999,03102,田原スポーツ公園,植木町富応1595-1,3,-99,9999
130.703134,32.884897,43105,3,99999,03104,北部農村運動広場,小糸山町341,3,-99,9999
130.703134,32.884785,43105,3,99999,03102,北部農村運動広場,小糸山町341,3,-99,9999
130.697312,32.702151,43104,3,99999,03104,富合町雁回公園,富合町大字木原2748,3,-99,9999
130.697312,32.701941,43104,3,99999,03102,富合町雁回公園,富合町大字木原2748,3,-99,9999
130.697312,32.701751,43104,3,99999,03103,富合町雁回公園,富合町大字木原2748,3,-99,9999
130.713722,32.725759,43104,3,99999,03104,高グラウンド,城南町高476,3,-99,9999
130.713722,32.725679,43104,3,99999,03102,高グラウンド,城南町高476,3,-99,9999
130.717774,32.802841,43101,3,99999,03115,新屋敷テニスコート,新屋敷1-8-25,3,-99,9999
130.698508,32.809897,43101,3,99999,03115,熊本城公園テニスコート,古京町3-2,3,-99,9999
130.750032,32.855508,43105,3,99999,03115,清水新地テニスコート,清水新地7-9-2,3,-99,9999
130.69378,32.739964,43104,3,99999,03112,川尻武道館,元三町4-1-16,3,-99,9999
130.69237,32.797399,43101,3,99999,03121,北岡自然公園弓道場,横手2-5-1,3,-99,9999
130.70246,32.8685,43105,3,99999,03112,北部武道館,鹿子木町53-1,3,-99,9999
130.764458,32.844569,43105,3,99999,03112,武蔵塚武道場,龍田弓削1-1-10,3,-99,9999
130.695123,32.904027,43105,3,99999,03121,植木弓道場,植木町岩野238-1,3,-99,9999
130.64866,32.808893,43103,3,99999,03109,金峰山少年自然の家,池上町字西平山,3,-99,9999
130.648657,32.808851,43103,3,99999,03142,金峰山少年自然の家,池上町字西平山,3,-99,9999
130.731204,32.789368,43101,3,99999,03109,出水小学校,出水1-1-75,3,-99,9999
130.727089,32.784344,43101,3,99999,03109,出水中学校,出水5-3-1,3,-99,9999
130.727104,32.78373,43101,3,99999,03104,出水中学校,出水5-3-1,3,-99,9999
130.730128,32.782911,43101,3,99999,03109,出水南小学校,出水4-1-1,3,-99,9999
130.728188,32.775343,43101,3,99999,03109,出水南中学校,出水7-86-1,3,-99,9999
130.72705,32.775313,43101,3,99999,03104,出水南中学校,出水7-86-1,3,-99,9999
130.694758,32.802391,43101,3,99999,03109,一新小学校,新町3-10-45,3,-99,9999
130.72535,32.801349,43101,3,99999,03109,大江小学校,大江3-5-31,3,-99,9999
130.749028,32.801882,43101,3,99999,03109,帯山小学校,帯山4-11-11,3,-99,9999
130.745407,32.800566,43101,3,99999,03109,帯山中学校,帯山1-35-32,3,-99,9999
130.745407,32.800656,43101,3,99999,03112,帯山中学校,帯山1-35-32,3,-99,9999
130.744249,32.800971,43101,3,99999,03104,帯山中学校,帯山1-35-32,3,-99,9999
130.740949,32.802604,43101,3,99999,03109,帯山西小学校,帯山1-29-8,3,-99,9999
130.720611,32.814847,43101,3,99999,03109,黒髪小学校,黒髪2-2-1,3,-99,9999
130.701938607552,32.7970960316283,43101,3,99999,03109,慶徳小学校,山崎町72,3,-99,9999
130.703364,32.816506,43101,3,99999,03109,京陵中学校,京町本丁1-14,3,-99,9999
130.703364,32.816444,43101,3,99999,03112,京陵中学校,京町本丁1-14,3,-99,9999
130.704202,32.816696,43101,3,99999,03104,京陵中学校,京町本丁1-14,3,-99,9999
130.704891,32.783828,43101,3,99999,03109,江原中学校,琴平2-9-59,3,-99,9999
130.704897,32.783743,43101,3,99999,03112,江原中学校,琴平2-9-59,3,-99,9999
130.705336,32.783238,43101,3,99999,03104,江原中学校,琴平2-9-59,3,-99,9999
130.699508,32.789394,43101,3,99999,03109,向山小学校,本山4-5-11,3,-99,9999
130.69821,32.787296,43101,3,99999,03109,江南中学校,本山町75,3,-99,9999
130.698341,32.786956,43101,3,99999,03112,江南中学校,本山町75,3,-99,9999
130.698977,32.787211,43101,3,99999,03104,江南中学校,本山町75,3,-99,9999
130.710487,32.812747,43101,3,99999,03109,壺川小学校,壺川1-4-5,3,-99,9999
130.696185,32.795896,43101,3,99999,03109,五福小学校,細工町2-25,3,-99,9999
130.732585,32.816041,43101,3,99999,03109,桜山中学校,黒髪5-13-1,3,-99,9999
130.732585,32.815966,43101,3,99999,03112,桜山中学校,黒髪5-13-1,3,-99,9999
130.731795,32.815971,43101,3,99999,03104,桜山中学校,黒髪5-13-1,3,-99,9999
130.708981,32.808966,43101,3,99999,03109,城東小学校,千葉城町5-1,3,-99,9999
130.717012,32.801837,43101,3,99999,03109,白川小学校,新屋敷1-7-13,3,-99,9999
130.722719,32.803728,43101,3,99999,03109,白川中学校,大江3-1-12,3,-99,9999
130.723212,32.804168,43101,3,99999,03104,白川中学校,大江3-1-12,3,-99,9999
130.738827,32.786713,43101,3,99999,03109,砂取小学校,神水1-1-1,3,-99,9999
130.693387,32.803531,43101,3,99999,03109,西山中学校,島崎1-27-1,3,-99,9999
130.693384,32.803471,43101,3,99999,03112,西山中学校,島崎1-27-1,3,-99,9999
130.692635,32.802807,43101,3,99999,03104,西山中学校,島崎1-27-1,3,-99,9999
130.718136,32.809921,43101,3,99999,03109,碩台小学校,井川淵町4-8,3,-99,9999
130.735134,32.803453,43101,3,99999,03109,託麻原小学校,渡鹿2-3-1,3,-99,9999
130.707547,32.808586,43101,3,99999,03109,藤園中学校,千葉城町5-2,3,-99,9999
130.708147,32.808061,43101,3,99999,03104,藤園中学校,千葉城町5-2,3,-99,9999
130.720540327851,32.7894847457168,43101,3,99999,03109,白山小学校,菅原町9-1,3,-99,9999
130.70709,32.788586,43101,3,99999,03109,春竹小学校,琴平1-9-43,3,-99,9999
130.70883,32.792425,43101,3,99999,03109,本荘小学校,本荘6-5-47,3,-99,9999
130.715555,32.817579,43101,3,99999,03109,竜南中学校,坪井4-16-1,3,-99,9999
130.715561,32.817499,43101,3,99999,03112,竜南中学校,坪井4-16-1,3,-99,9999
130.714866,32.817339,43101,3,99999,03104,竜南中学校,坪井4-16-1,3,-99,9999
130.697868,32.806609,43101,3,99999,03102,藤崎台県営野球場,宮内4-1,3,-99,9999
130.771382,32.772532,43102,3,99999,03109,秋津小学校,秋津3-9-20,3,-99,9999
130.753956,32.776573,43102,3,99999,03109,泉ヶ丘小学校,水源1-7-1,3,-99,9999
130.739384,32.767452,43102,3,99999,03109,画図小学校,下江津8-1-6,3,-99,9999
130.740251,32.766543,43102,3,99999,03104,画図小学校,下江津8-1-6,3,-99,9999
130.753499,32.793282,43102,3,99999,03109,尾ノ上小学校,尾ノ上2-8-1,3,-99,9999
130.753993,32.793063,43102,3,99999,03104,尾ノ上小学校,尾ノ上2-8-1,3,-99,9999
130.7528,32.784105,43102,3,99999,03109,健軍小学校,健軍2-25-56,3,-99,9999
130.763905,32.783241,43102,3,99999,03109,健軍東小学校,東町4-15-2,3,-99,9999
130.764702,32.782672,43102,3,99999,03104,健軍東小学校,東町4-15-2,3,-99,9999
130.748385,32.780569,43102,3,99999,03109,湖東中学校,湖東1-13-1,3,-99,9999
130.748379,32.780464,43102,3,99999,03112,湖東中学校,湖東1-13-1,3,-99,9999
130.747666,32.780509,43102,3,99999,03104,湖東中学校,湖東1-13-1,3,-99,9999
130.776527,32.782115,43102,3,99999,03109,桜木小学校,花立2-23-1,3,-99,9999
130.777555,32.781458,43102,3,99999,03104,桜木小学校,花立2-23-1,3,-99,9999
130.78363,32.781759,43102,3,99999,03109,桜木中学校,桜木4-13-23,3,-99,9999
130.78363,32.781844,43102,3,99999,03112,桜木中学校,桜木4-13-23,3,-99,9999
130.781666,32.788893,43102,3,99999,03109,桜木東小学校,桜木6-10-1,3,-99,9999
130.774616,32.838875,43102,3,99999,03109,託麻北小学校,上南部3-34-1,3,-99,9999
130.774203,32.838606,43102,3,99999,03104,託麻北小学校,上南部3-34-1,3,-99,9999
130.766086,32.82115,43102,3,99999,03109,託麻西小学校,御領2-3-30,3,-99,9999
130.766561,32.821599,43102,3,99999,03104,託麻西小学校,御領2-3-30,3,-99,9999
130.79422,32.824193,43102,3,99999,03109,託麻東小学校,戸島3-15-1,3,-99,9999
130.776414,32.817188,43102,3,99999,03109,託麻南小学校,長嶺東3-2-20,3,-99,9999
130.777335,32.818187,43102,3,99999,03104,託麻南小学校,長嶺東3-2-20,3,-99,9999
130.770933,32.805401,43102,3,99999,03109,月出小学校,月出6-2-40,3,-99,9999
130.770113,32.804662,43102,3,99999,03104,月出小学校,月出6-2-40,3,-99,9999
130.7716,32.833754,43102,3,99999,03109,東部中学校,上南部2-21-1,3,-99,9999
130.779835,32.813093,43102,3,99999,03109,長嶺小学校,長嶺南7-22-1,3,-99,9999
130.778481,32.812259,43102,3,99999,03104,長嶺小学校,長嶺南7-22-1,3,-99,9999
130.777895,32.814225,43102,3,99999,03109,長嶺中学校,長嶺南7-21-40,3,-99,9999
130.777705,32.81404,43102,3,99999,03112,長嶺中学校,長嶺南7-21-40,3,-99,9999
130.756553,32.790306,43102,3,99999,03109,錦ヶ丘中学校,錦ヶ丘22-1,3,-99,9999
130.757379,32.790296,43102,3,99999,03104,錦ヶ丘中学校,錦ヶ丘22-1,3,-99,9999
130.748785,32.813049,43102,3,99999,03109,西原小学校,新南部3-4-60,3,-99,9999
130.755786,32.809824,43102,3,99999,03109,西原中学校,保田窪4-9-1,3,-99,9999
130.767299,32.774287,43102,3,99999,03109,東野中学校,東野3-6-50,3,-99,9999
130.767296,32.774237,43102,3,99999,03112,東野中学校,東野3-6-50,3,-99,9999
130.767881,32.774237,43102,3,99999,03104,東野中学校,東野3-6-50,3,-99,9999
130.76832,32.786639,43102,3,99999,03109,東町小学校,東町3-3-1,3,-99,9999
130.768308,32.787223,43102,3,99999,03104,東町小学校,東町3-3-1,3,-99,9999
130.764368,32.781197,43102,3,99999,03109,東町中学校,東町4-15-1,3,-99,9999
130.764873,32.782012,43102,3,99999,03104,東町中学校,東町4-15-1,3,-99,9999
130.793127,32.823751,43102,3,99999,03109,二岡中学校,戸島3-15-2,3,-99,9999
130.792545,32.823461,43102,3,99999,03104,二岡中学校,戸島3-15-2,3,-99,9999
130.770436,32.798218,43102,3,99999,03109,山ノ内小学校,山ノ内4-1-1,3,-99,9999
130.770341,32.797669,43102,3,99999,03104,山ノ内小学校,山ノ内4-1-1,3,-99,9999
130.764036,32.772437,43102,3,99999,03109,若葉小学校,若葉4-23-1,3,-99,9999
130.704395,32.824672,43103,3,99999,03109,池田小学校,池田1-28-5,3,-99,9999
130.671073,32.79023,43103,3,99999,03109,池上小学校,池上町850,3,-99,9999
130.670782,32.790795,43103,3,99999,03104,池上小学校,池上町850,3,-99,9999
130.699225,32.821249,43103,3,99999,03109,井芹中学校,上熊本3-27-1,3,-99,9999
130.63446,32.779225,43103,3,99999,03109,小島小学校,小島7-9-1,3,-99,9999
130.685485,32.789441,43103,3,99999,03109,春日小学校,春日5-3-5,3,-99,9999
130.686002,32.789471,43103,3,99999,03104,春日小学校,春日5-3-5,3,-99,9999
130.679329,32.779411,43103,3,99999,03109,花陵中学校,八島2-14-1,3,-99,9999
130.679335,32.779351,43103,3,99999,03112,花陵中学校,八島2-14-1,3,-99,9999
130.678515,32.778917,43103,3,99999,03104,花陵中学校,八島2-14-1,3,-99,9999
130.591529,32.828936,43103,3,99999,03109,河内小学校,河内町船津2505-2,3,-99,9999
130.591207,32.828253,43103,3,99999,03109,河内中学校,河内町船津2740-1,3,-99,9999
130.591216,32.828179,43103,3,99999,03112,河内中学校,河内町船津2740-1,3,-99,9999
130.590764,32.828828,43103,3,99999,03104,河内中学校,河内町船津2740-1,3,-99,9999
130.664429,32.786529,43103,3,99999,03109,三和中学校,上高橋1-4-1,3,-99,9999
130.664429,32.786449,43103,3,99999,03112,三和中学校,上高橋1-4-1,3,-99,9999
130.665279,32.7855,43103,3,99999,03104,三和中学校,上高橋1-4-1,3,-99,9999
130.656737,32.778224,43103,3,99999,03109,城山小学校,城山大塘1-23-1,3,-99,9999
130.658068,32.778269,43103,3,99999,03104,城山小学校,城山大塘1-23-1,3,-99,9999
130.682307,32.805591,43103,3,99999,03109,城西小学校,島崎3-12-60,3,-99,9999
130.633355,32.782299,43103,3,99999,03109,城西中学校,小島8-17-1,3,-99,9999
130.633073,32.781729,43103,3,99999,03104,城西中学校,小島8-17-1,3,-99,9999
130.683657,32.777796,43103,3,99999,03109,白坪小学校,蓮台寺4-4-1,3,-99,9999
130.656485,32.784365,43103,3,99999,03109,高橋小学校,高橋町1-6-1,3,-99,9999
130.629202,32.766386,43103,3,99999,03109,中島小学校,中島町538,3,-99,9999
130.691445,32.822889,43103,3,99999,03109,花園小学校,花園6-9-15,3,-99,9999
130.690697,32.82228,43103,3,99999,03104,花園小学校,花園6-9-15,3,-99,9999
130.689821,32.782501,43103,3,99999,03109,古町小学校,二本木4-9-65,3,-99,9999
130.625055,32.812754,43103,3,99999,03109,松尾北小学校,松尾町平山255,3,-99,9999
130.614886,32.797941,43103,3,99999,03109,松尾西小学校,松尾町上松尾4456-1,3,-99,9999
130.634092,32.796933,43103,3,99999,03104,松尾東小学校,松尾町上松尾2880,3,-99,9999
130.643118,32.8427,43103,3,99999,03109,芳野小学校,河内町野出1419,3,-99,9999
130.641248,32.840697,43103,3,99999,03109,芳野中学校,河内町野出1420-46,3,-99,9999
130.640755,32.840602,43103,3,99999,03104,芳野中学校,河内町野出1420-46,3,-99,9999
130.659653,32.782277,43103,3,99999,03109,城山運動施設,上代9-6-36,3,-99,9999
130.660033,32.782177,43103,3,99999,03115,城山運動施設,上代9-6-36,3,-99,9999
130.654521,32.76045,43104,3,99999,03109,飽田中学校,孫代町72,3,-99,9999
130.633795,32.755104,43104,3,99999,03109,飽田西小学校,並建町1005,3,-99,9999
130.661843,32.763129,43104,3,99999,03109,飽田東小学校,砂原町115,3,-99,9999
130.662184,32.749861,43104,3,99999,03109,飽田南小学校,護藤町999,3,-99,9999
130.623861,32.72966,43104,3,99999,03109,奥古閑小学校,奥古閑町4072,3,-99,9999
130.626934,32.717715,43104,3,99999,03109,川口小学校,川口町3045,3,-99,9999
130.681118,32.739437,43104,3,99999,03109,川尻小学校,川尻4-1-1,3,-99,9999
130.680322,32.739867,43104,3,99999,03104,川尻小学校,川尻4-1-1,3,-99,9999
130.72724,32.707701,43104,3,99999,03109,隈庄小学校,城南町隈庄270,3,-99,9999
130.728672,32.710156,43104,3,99999,03109,下益城城南中学校,城南町宮地1020-1,3,-99,9999
130.728672,32.710054,43104,3,99999,03112,下益城城南中学校,城南町宮地1020-1,3,-99,9999
130.690737,32.751693,43104,3,99999,03109,城南小学校,南高江4-2-70,3,-99,9999
130.691295,32.750856,43104,3,99999,03104,城南小学校,南高江4-2-70,3,-99,9999
130.68657,32.743508,43104,3,99999,03109,城南中学校,八幡8-1-1,3,-99,9999
130.686576,32.743418,43104,3,99999,03112,城南中学校,八幡8-1-1,3,-99,9999
130.687556,32.743343,43104,3,99999,03104,城南中学校,八幡8-1-1,3,-99,9999
130.727509,32.725039,43104,3,99999,03109,杉上小学校,城南町永505-1,3,-99,9999
130.645287,32.741705,43104,3,99999,03109,銭塘小学校,銭塘町990,3,-99,9999
130.717221,32.772123,43104,3,99999,03109,託麻中学校,出仲間6-4-1,3,-99,9999
130.717221,32.772019,43104,3,99999,03112,託麻中学校,出仲間6-4-1,3,-99,9999
130.716508,32.771854,43104,3,99999,03104,託麻中学校,出仲間6-4-1,3,-99,9999
130.720316,32.768252,43104,3,99999,03109,田迎小学校,出仲間8-3-30,3,-99,9999
130.719371,32.768717,43104,3,99999,03104,田迎小学校,出仲間8-3-30,3,-99,9999
130.723506,32.762956,43104,3,99999,03109,田迎南小学校,田井島3-12-1,3,-99,9999
130.725003,32.762976,43104,3,99999,03104,田迎南小学校,田井島3-12-1,3,-99,9999
130.636086,32.734993,43104,3,99999,03109,天明中学校,奥古閑町2146-1,3,-99,9999
130.636092,32.734873,43104,3,99999,03112,天明中学校,奥古閑町2146-1,3,-99,9999
130.680089,32.714059,43104,3,99999,03109,富合小学校,富合町清藤472,3,-99,9999
130.684815,32.707069,43104,3,99999,03109,富合中学校,富合町平原56,3,-99,9999
130.684815,32.707004,43104,3,99999,03112,富合中学校,富合町平原56,3,-99,9999
130.684096,32.706374,43104,3,99999,03104,富合中学校,富合町平原56,3,-99,9999
130.685475,32.706377,43104,3,99999,03115,富合中学校,富合町平原56,3,-99,9999
130.744685,32.690374,43104,3,99999,03109,豊田小学校,城南町塚原259,3,-99,9999
130.660671,32.730908,43104,3,99999,03109,中緑小学校,美登里町800,3,-99,9999
130.688949,32.766372,43104,3,99999,03109,日吉小学校,近見1-9-30,3,-99,9999
130.689425,32.766262,43104,3,99999,03104,日吉小学校,近見1-9-30,3,-99,9999
130.698841,32.764597,43104,3,99999,03109,日吉中学校,近見5-5-1,3,-99,9999
130.698841,32.764512,43104,3,99999,03112,日吉中学校,近見5-5-1,3,-99,9999
130.697914,32.764167,43104,3,99999,03104,日吉中学校,近見5-5-1,3,-99,9999
130.698217,32.765597,43104,3,99999,03109,日吉東小学校,近見5-1-1,3,-99,9999
130.715157,32.754078,43104,3,99999,03109,御幸小学校,御幸笛田7-16-1,3,-99,9999
130.716089,32.753933,43104,3,99999,03104,御幸小学校,御幸笛田7-16-1,3,-99,9999
130.680916,32.758816,43104,3,99999,03109,力合小学校,刈草2-10-1,3,-99,9999
130.681358,32.757982,43104,3,99999,03104,力合小学校,刈草2-10-1,3,-99,9999
130.67718,32.761579,43104,3,99999,03109,力合中学校,島町5-8-1,3,-99,9999
130.67718,32.761679,43104,3,99999,03112,力合中学校,島町5-8-1,3,-99,9999
130.744768,32.851604,43105,3,99999,03109,麻生田小学校,麻生田3-9-1,3,-99,9999
130.693835,32.895823,43105,3,99999,03109,植木小学校,植木町広住1,3,-99,9999
130.716674,32.944761,43105,3,99999,03109,植木北中学校,植木町舟島455-1,3,-99,9999
130.716674,32.944676,43105,3,99999,03112,植木北中学校,植木町舟島455-1,3,-99,9999
130.674996,32.896822,43105,3,99999,03109,鹿南中学校,植木町滴水1110,3,-99,9999
130.674993,32.89677,43105,3,99999,03112,鹿南中学校,植木町滴水1110,3,-99,9999
130.705043,32.870515,43105,3,99999,03109,川上小学校,西梶尾町480,3,-99,9999
130.758278,32.850636,43105,3,99999,03109,楠小学校,楠5-15-1,3,-99,9999
130.755562,32.848815,43105,3,99999,03109,楠中学校,楠3-2-1,3,-99,9999
130.754867,32.848281,43105,3,99999,03104,楠中学校,楠3-2-1,3,-99,9999
130.691336,32.905401,43105,3,99999,03109,五霊中学校,植木町一木163,3,-99,9999
130.691336,32.905301,43105,3,99999,03112,五霊中学校,植木町一木163,3,-99,9999
130.683319,32.888195,43105,3,99999,03109,桜井小学校,植木町滴水2255,3,-99,9999
130.707695,32.91212,43105,3,99999,03109,山東小学校,植木町有泉841,3,-99,9999
130.723848,32.832859,43105,3,99999,03109,清水小学校,清水本町14-58,3,-99,9999
130.723302,32.832639,43105,3,99999,03104,清水小学校,清水本町14-58,3,-99,9999
130.734653,32.849314,43105,3,99999,03109,清水中学校,清水新地2-3-1,3,-99,9999
130.729981,32.849898,43105,3,99999,03109,城北小学校,清水新地1-4-1,3,-99,9999
130.730616,32.84971,43105,3,99999,03104,城北小学校,清水新地1-4-1,3,-99,9999
130.712658,32.833954,43105,3,99999,03109,高平台小学校,高平1-17-28,3,-99,9999
130.713234,32.8336,43105,3,99999,03104,高平台小学校,高平1-17-28,3,-99,9999
130.716443,32.962664,43105,3,99999,03109,田底小学校,植木町正清515,3,-99,9999
130.71693,32.962266,43105,3,99999,03104,田底小学校,植木町正清515,3,-99,9999
130.760658,32.838006,43105,3,99999,03109,龍田小学校,龍田7-7-1,3,-99,9999
130.761312,32.838261,43105,3,99999,03104,龍田小学校,龍田7-7-1,3,-99,9999
130.760923,32.836888,43105,3,99999,03109,龍田中学校,龍田7-8-1,3,-99,9999
130.760923,32.836789,43105,3,99999,03112,龍田中学校,龍田7-8-1,3,-99,9999
130.760941,32.835995,43105,3,99999,03104,龍田中学校,龍田7-8-1,3,-99,9999
130.760561,32.836459,43105,3,99999,03115,龍田中学校,龍田7-8-1,3,-99,9999
130.664917,32.910891,43105,3,99999,03109,田原小学校,植木町富応1302-5,3,-99,9999
130.702821,32.853259,43105,3,99999,03109,西里小学校,下硯川町1784,3,-99,9999
130.754073,32.848466,43105,3,99999,03109,楡木小学校,楡木3-9-1,3,-99,9999
130.660473,32.882695,43105,3,99999,03109,菱形小学校,植木町円台寺124,3,-99,9999
130.703205,32.868652,43105,3,99999,03109,北部中学校,鹿子木町1,3,-99,9999
130.703205,32.868582,43105,3,99999,03112,北部中学校,鹿子木町1,3,-99,9999
130.703859,32.868268,43105,3,99999,03104,北部中学校,鹿子木町1,3,-99,9999
130.703705,32.869021,43105,3,99999,03115,北部中学校,鹿子木町1,3,-99,9999
130.724284,32.860237,43105,3,99999,03109,北部東小学校,鶴羽田2-7-1,3,-99,9999
130.767706,32.854811,43105,3,99999,03109,武蔵小学校,武蔵ヶ丘3-15-1,3,-99,9999
130.77209,32.855848,43105,3,99999,03109,武蔵中学校,武蔵ヶ丘4-19-1,3,-99,9999
130.772143,32.856766,43105,3,99999,03104,武蔵中学校,武蔵ヶ丘4-19-1,3,-99,9999
130.68116,32.937504,43105,3,99999,03109,山本小学校,植木町内1424,3,-99,9999
130.780396,32.853117,43105,3,99999,03109,弓削小学校,龍田町弓削879-1,3,-99,9999
130.781329,32.85292,43105,3,99999,03104,弓削小学校,龍田町弓削879-1,3,-99,9999
130.708926,32.940695,43105,3,99999,03109,吉松小学校,植木町豊田474,3,-99,9999
130.610509,32.504896,43202,3,99999,03109,八代市総合体育館,緑町11-1,3,-99,1983
130.610509,32.504776,43202,3,99999,03120,八代市総合体育館,緑町11-1,3,-99,1983
130.610509,32.504626,43202,3,99999,03129,八代市総合体育館,緑町11-1,3,-99,1983
130.559997,32.532885,43202,3,99999,03115,八代市スポーツコミュニティ広場,郡築四番町136-2,3,-99,2001
130.609950767925,32.5056781544707,43202,3,99999,03121,八代市弓道場,緑町11-1,3,-99,1984
130.553492,32.528323,43202,3,99999,03103,八代市球技場,新港町3-1,3,-99,1997
130.610973,32.505628,43202,3,99999,03106,八代市民プール,緑町11-1,3,-99,1986
130.60652,32.531542,43202,3,99999,03104,八代市民球場,古閑中町1495,3,-99,1985
130.606485,32.53042,43202,3,99999,03102,八代市民球場,古閑中町1495,3,-99,1985
130.598788767925,32.5060301104527,43202,3,99999,03112,八代市立武道館,松江城町6-13,3,-99,1979
130.598788767925,32.5059421104527,43202,3,99999,03113,八代市立武道館,松江城町6-13,3,-99,1979
130.600449,32.507099,43202,3,99999,03118,八代市相撲場,松江城町7,3,-99,1984
130.616202,32.404872,43202,3,99999,03104,八代市百済来スポーツセンター,坂本町田上150,3,-99,9999
130.630035,32.5361188709962,43202,3,99999,03109,八代市千丁体育センター,千丁町新牟田1869-1,3,-99,1979
130.630035,32.5360338709962,43202,3,99999,03120,八代市千丁体育センター,千丁町新牟田1869-1,3,-99,1979
130.629677,32.536736,43202,3,99999,03115,八代市千丁テニスコート,千丁町古閑出2449-5,3,-99,1991
130.642949,32.540479,43202,3,99999,03104,八代市千丁東グラウンド,千丁町太牟田1131,3,-99,1979
130.624238,32.541809,43202,3,99999,03104,八代市千丁西グラウンド,千丁町古閑出1419,3,-99,1966
130.634386,32.562073,43202,3,99999,03109,八代市鏡体育館,鏡町両出1430,3,-99,1995
130.634386,32.561988,43202,3,99999,03120,八代市鏡体育館,鏡町両出1430,3,-99,1995
130.634059,32.562284,43202,3,99999,03112,八代市鏡武道館,鏡町両出1430,3,-99,1995
130.634059,32.562219,43202,3,99999,03121,八代市鏡武道館,鏡町両出1430,3,-99,1995
130.634748,32.56324,43202,3,99999,03101,八代市鏡総合グラウンド,鏡町両出1430,3,-99,1995
130.634748,32.56309,43202,3,99999,03102,八代市鏡総合グラウンド,鏡町両出1430,3,-99,1995
130.605785,32.584624,43202,3,99999,03104,八代市北新地グラウンド,北新地1205,3,-99,9999
130.633679,32.562559,43202,3,99999,03118,八代市鏡相撲場,鏡町両出1430,3,-99,1995
130.635889,32.562509,43202,3,99999,03106,八代市鏡プール,鏡町両出1430,3,-99,1995
130.635461,32.562178,43202,3,99999,03115,八代市鏡テニスコート,鏡町両出1430,3,-99,9999
130.711296723589,32.5440621315534,43202,3,99999,03109,八代市東陽スポーツセンター,東陽町南1285,3,-99,9999
130.711296723589,32.5439821315534,43202,3,99999,03120,八代市東陽スポーツセンター,東陽町南1285,3,-99,9999
130.711641,32.543567,43202,3,99999,03102,八代市東陽運動公園,東陽町南1285,3,-99,9999
130.744675,32.515535,43202,3,99999,03102,八代市河俣山村広場,東陽町河俣2650-2,3,-99,9999
130.791941,32.576759,43202,3,99999,03104,八代市泉運動広場,泉町下岳3000,3,-99,1990
130.622953436785,32.5086498481734,43202,3,99999,03109,サンライフ八代,日置町692-1,4,-99,9999
130.623060392448,32.5086048680862,43202,3,99999,03120,サンライフ八代,日置町692-1,4,-99,9999
130.623226767925,32.5085949560377,43202,3,99999,03129,サンライフ八代,日置町692-1,4,-99,9999
130.74063,32.232993,43203,3,99999,03104,人吉市第一市民運動広場,上林町字元1883,4,-99,1978
130.751683,32.223762,43203,3,99999,03104,人吉市村山公園,瓦屋町字尾原1534,4,-99,1987
130.751433,32.222063,43203,3,99999,03115,人吉市村山公園,瓦屋町字尾原1534,4,-99,1987
130.738125798579,32.2171060811873,43203,3,99999,03106,人吉市市民プール,下林町52,4,-99,1970
130.760688,32.20606,43203,3,99999,03121,人吉市弓道場,西間下町字永溝7-1,4,-99,2008
130.741166,32.219492,43203,3,99999,03133,人吉市射撃場,上林町字倉ノ谷596-1,4,-99,1990
130.779163,32.230116,43203,3,99999,03104,人吉市梢山地区多目的グラウンド,鬼木町字梢山1769-15,4,-99,1996
130.74001,32.217569,43203,3,99999,03109,人吉スポーツパレス,下城本町字竹原町1566-1,4,-99,9999
130.74001,32.217431,43203,3,99999,03112,人吉スポーツパレス,下城本町字竹原町1566-1,4,-99,9999
130.74001,32.217499,43203,3,99999,03129,人吉スポーツパレス,下城本町字竹原町1566-1,4,-99,9999
130.775504,32.197374,43203,3,99999,03102,川上哲治記念球場,蟹作町字西田1531-1,4,-99,9999
130.738219,32.21657,43203,3,99999,03118,人吉市相撲場,下城本町字竹原町1625-2,4,-99,2003
130.682539,32.134467,43203,3,99999,03115,田野地区農村公園（田野テニスコート）,田野町3343,4,-99,1997
130.407103,32.208709,43205,3,99999,03109,水俣市立総合体育館,中央公園1,4,-99,9999
130.407103,32.208608,43205,3,99999,03120,水俣市立総合体育館,中央公園1,4,-99,9999
130.407103,32.208523,43205,3,99999,03116,水俣市立総合体育館,中央公園1,4,-99,9999
130.407103,32.208432,43205,3,99999,03129,水俣市立総合体育館,中央公園1,4,-99,9999
130.407091,32.208332,43205,3,99999,03105,水俣市立総合体育館,中央公園1,4,-99,9999
130.384571,32.177945,43205,3,99999,03109,水俣市立総合体育館（南部館）サン・ビレッジみなまた,袋933,4,-99,9999
130.406889,32.207804,43205,3,99999,03106,浜公園児童プール,中央公園1,4,-99,9999
130.406824,32.209609,43205,3,99999,03102,浜公園運動場,中央公園1,4,-99,9999
130.419888,32.209925,43205,3,99999,03102,ひばりヶ丘運動場（休館中）,ひばりヶ丘46,4,-99,9999
130.416333,32.208271,43205,3,99999,03115,城山公園庭球場,古城1-353,4,-99,9999
130.402183,32.2179,43205,3,99999,03112,水俣市立武道館,八幡町3-9-2,4,-99,9999
130.402183,32.217819,43205,3,99999,03113,水俣市立武道館,八幡町3-9-2,4,-99,9999
130.402183,32.217739,43205,3,99999,03121,水俣市立武道館,八幡町3-9-2,4,-99,9999
130.562578,32.933684,43206,3,99999,03109,玉名勤労者体育センター,岩崎173-2,3,-99,1987
130.562592,32.93347,43206,3,99999,03121,玉名市弓道場,岩崎173-5,3,-99,9999
130.558784,32.929563,43206,3,99999,03112,玉名市武道館,繁根木94-11,3,-99,1992
130.512938,32.919194,43206,3,99999,03109,岱明Ｂ＆Ｇ海洋センター,岱明町中土590,4,-99,9999
130.512501,32.919084,43206,3,99999,03105,岱明Ｂ＆Ｇ海洋センター,岱明町中土590,4,-99,9999
130.514428,32.920961,43206,3,99999,03104,岱明中央公園グラウンド,岱明町中土556,3,-99,9999
130.562317,32.933498,43206,3,99999,03109,玉名市勤労青少年ホーム,岩崎173-1,3,-99,1987
130.562317,32.933433,43206,3,99999,03120,玉名市勤労青少年ホーム,岩崎173-1,3,-99,1987
130.822604,32.986981,43210,3,99999,03116,菊池市総合体育館,亘538-2,0,-99,9999
130.813663,32.986171,43210,3,99999,03109,菊池市菊池体育センター,隈府1272-2,3,-99,9999
130.813663,32.986101,43210,3,99999,03120,菊池市菊池体育センター,隈府1272-2,3,-99,9999
130.814002,32.986336,43210,3,99999,03109,菊池市勤労青少年ホーム,隈府1272-2,3,-99,9999
130.811787883963,32.9773172789109,43210,3,99999,03105,菊池南中学校プール,隈府900-1,3,-99,9999
130.817981,32.988213,43210,3,99999,03121,菊池市営弓道場,隈府1192,3,-99,9999
130.858351,32.945055,43210,3,99999,03105,菊池市旭志Ｂ＆Ｇ海洋センタープール,旭志小原199,4,-99,9999
130.880685,32.933343,43210,3,99999,03137,菊池市旭志Ｂ＆Ｇ海洋センター艇庫,旭志麓2676-2,4,-99,9999
130.792586,32.939747,43210,3,99999,03109,菊池市泗水Ｂ＆Ｇ海洋センター体育館,泗水町吉富100-3,4,-99,9999
130.792586,32.939672,43210,3,99999,03120,菊池市泗水Ｂ＆Ｇ海洋センター体育館,泗水町吉富100-3,4,-99,9999
130.776416,32.923696,43210,3,99999,03105,菊池市泗水Ｂ＆Ｇ海洋センタープール,泗水町福本288-1,4,-99,9999
130.764869,32.964639,43210,3,99999,03115,菊池市営七城屋内スポーツセンター,七城町鴨川1-1,3,-99,9999
130.774957,32.923831,43210,3,99999,03112,菊池市営泗水武道館,泗水町福本235,3,-99,9999
130.829996,32.997568,43210,3,99999,03109,菊池市立迫間体育館,大平645-1,3,-99,9999
130.829996,32.997479,43210,3,99999,03120,菊池市立迫間体育館,大平645-1,3,-99,9999
130.790449,32.9679251198117,43210,3,99999,03109,菊池市立菊之池体育館,西寺1903-1,3,-99,9999
130.790449,32.9678751198117,43210,3,99999,03120,菊池市立菊之池体育館,西寺1903-1,3,-99,9999
130.764471,32.964905,43210,3,99999,03109,菊池市立七城体育館,七城町鴨川1-1,3,-99,9999
130.764465,32.964811,43210,3,99999,03120,菊池市立七城体育館,七城町鴨川1-1,3,-99,9999
130.858373116037,32.9460094940622,43210,3,99999,03109,菊池市立旭志体育館,旭志小原189,3,-99,9999
130.858361116037,32.9458304940622,43210,3,99999,03120,菊池市立旭志体育館,旭志小原189,3,-99,9999
130.776261,32.92343,43210,3,99999,03109,菊池市立泗水体育館,泗水町福本242-1,3,-99,9999
130.776261,32.92333,43210,3,99999,03120,菊池市立泗水体育館,泗水町福本242-1,3,-99,9999
130.803883,32.914868,43210,3,99999,03109,菊池市立泗水第２体育館,泗水町永2618,3,-99,9999
130.803883,32.914788,43210,3,99999,03120,菊池市立泗水第２体育館,泗水町永2618,3,-99,9999
130.815014,32.986232,43210,3,99999,03104,菊池市営中央グラウンド,隈府1264-1,3,-99,9999
130.814413,32.959822,43210,3,99999,03104,菊池市営戸崎グラウンド（戸崎運動広場）,赤星1818,3,-99,9999
130.764483,32.963764,43210,3,99999,03102,菊池市営七城総合グラウンド,七城町鴨川1-1,3,-99,9999
130.764483,32.963634,43210,3,99999,03103,菊池市営七城総合グラウンド,七城町鴨川1-1,3,-99,9999
130.765427,32.964435,43210,3,99999,03115,菊池市営七城総合グラウンド,七城町鴨川1-1,3,-99,9999
130.856185,32.947455,43210,3,99999,03102,菊池市営旭志グラウンド,旭志伊萩286,3,-99,9999
130.856185,32.947315,43210,3,99999,03103,菊池市営旭志グラウンド,旭志伊萩286,3,-99,9999
130.784923,32.916849,43210,3,99999,03102,菊池市営泗水グラウンド,泗水町福本1704,3,-99,9999
130.821348,32.915834,43210,3,99999,03104,菊池市営永南グラウンド,泗水町永2396,3,-99,9999
130.818474,32.98829,43210,3,99999,03138,菊池市菊池ゲートボール場,隈府1192,3,-99,9999
130.766138,32.982151,43210,3,99999,03138,菊池市七城北地区ゲートボール場,七城町流川299,3,-99,9999
130.814462392448,32.9789314040406,43210,3,99999,03106,菊池市営菊池プール,隈府872,3,-99,9999
130.766701,32.983461,43210,3,99999,03106,菊池市営七城北プール,七城町流川393,3,-99,9999
130.820397,32.985514,43210,3,99999,03104,菊池公園,亘493-2,3,-99,9999
130.819233,32.984866,43210,3,99999,03115,菊池公園,亘493-2,3,-99,9999
130.823146,32.980501,43210,3,99999,03104,菊池ふれあい清流公園,片角,3,-99,9999
130.786127230892,32.9364376182884,43210,3,99999,03104,憩いの森公園,泗水町吉富317-4,3,-99,9999
130.64676,32.706157,43211,3,99999,03109,走潟地区体育館,走潟町619,3,-99,9999
130.647172,32.705565,43211,3,99999,03104,走潟地区グラウンド,走潟町,3,-99,9999
130.645434071701,32.6760790088213,43211,3,99999,03109,轟地区トレーニングセンター,石橋町1,3,-99,9999
130.644404,32.675978,43211,3,99999,03104,轟地区農村運動広場,石橋町10-1,3,-99,9999
130.631808,32.693036,43211,3,99999,03109,緑川地区トレーニングセンター,野鶴町212,3,-99,9999
130.612623,32.699824,43211,3,99999,03104,緑川地区農村運動広場,笹原町1257,3,-99,9999
130.599232,32.696,43211,3,99999,03109,網津地区多目的研修施設,網津町2026-2,3,-99,9999
130.600147,32.69604,43211,3,99999,03104,網津地区市民グラウンド,網津町1961,3,-99,9999
130.550709,32.668082,43211,3,99999,03109,網田地区トレーニングセンター,下網田町1904,3,-99,9999
130.551619,32.672472,43211,3,99999,03104,網田地区農村運動広場,下網田町710-1,3,-99,9999
130.665617,32.683981,43211,3,99999,03112,宇土市武道館,旭町500,4,-99,9999
130.664462,32.684392,43211,3,99999,03109,宇土市民体育館,旭町504,4,-99,9999
130.664456,32.684277,43211,3,99999,03120,宇土市民体育館,旭町504,4,-99,9999
130.66445,32.684162,43211,3,99999,03129,宇土市民体育館,旭町504,4,-99,9999
130.665633,32.682606,43211,3,99999,03104,宇土市運動公園,旭町375,4,-99,9999
130.665972,32.683471,43211,3,99999,03115,宇土市運動公園,旭町375,4,-99,9999
130.665954,32.684009,43211,3,99999,03106,宇土市運動公園,旭町375,4,-99,9999
130.665954,32.683904,43211,3,99999,03107,宇土市運動公園,旭町375,4,-99,9999
130.666578,32.683851,43211,3,99999,03121,宇土市運動公園,旭町375,4,-99,9999
130.665621,32.682391,43211,3,99999,03138,宇土市運動公園,旭町375,4,-99,9999
130.399619,32.397045,43212,3,99999,03102,龍ヶ岳グラウンド,龍ヶ岳町高戸2931,3,-99,9999
130.406121,32.425839,43212,3,99999,03102,姫戸運動広場,姫戸町二間戸461-4,3,-99,9999
130.392052,32.393896,43212,3,99999,03109,龍ヶ岳体育館,龍ヶ岳町高戸1419-12,3,-99,9999
130.402591,32.428662,43212,3,99999,03109,姫戸体育館,姫戸町二間戸3408,3,-99,9999
130.450756,32.518847,43212,3,99999,03109,阿村体育館,松島町阿村5779-1,3,-99,9999
130.365276,32.461857,43212,3,99999,03102,上天草市教良木河内山村広場グラウンド,松島町教良木4597-1,3,-99,9999
130.36466566886,32.4616117042768,43212,3,99999,03109,上天草市教良木河内山村広場体育館,松島町教良木4597-1,3,-99,9999
130.419366,32.468481,43212,3,99999,03142,白嶽森林公園,姫戸町姫浦5395-2,3,-99,9999
130.484871,32.64528,43213,3,99999,03148,大田尾海水浴場,三角町大田尾,4,-99,9999
130.51008,32.594071,43213,3,99999,03142,若宮キャンプ場,三角町戸馳1-1,3,-99,9999
130.509928,32.593523,43213,3,99999,03148,若宮海水浴場,三角町戸馳,3,-99,9999
130.739906,32.645225,43213,3,99999,03116,宇城市屋内多目的広場,豊野町山崎1599,3,-99,9999
130.7399,32.645127,43213,3,99999,03138,宇城市屋内多目的広場,豊野町山崎1599,3,-99,9999
130.197618,32.453675,43215,3,99999,03101,本渡運動公園陸上競技場,太田町2,3,-99,9999
130.198099,32.452837,43215,3,99999,03102,本渡運動公園野球場,太田町2,3,-99,9999
130.197237,32.452817,43215,3,99999,03115,本渡運動公園テニスコート,太田町2,3,-99,9999
130.193386,32.470217,43215,3,99999,03102,広瀬公園野球場,本渡町広瀬587-2,3,-99,9999
130.194729,32.468598,43215,3,99999,03115,広瀬公園テニスコート,本渡町広瀬587-2,3,-99,9999
130.188953,32.449221,43215,3,99999,03104,乙女蛇運動広場,南町1295,3,-99,9999
130.170076,32.454388,43215,3,99999,03104,山口運動広場,本渡町本渡3355,3,-99,9999
130.197102,32.434578,43215,3,99999,03104,稜南運動広場,亀場町亀川1423-3,3,-99,9999
130.157995,32.436941,43215,3,99999,03104,枦宇土運動広場,枦宇土町1800,3,-99,9999
130.229259,32.461154,43215,3,99999,03104,志柿運動広場,志柿町3390-10,3,-99,9999
130.221419,32.433269,43215,3,99999,03104,本渡東運動広場,志柿町5031-1,3,-99,9999
130.234454,32.417385,43215,3,99999,03104,下浦運動広場,下浦町51,3,-99,9999
130.198429,32.40081,43215,3,99999,03104,立浦運動広場,楠浦町4784-1,3,-99,9999
130.125433,32.383401,43215,3,99999,03104,宮地岳運動広場,宮地岳町5635-2,3,-99,9999
130.194087,32.44203,43215,3,99999,03104,亀場運動広場,亀場町亀川2238-2,3,-99,9999
130.213674,32.423481,43215,3,99999,03104,錦島運動広場,楠浦町23-1,3,-99,9999
130.192134,32.499227,43215,3,99999,03104,佐伊津運動広場,佐伊津町5796,3,-99,9999
130.156506,32.468844,43215,3,99999,03104,本町運動広場,本町新休27-7,3,-99,9999
130.194592883963,32.4422412186925,43215,3,99999,03109,亀川体育館,亀場町亀川2098-2,3,-99,9999
130.126833839626,32.3852339291188,43215,3,99999,03109,宮地岳体育館,宮地岳町5521-2,3,-99,9999
130.235072,32.417491,43215,3,99999,03109,下浦体育館,下浦町51,3,-99,9999
130.252304116037,32.3980787626756,43215,3,99999,03109,金焼体育館,下浦町9475,3,-99,9999
130.15705053585,32.4362365842605,43215,3,99999,03109,枦宇土体育館,枦宇土町1901-3,3,-99,9999
130.192457723589,32.4996229094762,43215,3,99999,03109,佐伊津体育館,佐伊津町5796,3,-99,9999
130.156316,32.469235,43215,3,99999,03109,本町体育館,本町新休27-7,3,-99,9999
130.213347,32.422719,43215,3,99999,03106,錦島プール,楠浦町23-1,3,-99,9999
130.213347,32.422603,43215,3,99999,03107,錦島プール,楠浦町23-1,3,-99,9999
130.009433,32.218176,43215,3,99999,03109,茂串体育館,牛深町599,3,-99,9999
130.08175753585,32.243981540497,43215,3,99999,03109,浅海体育館,深海町3279-2,3,-99,9999
130.027095,32.188615,43215,3,99999,03109,天附体育館,牛深町3275-11,3,-99,9999
130.07366,32.223801,43215,3,99999,03109,山の浦体育館,久玉町4600-3,3,-99,9999
130.051119812262,32.2441200511418,43215,3,99999,03109,内の原体育館,久玉町334,3,-99,9999
130.027296,32.188449,43215,3,99999,03104,天附グラウンド,牛深町3275-8,3,-99,9999
130.026696,32.254808,43215,3,99999,03104,魚浦グラウンド,二浦町亀浦3443-1,3,-99,9999
130.018917,32.198328,43215,3,99999,03115,うしぶか公園テニスコート,牛深町1960,3,-99,9999
130.369857,32.498022,43215,3,99999,03109,楠甫体育館,有明町楠甫756,3,-99,9999
130.354661,32.523969,43215,3,99999,03109,大浦体育館,有明町大浦3614-1,3,-99,9999
130.340319,32.510911,43215,3,99999,03109,須子体育館,有明町須子1226-2,3,-99,9999
130.314498,32.511499,43215,3,99999,03109,有明体育館,有明町赤崎3383,3,-99,9999
130.28937,32.485971,43215,3,99999,03109,下津浦体育館,有明町下津浦3001-9,3,-99,9999
130.323003,32.514534,43215,3,99999,03109,赤崎体育館,有明町赤崎1764,3,-99,9999
130.316425,32.514873,43215,3,99999,03121,有明弓道場,有明町赤崎2034,3,-99,9999
130.374722,32.498319,43215,3,99999,03104,楠甫グラウンド,有明町楠甫4629-1,3,-99,9999
130.374722,32.498209,43215,3,99999,03138,楠甫グラウンド,有明町楠甫4629-1,3,-99,9999
130.355748,32.523864,43215,3,99999,03101,大浦グラウンド,有明町大浦3614-1,3,-99,9999
130.355748,32.523774,43215,3,99999,03102,大浦グラウンド,有明町大浦3614-1,3,-99,9999
130.340557,32.510716,43215,3,99999,03104,須子グラウンド,有明町須子1226-2,3,-99,9999
130.290071,32.485956,43215,3,99999,03101,有明グラウンド,有明町下津浦3001-9,3,-99,9999
130.290065,32.485871,43215,3,99999,03102,有明グラウンド,有明町下津浦3001-9,3,-99,9999
130.322634,32.514624,43215,3,99999,03104,赤崎グラウンド,有明町赤崎1764,3,-99,9999
130.28978,32.486227,43215,3,99999,03115,有明グラウンドテニスコート,有明町下津浦3001-9,3,-99,9999
130.327686,32.310818,43215,3,99999,03104,御所浦南グラウンド,御所浦町御所浦5875-2,3,-99,9999
130.324899,32.349442,43215,3,99999,03104,牧島グラウンド,御所浦町牧島1065-5,3,-99,9999
130.339141,32.404827,43215,3,99999,03109,倉岳体育館,倉岳町棚底2556,3,-99,9999
130.354642,32.43271,43215,3,99999,03109,浦体育館,倉岳町浦3064-1,3,-99,9999
130.30864,32.398505,43215,3,99999,03109,宮田体育館,倉岳町宮田1327-1,3,-99,9999
130.343565535851,32.4104571955702,43215,3,99999,03111,倉岳武道場,倉岳町棚底1786-4,3,-99,9999
130.358141,32.429189,43215,3,99999,03104,倉岳グラウンド,倉岳町浦4433-7,3,-99,9999
130.33668,32.404278,43215,3,99999,03104,倉岳総合グラウンド,倉岳町棚底2676-1,3,-99,9999
130.35398,32.433159,43215,3,99999,03104,浦グラウンド,倉岳町浦3064-1,3,-99,9999
130.309679,32.398194,43215,3,99999,03104,宮田グラウンド,倉岳町宮田1327-1,3,-99,9999
130.337435,32.40476,43215,3,99999,03115,倉岳総合グラウンドテニスコート,倉岳町棚底2676-1,3,-99,9999
130.308269,32.443739,43215,3,99999,03109,栖本河内体育館,栖本町河内4417-1,3,-99,9999
130.275849,32.408835,43215,3,99999,03109,栖本体育館,栖本町古江153-4,3,-99,9999
130.276391651888,32.4087537048098,43215,3,99999,03118,栖本相撲場,栖本町古江153-5,3,-99,9999
130.307937,32.444215,43215,3,99999,03104,栖本河内グラウンド,栖本町河内4414-1,3,-99,9999
130.307937,32.44431,43215,3,99999,03102,栖本河内グラウンド,栖本町河内4414-1,3,-99,9999
130.276659,32.408262,43215,3,99999,03101,栖本総合グラウンド,栖本町古江153-5,3,-99,9999
130.276665,32.408162,43215,3,99999,03102,栖本総合グラウンド,栖本町古江153-5,3,-99,9999
130.276493,32.408996,43215,3,99999,03115,栖本総合グラウンドテニスコート,栖本町古江153-5,3,-99,9999
130.181797,32.366306,43215,3,99999,03109,新和体育館,新和町小宮地722,3,-99,9999
130.176352,32.314444,43215,3,99999,03109,宮南体育館,新和町小宮地10816-2,3,-99,9999
130.173724,32.390242,43215,3,99999,03109,大宮地体育館,新和町大宮地4277-1,3,-99,9999
130.148323,32.355591,43215,3,99999,03109,中石体育館,新和町中田1354,3,-99,9999
130.211854,32.358727,43215,3,99999,03109,大多尾体育館,新和町大多尾3520-1,3,-99,9999
130.15111,32.36131,43215,3,99999,03118,新和相撲場,新和町碇石957-1,3,-99,9999
130.181813,32.365342,43215,3,99999,03104,新和グラウンド,新和町小宮地713,3,-99,9999
130.159126,32.335146,43215,3,99999,03104,中田運動広場,新和町中田2270-11,3,-99,9999
130.208004955664,32.3492307246002,43215,3,99999,03109,新和Ｂ＆Ｇ海洋センター,新和町大多尾2138-3,4,-99,9999
130.207999955664,32.3491587246002,43215,3,99999,03112,新和Ｂ＆Ｇ海洋センター,新和町大多尾2138-3,4,-99,9999
130.207732,32.3489,43215,3,99999,03105,新和Ｂ＆Ｇ海洋センター,新和町大多尾2138-3,4,-99,9999
130.208302955664,32.3495778031562,43215,3,99999,03137,新和Ｂ＆Ｇ海洋センター,新和町大多尾2138-3,4,-99,9999
130.189691,32.518296,43215,3,99999,03109,五和体育館,五和町御領6816,3,-99,9999
130.186677,32.512925,43215,3,99999,03101,五和グラウンド,五和町御領2940-1,3,-99,9999
130.186677,32.512815,43215,3,99999,03102,五和グラウンド,五和町御領2940-1,3,-99,9999
130.1866,32.512094,43215,3,99999,03115,五和テニスコート,五和町御領2940-1,3,-99,9999
130.001633,32.381801,43215,3,99999,03101,天草総合運動公園グラウンド,天草町高浜北1675-1,3,-99,9999
130.001633,32.38166,43215,3,99999,03102,天草総合運動公園グラウンド,天草町高浜北1675-1,3,-99,9999
130.001633,32.38149,43215,3,99999,03103,天草総合運動公園グラウンド,天草町高浜北1675-1,3,-99,9999
130.00237,32.381319,43215,3,99999,03115,天草総合運動公園テニスコート,天草町高浜北1675-1,3,-99,9999
130.080565,32.315836,43215,3,99999,03109,河浦中央体育館,河浦町白木河内175-4,3,-99,9999
130.078371,32.305844,43215,3,99999,03109,一町田体育館,河浦町久留218-1,3,-99,9999
130.025447259439,32.316575,43215,3,99999,03109,富津体育館,河浦町﨑津1117-10,3,-99,9999
130.116829071701,32.3352820409517,43215,3,99999,03109,新合体育館,河浦町新合2000,3,-99,9999
130.13943653585,32.299638506488,43215,3,99999,03109,宮野河内体育館,河浦町宮野河内337-5,3,-99,9999
130.139136535851,32.2980869100504,43215,3,99999,03109,宮野河内第二体育館,河浦町宮野河内1161-1,3,-99,9999
130.088997,32.35582,43215,3,99999,03109,今田地域交流施設,河浦町今田3021-1,3,-99,9999
130.019469,32.326757,43215,3,99999,03109,今富地域交流施設,河浦町今富956,3,-99,9999
130.081159,32.315726,43215,3,99999,03109,河浦柔剣道場,河浦町白木河内175-4,3,-99,9999
130.081153,32.31568,43215,3,99999,03112,河浦柔剣道場,河浦町白木河内175-4,3,-99,9999
130.081153,32.31563,43215,3,99999,03120,河浦柔剣道場,河浦町白木河内175-4,3,-99,9999
130.081394116037,32.3343418763146,43215,3,99999,03121,河浦弓道場,河浦町河浦5178-1,3,-99,9999
130.12053,32.339811,43215,3,99999,03104,河浦さざんか公園運動広場,河浦町新合2144-1,3,-99,9999
130.080975,32.316645,43215,3,99999,03102,河浦総合運動場,河浦町白木河内175-21,3,-99,9999
130.081717,32.316127,43215,3,99999,03115,河浦総合運動場テニスコート,河浦町白木河内175-21,3,-99,9999
130.081403,32.316173,43215,3,99999,03118,河浦総合運動場相撲場,河浦町白木河内175-21,3,-99,9999
130.02529,32.317337,43215,3,99999,03102,富津運動場,河浦町﨑津1117-4,3,-99,9999
130.13998,32.299427,43215,3,99999,03102,宮野河内運動場,河浦町宮野河内337-6,3,-99,9999
130.199258,32.452434,43215,3,99999,03112,天草市総合武道館,東町3,3,-99,9999
130.199252,32.452356,43215,3,99999,03129,天草市総合武道館,東町3,3,-99,9999
130.199252,32.452285,43215,3,99999,03121,天草市総合武道館,東町3,3,-99,9999
130.028431,32.212965,43215,3,99999,03109,牛深総合体育館,久玉町5716-16,3,-99,9999
130.028431,32.212884,43215,3,99999,03120,牛深総合体育館,久玉町5716-16,3,-99,9999
130.028431,32.212804,43215,3,99999,03129,牛深総合体育館,久玉町5716-16,3,-99,9999
130.184667,32.456091,43215,3,99999,03109,本渡南小学校体育館,川原町4-21,3,-99,9999
130.18653,32.463045,43215,3,99999,03109,本渡北小学校体育館,浜崎町3-55,3,-99,9999
130.194346,32.439728,43215,3,99999,03109,亀川小学校体育館,亀場町亀川1620,3,-99,9999
130.237713303776,32.4601219730111,43215,3,99999,03109,志柿小学校体育館,志柿町2808,3,-99,9999
130.231067,32.423425,43215,3,99999,03109,本渡東小学校体育館,下浦町1200,3,-99,9999
130.198309,32.413366,43215,3,99999,03109,楠浦小学校体育館,楠浦町2805,3,-99,9999
130.134284044336,32.4678661568943,43215,3,99999,03109,本町小学校体育館,本町本815,3,-99,9999
130.189020955664,32.4903985980752,43215,3,99999,03109,佐伊津小学校体育館,佐伊津町2312,3,-99,9999
130.207063,32.446022,43215,3,99999,03109,瀬戸小学校体育館,志柿町6348,3,-99,9999
130.204841,32.465209,43215,3,99999,03109,本渡中学校体育館,本渡町広瀬5-110,3,-99,9999
130.204835,32.465114,43215,3,99999,03112,本渡中学校体育館武道場,本渡町広瀬5-110,3,-99,9999
130.221835071701,32.4341548499871,43215,3,99999,03109,本渡東中学校体育館,志柿町5031,3,-99,9999
130.221835071701,32.4340618499871,43215,3,99999,03112,本渡東中学校柔剣道場,志柿町5031,3,-99,9999
130.196353,32.436223,43215,3,99999,03109,稜南中学校体育館,亀場町亀川1425,3,-99,9999
130.196353,32.436155,43215,3,99999,03112,稜南中学校柔剣道場,亀場町亀川1425,3,-99,9999
130.18738,32.462792,43215,3,99999,03104,本渡北小学校グラウンド,浜崎町3-55,3,-99,9999
130.197596,32.413637,43215,3,99999,03104,楠浦小学校グラウンド,楠浦町2805,3,-99,9999
130.133375,32.467653,43215,3,99999,03104,本町小学校グラウンド,本町本815,3,-99,9999
130.017883,32.197601,43215,3,99999,03109,牛深小学校体育館,牛深町1985,3,-99,9999
130.090504607552,32.2536842995746,43215,3,99999,03109,深海小学校体育館,深海町4462-3,3,-99,9999
130.037119,32.277163,43215,3,99999,03109,二浦小学校体育館,二浦町亀浦4407-1,3,-99,9999
130.014450071701,32.2357498441181,43215,3,99999,03109,魚貫小学校体育館,魚貫町1443,3,-99,9999
130.033998,32.2206495708679,43215,3,99999,03109,久玉小学校体育館,久玉町1963,3,-99,9999
130.029217303776,32.1879896566535,43215,3,99999,03109,天附小学校体育館,牛深町3509,3,-99,9999
130.014504,32.200962,43215,3,99999,03109,牛深中学校体育館,牛深町1211-25,3,-99,9999
130.035618348112,32.2249976811931,43215,3,99999,03109,牛深東中学校体育館,久玉町2364,3,-99,9999
130.014498,32.200844,43215,3,99999,03112,牛深中学校柔剣道場,牛深町1211-25,3,-99,9999
130.090659,32.253845,43215,3,99999,03104,深海小学校グラウンド,深海町4462-3,3,-99,9999
130.01426,32.199728,43215,3,99999,03104,牛深中学校グラウンド,牛深町1211-25,3,-99,9999
130.014302,32.201193,43215,3,99999,03115,牛深中学校テニスコート,牛深町1211-25,3,-99,9999
130.034952,32.224284,43215,3,99999,03104,牛深東中学校グラウンド,久玉町2364,3,-99,9999
130.03563,32.225339,43215,3,99999,03115,牛深東中学校テニスコート,久玉町2364,3,-99,9999
130.366476464149,32.5173948347476,43215,3,99999,03109,大楠小学校体育館,有明町大浦533-1,3,-99,9999
130.301981,32.482569,43215,3,99999,03109,浦和小学校体育館,有明町上津浦551,3,-99,9999
130.257611,32.474448,43215,3,99999,03109,島子小学校体育館,有明町大島子2669,3,-99,9999
130.314219228261,32.5112700466861,43215,3,99999,03109,有明中学校体育館,有明町赤崎3383,3,-99,9999
130.314222228261,32.5111700466861,43215,3,99999,03112,有明中学校柔剣道場,有明町赤崎3383,3,-99,9999
130.257778,32.473846,43215,3,99999,03104,島子小学校グラウンド,有明町大島子2669,3,-99,9999
130.313708,32.510754,43215,3,99999,03104,有明中学校グラウンド,有明町赤崎3383,3,-99,9999
130.338888,32.341331,43215,3,99999,03109,御所浦小学校体育館,御所浦町御所浦3527-5,3,-99,9999
130.344221,32.370345,43215,3,99999,03109,御所浦北小学校体育館,御所浦町横浦537,3,-99,9999
130.344343,32.345751,43215,3,99999,03109,御所浦中学校体育館,御所浦町御所浦3215-2,3,-99,9999
130.343925,32.346855,43215,3,99999,03112,御所浦中学校柔剣道場（森田記念武道館）,御所浦町御所浦3215-2,3,-99,9999
130.33879,32.340774,43215,3,99999,03104,御所浦小学校グラウンド,御所浦町御所浦3527-5,3,-99,9999
130.343609,32.370862,43215,3,99999,03104,御所浦北小学校グラウンド,御所浦町横浦537,3,-99,9999
130.337875,32.411122,43215,3,99999,03109,倉岳小学校体育館,倉岳町棚底2091,3,-99,9999
130.335448,32.404986,43215,3,99999,03109,倉岳中学校体育館,倉岳町棚底2691,3,-99,9999
130.338475,32.411267,43215,3,99999,03104,倉岳小学校グラウンド,倉岳町棚底2091,3,-99,9999
130.275013071701,32.4213742825711,43215,3,99999,03109,栖本小学校体育館,栖本町馬場25,3,-99,9999
130.275335928299,32.4160927444218,43215,3,99999,03109,栖本中学校体育館,栖本町湯船原690-4,3,-99,9999
130.274033,32.42152,43215,3,99999,03104,栖本小学校グラウンド,栖本町馬場25,3,-99,9999
130.274683,32.415741,43215,3,99999,03104,栖本中学校グラウンド,栖本町湯船原690-4,3,-99,9999
130.180890027365,32.3629624554172,43215,3,99999,03109,新和小学校体育館,新和町小宮地620,3,-99,9999
130.179731651888,32.3664117368314,43215,3,99999,03109,新和中学校体育館,新和町小宮地1304,3,-99,9999
130.181066,32.546581,43215,3,99999,03109,御領鬼池小学校体育館,五和町鬼池1184,3,-99,9999
130.148965,32.495664,43215,3,99999,03109,城河原小学校体育館,五和町城河原3-50,3,-99,9999
130.149880071701,32.5152289791461,43215,3,99999,03109,手野小学校体育館,五和町手野1-3759,3,-99,9999
130.130376,32.54411,43215,3,99999,03109,二江小学校体育館,五和町二江3066,3,-99,9999
130.145897,32.522441,43215,3,99999,03109,五和中学校体育館,五和町手野2-2096,3,-99,9999
130.078438580187,32.3321612887616,43215,3,99999,03109,河浦小学校体育館,河浦町河浦4932-2,3,-99,9999
130.203741,32.473522,43215,3,99999,03148,本渡海水浴場,本渡町広瀬茂木根,3,-99,9999
130.030435,32.17546,43215,3,99999,03148,砂月海水浴場,牛深町砂月,3,-99,9999
130.30733,32.507153,43215,3,99999,03148,四郎ヶ浜ビーチ,有明町上津浦,3,-99,9999
130.287906709382,32.3382918679428,43215,3,99999,03148,黒島海水浴場,御所浦町黒島,3,-99,9999
130.327543,32.400777,43215,3,99999,03148,えびすビーチ,倉岳町宮田,3,-99,9999
130.191212,32.321598,43215,3,99999,03148,立海水浴場,新和町小宮地,3,-99,9999
130.19475,32.513565,43215,3,99999,03148,黒崎海水浴場,五和町御領,3,-99,9999
130.192597,32.536894,43215,3,99999,03148,若宮公園海水浴場,五和町御領,3,-99,9999
130.012952,32.313819,43215,3,99999,03148,小高浜海水浴場,河浦町﨑津,3,-99,9999
130.137707,32.275211,43215,3,99999,03148,産島海水浴場,河浦町宮野河内産島,3,-99,9999
130.386165,32.5860545033151,43212,3,99999,03148,唐船ヶ浜海水浴場,大矢野町上野釜,3,-99,9999
130.404855,32.597315,43212,3,99999,03148,弓ヶ浜海水浴場,大矢野町上大手原,3,-99,9999
130.42937,32.613412,43212,3,99999,03148,白涛海水浴場,大矢野町登立白涛,3,-99,9999
130.423759,32.525681,43212,3,99999,03148,松島海水浴場,松島町合津,3,-99,9999
130.403461,32.543362,43212,3,99999,03148,パールサンビーチ（樋合海水浴場）,松島町合津,4,-99,9999
130.405826,32.515109,43212,3,99999,03148,カームビーチ（西目海水浴場）,松島町合津,4,-99,9999
130.417699,32.439962,43212,3,99999,03148,小島海水浴場,姫戸町姫浦,4,-99,9999
130.417794,32.439866,43212,3,99999,03142,小島公園キャンプ場,姫戸町姫浦,4,-99,9999
130.405914,32.42358,43212,3,99999,03148,諏訪海水浴場,姫戸町二間戸273,4,-99,9999
130.406883,32.423665,43212,3,99999,03142,諏訪公園キャンプ場,姫戸町二間戸273,4,-99,9999
130.40096,32.396982,43212,3,99999,03148,高戸海水浴場,龍ヶ岳町高戸,3,-99,9999
130.791058,32.886608,43216,3,99999,03109,合志市総合体育館,福原2922,3,-99,9999
130.791052,32.886523,43216,3,99999,03129,合志市総合体育館,福原2922,3,-99,9999
130.768706,32.869494,43216,3,99999,03109,泉ヶ丘体育館,豊岡2526-9,3,-99,9999
130.774352,32.907983,43216,3,99999,03109,栄体育館,栄1230-1,3,-99,9999
130.789721,32.888754,43216,3,99999,03112,合志市武道館,幾久富1450-3,3,-99,9999
130.761482,32.920236,43216,3,99999,03104,合生グラウンド,合生1261-6,3,-99,9999
130.734413,32.892462,43216,3,99999,03102,中央運動公園グラウンド,野々島5500,3,-99,9999
130.734413,32.892352,43216,3,99999,03103,中央運動公園グラウンド,野々島5500,3,-99,9999
130.734413,32.892242,43216,3,99999,03138,中央運動公園グラウンド,野々島5500,3,-99,9999
130.748413,32.867107,43216,3,99999,03103,みずき台グラウンド,須屋2811-2,3,-99,9999
130.792279,32.89515,43216,3,99999,03104,合志小跡グラウンド,幾久富1290,3,-99,9999
130.749253,32.868276,43216,3,99999,03115,みずき台テニスコート,須屋2811-38,3,-99,9999
130.743344,32.898443,43216,3,99999,03109,西合志体育館,野々島4440,3,-99,9999
130.743344,32.898323,43216,3,99999,03110,西合志体育館,野々島4440,3,-99,9999
130.804182,32.889274,43216,3,99999,03102,福原グラウンド,福原1027,3,-99,9999
130.733072,32.859563,43216,3,99999,03109,妙泉寺体育館,須屋1957,3,-99,9999
130.733919,32.918562,43216,3,99999,03104,上生グラウンド,上生100,3,-99,9999
130.763817,32.908454,43216,3,99999,03104,合志市総合運動公園,合生3917-3,3,-99,9999
130.762492,32.908728,43216,3,99999,03102,合志市総合運動公園,合生3917-3,3,-99,9999
130.763253,32.909881,43216,3,99999,03121,合志市総合運動公園,合生3917-3,3,-99,9999
130.762706,32.909821,43216,3,99999,03115,合志市総合運動公園,合生3917-3,3,-99,9999
130.744562,32.872177,43216,3,99999,03102,黒石公園グラウンド,須屋2776-1,3,-99,9999
130.768791,32.900896,43216,3,99999,03102,栄グラウンド,栄2295-138,3,-99,9999
130.768791,32.900786,43216,3,99999,03103,栄グラウンド,栄2295-138,3,-99,9999
130.768369,32.900223,43216,3,99999,03138,栄グラウンド,栄2295-138,3,-99,9999
130.768319,32.869282,43216,3,99999,03115,泉ヶ丘テニスコート,豊岡2526-9,3,-99,9999
130.809153099066,32.6332080000381,43348,3,99999,03109,美里町総合体育館,萱野745,3,-99,9999
130.809153099066,32.6331330000381,43348,3,99999,03116,美里町総合体育館,萱野745,3,-99,9999
130.809153099066,32.6330660000381,43348,3,99999,03112,美里町総合体育館,萱野745,3,-99,9999
130.902737,32.631206,43348,3,99999,03104,美里町総合運動公園,畝野3701-1,3,-99,9999
130.904668,32.631571,43348,3,99999,03115,美里町総合運動公園,畝野3701-1,3,-99,9999
130.792241,32.646391,43348,3,99999,03102,町営球技場,馬場544,3,-99,9999
130.905334,32.632025,43348,3,99999,03138,砥用屋内ゲートボール場,畝野3701-1,3,-99,9999
130.864564187738,32.6166268742835,43348,3,99999,03116,スポーツセンター（美里ドーム）,永富1517,3,-99,9999
130.864564187738,32.6165338742835,43348,3,99999,03138,スポーツセンター（美里ドーム）,永富1517,3,-99,9999
130.868249,32.619798,43348,3,99999,03109,砥用中学校,原町330,3,-99,9999
130.868249,32.619736,43348,3,99999,03112,砥用中学校,原町330,3,-99,9999
130.867251,32.619663,43348,3,99999,03104,砥用中学校,原町330,3,-99,9999
130.871104,32.619444,43348,3,99999,03109,砥用小学校,土喰330,3,-99,9999
130.870421,32.619855,43348,3,99999,03104,砥用小学校,土喰330,3,-99,9999
130.831959,32.616647,43348,3,99999,03104,農山村広場,坂貫759,3,-99,9999
130.866938580187,32.617340096199,43348,3,99999,03109,勤労者体育センター,永富1629,3,-99,9999
130.799758,32.631378,43348,3,99999,03104,カントリーパーク,中郡1887,3,-99,9999
130.800792,32.631678,43348,3,99999,03115,カントリーパーク,中郡1887,3,-99,9999
130.903581,32.631824,43348,3,99999,03109,美里町砥用Ｂ＆Ｇ海洋センター,畝野3701-1,3,-99,9999
130.904139,32.631762,43348,3,99999,03105,美里町砥用Ｂ＆Ｇ海洋センター,畝野3701-1,3,-99,9999
130.903712,32.630586,43348,3,99999,03137,美里町砥用Ｂ＆Ｇ海洋センター,畝野3701-1,3,-99,9999
130.802902,32.633891,43348,3,99999,03138,中央屋内ゲートボール場,萱野1580,3,-99,9999
130.808322,32.634218,43348,3,99999,03104,中央中学校,萱野810,3,-99,9999
130.791528116037,32.6461099378659,43348,3,99999,03109,中央小学校,馬場537-1,3,-99,9999
130.791979,32.645139,43348,3,99999,03104,中央小学校,馬場537-1,3,-99,9999
130.919077839626,32.6396459930382,43348,3,99999,03109,励徳小学校,畝野1944,3,-99,9999
130.919102,32.639206,43348,3,99999,03104,励徳小学校,畝野1944,3,-99,9999
130.925639,32.594606,43348,3,99999,03142,柏川キャンプ場,柏川,3,-99,9999
130.462851,32.915605,43368,3,99999,03109,長洲町総合スポーツセンター,姫ヶ浦1,0,-99,9999
130.462851,32.915538,43368,3,99999,03112,長洲町総合スポーツセンター,姫ヶ浦1,0,-99,9999
130.462851,32.915486,43368,3,99999,03129,長洲町総合スポーツセンター,姫ヶ浦1,0,-99,9999
130.461514,32.913708,43368,3,99999,03105,長洲町総合スポーツセンター,姫ヶ浦1,0,-99,9999
130.462839,32.914508,43368,3,99999,03104,長洲町総合スポーツセンター,姫ヶ浦1,0,-99,9999
130.462506,32.913191,43368,3,99999,03115,長洲町総合スポーツセンター,姫ヶ浦1,0,-99,9999
130.461089,32.914019,43368,3,99999,03121,長洲町総合スポーツセンター,姫ヶ浦1,0,-99,9999
130.612622,32.987073,43369,3,99999,03109,和水町体育館,前原437-1,3,-99,9999
130.612234187738,32.986617936113,43369,3,99999,03109,和水町ふれあい会館,前原440-1,3,-99,9999
130.612234187738,32.986562936113,43369,3,99999,03120,和水町ふれあい会館,前原440-1,3,-99,9999
130.612234187738,32.986507936113,43369,3,99999,03112,和水町ふれあい会館,前原440-1,3,-99,9999
130.612372187738,32.9867599367006,43369,3,99999,03121,和水町弓道場,前原438-1,3,-99,9999
130.61404,32.989645,43369,3,99999,03101,和水町総合グラウンド,原口1321,3,-99,9999
130.614028,32.989426,43369,3,99999,03102,和水町総合グラウンド,原口1321,3,-99,9999
130.614017,32.989226,43369,3,99999,03103,和水町総合グラウンド,原口1321,3,-99,9999
130.863681,32.881,43403,3,99999,03109,大津地区公民館分館,室2042-35,3,-99,9999
130.921446,32.913586,43403,3,99999,03109,野外活動等研修センター（みどり館）,真木136,3,-99,9999
130.921226,32.913247,43403,3,99999,03104,野外活動等研修センター（みどり館）,真木136,3,-99,9999
130.881931812262,32.91739,43403,3,99999,03109,大津町矢護川コミュニティセンター（ふれあいセンター矢護川）,矢護川476,3,-99,9999
130.881539,32.91707,43403,3,99999,03104,大津町矢護川コミュニティセンター（ふれあいセンター矢護川）,矢護川476,3,-99,9999
130.898625,32.874126,43403,3,99999,03101,大津町運動公園,大字森1000,3,-99,9999
130.898601,32.872949,43403,3,99999,03104,大津町運動公園,大字森1000,3,-99,9999
130.89683,32.873857,43403,3,99999,03103,大津町運動公園,大字森1000,3,-99,9999
130.894554,32.872712,43403,3,99999,03121,大津町運動公園,大字森1000,3,-99,9999
130.896931,32.87504,43403,3,99999,03109,総合体育館,大字森1000,3,-99,9999
130.896937,32.87495,43403,3,99999,03120,総合体育館,大字森1000,3,-99,9999
130.896925,32.87484,43403,3,99999,03129,総合体育館,大字森1000,3,-99,9999
130.929495,32.926105,43403,3,99999,03142,陽の原キャンプ場,大字真木弥護山1495-1,3,-99,9999
130.868422,32.878158,43403,3,99999,03104,大津町町民グラウンド,大津2035,3,-99,1974
130.868425,32.878094,43403,3,99999,03102,大津町町民グラウンド,大津2035,3,-99,1974
130.868428,32.878026,43403,3,99999,03103,大津町町民グラウンド,大津2035,3,-99,1974
130.868431,32.877956,43403,3,99999,03138,大津町町民グラウンド,大津2035,3,-99,1974
130.868094,32.874002,43403,3,99999,03115,大津町町民テニスコート,室367（大津中学校隣接）,3,-99,1992
130.870237,32.874466,43403,3,99999,03111,大津町武道館,大津1267（大津中学校隣接）,3,-99,1976
130.906863,32.870759,43403,3,99999,03102,大津町山村広場,吹田570,3,-99,1928
130.907618,32.870749,43403,3,99999,03115,大津町山村広場,吹田570,3,-99,1928
130.911923,32.870216,43403,3,99999,03109,菊阿体育館,大林802-2,3,-99,1979
130.849384,32.904957,43403,3,99999,03102,杉水グラウンド,杉水2988（杉水公園内）,3,-99,1986
130.849384,32.904872,43403,3,99999,03104,杉水グラウンド,杉水2988（杉水公園内）,3,-99,1986
130.914496,32.894342,43403,3,99999,03102,高尾野公園グラウンド,高尾野272-28（高尾野公園内）,3,-99,1992
130.914496,32.894432,43403,3,99999,03104,高尾野公園グラウンド,高尾野272-28（高尾野公園内）,3,-99,1992
130.855842,32.881436,43403,3,99999,03115,昭和園テニスコート,室1234（昭和園公園内）,3,-99,2008
130.827082,32.8632,43404,3,99999,03101,菊陽町民総合運動場,久保田2598,3,-99,9999
130.827082,32.863095,43404,3,99999,03102,菊陽町民総合運動場,久保田2598,3,-99,9999
130.828651,32.86127,43404,3,99999,03109,菊陽町民体育館,久保田2598,3,-99,9999
130.828651,32.86119,43404,3,99999,03120,菊陽町民体育館,久保田2598,3,-99,9999
130.998245,32.870249,43433,3,99999,03102,長陽運動公園,大字河陽4320-1,3,-99,9999
130.987259,32.878962,43433,3,99999,03142,南阿蘇村碧流キャンプ場,河陽4884,3,-99,9999
130.801122,32.715882,43441,3,99999,03109,御船町スポーツセンター,大字木倉1176-1,3,-99,9999
130.801122,32.715812,43441,3,99999,03112,御船町スポーツセンター,大字木倉1176-1,3,-99,9999
130.754207,32.756365,43442,3,99999,03102,嘉島町総合運動公園野球場,大字下六嘉1559-2,3,-99,9999
130.756189,32.741448,43442,3,99999,03109,嘉島町民体育館,上島926,3,-99,9999
130.756348,32.742198,43442,3,99999,03103,嘉島町スポーツ交流広場,上島879,3,-99,9999
130.756522,32.731102,43442,3,99999,03104,嘉島町営運動場,上島2996,3,-99,9999
130.756522,32.731007,43442,3,99999,03102,嘉島町営運動場,上島2996,3,-99,9999
130.817627,32.785156,43443,3,99999,03104,益城町町民グラウンド,宮園302,3,-99,9999
130.816813,32.785651,43443,3,99999,03118,益城町町民グラウンド,宮園302,3,-99,9999
130.816079,32.791899,43443,3,99999,03109,益城町町民体育館,宮園702,3,-99,9999
130.82439,32.787025,43443,3,99999,03101,益城町陸上競技場,木山236,3,-99,9999
130.822851,32.78691,43443,3,99999,03115,益城町テニスコート,木山236,3,-99,9999
130.826036,32.775154,43443,3,99999,03102,益城町飯野町民グラウンド,赤井1822,3,-99,9999
130.849438,32.806391,43443,3,99999,03102,益城町津森町民グラウンド,田原531,3,-99,9999
130.837871,32.787235,43443,3,99999,03102,益城町福田町民グラウンド,福原1126,3,-99,9999
130.791181,32.785011,43443,3,99999,03104,広安町民第１グラウンド（旧山本山）,広崎1160-1,3,-99,9999
130.791184,32.784904,43443,3,99999,03138,広安町民第１グラウンド（旧山本山）,広崎1160-1,3,-99,9999
130.799167,32.78821,43443,3,99999,03138,広安町民第２グラウンド（惣領）,惣領1622,3,-99,9999
130.844196,32.651319,43444,3,99999,03142,井戸江峡キャンプ場（休業中）,大字安平字井戸江872-2,3,-99,9999
130.861598,32.652304,43444,3,99999,03142,川平キャンプ場,大字坂谷字川平20,3,-99,9999
130.786576,32.697734,43444,3,99999,03103,緑川グラウンド,白旗92,3,-99,9999
130.800633,32.696038,43444,3,99999,03102,白旗グラウンド,早川2100,3,-99,9999
130.811595,32.657153,43444,3,99999,03102,甲佐高校グラウンド,横田333,3,-99,9999
130.818281,32.666187,43444,3,99999,03104,甲佐中学校グラウンド,中横田300,3,-99,9999
130.818014,32.665724,43444,3,99999,03115,甲佐中学校庭球場,中横田300,3,-99,9999
130.818706,32.667353,43444,3,99999,03109,甲佐町農林漁業者トレーニングセンター,大字中横田429,3,-99,9999
130.809952,32.647751,43444,3,99999,03109,甲佐町立甲佐小学校,大字豊内613-1,3,-99,9999
130.817293116037,32.6740289713187,43444,3,99999,03109,甲佐町立龍野小学校,大字上早川1220,3,-99,9999
130.781619911327,32.6853079831966,43444,3,99999,03109,甲佐町立乙女小学校,大字津志田3073,3,-99,9999
130.787855071701,32.6978890009801,43444,3,99999,03109,甲佐町立白旗小学校,大字白旗50,3,-99,9999
130.817568,32.666639,43444,3,99999,03109,甲佐町立甲佐中学校,大字中横田300,3,-99,9999
130.989090771739,32.6945430912881,43447,3,99999,03109,矢部中学校体育館,城平527,3,-99,9999
130.989191655702,32.6930470816617,43447,3,99999,03104,矢部中学校グラウンド,城平527,3,-99,9999
130.981969696224,32.682416,43447,3,99999,03109,矢部小学校体育館,下馬尾70,3,-99,9999
130.982468,32.683071,43447,3,99999,03104,矢部小学校グラウンド,下馬尾70,3,-99,9999
130.989,32.675734,43447,3,99999,03104,中央グラウンド,長原739,3,-99,9999
130.926565,32.670763,43447,3,99999,03104,下矢部西部グラウンド,猿渡1850,3,-99,9999
130.991321,32.682426,43447,3,99999,03109,中央体育館,下市168,3,-99,9999
130.991321,32.682339,43447,3,99999,03112,中央体育館,下市168,3,-99,9999
130.991315,32.682251,43447,3,99999,03120,中央体育館,下市168,3,-99,9999
130.928499839626,32.732217,43447,3,99999,03109,中島体育館,北中島2536,3,-99,9999
130.928499839626,32.73207,43447,3,99999,03112,中島体育館,北中島2536,3,-99,9999
130.928499839626,32.732142,43447,3,99999,03120,中島体育館,北中島2536,3,-99,9999
130.986343,32.679361,43447,3,99999,03109,浜町体育館,千滝238,3,-99,9999
130.926586088673,32.6710759587312,43447,3,99999,03109,下矢部西部体育館,猿渡1850,3,-99,9999
130.968145,32.662692,43447,3,99999,03109,下矢部東部体育館,白小野168,3,-99,9999
130.914402419813,32.7111139978915,43447,3,99999,03109,中島南部体育館,島木5512,3,-99,9999
130.947414767925,32.7310910590325,43447,3,99999,03109,中島東部体育館,金内188,3,-99,9999
130.900534883963,32.7387970207112,43447,3,99999,03109,中島西部体育館,北中島1717,3,-99,9999
130.993623187738,32.6674939923847,43447,3,99999,03109,白糸第一体育館,新小886,3,-99,9999
130.976183,32.635737,43447,3,99999,03109,白糸第三体育館,目丸2472,3,-99,9999
130.674088,32.583548,43468,3,99999,03109,竜北体育センター,島地651,3,-99,9999
130.674082,32.583433,43468,3,99999,03120,竜北体育センター,島地651,3,-99,9999
130.679383,32.554036,43468,3,99999,03109,宮原体育館,宮原690-2,3,-99,9999
130.679383,32.553961,43468,3,99999,03120,宮原体育館,宮原690-2,3,-99,9999
130.685204,32.55169,43468,3,99999,03102,桜ヶ丘グラウンド,宮原1019,3,-99,9999
130.678294,32.577934,43468,3,99999,03104,竜北グラウンド,野津3134,3,-99,9999
130.674771,32.583339,43468,3,99999,03116,氷川町屋内ゲートボール場,島地636-1,3,-99,9999
130.674765,32.583254,43468,3,99999,03138,氷川町屋内ゲートボール場,島地636-1,3,-99,9999
130.500448,32.301727,43482,3,99999,03109,芦北町民総合センター（しろやまスカイドーム）,大字花岡1705-1,3,-99,9999
130.500448,32.301611,43482,3,99999,03120,芦北町民総合センター（しろやまスカイドーム）,大字花岡1705-1,3,-99,9999
130.501797,32.301978,43482,3,99999,03121,芦北町立弓道場,大字花岡1705-1,3,-99,9999
130.501607,32.302314,43482,3,99999,03115,芦北町立テニスコート,大字花岡1705-1,3,-99,9999
130.502005,32.302327,43482,3,99999,03122,芦北町立アーチェリー場,大字花岡1705-1,3,-99,9999
130.498916,32.301122,43482,3,99999,03102,芦北町地域間交流スポーツグラウンド,大字花岡1560,3,-99,9999
130.498928,32.301243,43482,3,99999,03138,芦北町地域間交流スポーツグラウンド,大字花岡1560,3,-99,9999
130.502433,32.272446,43482,3,99999,03105,芦北町営温泉プール,大字湯浦259,3,-99,9999
130.502463,32.271853,43482,3,99999,03102,芦北町営湯浦運動公園,大字湯浦259,3,-99,9999
130.502457,32.271722,43482,3,99999,03138,芦北町営湯浦運動公園,大字湯浦259,3,-99,9999
130.50803,32.364815,43482,3,99999,03102,芦北町営田浦運動場,大字田浦町653,3,-99,9999
130.50803,32.364714,43482,3,99999,03138,芦北町営田浦運動場,大字田浦町653,3,-99,9999
130.506382,32.360562,43482,3,99999,03104,芦北町営岩崎グラウンド,大字田浦町488-4,3,-99,9999
130.491407,32.363795,43482,3,99999,03115,御立岬テニスコート,田浦町太田145,3,-99,9999
130.489113,32.364156,43482,3,99999,03148,御立岬海水浴場,田浦町太田145,3,-99,9999
130.470936,32.318082,43482,3,99999,03148,鶴ヶ浜海水浴場,大字鶴木山,3,-99,9999
130.469106,32.324529,43482,3,99999,03148,芦北マリンパークビーチ,大字鶴木山,3,-99,9999
130.493439,32.361079,43482,3,99999,03142,御立岬キャンプ場,田浦町太田145,3,-99,9999
130.839719,32.202551,43501,3,99999,03101,錦町民グラウンド,大字一武1549-1,3,-99,9999
130.839719,32.20237,43501,3,99999,03104,錦町民グラウンド,大字一武1549-1,3,-99,9999
130.841284,32.206763,43501,3,99999,03104,国体記念運動公園,大字一武1430-1,3,-99,9999
130.839372,32.20349,43501,3,99999,03109,勤労者体育センター,一武1930,3,-99,9999
130.839107651888,32.203116,43501,3,99999,03112,錦町武道館,大字一武1923,3,-99,9999
130.839114651888,32.203033,43501,3,99999,03121,錦町弓道場,大字一武,3,-99,9999
130.851652,32.207186,43501,3,99999,03118,錦町相撲場,大字一武,3,-99,9999
130.820701696224,32.1988865604707,43501,3,99999,03109,西小学校,西1132,3,-99,9999
130.820024,32.198696,43501,3,99999,03104,西小学校,西1132,3,-99,9999
130.842660624523,32.1987292241534,43501,3,99999,03109,一武小学校,一武2658,3,-99,9999
130.842827,32.197533,43501,3,99999,03104,一武小学校,一武2658,3,-99,9999
130.840404696224,32.2272594756786,43501,3,99999,03109,木上小学校,木上北2737,3,-99,9999
130.841023,32.227239,43501,3,99999,03104,木上小学校,木上北2737,3,-99,9999
130.829463,32.201405,43501,3,99999,03109,錦中学校,一武1115,3,-99,9999
130.830545,32.200932,43501,3,99999,03104,錦中学校,一武1115,3,-99,9999
130.997353,32.272491,43506,3,99999,03109,湯前町Ｂ＆Ｇ海洋センター,1693-2,4,-99,9999
130.998571,32.271709,43506,3,99999,03102,湯前町町民グランド,字潮山1588-1,4,-99,9999
130.998571,32.271589,43506,3,99999,03103,湯前町町民グランド,字潮山1588-1,4,-99,9999
130.998987,32.270649,43506,3,99999,03115,湯前町町民グランド,字潮山1588-1,4,-99,9999
130.99664,32.272902,43506,3,99999,03105,湯前町Ｂ＆Ｇ海洋センター,1693-2,4,-99,9999
130.797253,32.235662,43510,3,99999,03109,相良村総合体育館,大字深水2493-1,3,-99,9999
130.797253,32.235561,43510,3,99999,03112,相良村総合体育館,大字深水2493-1,3,-99,9999
130.843814856598,32.2904584588921,43510,3,99999,03109,林業総合センター,大字四浦東2076,3,-99,9999
130.797749651888,32.2166807839852,43510,3,99999,03109,柳瀬構造改善センター,大字柳瀬377,3,-99,9999
130.847656651888,32.3048969114186,43510,3,99999,03109,生涯学習センター,大字四浦東2694-1,3,-99,9999
130.836631,32.34128,43510,3,99999,03109,上四浦集落センター,大字四浦西4522-2,3,-99,9999
130.797253,32.235451,43510,3,99999,03121,相良村弓道場,大字深水2493-1,3,-99,9999
130.795242,32.23632,43510,3,99999,03102,相良村運動公園,大字深水2500-7,3,-99,9999
130.827029,32.265845,43510,3,99999,03109,川辺構造改善センター,大字川辺2491,3,-99,9999
130.798281,32.238177,43510,3,99999,03109,相良中学校,深水2130,3,-99,9999
130.803829,32.239342,43510,3,99999,03109,相良南小学校,深水2012,3,-99,9999
130.843297,32.302139,43510,3,99999,03109,相良北小学校,四浦東2449,3,-99,9999
130.825361,32.398457,43511,3,99999,03104,五木中学校,甲2913-1,3,-99,9999
130.826736,32.401139,43511,3,99999,03104,五木東小学校,甲字3374-51,3,-99,9999
130.861632348112,32.4133123225196,43511,3,99999,03109,三浦体育館,甲字嶽4797-3,3,-99,9999
130.861769,32.413759,43511,3,99999,03104,三浦グラウンド,甲字嶽4797-3,3,-99,9999
130.923281,32.39192,43511,3,99999,03109,下梶原体育館,甲字下梶原4263-10,3,-99,9999
130.923257,32.39184,43511,3,99999,03104,下梶原グラウンド,甲字下梶原4263-10,3,-99,9999
130.838195044336,32.4775791751119,43511,3,99999,03109,平沢津体育館,甲字椎葉6404-4,3,-99,9999
130.775624,32.445297,43511,3,99999,03109,小鶴体育館,甲字小鶴321-2,3,-99,9999
130.7756,32.445417,43511,3,99999,03104,小鶴グラウンド,甲字小鶴321-2,3,-99,9999
130.857640883963,32.4413787565742,43511,3,99999,03109,宮園体育館,甲字宮園5667,3,-99,9999
130.857605,32.442081,43511,3,99999,03104,宮園グラウンド,甲字宮園5667,3,-99,9999
130.748485160374,32.258372592608,43512,3,99999,03109,自然休養村管理センター,大字万江甲912,3,-99,9999
130.747272,32.303974,43512,3,99999,03109,屋形多目的集会施設,大字万江乙633,3,-99,9999
130.746999,32.304255,43512,3,99999,03104,屋形多目的集会施設,大字万江乙633,3,-99,9999
130.746975,32.304115,43512,3,99999,03142,屋形多目的集会施設,大字万江乙633,3,-99,9999
130.778277,32.323933,43512,3,99999,03142,尾寄崎キャンプ場,大字山田戊1116,3,-99,9999
130.768823,32.24991,43512,3,99999,03104,山江村中央グラウンド,大字山田丁10,3,-99,9999
130.745383,32.249192,43512,3,99999,03102,山江村ゲートボール場,万江,4,-99,9999
130.755143,32.257069,43512,3,99999,03104,丸岡公園農村広場,大字万江甲675-3,3,-99,9999
130.766654,32.245914,43512,3,99999,03109,山江村体育館,大字山田甲1353-1,3,-99,9999
130.704793,32.236135,43513,3,99999,03104,球磨村総合運動公園,大字渡,3,-99,9999
130.704793,32.236004,43513,3,99999,03102,球磨村総合運動公園,大字渡,3,-99,9999
130.705937,32.271506,43513,3,99999,03104,立野分館,大字渡3526,3,-99,9999
130.641751,32.295241,43513,3,99999,03109,高沢分館,大字神瀬丁548,3,-99,9999
130.641264,32.294799,43513,3,99999,03104,高沢分館,大字神瀬丁548,3,-99,9999
130.657171071701,32.3434627993707,43513,3,99999,03109,川島分館,大字神瀬丙1293,3,-99,9999
130.656571,32.343543,43513,3,99999,03104,川島分館,大字神瀬丙1293,3,-99,9999
130.646849607551,32.2462119822506,43513,3,99999,03109,球磨中学校,大字一勝地丙123,3,-99,9999
130.646855607551,32.2461319822506,43513,3,99999,03112,球磨中学校,大字一勝地丙123,3,-99,9999
130.645905,32.245915,43513,3,99999,03104,球磨中学校,大字一勝地丙123,3,-99,9999
130.646695,32.2458757971042,43513,3,99999,03115,球磨中学校,大字一勝地丙123,3,-99,9999
130.647007651888,32.2479856460416,43513,3,99999,03109,一勝地小学校,大字一勝地丙65,3,-99,9999
130.692973,32.240365,43513,3,99999,03109,渡小学校,大字渡乙1836,3,-99,9999
130.692616,32.239797,43513,3,99999,03104,渡小学校,大字渡乙1836,3,-99,9999
130.61324653585,32.3138324755777,43513,3,99999,03109,旧神瀬小学校,大字神瀬乙25,3,-99,9999
130.612819,32.314365,43513,3,99999,03104,旧神瀬小学校,大字神瀬乙25,3,-99,9999
130.643112,32.187308,43513,3,99999,03109,旧一勝地第二小学校俣口分校,大字一勝地甲1840-4,3,-99,9999
130.910481,32.221103,43514,3,99999,03109,あさぎり町上総合運動公園,上東128-2,3,-99,9999
130.909792,32.221437,43514,3,99999,03112,あさぎり町上総合運動公園,上東128-2,3,-99,9999
130.911123,32.220605,43514,3,99999,03104,あさぎり町上総合運動公園,上東128-2,3,-99,9999
130.905858,32.222465,43514,3,99999,03102,あさぎり町上総合運動公園,上東128-2,3,-99,9999
130.90956,32.220741,43514,3,99999,03115,あさぎり町上総合運動公園,上東128-2,3,-99,9999
130.899229,32.241116,43514,3,99999,03104,あさぎり町免田総合体育センター,免田東1989-3,3,-99,9999
130.899229,32.240875,43514,3,99999,03102,あさぎり町免田総合体育センター,免田東1989-3,3,-99,9999
130.877603,32.250551,43514,3,99999,03109,あさぎり町高山運動公園,深田東1308,3,-99,9999
130.87695,32.252491,43514,3,99999,03104,あさぎり町高山運動公園,深田東1308,3,-99,9999
130.87695,32.25236,43514,3,99999,03102,あさぎり町高山運動公園,深田東1308,3,-99,9999
130.877889,32.251627,43514,3,99999,03115,あさぎり町高山運動公園,深田東1308,3,-99,9999
130.878186,32.25218,43514,3,99999,03118,あさぎり町高山運動公園,深田東1308,3,-99,9999
130.866375,32.224409,43514,3,99999,03105,あさぎり町Ｂ＆Ｇ海洋センタープール,免田西3003-70,4,-99,9999
130.05648,32.503104,43531,3,99999,03105,苓北町温泉プール,志岐1259-3,0,-99,9999
130.027221,32.520959,43531,3,99999,03142,白岩崎キャンプ場,富岡字鳥帽子崎2018-1,3,-99,9999
130.031166,32.521344,43531,3,99999,03148,富岡海水浴場,富岡字権現山地先,3,-99,9999
130.054343044336,32.5039837782716,43531,3,99999,03109,苓北町体育センター,志岐1220-2,3,-99,9999
130.054343044336,32.5039037782716,43531,3,99999,03120,苓北町体育センター,志岐1220-2,3,-99,9999
130.054337044336,32.5038237782716,43531,3,99999,03115,苓北町体育センター,志岐1220-2,3,-99,9999
130.05446746415,32.5033577776573,43531,3,99999,03112,苓北町総合武道館,志岐1220-2,3,-99,9999
130.05444346415,32.5032217776573,43531,3,99999,03113,苓北町総合武道館,志岐1220-2,3,-99,9999
130.053861,32.503688,43531,3,99999,03115,苓北町庭球コート,志岐1220-2,3,-99,9999
130.054449320747,32.504425,43531,3,99999,03118,苓北町相撲場,志岐1220-2,3,-99,9999
130.055573,32.504352,43531,3,99999,03104,苓北町農村運動広場,志岐1220-2,3,-99,9999
130.262238,32.738246,42213,3,03001,03001,雲仙ビードロ美術館,小浜町雲仙320,4,-99,2001
130.375958,32.743425,42203,3,03002,03002,雲仙岳災害記念館,平成町1-1,2,-99,2002
130.367279,32.789222,42203,3,03002,03002,島原城キリシタン史料館,城内1-1183-1,3,5,1964
130.04942,32.842887,42204,3,03002,03002,諫早市郷土館,西小路町774-1,3,3,1982
130.206411,32.725751,42213,3,03002,03002,雲仙市小浜歴史資料館,小浜町北本町923-1,3,-99,2000
130.195774,32.605216,42214,3,03002,03002,口之津歴史民俗資料館・海の資料館,口之津町甲16-7,3,-99,1981
130.230989,32.640615,42214,3,03002,03002,西望記念館「西望生誕之家」,南有馬町丙393-1,3,-99,1985
130.367854,32.788204,42203,3,03003,03003,島原図書館,城内1-1202,3,-99,9999
130.336579,32.847593,42203,3,03003,03003,島原市有明図書館,有明町大三東戊1382,3,-99,9999
130.116037,32.824749,42204,3,03003,03003,諫早市立森山図書館,森山町慶師野1950-1,3,-99,9999
130.024345,32.846108,42204,3,03003,03003,諫早市立西諫早図書館,山川町1-3,3,-99,9999
130.052803,32.842635,42204,3,03003,03003,諫早市立諫早図書館,東小路町6-30,3,-99,9999
130.302053,32.873364,42213,3,03003,03003,雲仙市図書館,国見町土黒甲1079-1,3,-99,9999
130.164172,32.633219,42214,3,03003,03003,南島原市加津佐図書館,加津佐町己3392,3,-99,9999
130.187468,32.612729,42214,3,03003,03003,南島原市口之津図書館,口之津町丙2092-1,3,-99,9999
130.29233,32.656084,42214,3,03003,03003,南島原市西有家図書館,西有家町須川493-3,3,-99,9999
130.306759,32.663528,42214,3,03003,03003,南島原市有家図書館,有家町山川131-1,3,-99,9999
130.245894,32.633204,42214,3,99999,03003,南島原市原城図書館,南有馬町乙1314-1,3,-99,9999
130.353259,32.717749,42214,3,99999,03003,南島原市深江図書館,深江町丁2260,3,-99,9999
130.336971,32.848034,42203,3,99999,03003,有明図書館「こんね」,有明町大三東戊1382（有明総合文化会館内）,3,-99,9999
130.029804,32.860298,42204,3,99999,03003,長崎ウエスレヤン大学附属図書館,西栄田町1212-1,4,-99,9999
130.359325,32.7747,42203,3,99999,03101,島原総合運動公園,上の原3-5643-7,3,-99,9999
130.358826,32.776683,42203,3,99999,03102,島原総合運動公園,上の原3-5643-7,3,-99,9999
130.360501,32.775184,42203,3,99999,03115,島原総合運動公園,上の原3-5643-7,3,-99,9999
130.376434187738,32.7830230717015,42203,3,99999,03109,市体育館,弁天町2-7295-1,3,-99,9999
130.375432,32.782791,42203,3,99999,03121,弓道場,弁天町2-7358,3,-99,9999
130.376337,32.781786,42203,3,99999,03118,霊丘公園相撲場,弁天町2-7330-5,3,-99,9999
130.376344,32.781728,42203,3,99999,03119,霊丘公園室内相撲場,弁天町2-7330-1,3,-99,9999
130.376857,32.782184,42203,3,99999,03104,霊丘公園広場,弁天町2-7330-1,3,-99,9999
130.377637,32.783273,42203,3,99999,03105,温水プール,弁天町2-7247-40,3,-99,9999
130.374963,32.782144,42203,3,99999,03115,霊丘公園庭球場,弁天町2-7344-1,3,-99,9999
130.336375,32.847072,42203,3,99999,03109,有明体育館,有明町大三東戊1438-1,3,-99,9999
130.336387,32.846977,42203,3,99999,03121,有明体育館,有明町大三東戊1438-1,3,-99,9999
130.374545,32.746911,42203,3,99999,03104,平成町多目的広場,平成町2-1,3,-99,9999
130.37508,32.745607,42203,3,99999,03109,島原復興アリーナ,平成町2-1,3,-99,9999
130.361353,32.759563,42203,3,99999,03104,安中運動広場,新湊2-1692-4,3,-99,9999
130.335377,32.793356,42203,3,99999,03104,杉谷運動広場,宇土町乙1337,3,-99,9999
130.317885,32.803097,42203,3,99999,03104,三会ふれあい運動広場,広高野町甲1265-5,3,-99,9999
130.300341,32.818003,42203,3,99999,03104,有明の森運動広場,有明町湯江丁3621-1,3,-99,9999
130.338255,32.857031,42203,3,99999,03104,有明大野浜運動場,有明町大三東戊656-1,3,-99,9999
130.335763,32.84726,42203,3,99999,03109,有明農業者トレーニング,有明町大三東戊1445,3,-99,9999
130.334379,32.845513,42203,3,99999,03105,有明プール,有明町大三東戊1445,3,-99,9999
130.375424,32.782862,42203,3,99999,03112,有馬武道館,弁天町2-7247-40,3,-99,9999
130.377916,32.779848,42203,3,99999,03129,れいなん会館,霊南1-18-4,3,-99,9999
130.335474,32.847142,42203,3,99999,03112,有明青少年武道館,有明町大三東戊1450,3,-99,9999
130.366486,32.792445,42203,3,99999,03109,第一小学校,城内1-1129,3,-99,9999
130.365601,32.792475,42203,3,99999,03104,第一小学校,城内1-1129,3,-99,9999
130.360075,32.78269,42203,3,99999,03109,第二小学校,萩が丘2-5688,3,-99,9999
130.359683,32.781701,42203,3,99999,03104,第二小学校,萩が丘2-5688,3,-99,9999
130.372437,32.774336,42203,3,99999,03109,第三小学校,広馬場町7758,3,-99,9999
130.371623,32.774436,42203,3,99999,03104,第三小学校,広馬場町7758,3,-99,9999
130.347138,32.798618,42203,3,99999,03109,第四小学校,宇土町乙670-1,3,-99,9999
130.347061,32.797779,42203,3,99999,03104,第四小学校,宇土町乙670-1,3,-99,9999
130.36099,32.754649,42203,3,99999,03109,第五小学校,大下町丙1049-1,3,-99,9999
130.36115,32.754144,42203,3,99999,03104,第五小学校,大下町丙1049-1,3,-99,9999
130.348743,32.818042,42203,3,99999,03109,三会小学校,中原町乙1462,3,-99,9999
130.349088,32.817857,42203,3,99999,03104,三会小学校,中原町乙1462,3,-99,9999
130.324389,32.813055,42203,3,99999,03109,長貫分校,長貫町丙1902,3,-99,9999
130.324555,32.812975,42203,3,99999,03104,長貫分校,長貫町丙1902,3,-99,9999
130.339591,32.842664,42203,3,99999,03109,大三東小学校,有明町大三東丙582-1,3,-99,9999
130.339223,32.843008,42203,3,99999,03104,大三東小学校,有明町大三東丙582-1,3,-99,9999
130.32168,32.822741,42203,3,99999,03109,高野小学校,有明町大三東丁2133,3,-99,9999
130.322435,32.823155,42203,3,99999,03104,高野小学校,有明町大三東丁2133,3,-99,9999
130.320881,32.854225,42203,3,99999,03109,湯江小学校,有明町湯江丙839,3,-99,9999
130.320649,32.853347,42203,3,99999,03104,湯江小学校,有明町湯江丙839,3,-99,9999
130.363503,32.792779,42203,3,99999,03109,第一中学校,城内1-1222,3,-99,9999
130.363871,32.793528,42203,3,99999,03104,第一中学校,城内1-1222,3,-99,9999
130.36426,32.771957,42203,3,99999,03109,第二中学校,新山3-8916,3,-99,9999
130.363576,32.771213,42203,3,99999,03104,第二中学校,新山3-8916,3,-99,9999
130.363937,32.75368,42203,3,99999,03109,第三中学校,梅園町丁2898,3,-99,9999
130.36462,32.75329,42203,3,99999,03104,第三中学校,梅園町丁2898,3,-99,9999
130.344085,32.813283,42203,3,99999,03109,三会中学校,下宮町甲2511,3,-99,9999
130.34497,32.813208,42203,3,99999,03104,三会中学校,下宮町甲2511,3,-99,9999
130.331337,32.847994,42203,3,99999,03109,有明中学校,有明町大三東戊1535,3,-99,9999
130.331747,32.849277,42203,3,99999,03104,有明中学校,有明町大三東戊1535,3,-99,9999
130.061142,32.87023,42204,3,99999,03105,のんのこ温水センター,福田町1184,3,-99,9999
130.037999,32.928899,42204,3,99999,03142,諫早市富川渓谷バンガロー,富川町932-1,3,-99,9999
130.110534,32.945151,42204,3,99999,03142,轟峡キャンプ村,高来町善住寺1106-37,3,-99,9999
130.049604,32.844156,42204,3,99999,03109,諫早市体育館,東小路町2-38,3,-99,9999
130.049604,32.844096,42204,3,99999,03120,諫早市体育館,東小路町2-38,3,-99,9999
130.049574,32.844471,42204,3,99999,03110,諫早市武道館,東小路町2-38,3,-99,9999
130.04958,32.844391,42204,3,99999,03111,諫早市武道館,東小路町2-38,3,-99,9999
130.049598,32.844306,42204,3,99999,03113,諫早市武道館,東小路町2-38,3,-99,9999
130.038358,32.845706,42204,3,99999,03102,諫早市営野球場,宇都町9-1,3,-99,9999
130.096551,32.836332,42204,3,99999,03109,諫早市小野体育館,黒崎町170-3,3,-99,9999
130.096557,32.836267,42204,3,99999,03120,諫早市小野体育館,黒崎町170-3,3,-99,9999
130.096551,32.836207,42204,3,99999,03112,諫早市小野体育館,黒崎町170-3,3,-99,9999
130.096557,32.836142,42204,3,99999,03116,諫早市小野体育館,黒崎町170-3,3,-99,9999
130.049875,32.842793,42204,3,99999,03121,諫早市弓道場,西小路町774-1,3,-99,9999
130.090967,32.844366,42204,3,99999,03104,諫早市小野島グラウンド,小野島町2233,3,-99,9999
130.026224,32.844227,42204,3,99999,03138,諫早市ゲートボール場,馬渡町2,3,-99,9999
130.006635,32.822271,42204,3,99999,03104,津久葉公園グラウンド,津久葉町5-30,3,-99,9999
130.049231,32.836555,42204,3,99999,03109,諫早市新道福祉交流センター,新道町999-1,3,-99,9999
130.115179,32.825981,42204,3,99999,03109,諫早市森山スポーツ交流館,森山町下井牟田1145,3,-99,1996
130.115179,32.825901,42204,3,99999,03120,諫早市森山スポーツ交流館,森山町下井牟田1145,3,-99,1996
130.115179,32.825826,42204,3,99999,03129,諫早市森山スポーツ交流館,森山町下井牟田1145,3,-99,1996
130.115185,32.825756,42204,3,99999,03105,諫早市森山スポーツ交流館,森山町下井牟田1145,3,-99,1996
130.115179,32.825681,42204,3,99999,03132,諫早市森山スポーツ交流館,森山町下井牟田1145,3,-99,1996
130.115518,32.826413,42204,3,99999,03110,諫早市森山武道館,森山町下井牟田1157,3,-99,1992
130.115518,32.826343,42204,3,99999,03111,諫早市森山武道館,森山町下井牟田1157,3,-99,1992
130.117782,32.829768,42204,3,99999,03104,森山ふれあい公園,森山町下井牟田・慶師野,3,-99,9999
130.131727,32.832591,42204,3,99999,03115,諫早市森山テニス場,森山町本村1300,3,-99,1983
130.129588,32.832706,42204,3,99999,03119,諫早市森山相撲場,森山町本村1300,3,-99,1979
130.13036,32.832566,42204,3,99999,03102,諫早市森山グラウンド,森山町本村1300,3,-99,1974
130.131222,32.832581,42204,3,99999,03138,諫早市森山グラウンド,森山町本村1300,3,-99,1974
130.131839,32.808585,42204,3,99999,03102,森山餅田山グラウンド,森山町唐比北691,3,-99,1988
130.016114,32.786944,42204,3,99999,03109,諫早市飯盛体育館,飯盛町平古場266,3,-99,1993
130.016108,32.786859,42204,3,99999,03120,諫早市飯盛体育館,飯盛町平古場266,3,-99,1993
130.016102,32.786769,42204,3,99999,03129,諫早市飯盛体育館,飯盛町平古場266,3,-99,1993
130.015749,32.776797,42204,3,99999,03110,諫早市飯盛小島武道場,飯盛町開1293-1,3,-99,1981
130.015731,32.77675,42204,3,99999,03111,諫早市飯盛小島武道場,飯盛町開1293-1,3,-99,1981
130.015983,32.786319,42204,3,99999,03115,諫早市飯盛テニス場,飯盛町平古場266,3,-99,1990
130.016506,32.78579,42204,3,99999,03119,諫早市飯盛相撲場,飯盛町平古場266,3,-99,1990
130.01732,32.786689,42204,3,99999,03102,諫早市飯盛グラウンド,飯盛町平古場266,3,-99,9999
130.022967,32.781326,42204,3,99999,03138,諫早市飯盛ゲートボール場,飯盛町開1929-3,3,-99,9999
130.125498,32.897725,42204,3,99999,03102,諫早市高来総合運動公園,高来町小船津904-4,3,-99,9999
130.126075,32.896597,42204,3,99999,03103,諫早市高来総合運動公園,高来町小船津904-4,3,-99,9999
130.144723,32.914236,42204,3,99999,03109,諫早市とどろき体育館,高来町汲水388,3,-99,9999
130.144717,32.914131,42204,3,99999,03120,諫早市とどろき体育館,高来町汲水388,3,-99,9999
130.144717,32.914032,42204,3,99999,03116,諫早市とどろき体育館,高来町汲水388,3,-99,9999
130.14137,32.910091,42204,3,99999,03112,諫早市高来武道館,高来町三部壱559-1,3,-99,9999
130.157439,32.907844,42204,3,99999,03104,諫早市高来城ノ下グラウンド,高来町水ノ浦367-10,3,-99,9999
130.124272,32.895682,42204,3,99999,03138,諫早市高来屋内ゲートボール場,高来町小船津29-10,3,-99,9999
130.16207,32.940434,42204,3,99999,03109,諫早市小長井田原体育館,小長井町小川原浦2008-20,3,-99,9999
130.185331,32.922105,42204,3,99999,03115,諫早市小長井テニス場,小長井町小川原浦958-8,3,-99,9999
130.185183,32.921651,42204,3,99999,03119,諫早市小長井相撲場,小長井町小川原浦958-8,3,-99,9999
130.186145,32.921671,42204,3,99999,03104,諫早市小長井グラウンド,小長井町小川原浦958-8,3,-99,9999
130.185171,32.921367,42204,3,99999,03106,諫早市小長井プール,小長井町小川原浦958-15,3,-99,9999
130.16566,32.912662,42204,3,99999,03104,諫早市小長井長里グラウンド,小長井町大峰980-77,3,-99,9999
130.155351,32.942681,42204,3,99999,03104,諫早市小長井田原グラウンド,小長井町田原木裏1592-2,3,-99,9999
130.198567,32.93093,42204,3,99999,03138,諫早市小長井ゲートボール場,小長井町井崎130-3,3,-99,9999
130.039428,32.838607,42204,3,99999,03101,総合運動公園,宇都町27-1,2,-99,9999
130.043754,32.834773,42204,3,99999,03102,総合運動公園,宇都町27-1,2,-99,9999
130.045917,32.834044,42204,3,99999,03115,総合運動公園,宇都町27-1,2,-99,9999
130.045061,32.834304,42204,3,99999,03103,総合運動公園,宇都町27-1,2,-99,9999
130.042625,32.835881,42204,3,99999,03106,総合運動公園,宇都町27-1,2,-99,9999
130.041984,32.836181,42204,3,99999,03107,総合運動公園,宇都町27-1,2,-99,9999
130.035077651888,32.8400240306878,42204,3,99999,03109,諫早市中央体育館,小船越町1048-2,3,-99,9999
130.035066,32.839989,42204,3,99999,03120,諫早市中央体育館,小船越町1048-2,3,-99,9999
130.110704,32.892027,42204,3,99999,03102,高来西グラウンド,高来町峰97,3,-99,9999
130.068728,32.844918,42204,3,99999,03109,諫早小学校,仲沖町457-4,3,-99,9999
130.050249,32.850389,42204,3,99999,03109,北諫早小学校,金谷町1-1,3,-99,9999
130.086247,32.831978,42204,3,99999,03109,小野小学校,宗方町365,3,-99,9999
130.076699,32.796316,42204,3,99999,03109,有喜小学校,有喜町800,3,-99,9999
130.006729,32.835329,42204,3,99999,03109,真津山小学校,貝津町715-2,3,-99,9999
130.024761,32.893544,42204,3,99999,03109,本野小学校,本野町94,3,-99,9999
130.075624,32.863463,42204,3,99999,03109,長田小学校,西里町800,3,-99,9999
130.041322,32.866728,42204,3,99999,03109,上諫早小学校,本明町99-2,3,-99,9999
130.061272,32.831993,42204,3,99999,03109,小栗小学校,小川町9,3,-99,9999
130.021028,32.846589,42204,3,99999,03109,真崎小学校,白岩町3-1,3,-99,9999
130.038041,32.831605,42204,3,99999,03109,みはる台小学校,平山町200,3,-99,9999
130.032003,32.856401,42204,3,99999,03109,御館山小学校,西栄田町1250-4,3,-99,9999
130.049376,32.839526,42204,3,99999,03109,上山小学校,西小路町1031-1,3,-99,9999
130.026526,32.844729,42204,3,99999,03109,西諫早小学校,馬渡町3,3,-99,9999
130.01906,32.852206,42204,3,99999,03109,真城小学校,真崎町1037-3,3,-99,9999
130.135106,32.810845,42204,3,99999,03109,森山東小学校,森山町杉谷2343,3,-99,9999
130.115726,32.825086,42204,3,99999,03109,森山西小学校,森山町下井牟田473-1,3,-99,9999
130.022867,32.782345,42204,3,99999,03109,飯盛東小学校,飯盛町中山653,3,-99,9999
130.141126,32.909331,42204,3,99999,03109,湯江小学校,高来町三部壱553,3,-99,9999
130.109799,32.890778,42204,3,99999,03109,高来西小学校,高来町峰50-1,3,-99,9999
130.1863,32.920873,42204,3,99999,03109,小長井小学校,小長井町小川原浦958,3,-99,9999
130.19566,32.953492,42204,3,99999,03109,遠竹小学校,小長井町遠竹557,3,-99,9999
130.163187,32.915397,42204,3,99999,03109,長里小学校,小長井町大峰31,3,-99,9999
130.060101,32.834635,42204,3,99999,03109,諫早中学校,西郷町930-1,3,-99,9999
130.048459,32.854202,42204,3,99999,03109,北諫早中学校,城見町35-1,3,-99,9999
130.095294,32.8346,42204,3,99999,03109,小野中学校,小野町1320-1,3,-99,9999
130.076792,32.791944,42204,3,99999,03109,有喜中学校,有喜町700,3,-99,9999
130.026853,32.843159,42204,3,99999,03109,西諫早中学校,馬渡町4,3,-99,9999
130.028664,32.864414,42204,3,99999,03109,明峰中学校,栄田町500,3,-99,9999
130.076403,32.864654,42204,3,99999,03109,長田中学校,長田町2694-1,3,-99,9999
130.01427,32.849308,42204,3,99999,03109,真城中学校,真崎町1086-6,3,-99,9999
130.115263,32.823991,42204,3,99999,03109,森山中学校,森山町下井牟田455-2,3,-99,9999
130.018092,32.782637,42204,3,99999,03109,飯盛中学校,飯盛町平古場60,3,-99,9999
130.126339,32.90468,42204,3,99999,03109,高来中学校,高来町小峰274,3,-99,9999
130.183987,32.923356,42204,3,99999,03109,小長井中学校,小長井町小川原浦865,3,-99,9999
130.015972,32.851405,42204,3,99999,03110,西諫早ふれあい広場,真崎町1086-1,3,-99,9999
130.015972,32.851355,42204,3,99999,03111,西諫早ふれあい広場,真崎町1086-1,3,-99,9999
130.015978,32.851305,42204,3,99999,03105,西諫早ふれあい広場,真崎町1086-1,3,-99,9999
130.015984,32.85125,42204,3,99999,03115,西諫早ふれあい広場,真崎町1086-1,3,-99,9999
130.076653,32.863481,42204,3,99999,03110,長田いこいの広場,長田町2394-1,3,-99,9999
130.076656,32.863432,42204,3,99999,03111,長田いこいの広場,長田町2394-1,3,-99,9999
130.076666,32.864072,42204,3,99999,03106,長田いこいの広場,長田町2394-1,3,-99,9999
130.077002,32.862089,42204,3,99999,03115,長田いこいの広場,長田町2394-1,3,-99,9999
130.076295,32.86368,42204,3,99999,03118,長田いこいの広場,長田町2394-1,3,-99,9999
130.076757,32.862434,42204,3,99999,03104,長田いこいの広場,長田町2394-1,3,-99,9999
130.068728,32.844984,42204,3,99999,03109,中央ふれあい広場,仲沖町454,3,-99,9999
130.069138,32.845258,42204,3,99999,03106,中央ふれあい広場,仲沖町454,3,-99,9999
130.067771,32.845188,42204,3,99999,03103,中央ふれあい広場,仲沖町454,3,-99,9999
130.066613,32.845378,42204,3,99999,03115,中央ふれあい広場,仲沖町454,3,-99,9999
130.096791,32.835196,42204,3,99999,03104,小野ふれあい広場,黒崎町185-1,3,-99,9999
130.080452,32.794763,42204,3,99999,03104,有喜ふれあい広場,有喜町488,3,-99,9999
130.004571,32.846563,42205,3,99999,03102,大村市南部運動広場,溝陸町1029-10,3,-99,9999
130.034544,32.980957,42205,3,99999,03109,黒木小学校,黒木町530,3,-99,9999
130.033998,32.981072,42205,3,99999,03104,黒木小学校,黒木町530,3,-99,9999
130.20252,32.720917,42213,3,99999,03105,リフレッシュセンターおばま,小浜町南本町24-23,4,-99,9999
130.20252,32.720842,42213,3,99999,03132,リフレッシュセンターおばま,小浜町南本町24-23,4,-99,9999
130.20252,32.720767,42213,3,99999,03129,リフレッシュセンターおばま,小浜町南本町24-23,4,-99,9999
130.329079,32.729872,42214,3,99999,03102,南島原市深江運動場,深江町戊3987-76,3,-99,9999
130.354617,32.724586,42214,3,99999,03109,南島原市深江体育館,深江町丁3516,3,-99,9999
130.354611,32.724496,42214,3,99999,03120,南島原市深江体育館,深江町丁3516,3,-99,9999
130.35220587028,32.723221997641,42214,3,99999,03121,南島原市深江弓道場,深江町丁3056,3,-99,9999
130.352284,32.722858,42214,3,99999,03110,南島原市深江柔剣道場,深江町丁3061,3,-99,9999
130.352284,32.722788,42214,3,99999,03111,南島原市深江柔剣道場,深江町丁3061,3,-99,9999
130.350387,32.712131,42214,3,99999,03109,南島原市深江船津トレーニング場,深江町丙419-7,3,-99,9999
130.314867,32.714568,42214,3,99999,03102,南島原市布津グラウンド,布津町丙4620-85,3,-99,9999
130.354753,32.691867,42214,3,99999,03109,南島原市布津ふるさと道場,布津町乙1663-1,3,-99,9999
130.354742,32.691797,42214,3,99999,03110,南島原市布津ふるさと道場,布津町乙1663-1,3,-99,9999
130.35473,32.691732,42214,3,99999,03111,南島原市布津ふるさと道場,布津町乙1663-1,3,-99,9999
130.354724,32.691667,42214,3,99999,03120,南島原市布津ふるさと道場,布津町乙1663-1,3,-99,9999
130.35259,32.690622,42214,3,99999,03115,南島原市布津テニスコート,布津町乙1345,3,-99,9999
130.314825,32.659198,42214,3,99999,03101,南島原市有家総合運動公園,有家町小川957,3,-99,9999
130.314831,32.659118,42214,3,99999,03102,南島原市有家総合運動公園,有家町小川957,3,-99,9999
130.313892,32.657702,42214,3,99999,03115,南島原市有家総合運動公園,有家町小川957,3,-99,9999
130.314415,32.657963,42214,3,99999,03138,南島原市有家総合運動公園,有家町小川957,3,-99,9999
130.309226,32.710649,42214,3,99999,03147,南島原市ありえ俵石自然運動公園,有家町原尾3622,3,-99,9999
130.307295,32.711633,42214,3,99999,03126,南島原市ありえ俵石自然運動公園,有家町原尾3622,3,-99,9999
130.303097,32.672248,42214,3,99999,03121,南島原市有家弓道場,有家町山川1200,3,-99,9999
130.313105,32.66202,42214,3,99999,03110,南島原市有家柔剣道場,有家町山川344,3,-99,9999
130.313129,32.661955,42214,3,99999,03111,南島原市有家柔剣道場,有家町山川344,3,-99,9999
130.314317,32.661575,42214,3,99999,03102,南島原市立有家中学校屋外運動場,有家町山川344,3,-99,9999
130.318117,32.693379,42214,3,99999,03109,南島原市有家東部地区農林漁業者トレーニングセンター,有家町原尾3014-1,3,-99,9999
130.27024,32.680353,42214,3,99999,03102,南島原市みそ五郎の森総合公園,西有家町長野2670-1,3,-99,9999
130.269064,32.653578,42214,3,99999,03109,南島原市西有家Ｂ＆Ｇ海洋センター,西有家町龍石788-97,3,-99,9999
130.26907,32.653508,42214,3,99999,03105,南島原市西有家Ｂ＆Ｇ海洋センター,西有家町龍石788-97,3,-99,9999
130.228015,32.660239,42214,3,99999,03102,南島原市北有馬ふれあい交流広場,北有馬町丙3701,3,-99,9999
130.227581,32.661849,42214,3,99999,03115,南島原市北有馬ふれあい交流広場,北有馬町丙3701,3,-99,9999
130.255113,32.665914,42214,3,99999,03109,南島原市北有馬田平体育館,北有馬町己2041,3,-99,9999
130.216047,32.668997,42214,3,99999,03109,南島原市北有馬坂下体育館,北有馬町乙426,3,-99,9999
130.244478,32.635083,42214,3,99999,03109,南島原市南有馬体育館,南有馬町乙1361,3,-99,9999
130.244472,32.634993,42214,3,99999,03120,南島原市南有馬体育館,南有馬町乙1361,3,-99,9999
130.243742,32.635441,42214,3,99999,03102,南島原市南有馬運動公園グラウンド,南有馬町乙2165,3,-99,9999
130.242577,32.636299,42214,3,99999,03115,南島原市南有馬運動公園テニスコート,南有馬町乙2160,3,-99,9999
130.242772,32.635227,42214,3,99999,03105,南島原市南有馬運動公園プール,南有馬町乙2207,3,-99,9999
130.242778,32.635347,42214,3,99999,03106,南島原市南有馬運動公園プール,南有馬町乙2207,3,-99,9999
130.244424,32.635506,42214,3,99999,03110,南島原市南有馬武道館,南有馬町乙1360,3,-99,9999
130.244424,32.635441,42214,3,99999,03111,南島原市南有馬武道館,南有馬町乙1360,3,-99,9999
130.244424,32.635371,42214,3,99999,03113,南島原市南有馬武道館,南有馬町乙1360,3,-99,9999
130.185785,32.616318,42214,3,99999,03102,南島原市立口之津中学校,口之津町丙3476,3,-99,9999
130.185785,32.616218,42214,3,99999,03103,南島原市立口之津中学校,口之津町丙3476,3,-99,9999
130.185898,32.613125,42214,3,99999,03118,南島原市口之津相撲場,口之津町丙2104-1,3,-99,9999
130.186237,32.612955,42214,3,99999,03115,南島原市口之津簡易テニスコート,口之津町丙2104-1,3,-99,9999
130.195244,32.61074,42214,3,99999,03102,南島原市口之津運動広場,口之津町丁5611-1,3,-99,9999
130.186142,32.613471,42214,3,99999,03105,南島原市口之津プール,口之津町丙2104-1,3,-99,9999
130.186552,32.613207,42214,3,99999,03109,南島原市口之津体育館,口之津町丙2093-1,3,-99,9999
130.185338,32.60662,42214,3,99999,03109,南島原市口之津第１体育館,口之津町甲2061-1,3,-99,9999
130.192599,32.614164,42214,3,99999,03109,南島原市口之津第２体育館,口之津町丁4073,3,-99,9999
130.175944,32.599461,42214,3,99999,03109,南島原市口之津第３体育館,口之津町乙2240,3,-99,9999
130.177398,32.637088,42214,3,99999,03102,南島原市加津佐グラウンド,加津佐町丁1-1,3,-99,9999
130.178372085908,32.6371427855802,42214,3,99999,03115,南島原市加津佐テニスコート,加津佐町丁1-1,3,-99,9999
130.178598068936,32.6369626112531,42214,3,99999,03121,南島原市加津佐弓道場,加津佐町丁1-1,3,-99,9999
130.176566,32.637408,42214,3,99999,03109,南島原市加津佐Ｂ＆Ｇ海洋センター体育館,加津佐町丁1-1,3,-99,9999
130.177041358505,32.6376131956313,42214,3,99999,03105,南島原市加津佐Ｂ＆Ｇ海洋センタープール,加津佐町丁1-1,3,-99,9999
130.17656,32.637283,42214,3,99999,03111,南島原市加津佐Ｂ＆Ｇ海洋センター武道館,加津佐町丁1-1,3,-99,9999
130.176566,32.637223,42214,3,99999,03113,南島原市加津佐Ｂ＆Ｇ海洋センター武道館,加津佐町丁1-1,3,-99,9999
130.176566,32.637163,42214,3,99999,03120,南島原市加津佐Ｂ＆Ｇ海洋センター武道館,加津佐町丁1-1,3,-99,9999
130.210656,32.985157,41441,3,99999,03137,Ｂ＆Ｇ海洋センター艇庫,大字大浦丁1_704-7,4,-99,9999
130.210656,32.985073,41441,3,99999,03140,Ｂ＆Ｇ海洋センター艇庫,大字大浦丁1_704-7,4,-99,9999
130.21461,32.979379,41441,3,99999,03104,大浦中学校,大字大浦丙1373,3,-99,9999
130.213172,32.978522,41441,3,99999,03109,大浦中学校,大字大浦丙1373,3,-99,9999
130.204207,32.97298,41441,3,99999,03109,大浦小学校,大字大浦丁348,3,-99,9999
130.203973,32.973662,41441,3,99999,03109,太良町民体育センター,大字大浦丁331-1,3,-99,9999
130.223529,32.962836,41441,3,99999,03104,道越環境広場運動場,大字大浦丙976-22,3,-99,9999
130.223612,32.963514,41441,3,99999,03138,道越環境広場屋内ゲートボール場,大字大浦丙976-22,3,-99,9999
130.206523,32.987863,41441,3,99999,03148,白浜海水浴場,大字大浦字白浜,3,-99,9999
130.095237,32.986006,41441,3,99999,03142,中山キャンプ場,大字多良中山,3,-99,9999
