X,Y,P27_001,P27_002,P27_003,P27_004,P27_005,P27_006,P27_007,P27_008,P27_009
139.075651,35.109266,22205,3,03001,03001,ＭＯＡ美術館,桃山町26-2,4,3,1982
139.075128,35.09592,22205,3,03001,03001,サンクリノ美術館（休館中）,渚町7-5,4,-99,1989
139.057848,35.098868,22205,3,03001,03001,熱海市立澤田政廣記念美術館,梅園町9-46,3,-99,1987
139.082595,35.11587,22205,3,03002,03002,熱海市立伊豆山郷土資料館,伊豆山708-2（伊豆山神社境内）,3,1,1981
139.072227,35.098841,22205,3,03003,03003,熱海市立図書館,上宿町14-20,3,-99,9999
139.091675,35.047397,22205,3,99999,03109,熱海市網代公民館（体育室）,網代181,3,-99,1981
139.079379,35.04765,22205,3,99999,03109,南熱海マリンホール（スポーツホール）,下多賀541-12,3,-99,1990
139.077887,35.047159,22205,3,99999,03115,小山臨海公園テニスコート,下多賀541地内,3,-99,1984
139.074737,35.090937,22205,3,99999,03105,マリンスパあたみ（温水）,和田浜南町4-39,4,-99,2000
139.074796,35.090801,22205,3,99999,03107,マリンスパあたみ（温水）,和田浜南町4-39,4,-99,2000
139.048136,35.117646,22205,3,99999,03104,姫の沢公園スポーツ広場,熱海1084-5,4,-99,1999
139.053547,35.077644,22205,3,99999,03102,熱海市民グラウンド,上多賀1066-129,3,-99,1968
139.075593,35.046526,22205,3,99999,03102,小山臨海公園多目的広場,下多賀541地内,3,-99,1983
139.070979,35.096051,22205,3,99999,03112,熱海市総合福祉センター体育室,中央町1-26,3,-99,1979
139.079111,35.047523,22205,3,99999,03112,南熱海マリンホール武道場,下多賀541-12,3,-99,2000
139.079254,35.047582,22205,3,99999,03129,南熱海マリンホールトレーニング室,下多賀541-12,3,-99,2000
139.03695,35.127264,22205,3,99999,03143,日金山・岩戸山ハイキングコース,伊豆山,3,-99,9999
139.082698,35.115172,22205,3,99999,03143,子恋の森ハイキングコース,伊豆山,3,-99,9999
139.012817,35.32066,22344,3,99999,03143,足柄峠聖天堂ハイキングコース,竹之下,3,-99,1971
139.053953,35.116213,22205,3,99999,03142,熱海市立姫の沢自然の家キャンプ場,伊豆山1164-1,3,-99,1992
139.076153,35.097298,22205,3,99999,03148,熱海サンビーチ,東海岸町,3,-99,1986
139.069616,35.056266,22205,3,99999,03148,長浜海水浴場,上多賀,3,-99,9999
139.081735,35.045934,22205,3,99999,03148,大縄海水浴場,下多賀,3,-99,9999
139.083599,35.004076,22208,3,99999,03148,宇佐美海水浴場,宇佐美地内,3,-99,9999
139.076318,35.04639,22205,3,99999,03138,小山臨海公園ゲートボール場,下多賀541地内,3,-99,1983
139.073764,35.091415,22205,3,99999,03138,海浜公園ゲートボール場,和田浜南町,3,-99,9999
139.051109,35.116922,22205,3,99999,03147,姫の沢公園アスレチックハイキングコース,伊豆山字姫の沢地内,4,-99,1976
139.073889,35.567761,19212,3,03002,03002,上野原市民俗資料館,秋山7459,3,-99,9999
139.111512,35.629911,19212,3,03003,03003,上野原市立図書館,上野原3531,3,-99,9999
139.098674,35.624857,19212,3,99999,03003,帝京科学大学上野原図書館,八ッ沢2525,4,-99,9999
139.000299,35.604741,19206,3,99999,03109,総合体育館,富浜町鳥沢484,4,3,1983
139.000299,35.604683,19206,3,99999,03120,総合体育館,富浜町鳥沢484,4,3,1983
139.000299,35.604621,19206,3,99999,03112,総合体育館,富浜町鳥沢484,4,3,1983
139.000299,35.604563,19206,3,99999,03113,総合体育館,富浜町鳥沢484,4,3,1983
139.000299,35.604509,19206,3,99999,03132,総合体育館,富浜町鳥沢484,4,3,1983
139.000299,35.604451,19206,3,99999,03129,総合体育館,富浜町鳥沢484,4,3,1983
139.005664,35.609277,19206,3,99999,03109,鳥沢小学校,富浜町鳥沢1979,3,-99,9999
139.005171,35.609765,19206,3,99999,03104,鳥沢小学校,富浜町鳥沢1979,3,-99,9999
139.120404,35.615167,19212,3,99999,03102,桂川野球場,鶴島5425,3,-99,9999
139.123939,35.618573,19212,3,99999,03102,桂川少年野球場兼ソフトボール球場,新田188,3,-99,9999
139.097571,35.634915,19212,3,99999,03115,仲間川テニス場,鶴川1512,3,-99,9999
139.119584,35.615534,19212,3,99999,03115,桂川テニス場,鶴島5425,3,-99,9999
139.097304,35.635074,19212,3,99999,03138,仲間川ゲートボール場,鶴川1512,3,-99,9999
139.097131,35.635248,19212,3,99999,03121,仲間川弓道場,鶴川1512,3,-99,9999
139.034214,35.573662,19212,3,99999,03104,観光スポーツ広場,秋山12057,3,-99,9999
139.117211,35.582097,19212,3,99999,03104,東部スポーツ広場,秋山2550,3,-99,9999
139.001667,35.511652,19422,3,99999,03109,唐沢体育館,詳細住所不明,3,-99,9999
139.021156,35.518655,19422,3,99999,03105,道志村スポーツプラザ屋内プール,詳細住所不明,3,-99,9999
139.625204,35.465652,14103,3,03001,03001,そごう美術館,高島2-18-1（そごう横浜店6階）,4,-99,1985
139.630592,35.45707,14103,3,03001,03001,横浜美術館,みなとみらい3-4-1,3,8,1989
139.644577,35.58668,14133,3,03001,03001,日本漫画博物館,宮内4-12-14（常楽寺境内）,4,-99,9999
139.557507,35.608127,14135,3,03001,03001,川崎市岡本太郎美術館,枡形7-1-5,3,-99,1999
139.347393,35.338301,14203,3,03001,03001,平塚市美術館,西八幡1-3-3,3,-99,1991
139.557044,35.324779,14204,3,03001,03001,鎌倉国宝館,雪ノ下2-1-1,3,2,1928
139.552383,35.322943,14204,3,03001,03001,鎌倉市鏑木清方記念美術館,雪ノ下1-5-25,3,1,1998
139.545024,35.318193,14204,3,03001,03001,鎌倉大谷記念美術館,佐助1-1-20,4,2,1997
139.551885,35.320455,14204,3,03001,03001,吉兆庵美術館,小町2-9-1,4,-99,2001
139.554788,35.324634,14204,3,03001,03001,神奈川県立近代美術館鎌倉・鎌倉別館,雪ノ下2-1-53・雪ノ下2-8-1,2,-99,1966
139.479602,35.300344,14205,3,03001,03001,江島神社奉安殿,江の島2-3-8,4,-99,1970
139.406344,35.326173,14207,3,03001,03001,茅ヶ崎市美術館,東海岸北1-4-45,4,-99,1998
139.363657,35.564287,14152,3,03001,03001,光と緑の美術館,横山3-6-18,4,-99,1994
139.389887,35.527443,14153,3,03001,03001,女子美アートミュージアム,麻溝台1900（女子美術大学10号館1階）,4,4,2001
139.576153,35.266369,14301,3,03001,03001,山口蓬春記念館,一色2320,4,2,1991
139.576712,35.264995,14301,3,03001,03001,神奈川県立近代美術館葉山,一色2208-1,2,-99,2003
139.019217,35.263321,14382,3,03001,03001,ポーラ美術館,仙石原小塚山1285,4,-99,2007
139.052648,35.243974,14382,3,03001,03001,彫刻の森美術館,二ノ平1121,4,-99,1969
139.031067,35.199977,14382,3,03001,03001,箱根・芦ノ湖成川美術館,元箱根570,4,-99,1988
139.01776,35.266311,14382,3,03001,03001,箱根ガラスの森美術館,仙石原940-48,4,-99,1996
139.042954,35.247751,14382,3,03001,03001,箱根美術館,強羅1300,4,3,1952
139.005924,35.267753,14382,3,03001,03001,箱根武士の里美術館,仙石原817-580,4,2,1991
139.151903,35.144441,14383,3,03001,03001,真鶴町立中川一政美術館,真鶴1178-1,3,-99,1989
139.070782,35.147793,14384,3,03001,03001,湯河原美術館,宮上623-1,3,-99,1998
139.109548,35.158822,14384,3,03001,03001,木村美術館,鍛冶屋651,4,3,1989
139.642776,35.521801,14101,3,03002,03002,横浜市農村生活館・みその公園「横溝屋敷」,獅子ヶ谷町335,3,2,9999
139.684449,35.487211,14101,3,03002,03002,東京ガス株式会社・環境エネルギー館,末広町1-7-7,4,6,1998
139.669966,35.506966,14101,3,03002,03002,大本山總持寺宝物殿,鶴見2-1-1,4,-99,1974
139.672127,35.533626,14101,3,03002,03002,電気の史料館,江ケ崎町4-1,4,-99,2001
139.632629,35.452709,14103,3,03002,03002,横浜マリタイムミュージアム,みなとみらい2-1-1,3,-99,1989
139.64523,35.447237,14104,3,03002,03002,シルク博物館,山下町1（シルクセンター2階）,4,2,1959
139.653063,35.437639,14104,3,03002,03002,ブリキのおもちゃの博物館,山手町239-2,4,-99,1986
139.643382,35.446152,14104,3,03002,03002,横浜ユーラシア文化館,日本大通12,3,-99,2003
139.643903,35.447682,14104,3,03002,03002,横浜開港資料館,日本大通3,4,3,1981
139.635052,35.44186,14104,3,03002,03002,横浜市技能文化会館・技能文化展示室匠プラザ,万代町2-4-7,3,8,1986
139.664813,35.415075,14104,3,03002,03002,横浜市八聖殿郷土資料館,本牧元町76-1,4,2,1933
139.652101,35.443156,14104,3,03002,03002,横浜人形の家,山下町18,3,5,1986
139.643382,35.446152,14104,3,03002,03002,横浜都市発展記念館,日本大通12,3,-99,2003
139.640595,35.454611,14104,3,03002,03002,海外移住資料館,新港2-3-1,0,-99,2002
139.6531,35.439428,14104,3,03002,03002,岩崎博物館（ゲーテ座記念）,山手町254,4,2,1980
139.658776,35.417037,14104,3,03002,03002,三溪園,本牧三之谷58-1,4,-99,1958
139.652708,35.438988,14104,3,03002,03002,山手資料館,山手町247,4,-99,1977
139.65614,35.438686,14104,3,03002,03002,神奈川県立神奈川近代文学館,山手町110,4,2,1984
139.636231,35.449098,14104,3,03002,03002,神奈川県立歴史博物館,南仲通5-60,2,3,1904
139.655285,35.439328,14104,3,03002,03002,大佛次郎記念館,山手町113,4,2,1978
139.642855,35.446246,14104,3,03002,03002,日本新聞博物館（ニュースパーク）,日本大通11（横浜情報文化センター内）,4,-99,2000
139.639995,35.450034,14104,3,03002,03002,日本郵船歴史博物館,海岸通3-9,4,-99,2003
139.640509,35.423435,14104,3,03002,03002,馬の博物館,根岸台1-3,4,1,1977
139.627603,35.433171,14105,3,03002,03002,神奈川県埋蔵文化財センター,中村町3-191-1,2,-99,1982
139.572328,35.467762,14106,3,03002,03002,横浜水道記念館,川島町522,3,4,1954
139.594916,35.377072,14107,3,03002,03002,はまぎんこども宇宙科学館,洋光台5-2-1,4,5,1984
139.610691,35.420746,14107,3,03002,03002,横浜市三殿台考古館,岡村4-11-22,3,-99,1967
139.624661,35.420428,14107,3,03002,03002,横浜市電保存館,滝頭3-1-53,4,-99,9999
139.629483,35.344168,14108,3,03002,03002,神奈川県立金沢文庫,金沢町142,2,2,1990
139.635708,35.523654,14109,3,03002,03002,熊野郷土博物館,師岡町1137,4,2,1985
139.517283,35.489386,14112,3,03002,03002,盤古堂考古資料展示室,川井宿町2-38,4,-99,1989
139.553203,35.368021,14115,3,03002,03002,神奈川県立地球市民かながわプラザ（あーすぷらざ）,小菅ケ谷1-2-1,2,-99,1998
139.476376,35.437308,14116,3,03002,03002,羽太郷土資料館,上飯田町3590,4,-99,1987
139.578179,35.550086,14118,3,03002,03002,横浜市歴史博物館,中川中央1-18-1,3,6,1995
139.72499,35.534941,14131,3,03002,03002,若宮八幡宮郷土資料館,大師駅前2-13-16,4,-99,1986
139.69041,35.54929,14132,3,03002,03002,東芝科学館,小向東芝町1,4,3,1961
139.647392,35.588635,14133,3,03002,03002,川崎市市民ミュージアム,等々力1-2,3,3,1988
139.658953,35.568764,14133,3,03002,03002,川崎市平和館,木月住吉町33-1,3,-99,1992
139.620462,35.596459,14134,3,03002,03002,ミツトヨ博物館,坂戸1-20-1,4,4,1990
139.620462,35.596459,14134,3,03002,03002,沼田記念館,坂戸1-20-1,4,4,1987
139.614052,35.598811,14134,3,03002,03002,川崎市地名資料室,溝口1-6-10（てくのかわさき4階）,3,-99,1996
139.561539,35.608271,14135,3,03002,03002,かわさき宙と緑の科学館（川崎市青少年科学館）,枡形7-1-2,3,-99,2012
139.561011,35.610077,14135,3,03002,03002,川崎市立日本民家園,枡形7-1-1,3,-99,9999
139.591434,35.587304,14136,3,03002,03002,電車とバスの博物館,宮崎2-10-12,4,4,2003
139.51395,35.616813,14137,3,03002,03002,細山郷土資料館,細山3-10-10,4,-99,1980
139.673783,35.274535,14201,3,03002,03002,横須賀市自然・人文博物館,深田台95,3,-99,9999
139.742333,35.251788,14201,3,03002,03002,観音崎自然博物館,鴨居4-1120,4,1,1989
139.745299,35.256113,14201,3,03002,03002,観音崎灯台資料展示室,鴨居4-1187,1,-99,1990
139.674311,35.285145,14201,3,03002,03002,記念艦三笠,稲岡町82-19,4,-99,1961
139.273581,35.365985,14203,3,03002,03002,東海大学松前記念館,北金目1117（東海大学湘南校舎）,4,2,1983
139.348504,35.337051,14203,3,03002,03002,平塚市博物館,浅間町12-41,3,3,1976
139.566921,35.325857,14204,3,03002,03002,鎌倉宮宝物殿,二階堂154,4,1,1869
139.538907,35.315586,14204,3,03002,03002,鎌倉文学館,長谷1-5-3,3,3,1985
139.532993,35.312471,14204,3,03002,03002,長谷寺宝物館,長谷3-11-2（宗教法人長谷寺内）,4,2,1980
139.556311,35.324866,14204,3,03002,03002,鶴岡八幡宮宝物殿,雪ノ下2-1-31,4,1,1897
139.450901,35.3208,14205,3,03002,03002,辻堂海浜公園交通展示館,辻堂西海岸3-2-1,2,-99,9999
139.469711,35.397776,14205,3,03002,03002,藤沢市湘南台文化センターこども館,湘南台1-8,3,4,1989
139.469047,35.379314,14205,3,03002,03002,日本大学生物資源科学部資料館,亀井野1866,4,4,1990
139.154998,35.249615,14206,3,03002,03002,小田原市郷土文化館,城内7-8,3,-99,1973
139.145659,35.30257,14206,3,03002,03002,小田原市尊徳記念館・二宮尊徳生家,栢山2065-1,3,3,1988
139.153411,35.251014,14206,3,03002,03002,小田原城天守閣,城内6-1,3,4,1960
139.121363,35.239227,14206,3,03002,03002,神奈川県立生命の星・地球博物館,入生田499,2,4,1995
139.153443,35.249004,14206,3,03002,03002,報徳博物館,南町1-5-72,4,3,1983
139.131026,35.245838,14206,3,03002,03002,鈴廣のかまぼこ博物館,風祭245,4,-99,1996
139.404426,35.322312,14207,3,03002,03002,茅ヶ崎市文化資料館,中海岸2-2-18,3,2,1971
139.576869,35.28752,14208,3,03002,03002,逗子市郷土資料館,桜山8-2275,3,1,1984
139.393108,35.559298,14152,3,03002,03002,相模原市立博物館,高根3-1-15,3,3,1995
139.246314,35.594296,14151,3,03002,03002,相模原市丘尾崎咢堂記念館,津久井町又野691,3,1,1957
139.173571,35.406135,14211,3,03002,03002,神奈川県立秦野ビジターセンター,堀山下1513,2,-99,1997
139.189073,35.386458,14211,3,03002,03002,秦野市立桜土手古墳展示館,堀山下380-3,3,1,1990
139.361602,35.447503,14212,3,03002,03002,厚木市郷土資料館,寿町3-15-26,3,-99,1998
139.362449,35.439522,14212,3,03002,03002,神奈川工科大学厚木市子ども科学館,中町3-1-3（厚木シティプラザ7階）,3,7,1985
139.300588,35.44725,14212,3,03002,03002,森の民話館,七沢901（七沢森林公園）,2,1,1989
139.454316,35.513567,14213,3,03002,03002,大和市つる舞の里歴史資料館,つきみ野7-3-2,3,1,1998
139.313947,35.403589,14214,3,03002,03002,伊勢原市立子ども科学館,田中76,3,4,1989
139.284437,35.401349,14214,3,03002,03002,三宮郷土博物館,三ノ宮1472,4,1,1953
139.397287,35.454254,14215,3,03002,03002,海老名市立郷土資料館海老名市温故館,国分南1-6-36,3,-99,2011
139.055466,35.337781,14217,3,03002,03002,神奈川県立21世紀の森,内山2870-5,2,1,1983
139.07799,35.304579,14217,3,03002,03002,大雄山最乗寺尚宝殿,大雄町1157（大雄山最乗寺）,4,2,1973
139.075558,35.310048,14217,3,03002,03002,南足柄市郷土資料館,広町1544,3,2,1991
139.577939,35.264149,14301,3,03002,03002,葉山しおさい博物館,一色2123-1,3,1,1987
139.379628,35.371552,14321,3,03002,03002,神奈川県水道記念館,宮山4001,2,-99,1984
139.290871,35.305444,14341,3,03002,03002,大磯町郷土資料館,西小磯446-1,3,2,1988
139.262846,35.302611,14342,3,03002,03002,徳富蘇峰記念館,二宮605,4,-99,1969
139.219227,35.324109,14361,3,03002,03002,江戸民具街道（おもしろ体験博物館）,久所418,4,-99,1996
139.067622,35.414248,14364,3,03002,03002,山北町立丹沢森林館薬草園,玄倉491-1,3,-99,1987
139.069297,35.416156,14364,3,03002,03002,神奈川県立丹沢湖ビジターセンター,玄倉515,2,-99,1996
139.017122,35.189084,14382,3,03002,03002,森のふれあい館,箱根381-4（箱根やすらぎの森内）,3,-99,1991
139.009055,35.249804,14382,3,03002,03002,星の王子さまミュージアム箱根サン＝テグジュペリ,仙石原909,4,-99,1999
139.026596,35.192394,14382,3,03002,03002,箱根関所資料館,箱根1,3,1,1965
139.026235,35.203782,14382,3,03002,03002,箱根神社宝物殿,元箱根80-1,4,3,2007
139.049313,35.202448,14382,3,03002,03002,箱根町立旧街道資料館,畑宿395,3,-99,9999
139.107365,35.232533,14382,3,03002,03002,箱根町立郷土資料館,湯本266,3,-99,1983
139.273467,35.54002,14401,3,03002,03002,愛川町郷土資料館,半原2201,3,-99,1925
139.22346,35.525348,14402,3,03002,03002,神奈川県立宮ケ瀬ビジターセンター,宮ケ瀬940-15,2,-99,1986
139.284614,35.588119,14151,3,03002,03002,津久井湖記念館,城山2-9-5,4,2,1966
139.679059,35.512314,14101,3,03003,03003,横浜市鶴見図書館,鶴見中央2-10-7,3,-99,9999
139.635479,35.482982,14102,3,03003,03003,横浜市神奈川図書館,立町20-1,3,-99,9999
139.626426,35.44746,14103,3,03003,03003,横浜市中央図書館,老松町1,3,-99,9999
139.625815,35.452265,14103,3,03003,03003,神奈川県立図書館,紅葉ヶ丘9-2,2,-99,9999
139.664896,35.423601,14104,3,03003,03003,横浜市中図書館,本牧原16-1,3,-99,9999
139.596423,35.423883,14105,3,03003,03003,横浜市南図書館,弘明寺町265-1,3,-99,9999
139.596318,35.457403,14106,3,03003,03003,横浜市保土ケ谷図書館,星川1-2-1,3,-99,9999
139.618733,35.402328,14107,3,03003,03003,横浜市磯子図書館,磯子3-5-1,3,-99,9999
139.624483,35.334392,14108,3,03003,03003,横浜市金沢図書館,泥亀2-14-5,3,-99,9999
139.632757,35.513869,14109,3,03003,03003,横浜市港北図書館,菊名6-18-10,3,-99,9999
139.532657,35.398048,14110,3,03003,03003,横浜市戸塚図書館,戸塚町127,3,-99,9999
139.5744,35.399384,14111,3,03003,03003,横浜市港南図書館,野庭町125,3,-99,9999
139.546932,35.481066,14112,3,03003,03003,横浜市旭図書館,白根4-6-2,3,-99,9999
139.51774,35.524171,14113,3,03003,03003,横浜市緑図書館,十日市場町825-1,3,-99,9999
139.477165,35.473572,14114,3,03003,03003,横浜市瀬谷図書館,本郷3-22-1,3,-99,9999
139.553128,35.361609,14115,3,03003,03003,横浜市栄図書館,公田町634-9,3,-99,9999
139.49641,35.430683,14116,3,03003,03003,横浜市泉図書館,和泉町6207-5,3,2,1989
139.553569,35.566916,14117,3,03003,03003,横浜市山内図書館,あざみ野2-3-2,3,-99,9999
139.570652,35.544781,14118,3,03003,03003,横浜市都筑図書館,茅ヶ崎中央32-1,3,-99,9999
139.70835,35.528843,14131,3,03003,03003,神奈川県立川崎図書館,富士見2-1-4,2,-99,9999
139.698631,35.531947,14131,3,03003,03003,川崎市立川崎図書館,駅前本町12-1（川崎駅前タワー・リバーク4F）,3,-99,9999
139.725434,35.534095,14131,3,03003,03003,川崎市立川崎図書館大師分館,大師駅前1-1-5（川崎大師パークホームズ2F）,3,-99,9999
139.716472,35.519159,14131,3,03003,03003,川崎市立川崎図書館田島分館,追分町16-1（カルナーザ川崎4F）,3,-99,9999
139.687592,35.544242,14132,3,03003,03003,川崎市立幸図書館,戸手本町1-11-2,3,-99,9999
139.668313,35.546639,14132,3,03003,03003,川崎市立幸図書館日吉分館,南加瀬1-7-17,3,-99,9999
139.659082,35.576286,14133,3,03003,03003,川崎市立中原図書館,小杉町3-1301,3,-99,2013
139.615232,35.605309,14134,3,03003,03003,川崎市立高津図書館,溝口4-16-3,3,-99,9999
139.623917,35.570093,14134,3,03003,03003,川崎市立高津図書館橘分館,久末2012-1,3,-99,9999
139.561864,35.619594,14135,3,03003,03003,川崎市立多摩図書館,登戸1775-1,3,-99,9999
139.579626,35.589428,14136,3,03003,03003,川崎市立宮前図書館,宮前平2-20-4,3,-99,9999
139.505439,35.604382,14137,3,03003,03003,川崎市立麻生図書館,万福寺1-5-2,3,-99,9999
139.495596,35.59135,14137,3,03003,03003,川崎市立麻生図書館柿生分館,片平3-3-1,3,-99,9999
139.670913,35.277589,14201,3,03003,03003,横須賀市立児童図書館,若松町3-20,3,2,1974
139.632316,35.318616,14201,3,03003,03003,横須賀市立中央図書館,上町1-61,3,3,1983
139.706027,35.227177,14201,3,03003,03003,横須賀市立南図書館,久里浜6-14-3,3,3,1985
139.632288,35.318711,14201,3,03003,03003,横須賀市立北図書館,夏島町12,3,3,1985
139.314702,35.331504,14203,3,03003,03003,平塚市西図書館,山下760-3,3,-99,9999
139.349272,35.337501,14203,3,03003,03003,平塚市中央図書館,浅間町12-41,3,-99,9999
139.348773,35.316931,14203,3,03003,03003,平塚市南図書館,袖ヶ浜20-1,3,-99,9999
139.358783,35.373778,14203,3,03003,03003,平塚市北図書館,田村3-12-5,3,-99,9999
139.523299,35.349525,14204,3,03003,03003,鎌倉市玉縄図書館,岡本2-16-3,3,-99,9999
139.501031,35.313482,14204,3,03003,03003,鎌倉市腰越図書館,腰越864,3,-99,9999
139.518761,35.331072,14204,3,03003,03003,鎌倉市深沢図書館,常盤111-3,3,-99,9999
139.533463,35.349914,14204,3,03003,03003,鎌倉市大船図書館,大船2-1-26,3,-99,9999
139.545969,35.317389,14204,3,03003,03003,鎌倉市中央図書館,御成町20-35,3,-99,9999
139.446298,35.364459,14205,3,03003,03003,藤沢市湘南大庭市民図書館,大庭5406-4,3,-99,9999
139.473107,35.395575,14205,3,03003,03003,藤沢市総合市民図書館,湘南台7-18-2,3,-99,9999
139.446029,35.334804,14205,3,03003,03003,藤沢市辻堂市民図書館,辻堂2-15-8,3,-99,9999
139.489482,35.332465,14205,3,03003,03003,藤沢市南市民図書館,鵠沼東8-2,3,-99,9999
139.174691,35.271956,14206,3,03003,03003,小田原市立かもめ図書館,南鴨宮1-5-30,3,-99,1994
139.154247,35.249794,14206,3,03003,03003,小田原市立図書館,城内7-17,3,-99,9999
139.405934,35.326448,14207,3,03003,03003,茅ケ崎市立図書館,東海岸北1-4-55,3,-99,9999
139.405482,35.351528,14207,3,03003,03003,茅ケ崎市立図書館香川分館,香川1-11-1,3,-99,9999
139.582611,35.295384,14208,3,03003,03003,逗子市立図書館,逗子4-2-10,3,-99,9999
139.345763,35.595086,14151,3,03003,03003,相模原市立橋本図書館,橋本3-28-1,3,-99,9999
139.392913,35.567575,14152,3,03003,03003,相模原市立図書館,鹿沼台2-13-1,3,-99,9999
139.406629,35.506738,14153,3,03003,03003,相模原市立図書館相武台分館,新磯野4-8-7,3,-99,9999
139.433993,35.533565,14153,3,03003,03003,相模原市立相模大野図書館,相模大野4-4-1,3,-99,9999
139.622328,35.143745,14210,3,03003,03003,三浦市図書館,城山町6-9,3,-99,9999
139.629535,35.186732,14210,3,03003,03003,三浦市図書館初声分館,初声町入江200,3,-99,9999
139.65365,35.187235,14210,3,03003,03003,三浦市図書館南下浦分館,南下浦上宮田3274,3,-99,9999
139.198655,35.380404,14211,3,03003,03003,秦野市立図書館,平沢94-1,3,-99,9999
139.366512,35.441008,14212,3,03003,03003,厚木市立中央図書館,中町1-1-3,3,-99,9999
139.461446,35.475538,14213,3,03003,03003,大和市立図書館,深見西1-2-17,3,-99,9999
139.313947,35.403589,14214,3,03003,03003,伊勢原市立図書館,田中76,3,4,1989
139.385965,35.451321,14215,3,03003,03003,海老名市立中央図書館,上郷474-4,3,-99,9999
139.380246,35.407876,14215,3,03003,03003,海老名市立有馬図書館,門沢橋1-20-41,3,-99,9999
139.40662,35.488566,14216,3,03003,03003,座間市立図書館,入谷3-5873,3,-99,9999
139.124731,35.304681,14217,3,03003,03003,南足柄市立図書館,塚原1619-1,3,-99,9999
139.430052,35.43404,14218,3,03003,03003,綾瀬市立図書館,深谷3838,3,-99,9999
139.577875,35.274091,14301,3,03003,03003,葉山町立図書館,堀内1874,3,-99,9999
139.384249058019,35.3715558142996,14321,3,03003,03003,寒川総合図書館,宮山135-1,3,4,2006
139.315872,35.311471,14341,3,03003,03003,大磯町立図書館,大磯992,3,-99,9999
139.277869,35.310573,14341,3,03003,03003,大磯町立図書館国府分館,月京6-10,3,-99,9999
139.257732,35.303861,14342,3,03003,03003,二宮町図書館,二宮1240-10,3,3,9999
139.156527,35.326671,14362,3,03003,03003,大井町図書館,金子1995,3,-99,9999
139.140185,35.348403,14363,3,03003,03003,松田町図書館,松田惣領2078,3,-99,9999
139.135889,35.156399,14383,3,03003,03003,まなづる図書館,真鶴433-1,3,-99,9999
139.103397,35.145505,14384,3,03003,03003,湯河原町立図書館,土肥1-4-13,3,-99,9999
139.322524,35.529793,14401,3,03003,03003,愛川町図書館,角田250-1,3,-99,9999
139.655276,35.418216,14104,3,03004,03004,横浜市立間門小学校附属海水水族館,本牧間門29-1,3,-99,1958
139.647374,35.337405,14108,3,03004,03004,横浜・八景島シーパラダイスアクアリゾーツ,八景島,4,-99,1993
139.479337,35.31012,14205,3,03004,03004,新江ノ島水族館,片瀬海岸2-19-1,4,-99,2004
139.328809,35.54747,14152,3,03004,03004,相模原市立相模川ふれあい科学館（休館中）,水郷田名1-5-1,3,1,9999
139.612511,35.161539,14210,3,03004,03004,京急油壼マリンパーク,三崎町小網代字城ノ内1082-2,4,3,1968
139.009586,35.212629,14382,3,03004,03004,箱根園水族館,元箱根139,4,-99,9999
139.622926,35.447432,14103,3,03005,03005,横浜市立野毛山動物園,老松町63-10,3,-99,1951
139.576684,35.432789,14105,3,03005,03005,横浜市こども植物園,六ツ川3-122,3,-99,1979
139.600201,35.351415,14108,3,03005,03005,横浜市立金沢動物園,釜利谷東5-15-1,3,-99,1982
139.525295,35.494425,14112,3,03005,03005,横浜市立よこはま動物園ズーラシア,上白根町1175-1,3,-99,1999
139.665137,35.549175,14132,3,03005,03005,川崎市夢見ケ崎動物公園,南加瀬1-2-1,3,-99,1972
139.517385,35.624128,14135,3,03005,03005,よみうりランド植物園,菅仙谷4-1-1,4,-99,9999
139.519679,35.34937,14204,3,03005,03005,神奈川県立フラワーセンター大船植物園,岡本1018,2,-99,1962
139.394914,35.538432,14153,3,03005,03005,北里大学薬学部附属薬用植物園,北里1-15-1,4,-99,1972
139.348365,35.430207,14212,3,03005,03005,東京農業大学植物園,船子1737,4,-99,1975
139.075558,35.310048,14217,3,03005,03005,足柄森林公園丸太の森（自然植物観察園・山野草園・万葉植物苑）,広町1544,3,-99,1982
139.04355,35.21995,14382,3,03005,03005,箱根町立箱根芦之湯フラワーセンター,芦之湯84-55,3,-99,1988
139.009854,35.265664,14382,3,03005,03005,箱根湿生花園,仙石原817,3,-99,1976
139.074396,35.145289,14384,3,03005,03005,万葉公園,宮上566,3,-99,1951
139.638912,35.455694,14104,3,99999,03002,カップヌードルミュージアム,新港2-3-4,4,5,2011
139.553291941981,35.3204029206312,14204,3,99999,03001,鎌倉彫資料館,小町2-15-13（鎌倉彫会館1階）,4,4,2005
139.046090970991,35.2498394758714,14382,3,99999,03001,箱根写真美術館,強羅1300-432,4,-99,2002
139.009175883963,35.2695288426996,14382,3,99999,03001,箱根ラリック美術館,仙石原186-1,4,2,2005
139.738014,35.259854,14201,3,99999,03001,横須賀美術館,鴨居4-1,3,-99,2007
139.276511709907,35.4820716541084,14402,3,99999,03003,清川村図書館,煤ヶ谷2216,3,-99,9999
139.526723,35.4667309059851,14112,3,99999,03003,神奈川県ライトセンター,二俣川1-80-2,0,-99,9999
139.692811348112,35.5259565662892,14131,3,99999,03003,川崎市盲人図書館,日進町5-1（川崎市福祉センター内）,3,-99,1974
139.473102,35.395834,14205,3,99999,03003,藤沢市点字図書館,湘南台7-18-2（総合市民図書館内）,3,-99,9999
139.665018651888,35.2829526366192,14201,3,99999,03003,横須賀市点字図書館,本町2-1（総合福祉会館4F）,3,-99,9999
139.287132,35.415036,14214,3,99999,03003,産業能率大学図書館,上粕屋1573,4,-99,9999
139.332390303776,35.4632407355513,14212,3,99999,03003,東京工芸大学中央図書館,飯山1583,4,-99,9999
139.346267290093,35.4346632358558,14212,3,99999,03003,湘北短期大学図書館,温水428,4,-99,9999
139.341760767925,35.48715682581,14212,3,99999,03003,神奈川工科大学附属図書館,下荻野1030,4,-99,1985
139.153755651888,35.2544571749253,14206,3,99999,03003,国際医療福祉大学小田原保健医療学部図書館,城山1-2-25,4,-99,9999
139.530142174056,35.6338059729024,14135,3,99999,03003,川崎市立図書館菅閲覧所,菅3-1-1（TKプラザビル3F・4F）,3,-99,9999
139.647346,35.588876,14133,3,99999,03003,川崎市市民ミュージアム・ミュージアムライブラリー,等々力1-2（等々力緑地内）,3,-99,9999
139.615891,35.593929,14134,3,99999,03003,洗足学園音楽大学附属図書館,久本2-3-1,4,-99,9999
139.527376348112,35.6208393054452,14135,3,99999,03003,日本女子大学西生田図書館,西生田1-1-1,4,-99,9999
139.554531348112,35.6084237504736,14135,3,99999,03003,専修大学図書館,東三田2-1-1,4,-99,9999
139.549431348112,35.6124267504736,14135,3,99999,03003,明治大学生田図書館,東三田1-1-1,4,-99,9999
139.271864348112,35.3593637504736,14203,3,99999,03003,東海大学医療技術短期大学図書館,北金目4-1-2,4,-99,9999
139.260239348112,35.3451087504736,14203,3,99999,03003,神奈川大学平塚図書館,土屋2946,4,-99,9999
139.275011348112,35.3657507504736,14203,3,99999,03003,東海大学附属図書館中央図書館,北金目4-1-1,4,-99,9999
139.553131348112,35.3679537504736,14115,3,99999,03003,神奈川県立地球市民かながわプラザ映像ライブラリー,小菅ケ谷1-2-1（神奈川県立地球市民かながわプラザ1階）,2,-99,9999
139.509454348112,35.5093537504736,14113,3,99999,03003,東洋英和女学院大学図書館,三保町32,4,-99,9999
139.497486348112,35.5572797504736,14117,3,99999,03003,横浜美術大学図書館,鴨志田町1204,4,-99,9999
139.498462348112,35.5590117504736,14117,3,99999,03003,日本体育大学・日本体育大学女子短期大学部健志台キャンパス図書館,鴨志田町1221-1,4,-99,9999
139.659346348112,35.4977397504736,14101,3,99999,03003,横浜商科大学図書館,東寺尾4-11-1,4,-99,9999
139.620415116037,35.4918542151252,14102,3,99999,03003,慶應義塾大学白楽サテライトライブラリー,六角橋6-2-38（ティーエルロジコム株式会社六角橋営業所ビル内）,4,-99,9999
139.575299,35.5618742471043,14118,3,99999,03003,東京都市大学横浜キャンパス図書館,牛久保西3-3-1,4,-99,9999
139.624454,35.3227962471043,14108,3,99999,03003,関東学院大学図書館本館,六浦東1-50-1,4,-99,9999
139.525333,35.4375502471043,14116,3,99999,03003,フェリス女学院大学附属図書館緑園本館,緑園4-5-3,4,-99,9999
139.616486,35.3342262471043,14108,3,99999,03003,横浜市立大学学術情報センター,瀬戸22-2,0,-99,9999
139.650673,35.3429102471043,14108,3,99999,03003,横浜市立大学医学情報センター,福浦3-9,0,-99,9999
139.560739,35.5741732471043,14117,3,99999,03003,國學院大學たまプラーザキャンパス図書館,新石川3-22-1,4,-99,9999
139.619361,35.4844282471043,14102,3,99999,03003,神奈川大学横浜図書館,六角橋3-27-1,4,-99,9999
139.67376,35.5046462471043,14101,3,99999,03003,鶴見大学図書館,鶴見2-1-3,4,-99,9999
139.590378,35.4728432471043,14106,3,99999,03003,横浜国立大学附属図書館,常盤台79-6,0,-99,9999
139.6811,35.2738982471043,14201,3,99999,03003,神奈川県立保健福祉大学附属図書館,平成町1-10-1,0,-99,9999
139.374153767925,35.5698352417638,14152,3,99999,03003,相模原市ウェルネスさがみはら保健と福祉のライブラリー,富士見6-1-1（ウェルネスさがみはら1F）,3,-99,9999
139.429535,35.5346692471043,14153,3,99999,03003,相模女子大学附属図書館,文京2-1-1,4,-99,9999
139.394430825944,35.5390464338159,14153,3,99999,03003,北里大学医学図書館,北里1-15-1,4,-99,9999
139.415737825944,35.3702324338159,14207,3,99999,03003,文教大学湘南図書館,行谷1100,4,-99,9999
139.608481825944,35.2611344338159,14301,3,99999,03003,総合研究大学院大学附属図書館,湘南国際村,0,-99,9999
139.468256825944,35.3795864338159,14205,3,99999,03003,日本大学生物資源科学部図書館,亀井野1866,4,-99,9999
139.452924825944,35.3256834338159,14205,3,99999,03003,湘南工科大学附属図書館,辻堂西海岸1-1-25,4,-99,9999
139.539629825944,35.3518014338159,14204,3,99999,03003,鎌倉女子大学図書館,大船6-1-3,4,-99,9999
139.624902825944,35.4630774338159,14103,3,99999,03002,原鉄道模型博物館,高島1-1-2（横浜三井ビルディング2階）,4,-99,2012
139.547017825944,35.6113684338159,14135,3,99999,03002,明治大学平和教育登戸研究所資料館,東三田1-1-1（明治大学生田キャンパス内）,4,-99,2010
139.694521116037,35.497630823817,14101,3,99999,03115,入船公園,弁天町3,4,-99,9999
139.693071,35.498806,14101,3,99999,03102,入船公園,弁天町3,4,-99,9999
139.694378,35.499329,14101,3,99999,03104,入船公園,弁天町3,4,-99,9999
139.686689,35.5049660276146,14101,3,99999,03115,潮田公園,向井町2-71,4,-99,9999
139.68767,35.504637,14101,3,99999,03102,潮田公園,向井町2-71,4,-99,9999
139.688661709907,35.5047967021691,14101,3,99999,03106,潮田公園,向井町2-71,4,-99,9999
139.661840825944,35.5243434149279,14101,3,99999,03115,三ツ池公園,三ツ池公園,4,-99,9999
139.661960290093,35.5249962355653,14101,3,99999,03102,三ツ池公園,三ツ池公園,4,-99,9999
139.662370290093,35.5258232355653,14101,3,99999,03104,三ツ池公園,三ツ池公園,4,-99,9999
139.662500290093,35.5242612355653,14101,3,99999,03106,三ツ池公園,三ツ池公園,4,-99,9999
139.677748,35.520443,14101,3,99999,03109,鶴見スポーツセンター,元宮2-5-1,4,2,9999
139.677754,35.520385,14101,3,99999,03120,鶴見スポーツセンター,元宮2-5-1,4,2,9999
139.67776,35.520322,14101,3,99999,03113,鶴見スポーツセンター,元宮2-5-1,4,2,9999
139.677766,35.520259,14101,3,99999,03111,鶴見スポーツセンター,元宮2-5-1,4,2,9999
139.677766,35.520196,14101,3,99999,03132,鶴見スポーツセンター,元宮2-5-1,4,2,9999
139.677766,35.520128,14101,3,99999,03129,鶴見スポーツセンター,元宮2-5-1,4,2,9999
139.668396160374,35.4851122777263,14101,3,99999,03103,鶴見区スポーツ広場（球技場）,大黒町18-18,4,-99,9999
139.677695058019,35.5185188597273,14101,3,99999,03137,横浜市鶴見川漕艇場（漕艇場）,元宮2-6,4,-99,9999
139.688442,35.480024,14101,3,99999,03105,横浜市高齢者保養研修施設ふれーゆ（屋内プール）,末広町1-15-2,4,2,9999
139.688442,35.479966,14101,3,99999,03107,横浜市高齢者保養研修施設ふれーゆ（屋内プール）,末広町1-15-2,4,2,9999
139.665854,35.5005160186265,14101,3,99999,03106,岸谷公園（屋外プール）,岸谷3-20,4,-99,9999
139.692289,35.5102100186265,14101,3,99999,03106,平安公園（屋外プール）,平安町2-17-1,4,-99,9999
139.592234,35.4926920186265,14102,3,99999,03109,羽沢スポーツ会館（体育館）,羽沢町1700-1,4,-99,9999
139.592234,35.4926340186265,14102,3,99999,03120,羽沢スポーツ会館（体育館）,羽沢町1700-1,4,-99,9999
139.654011,35.5321590186265,14101,3,99999,03109,駒岡地区センター（体育室）,駒岡4-28-5,4,2,9999
139.654017,35.5321010186265,14101,3,99999,03120,駒岡地区センター（体育室）,駒岡4-28-5,4,2,9999
139.682407,35.5366310186265,14101,3,99999,03109,矢向地区センター（体育室）,矢向4-32-11,4,2,9999
139.682407,35.5365830186265,14101,3,99999,03120,矢向地区センター（体育室）,矢向4-32-11,4,2,9999
139.682413,35.5365250186265,14101,3,99999,03132,矢向地区センター（体育室）,矢向4-32-11,4,2,9999
139.658944,35.5124110186265,14101,3,99999,03109,寺尾地区センター（体育室）,馬場4-39-1,4,2,9999
139.658944,35.5123630186265,14101,3,99999,03120,寺尾地区センター（体育室）,馬場4-39-1,4,2,9999
139.658938,35.5123050186265,14101,3,99999,03132,寺尾地区センター（体育室）,馬場4-39-1,4,2,9999
139.670074535851,35.4969027100832,14101,3,99999,03109,生麦地区センター（体育室）,生麦4-6-37,4,2,9999
139.670039535851,35.4968487100832,14101,3,99999,03120,生麦地区センター（体育室）,生麦4-6-37,4,2,9999
139.669979535851,35.4967957100832,14101,3,99999,03132,生麦地区センター（体育室）,生麦4-6-37,4,2,9999
139.669824,35.5280162290078,14101,3,99999,03109,末吉地区センター（体育室）,上末吉2-16-16,4,2,9999
139.669824,35.5279582290078,14101,3,99999,03120,末吉地区センター（体育室）,上末吉2-16-16,4,2,9999
139.684921,35.5004842290078,14101,3,99999,03109,潮田地区センター（体育室）,本町通4-171-23,0,3,9999
139.684921,35.5004262290078,14101,3,99999,03120,潮田地区センター（体育室）,本町通4-171-23,0,3,9999
139.684921,35.5003722290078,14101,3,99999,03132,潮田地区センター（体育室）,本町通4-171-23,0,3,9999
139.601547290093,35.4700557182539,14102,3,99999,03101,三ツ沢公園,三ツ沢西町3-1,3,-99,9999
139.604220290093,35.4712507182539,14102,3,99999,03115,三ツ沢公園,三ツ沢西町3-1,3,-99,9999
139.605611290093,35.4693207182539,14102,3,99999,03102,三ツ沢公園,三ツ沢西町3-1,3,-99,9999
139.603757290093,35.4691027182539,14102,3,99999,03103,三ツ沢公園,三ツ沢西町3-1,3,-99,9999
139.603151290093,35.4718557182539,14102,3,99999,03104,三ツ沢公園,三ツ沢西町3-1,3,-99,9999
139.604565290093,35.4726647182539,14102,3,99999,03123,三ツ沢公園（馬場）,三ツ沢西町3-1,4,-99,9999
139.651409058019,35.4944556533804,14102,3,99999,03102,神の木公園（野球場）,神之木台13,4,-99,9999
139.619694,35.4721131837054,14102,3,99999,03102,台町公園（野球場）,高島台29,4,-99,9999
139.603481883963,35.4786328719427,14102,3,99999,03109,神奈川スポーツセンター,三ツ沢上町11-18,4,-99,9999
139.603481883963,35.4785838719427,14102,3,99999,03120,神奈川スポーツセンター,三ツ沢上町11-18,4,-99,9999
139.603481883963,35.4785458719427,14102,3,99999,03113,神奈川スポーツセンター,三ツ沢上町11-18,4,-99,9999
139.603481883963,35.4785068719427,14102,3,99999,03111,神奈川スポーツセンター,三ツ沢上町11-18,4,-99,9999
139.603481883963,35.4784628719427,14102,3,99999,03132,神奈川スポーツセンター,三ツ沢上町11-18,4,-99,9999
139.603481883963,35.4784098719427,14102,3,99999,03129,神奈川スポーツセンター,三ツ沢上町11-18,4,-99,9999
139.606543651888,35.4693399271656,14102,3,99999,03109,スポーツ会館（トレーニング場）,三ツ沢西町3-1,4,3,9999
139.606549651888,35.4692869271656,14102,3,99999,03120,スポーツ会館（トレーニング場）,三ツ沢西町3-1,4,3,9999
139.606633651888,35.4693399271656,14102,3,99999,03132,スポーツ会館（トレーニング場）,三ツ沢西町3-1,4,3,9999
139.606638651888,35.4692819271656,14102,3,99999,03129,スポーツ会館（トレーニング場）,三ツ沢西町3-1,4,3,9999
139.601969,35.471546,14102,3,99999,03142,横浜市三ツ沢公園青少年野外活動センター,三ツ沢西町3-1,4,-99,9999
139.634864116037,35.4899879944569,14102,3,99999,03138,白幡仲町公園（屋外プール）,白幡仲町17-6,4,-99,9999
139.621429058019,35.4910214770911,14102,3,99999,03106,六角橋公園（屋外プール）,六角橋6-1,4,-99,9999
139.649987058019,35.4887564770911,14102,3,99999,03106,入江町公園（屋外プール）,入江1-27-3,4,-99,9999
139.648378709907,35.4940210041209,14102,3,99999,03132,神之木地区センター（体育館）,神之木町7-1,4,3,9999
139.648378709907,35.4939770041209,14102,3,99999,03109,神之木地区センター（体育館）,神之木町7-1,4,3,9999
139.648378709907,35.4939390041209,14102,3,99999,03120,神之木地区センター（体育館）,神之木町7-1,4,3,9999
139.632746709907,35.4747000041209,14102,3,99999,03109,神奈川地区センター（体育館）,神奈川本町8-1,4,2,9999
139.632746709907,35.4746370041209,14102,3,99999,03120,神奈川地区センター（体育館）,神奈川本町8-1,4,2,9999
139.611064709907,35.4872110041209,14102,3,99999,03132,神大寺地区センター（体育館）,神大寺2-28-18,4,2,9999
139.611064709907,35.4871520041209,14102,3,99999,03109,神大寺地区センター（体育館）,神大寺2-28-18,4,2,9999
139.611064709907,35.4870850041209,14102,3,99999,03120,神大寺地区センター（体育館）,神大寺2-28-18,4,2,9999
139.643963941981,35.4957320073941,14102,3,99999,03132,松見集会所（体育館）,松見町1-10-1,4,2,9999
139.643957941981,35.4957030073941,14102,3,99999,03109,松見集会所（体育館）,松見町1-10-1,4,2,9999
139.643945941981,35.4956650073941,14102,3,99999,03120,松見集会所（体育館）,松見町1-10-1,4,2,9999
139.632731941981,35.4896010073941,14102,3,99999,03109,白幡地区センター（体育館）,白幡上町44-12,4,2,9999
139.632725941981,35.4895520073941,14102,3,99999,03120,白幡地区センター（体育館）,白幡上町44-12,4,2,9999
139.585461941981,35.5015550073941,14102,3,99999,03109,菅田地区センター（体育館）,菅田町1718-1,4,3,9999
139.585455941981,35.5014820073941,14102,3,99999,03120,菅田地区センター（体育館）,菅田町1718-1,4,3,9999
139.606656941981,35.4698280073941,14102,3,99999,03109,平沼記念体育館（体育館）,三ツ沢西町3-1,4,3,9999
139.606650941981,35.4697560073941,14102,3,99999,03120,平沼記念体育館（体育館）,三ツ沢西町3-1,4,3,9999
139.61335,35.461677,14103,3,99999,03102,岡野公園,岡野2-9,4,-99,9999
139.612636767925,35.4613182514127,14103,3,99999,03106,岡野公園,岡野2-9,4,-99,9999
139.608752709907,35.4596983224776,14103,3,99999,03109,西スポーツセンター,浅間町4-340-1,4,-99,9999
139.608752709907,35.4596453224776,14103,3,99999,03120,西スポーツセンター,浅間町4-340-1,4,-99,9999
139.608752709907,35.4595873224776,14103,3,99999,03132,西スポーツセンター,浅間町4-340-1,4,-99,9999
139.608746709907,35.4595293224776,14103,3,99999,03105,西スポーツセンター,浅間町4-340-1,4,-99,9999
139.608746709907,35.4594713224776,14103,3,99999,03129,西スポーツセンター,浅間町4-340-1,4,-99,9999
139.629947,35.464424,14103,3,99999,03103,横浜みなとみらいスポーツパーク（球技場）,みなとみらい6-2-1,4,2,9999
139.613491,35.449136,14103,3,99999,03109,藤棚地区センター（体育館）,藤棚町2-198,4,3,9999
139.613485,35.449068,14103,3,99999,03120,藤棚地区センター（体育館）,藤棚町2-198,4,3,9999
139.616037488225,35.4622896664217,14103,3,99999,03109,西地区センター（体育館）,岡野1-6-41,4,2,9999
139.616037488225,35.4622316664217,14103,3,99999,03120,西地区センター（体育館）,岡野1-6-41,4,2,9999
139.634136593869,35.4412545215119,14104,3,99999,03115,日ノ出川公園（庭球場）,万代町3-6,4,-99,9999
139.64904812972,35.4351362998611,14104,3,99999,03115,山手公園（庭球場）,山手町230,4,-99,9999
139.662153174056,35.4136124072067,14104,3,99999,03115,本牧市民公園,本牧三之谷298-3,4,-99,9999
139.661006174056,35.4136704072067,14104,3,99999,03104,本牧市民公園,本牧三之谷298-3,4,-99,9999
139.664286174056,35.4137524072067,14104,3,99999,03106,本牧市民公園,本牧三之谷298-3,4,-99,9999
139.651351941981,35.4381410378163,14104,3,99999,03121,元町公園（弓道場）,元町1-77-5,4,-99,9999
139.651155941981,35.4385810378163,14104,3,99999,03106,元町公園（弓道場）,元町1-77-5,4,-99,9999
139.661624058019,35.4359115088521,14104,3,99999,03109,中スポーツセンター,新山下3-15-4,4,3,9999
139.661624058019,35.4358725088521,14104,3,99999,03120,中スポーツセンター,新山下3-15-4,4,3,9999
139.661624058019,35.4358245088521,14104,3,99999,03132,中スポーツセンター,新山下3-15-4,4,3,9999
139.661624058019,35.4357755088521,14104,3,99999,03129,中スポーツセンター,新山下3-15-4,4,3,9999
139.635056058019,35.4419085088521,14104,3,99999,03129,横浜技能文化会館（トレーニング室）,万代町2-4-7,4,8,9999
139.640511058019,35.4399875088521,14104,3,99999,03129,かながわ労働プラザ（トレーニング場）,寿町1-4,4,9,9999
139.644394058019,35.4306935088521,14104,3,99999,03109,竹之丸地区センター（体育館）,竹之丸133-3,4,2,9999
139.644394058019,35.4306495088521,14104,3,99999,03120,竹之丸地区センター（体育館）,竹之丸133-3,4,2,9999
139.644394058019,35.4306015088521,14104,3,99999,03132,竹之丸地区センター（体育館）,竹之丸133-3,4,2,9999
139.664779058019,35.4236415088521,14104,3,99999,03109,本牧地区センター（体育館）,本牧原16-1,4,2,9999
139.664779058019,35.4235785088521,14104,3,99999,03120,本牧地区センター（体育館）,本牧原16-1,4,2,9999
139.636457058019,35.4411287265149,14104,3,99999,03109,横浜文化体育館（体育館）,不老町2-7,4,2,9999
139.636457058019,35.4410657265149,14104,3,99999,03120,横浜文化体育館（体育館）,不老町2-7,4,2,9999
139.636463058019,35.4410027265149,14104,3,99999,03131,横浜文化体育館（体育館）,不老町2-7,4,2,9999
139.636463058019,35.4409447265149,14104,3,99999,03130,横浜文化体育館（体育館）,不老町2-7,4,2,9999
139.636469058019,35.4408727265149,14104,3,99999,03129,横浜文化体育館（体育館）,不老町2-7,4,2,9999
139.581984058019,35.4254577265149,14105,3,99999,03116,六ツ川スポーツ会館,六ツ川2-112-1,4,-99,9999
139.581984058019,35.4254287265149,14105,3,99999,03120,六ツ川スポーツ会館,六ツ川2-112-1,4,-99,9999
139.581987058019,35.4254017265149,14105,3,99999,03109,六ツ川スポーツ会館,六ツ川2-112-1,4,-99,9999
139.606350116037,35.4384422442959,14105,3,99999,03115,清水ケ丘公園,清水ケ丘87-2,4,-99,9999
139.603813116037,35.4378022442959,14105,3,99999,03104,清水ケ丘公園,清水ケ丘87-2,4,-99,9999
139.604686116037,35.4384902442959,14105,3,99999,03105,清水ケ丘公園,清水ケ丘87-2,4,-99,9999
139.605762116037,35.4376912442959,14105,3,99999,03109,清水ケ丘公園,清水ケ丘87-2,4,-99,9999
139.605756116037,35.4376282442959,14105,3,99999,03120,清水ケ丘公園,清水ケ丘87-2,4,-99,9999
139.605756116037,35.4375752442959,14105,3,99999,03132,清水ケ丘公園,清水ケ丘87-2,4,-99,9999
139.605756116037,35.4375222442959,14105,3,99999,03111,清水ケ丘公園,清水ケ丘87-2,4,-99,9999
139.604969580187,35.4240182152001,14105,3,99999,03109,南スポーツセンター（トレーニング場）,大岡1-14-1,4,-99,9999
139.604963580187,35.4239602152001,14105,3,99999,03120,南スポーツセンター（トレーニング場）,大岡1-14-1,4,-99,9999
139.604963580187,35.4239072152001,14105,3,99999,03112,南スポーツセンター（トレーニング場）,大岡1-14-1,4,-99,9999
139.604963580187,35.4238592152001,14105,3,99999,03113,南スポーツセンター（トレーニング場）,大岡1-14-1,4,-99,9999
139.604963580187,35.4238102152,14105,3,99999,03129,南スポーツセンター（トレーニング場）,大岡1-14-1,4,-99,9999
139.604963580187,35.4237572152001,14105,3,99999,03132,南スポーツセンター（トレーニング場）,大岡1-14-1,4,-99,9999
139.607978580187,35.4329272152001,14105,3,99999,03138,南地区センター（ゲートボール場）,南太田2-32-1,4,-99,9999
139.602660580187,35.4203112152001,14105,3,99999,03104,大岡公園（運動広場）,大岡2-893,3,-99,9999
139.625977058019,35.4320951662617,14105,3,99999,03106,中村公園（屋外プール）,中村町4-269-2,4,-99,9999
139.596447593869,35.4239675312392,14105,3,99999,03106,弘明寺公園（屋外プール）,弘明寺327,4,-99,9999
139.624365651888,35.432638483666,14105,3,99999,03109,中村地区センター（体育館）,中村町4-270,4,3,9999
139.624365651888,35.432594483666,14105,3,99999,03120,中村地区センター（体育館）,中村町4-270,4,3,9999
139.607981580187,35.4333682152001,14105,3,99999,03109,南地区センター（体育館）,南太田2-32-1,4,3,9999
139.607981580187,35.4333192152001,14105,3,99999,03120,南地区センター（体育館）,南太田2-32-1,4,3,9999
139.607981580187,35.4332662152,14105,3,99999,03132,南地区センター（体育館）,南太田2-32-1,4,3,9999
139.584556,35.4342328192005,14105,3,99999,03109,永田地区センター（体育館）,永田台45-1,4,2,9999
139.584556,35.4341698192005,14105,3,99999,03120,永田地区センター（体育館）,永田台45-1,4,2,9999
139.604921969346,35.4236262682309,14105,3,99999,03120,大岡地区センター（体育館）,大岡1-14-1,4,3,9999
139.583195,35.386486,14111,3,99999,03115,日野中央公園,日野中央2-2,4,-99,9999
139.583825,35.386055,14111,3,99999,03102,日野中央公園,日野中央2-2,4,-99,9999
139.588926,35.3988667919475,14111,3,99999,03109,港南スポーツセンター,日野1-2-30,4,2,9999
139.588926,35.3988087919475,14111,3,99999,03120,港南スポーツセンター,日野1-2-30,4,2,9999
139.588926,35.3987597919475,14111,3,99999,03113,港南スポーツセンター,日野1-2-30,4,2,9999
139.588926,35.3987067919475,14111,3,99999,03132,港南スポーツセンター,日野1-2-30,4,2,9999
139.58892,35.3986437919475,14111,3,99999,03129,港南スポーツセンター,日野1-2-30,4,2,9999
139.584948,35.3664397919475,14111,3,99999,03105,港南プール（屋内プール）,港南台6-22-38,4,-99,9999
139.571485,35.3883117919475,14111,3,99999,03106,野庭中央公園（屋外プール）,野庭町613,4,-99,9999
139.571506,35.3902057919475,14111,3,99999,03109,野庭地区センター（体育館）,野庭町612,4,3,9999
139.571512,35.3901577919475,14111,3,99999,03120,野庭地区センター（体育館）,野庭町612,4,3,9999
139.571512,35.3900947919475,14111,3,99999,03132,野庭地区センター（体育館）,野庭町612,4,3,9999
139.582311,35.4063697919475,14111,3,99999,03109,東永谷地区センター（体育館）,東永谷1-1-12,4,2,9999
139.582311,35.4063117919475,14111,3,99999,03120,東永谷地区センター（体育館）,東永谷1-1-12,4,2,9999
139.582317,35.4062587919475,14111,3,99999,03132,東永谷地区センター（体育館）,東永谷1-1-12,4,2,9999
139.589269941981,35.3990669136258,14111,3,99999,03109,港南地区センター（体育館（レクホール））,日野1-2-31,4,2,9999
139.589275941981,35.3989989136258,14111,3,99999,03120,港南地区センター（体育館（レクホール））,日野1-2-31,4,2,9999
139.564414709907,35.4167727496325,14111,3,99999,03109,永谷地区センター（体育館）,芹が谷5-47-5,4,2,9999
139.564414709907,35.4167287496325,14111,3,99999,03120,永谷地区センター（体育館）,芹が谷5-47-5,4,2,9999
139.564420709907,35.4166707496325,14111,3,99999,03132,永谷地区センター（体育館）,芹が谷5-47-5,4,2,9999
139.582319290093,35.3713890817475,14111,3,99999,03109,港南台地区センター（体育館）,港南台5-3-1,4,2,9999
139.582331290093,35.3713340817475,14111,3,99999,03120,港南台地区センター（体育館）,港南台5-3-1,4,2,9999
139.582331290093,35.3712900817475,14111,3,99999,03132,港南台地区センター（体育館）,港南台5-3-1,4,2,9999
139.595274116037,35.4543989153375,14106,3,99999,03109,保土ケ谷スポーツセンター,神戸町129-2,4,4,9999
139.595274116037,35.4543509153375,14106,3,99999,03120,保土ケ谷スポーツセンター,神戸町129-2,4,4,9999
139.595274116037,35.4542979153375,14106,3,99999,03132,保土ケ谷スポーツセンター,神戸町129-2,4,4,9999
139.595274116037,35.4542439153375,14106,3,99999,03111,保土ケ谷スポーツセンター,神戸町129-2,4,4,9999
139.595268116037,35.4542009153375,14106,3,99999,03113,保土ケ谷スポーツセンター,神戸町129-2,4,4,9999
139.595268116037,35.4541619153375,14106,3,99999,03129,保土ケ谷スポーツセンター,神戸町129-2,4,4,9999
139.595684116037,35.4544329153375,14106,3,99999,03127,保土ケ谷スポーツセンター,神戸町129-2,4,4,9999
139.595078116037,35.4541519153375,14106,3,99999,03115,保土ケ谷スポーツセンター,神戸町129-2,4,4,9999
139.590340058019,35.468898626536,14106,3,99999,03115,常盤公園,常盤台404,4,-99,9999
139.589608928299,35.4694211980011,14106,3,99999,03104,常盤公園,常盤台404,4,-99,9999
139.588248030654,35.4694507158457,14106,3,99999,03121,常盤公園,常盤台404,4,-99,9999
139.583537825944,35.4532824336216,14106,3,99999,03115,保土ヶ谷公園,花見台,4,-99,9999
139.582604941981,35.4541582738078,14106,3,99999,03102,保土ヶ谷公園,花見台,4,-99,9999
139.584868941981,35.4549622738078,14106,3,99999,03103,保土ヶ谷公園,花見台,4,-99,9999
139.582747941981,35.4524832738078,14106,3,99999,03106,保土ヶ谷公園,花見台,4,-99,9999
139.581980941981,35.4523862738078,14106,3,99999,03107,保土ヶ谷公園,花見台,4,-99,9999
139.586722941981,35.4574782738078,14106,3,99999,03109,保土ヶ谷公園,花見台,4,-99,9999
139.586734941981,35.4574112738078,14106,3,99999,03120,保土ヶ谷公園,花見台,4,-99,9999
139.57961,35.4375572418577,14106,3,99999,03105,保土ケ谷プール（屋内プール）,狩場町238-3,4,1,9999
139.597523941981,35.4578990829641,14106,3,99999,03106,川辺公園（屋外プール）,川辺町4-4,4,-99,9999
139.559818941981,35.4521840829641,14106,3,99999,03109,今井地区センター（体育館）,今井町412-8,4,4,9999
139.559818941981,35.4521260829641,14106,3,99999,03120,今井地区センター（体育館）,今井町412-8,4,4,9999
139.603223941981,35.4571860829641,14106,3,99999,03109,ほどがや地区センター（体育館）,天王町1-21,4,2,9999
139.603217941981,35.4571280829641,14106,3,99999,03120,ほどがや地区センター（体育館）,天王町1-21,4,2,9999
139.603211941981,35.4570650829641,14106,3,99999,03132,ほどがや地区センター（体育館）,天王町1-21,4,2,9999
139.576419941981,35.4490040829641,14106,3,99999,03109,初音が丘地区センター（体育館）,藤塚町15-1,4,3,9999
139.576425941981,35.4489460829641,14106,3,99999,03120,初音が丘地区センター（体育館）,藤塚町15-1,4,3,9999
139.594105941981,35.4412710829641,14106,3,99999,03120,瀬戸ケ谷スポーツ会館（体育館）,瀬戸ケ谷町71,4,1,9999
139.594094941981,35.4412130829641,14106,3,99999,03132,瀬戸ケ谷スポーツ会館（体育館）,瀬戸ケ谷町71,4,1,9999
139.548812696224,35.4640567637658,14112,3,99999,03109,旭スポーツセンター,川島町1983,4,2,9999
139.548806696224,35.4640037637658,14112,3,99999,03120,旭スポーツセンター,川島町1983,4,2,9999
139.548800696224,35.4639507637658,14112,3,99999,03113,旭スポーツセンター,川島町1983,4,2,9999
139.548800696224,35.4638927637658,14112,3,99999,03111,旭スポーツセンター,川島町1983,4,2,9999
139.548800696224,35.4638387637658,14112,3,99999,03132,旭スポーツセンター,川島町1983,4,2,9999
139.548794696224,35.4637857637658,14112,3,99999,03129,旭スポーツセンター,川島町1983,4,2,9999
139.530250941981,35.4745554430396,14112,3,99999,03115,今川公園（庭球場）,今川町96-2,4,-99,9999
139.529810941981,35.4754884430396,14112,3,99999,03102,今川公園（庭球場）,今川町96-2,4,-99,9999
139.535086,35.452236,14112,3,99999,03102,こども自然公園（野球場）,大池町65,4,-99,1972
139.533256,35.447962,14112,3,99999,03142,横浜市こども自然公園青少年野外活動センター（キャンプ場）,大池町65-1,4,-99,1972
139.553113,35.483486,14112,3,99999,03105,旭プール（屋内プール）,白根2-33-1,4,-99,9999
139.55268,35.483476,14112,3,99999,03106,旭プール（屋外プール）,白根2-33-1,4,-99,9999
139.538980116037,35.4764222860418,14112,3,99999,03106,鶴ケ峰本町公園（屋外プール）,鶴ケ峰本町1-16-2,4,-99,9999
139.492936174056,35.5062848453847,14112,3,99999,03106,大貫谷公園（屋外プール）,若葉台4-35,4,-99,9999
139.557903174056,35.4641888453847,14112,3,99999,03109,市沢地区センター（体育館）,市沢町9,4,2,9999
139.557909174056,35.4641458453847,14112,3,99999,03120,市沢地区センター（体育館）,市沢町9,4,2,9999
139.557909174056,35.4640878453847,14112,3,99999,03132,市沢地区センター（体育館）,市沢町9,4,2,9999
139.516541174056,35.4700228453847,14112,3,99999,03109,今宿地区センター（体育館）,今宿町2647-2,4,2,9999
139.516547174056,35.4699598453847,14112,3,99999,03120,今宿地区センター（体育館）,今宿町2647-2,4,2,9999
139.516553174056,35.4699068453847,14112,3,99999,03132,今宿地区センター（体育館）,今宿町2647-2,4,2,9999
139.510883941981,35.4595645651992,14112,3,99999,03109,希望が丘地区センター（体育館）,中希望が丘145-4,4,3,9999
139.510883941981,35.4595155651992,14112,3,99999,03120,希望が丘地区センター（体育館）,中希望が丘145-4,4,3,9999
139.510966941981,35.4595355651992,14112,3,99999,03132,希望が丘地区センター（体育館）,中希望が丘145-4,4,3,9999
139.547338883963,35.4809225848884,14112,3,99999,03109,白根地区センター（体育館）,白根町4-6-1,4,2,9999
139.499090348112,35.5057425848884,14112,3,99999,03109,若葉台地区センター（体育館）,若葉台3-4-2,4,2,9999
139.499084348112,35.5056795848884,14112,3,99999,03120,若葉台地区センター（体育館）,若葉台3-4-2,4,2,9999
139.523855883963,35.4858375848884,14112,3,99999,03109,都岡地区センター（体育館）,今宿西町292-2,4,2,9999
139.523855883963,35.4857795848884,14112,3,99999,03120,都岡地区センター（体育館）,今宿西町292-2,4,2,9999
139.537687,35.4654901408476,14112,3,99999,03109,本村スポーツ会館（体育館）,本村町15,4,-99,9999
139.53769,35.4654251408476,14112,3,99999,03120,本村スポーツ会館（体育館）,本村町15,4,-99,9999
139.624156058019,35.4207916378771,14107,3,99999,03109,たきがしら会館,滝頭3-1-68,4,2,2011
139.624156058019,35.4207336378771,14107,3,99999,03120,たきがしら会館,滝頭3-1-68,4,2,2011
139.624156058019,35.4206806378771,14107,3,99999,03112,たきがしら会館,滝頭3-1-68,4,2,2011
139.624162058019,35.4206226378771,14107,3,99999,03132,たきがしら会館,滝頭3-1-68,4,2,2011
139.629409767925,35.4135732970447,14107,3,99999,03116,根岸テニスガーデン（庭球場）,原町14-1,4,1,9999
139.628963767925,35.4144932970447,14107,3,99999,03115,根岸テニスガーデン（庭球場）,原町14-1,4,1,9999
139.618069767925,35.4019150727775,14107,3,99999,03115,横浜市社会教育コーナー,磯子3-6-1-1,4,-99,9999
139.618278406131,35.401807939636,14107,3,99999,03132,横浜市社会教育コーナー,磯子3-6-1-1,4,-99,9999
139.618254406131,35.401754939636,14107,3,99999,03120,横浜市社会教育コーナー,磯子3-6-1-1,4,-99,9999
139.623595116037,35.3829736011319,14107,3,99999,03102,新杉田公園,杉田5-32,4,-99,9999
139.623976116037,35.3820196011319,14107,3,99999,03115,新杉田公園,杉田5-32,4,-99,9999
139.623340116037,35.3823486011319,14107,3,99999,03146,新杉田公園,杉田5-32,4,-99,9999
139.613205941981,35.4155002999317,14107,3,99999,03115,岡村公園,岡村2-17,4,-99,9999
139.61263,35.414823,14107,3,99999,03102,岡村公園,岡村2-17,4,-99,9999
139.622536058019,35.3836230680113,14107,3,99999,03109,磯子スポーツセンター,杉田5-32-25,4,2,9999
139.622536058019,35.3835790680113,14107,3,99999,03120,磯子スポーツセンター,杉田5-32-25,4,2,9999
139.622530058019,35.3835310680113,14107,3,99999,03111,磯子スポーツセンター,杉田5-32-25,4,2,9999
139.622530058019,35.3834870680113,14107,3,99999,03113,磯子スポーツセンター,杉田5-32-25,4,2,9999
139.622530058019,35.3834390680113,14107,3,99999,03132,磯子スポーツセンター,杉田5-32-25,4,2,9999
139.622524058019,35.3833900680113,14107,3,99999,03129,磯子スポーツセンター,杉田5-32-25,4,2,9999
139.629564058019,35.4141880680113,14107,3,99999,03107,横浜プールセンター（屋外プール）,原町14-1,4,-99,9999
139.614778058019,35.3933350680113,14107,3,99999,03106,森町公園（屋外プール）,森3-2,4,-99,9999
139.621048058019,35.4161240680113,14107,3,99999,03106,磯子腰越公園（屋外プール）,磯子8-12,4,-99,9999
139.598945058019,35.3735910680113,14107,3,99999,03106,洋光台南公園（屋外プール）,洋光台6-37,4,-99,9999
139.609354058019,35.3740260680113,14107,3,99999,03109,上中里地区センター（体育館）,上中里町397-2,4,-99,9999
139.609360058019,35.3739720680113,14107,3,99999,03120,上中里地区センター（体育館）,上中里町397-2,4,-99,9999
139.620896290093,35.405540832496,14107,3,99999,03109,磯子地区センター（体育館）,磯子3-1-41,4,5,1974
139.620896232075,35.4056767644847,14107,3,99999,03120,磯子地区センター（体育館）,磯子3-1-41,4,5,1974
139.620896232075,35.4056227644847,14107,3,99999,03132,磯子地区センター（体育館）,磯子3-1-41,4,5,1974
139.625911825944,35.421544840065,14107,3,99999,03109,根岸地区センター（体育館）,馬場町1-42,4,3,1994
139.625911825944,35.421491840065,14107,3,99999,03120,根岸地区センター（体育館）,馬場町1-42,4,3,1994
139.625911825944,35.421438840065,14107,3,99999,03132,根岸地区センター（体育館）,馬場町1-42,4,3,1994
139.604850593869,35.3198434004772,14108,3,99999,03115,六浦スポーツ会館（庭球場）,六浦南5-19-2,4,-99,9999
139.634716174056,35.3625424848265,14108,3,99999,03115,長浜公園,長浜106-6,4,-99,9999
139.634555174056,35.3639424848265,14108,3,99999,03103,長浜公園,長浜106-6,4,-99,9999
139.635167174056,35.3619024848265,14108,3,99999,03102,長浜公園,長浜106-6,4,-99,9999
139.620523174056,35.3635424848265,14108,3,99999,03115,富岡西公園神奈川県立体育センター,富岡西6-3,4,-99,9999
139.620790174056,35.3630144848265,14108,3,99999,03102,富岡西公園神奈川県立体育センター,富岡西6-3,4,-99,9999
139.632161883963,35.3753381183627,14108,3,99999,03115,富岡総合公園,富岡東2-9,4,-99,9999
139.633272883963,35.3755991183627,14108,3,99999,03122,富岡総合公園,富岡東2-9,4,-99,9999
139.631193883963,35.3752311183627,14108,3,99999,03104,富岡総合公園,富岡東2-9,4,-99,9999
139.634171,35.328089,14108,3,99999,03102,野島公園,野島24,4,-99,9999
139.634843,35.324769,14108,3,99999,03142,野島公園,野島24,4,-99,9999
139.637992,35.362043,14108,3,99999,03109,金沢スポーツセンター,長浜106-8,4,-99,9999
139.637992,35.361985,14108,3,99999,03120,金沢スポーツセンター,長浜106-8,4,-99,9999
139.637992,35.361932,14108,3,99999,03132,金沢スポーツセンター,長浜106-8,4,-99,9999
139.637992,35.361878,14108,3,99999,03111,金沢スポーツセンター,長浜106-8,4,-99,9999
139.637992,35.361825,14108,3,99999,03129,金沢スポーツセンター,長浜106-8,4,-99,9999
139.637992,35.361781,14108,3,99999,03110,金沢スポーツセンター,長浜106-8,4,-99,9999
139.637986,35.361723,14108,3,99999,03113,金沢スポーツセンター,長浜106-8,4,-99,9999
139.624737,35.3343572574786,14108,3,99999,03109,金沢地区センター,泥亀2-14-5,4,2,9999
139.624737,35.3342942574786,14108,3,99999,03120,金沢地区センター,泥亀2-14-5,4,2,9999
139.624743,35.3342562574786,14108,3,99999,03129,金沢地区センター,泥亀2-14-5,4,2,9999
139.624743,35.3342022574786,14108,3,99999,03104,金沢地区センター,泥亀2-14-5,4,2,9999
139.635634883963,35.3684107935444,14108,3,99999,03106,富岡八幡公園（屋外プール）,富岡東4-12-1,4,-99,9999
139.626553883963,35.3595118720457,14108,3,99999,03109,能見台地区センター（体育館）,能見台東2-1,4,2,9999
139.626553883963,35.3594588720457,14108,3,99999,03120,能見台地区センター（体育館）,能見台東2-1,4,2,9999
139.626547883963,35.3594058720457,14108,3,99999,03132,能見台地区センター（体育館）,能見台東2-1,4,2,9999
139.612075883963,35.3257337935444,14108,3,99999,03109,六浦地区センター（体育館）,六浦5-20-2,4,3,9999
139.612070883963,35.3256707935444,14108,3,99999,03120,六浦地区センター（体育館）,六浦5-20-2,4,3,9999
139.604820593869,35.3199304004772,14108,3,99999,03109,六浦スポーツ会館,六浦南5-19-2,4,2,9999
139.604832593869,35.3198924004772,14108,3,99999,03120,六浦スポーツ会館,六浦南5-19-2,4,2,9999
139.636399,35.368224,14108,3,99999,03109,富岡並木地区センター（体育館）,富岡東4-13-2,4,3,9999
139.636399,35.368161,14108,3,99999,03120,富岡並木地区センター（体育館）,富岡東4-13-2,4,3,9999
139.636393,35.368103,14108,3,99999,03132,富岡並木地区センター（体育館）,富岡東4-13-2,4,3,9999
139.611985232075,35.3419942058162,14108,3,99999,03109,釜利谷地区センター（体育館）,釜利谷南1-2-1,4,2,9999
139.611985232075,35.3419502058162,14108,3,99999,03120,釜利谷地区センター（体育館）,釜利谷南1-2-1,4,2,9999
139.602761232075,35.5109892058162,14109,3,99999,03101,新横浜公園／日産フィールド小机（陸上競技場）,小机町3300,4,-99,9999
139.606404232075,35.5100022058162,14109,3,99999,03101,新横浜公園／日産スタジアム（陸上競技場）,小机町3300,4,7,1998
139.618050232075,35.4957812058162,14109,3,99999,03110,武道館（柔剣道場）,岸根町725,4,-99,1982
139.618050232075,35.4957082058162,14109,3,99999,03111,武道館（柔剣道場）,岸根町725,4,-99,1982
139.617224682542,35.4955099330717,14109,3,99999,03121,武道館（弓道場）,岸根町725,4,-99,1982
139.631595116037,35.5143503750804,14109,3,99999,03115,菊名地区センター（庭球場）,菊名6-18-10,4,-99,9999
139.632451116037,35.5139443750804,14109,3,99999,03120,菊名地区センター（工事中）,菊名6-18-10,4,1,9999
139.632451116037,35.5138953750804,14109,3,99999,03132,菊名地区センター（工事中）,菊名6-18-10,4,1,9999
139.623594116037,35.5156363750804,14109,3,99999,03109,港北スポーツセンター,大豆戸町518-1,4,1,9999
139.623594116037,35.5155833750804,14109,3,99999,03120,港北スポーツセンター,大豆戸町518-1,4,1,9999
139.623600116037,35.5155293750804,14109,3,99999,03113,港北スポーツセンター,大豆戸町518-1,4,1,9999
139.623594116037,35.5154813750804,14109,3,99999,03132,港北スポーツセンター,大豆戸町518-1,4,1,9999
139.623600116037,35.5154283750804,14109,3,99999,03129,港北スポーツセンター,大豆戸町518-1,4,1,9999
139.623315116037,35.5151963750804,14109,3,99999,03115,港北スポーツセンター,大豆戸町518-1,4,1,9999
139.592885,35.513887573928,14109,3,99999,03115,小机スポーツ会館,小机町1800-1,4,-99,9999
139.592885,35.513843573928,14109,3,99999,03109,小机スポーツ会館,小机町1800-1,4,-99,9999
139.592879,35.513795573928,14109,3,99999,03120,小机スポーツ会館,小机町1800-1,4,-99,9999
139.592885,35.513737573928,14109,3,99999,03111,小机スポーツ会館,小机町1800-1,4,-99,9999
139.609044,35.508856545881,14109,3,99999,03109,障害者スポーツ文化センター横浜ラポール,鳥山町1752,4,3,9999
139.609044,35.508813545881,14109,3,99999,03120,障害者スポーツ文化センター横浜ラポール,鳥山町1752,4,3,9999
139.609044,35.508769545881,14109,3,99999,03105,障害者スポーツ文化センター横浜ラポール,鳥山町1752,4,3,9999
139.609044,35.508716545881,14109,3,99999,03101,障害者スポーツ文化センター横浜ラポール,鳥山町1752,4,3,9999
139.609044,35.508658545881,14109,3,99999,03115,障害者スポーツ文化センター横浜ラポール,鳥山町1752,4,3,9999
139.60905,35.508600545881,14109,3,99999,03122,障害者スポーツ文化センター横浜ラポール,鳥山町1752,4,3,9999
139.609056,35.508542545881,14109,3,99999,03129,障害者スポーツ文化センター横浜ラポール,鳥山町1752,4,3,9999
139.60905,35.508479545881,14109,3,99999,03132,障害者スポーツ文化センター横浜ラポール,鳥山町1752,4,3,9999
139.60905,35.508421545881,14109,3,99999,03111,障害者スポーツ文化センター横浜ラポール,鳥山町1752,4,3,9999
139.609044,35.508368545881,14109,3,99999,03104,障害者スポーツ文化センター横浜ラポール,鳥山町1752,4,3,9999
139.609038,35.508309545881,14109,3,99999,03136,障害者スポーツ文化センター横浜ラポール,鳥山町1752,4,3,9999
139.599641638206,35.5137652399518,14109,3,99999,03115,新横浜公園,小机町3300,4,-99,9999
139.599463638206,35.5152552399518,14109,3,99999,03102,新横浜公園,小机町3300,4,-99,9999
139.600675638206,35.5145202399518,14109,3,99999,03104,新横浜公園,小机町3300,4,-99,9999
139.607889638206,35.5076322399518,14109,3,99999,03103,新横浜公園,小机町3300,4,-99,9999
139.600937638206,35.5123722399518,14109,3,99999,03127,新横浜公園,小机町3300,4,-99,9999
139.600675638206,35.5134952399518,14109,3,99999,03146,新横浜公園,小机町3300,4,-99,9999
139.603795638206,35.5120002399518,14109,3,99999,03117,新横浜公園,小机町3300,4,-99,9999
139.617123,35.49507,14109,3,99999,03102,岸根公園（野球場）,岸根町725,4,-99,9999
139.606853825944,35.5109519981429,14109,3,99999,03129,横浜市スポーツ医科学センター,小机町3302-5,4,3,1998
139.606859825944,35.5109039981429,14109,3,99999,03105,横浜市スポーツ医科学センター,小机町3302-5,4,3,1998
139.606859825944,35.5108599981429,14109,3,99999,03109,横浜市スポーツ医科学センター,小机町3302-5,4,3,1998
139.606853825944,35.5108119981429,14109,3,99999,03132,横浜市スポーツ医科学センター,小机町3302-5,4,3,1998
139.605304317458,35.5108634282509,14109,3,99999,03105,新横浜公園／日産ウォーターパーク（屋内プール）,小机町3300,4,-99,9999
139.632268,35.4996052263025,14109,3,99999,03106,菊名池公園（屋外プール）,菊名1-8-1,4,-99,9999
139.632452,35.4994802263025,14109,3,99999,03107,菊名池公園（屋外プール）,菊名1-8-1,4,-99,9999
139.635182825944,35.539683433635,14109,3,99999,03106,綱島公園（屋外プール）,綱島台1-1,4,-99,9999
139.598972348112,35.5087358505112,14109,3,99999,03109,横浜市城郷小机地区センター（体育館）,小机町2484-4,4,3,9999
139.598972348112,35.5086918505112,14109,3,99999,03120,横浜市城郷小机地区センター（体育館）,小机町2484-4,4,3,9999
139.598966348112,35.5086488505112,14109,3,99999,03132,横浜市城郷小机地区センター（体育館）,小机町2484-4,4,3,9999
139.625420348112,35.4991478505112,14109,3,99999,03109,篠原地区センター（体育館）,篠原東2-15-27,4,3,9999
139.625420348112,35.4990948505112,14109,3,99999,03120,篠原地区センター（体育館）,篠原東2-15-27,4,3,9999
139.625420348112,35.4990458505112,14109,3,99999,03132,篠原地区センター（体育館）,篠原東2-15-27,4,3,9999
139.642639348112,35.5551408505112,14109,3,99999,03109,日吉地区センター（体育館）,日吉本町1-11-13,4,2,9999
139.642645348112,35.5550878505112,14109,3,99999,03120,日吉地区センター（体育館）,日吉本町1-11-13,4,2,9999
139.632082348112,35.5378548505112,14109,3,99999,03109,綱島地区センター（体育館）,綱島西1-14-26,4,2,9999
139.632076348112,35.5378008505112,14109,3,99999,03120,綱島地区センター（体育館）,綱島西1-14-26,4,2,9999
139.632070348112,35.5377478505112,14109,3,99999,03113,綱島地区センター（体育館）,綱島西1-14-26,4,2,9999
139.632070348112,35.5376948505112,14109,3,99999,03132,綱島地区センター（体育館）,綱島西1-14-26,4,2,9999
139.611160348112,35.5325498505112,14109,3,99999,03120,新田地区センター（体育館）,新吉田町3236,4,4,9999
139.611285348112,35.5325398505112,14109,3,99999,03132,新田地区センター（体育館）,新吉田町3236,4,4,9999
139.510205348112,35.5262358505112,14113,3,99999,03115,十日市場スポーツ会館,十日市場町1633,4,-99,9999
139.510205348112,35.5261968505112,14113,3,99999,03109,十日市場スポーツ会館,十日市場町1633,4,-99,9999
139.510205348112,35.5261538505112,14113,3,99999,03120,十日市場スポーツ会館,十日市場町1633,4,-99,9999
139.510205348112,35.5261008505112,14113,3,99999,03111,十日市場スポーツ会館,十日市場町1633,4,-99,9999
139.507734348112,35.5198958505112,14113,3,99999,03115,緑テニスガーデン（庭球場）,霧が丘1-1,4,-99,9999
139.544312348112,35.4987558505112,14113,3,99999,03115,長坂谷公園,寺山町745-1,4,-99,9999
139.543094348112,35.4983438505112,14113,3,99999,03102,長坂谷公園,寺山町745-1,4,-99,9999
139.542767348112,35.4996548505112,14113,3,99999,03103,長坂谷公園,寺山町745-1,4,-99,9999
139.537672348112,35.5165046343002,14113,3,99999,03109,緑スポーツセンター,中山町329-25,4,-99,9999
139.537672348112,35.5164616343002,14113,3,99999,03120,緑スポーツセンター,中山町329-25,4,-99,9999
139.537672348112,35.5164176343002,14113,3,99999,03113,緑スポーツセンター,中山町329-25,4,-99,9999
139.537672348112,35.5163796343002,14113,3,99999,03112,緑スポーツセンター,中山町329-25,4,-99,9999
139.537672348112,35.5163406343002,14113,3,99999,03132,緑スポーツセンター,中山町329-25,4,-99,9999
139.537678348112,35.5163116343002,14113,3,99999,03129,緑スポーツセンター,中山町329-25,4,-99,9999
139.543619348112,35.5165298505112,14113,3,99999,03109,中山地区センター（体育館）,中山町413-4,4,-99,9999
139.543613348112,35.5164768505112,14113,3,99999,03120,中山地区センター（体育館）,中山町413-4,4,-99,9999
139.543613348112,35.5164278505112,14113,3,99999,03132,中山地区センター（体育館）,中山町413-4,4,-99,9999
139.515129651888,35.5246713583971,14113,3,99999,03109,十日市場地区センター（体育館）,十日市場町808-3,4,2,9999
139.515129651888,35.5246083583971,14113,3,99999,03120,十日市場地区センター（体育館）,十日市場町808-3,4,2,9999
139.492008348112,35.5305168505112,14113,3,99999,03109,長津田地区センター（体育館）,長津田町2327,4,-99,9999
139.492014348112,35.5304538505112,14113,3,99999,03120,長津田地区センター（体育館）,長津田町2327,4,-99,9999
139.492020348112,35.5304008505112,14113,3,99999,03132,長津田地区センター（体育館）,長津田町2327,4,-99,9999
139.561543348112,35.5098238505112,14113,3,99999,03109,白山地区センター（体育館）,白山1-2-1,4,2,9999
139.561537348112,35.5097458505112,14113,3,99999,03120,白山地区センター（体育館）,白山1-2-1,4,2,9999
139.539195348112,35.5422108505112,14117,3,99999,03115,横浜青葉スポーツ広場,下谷本町24-1,4,-99,9999
139.539106348112,35.5439998505112,14117,3,99999,03104,横浜青葉スポーツ広場,下谷本町24-1,4,-99,9999
139.538149348112,35.5430818505112,14117,3,99999,03138,横浜青葉スポーツ広場,下谷本町24-1,4,-99,9999
139.562483348112,35.5689288505112,14117,3,99999,03109,新石川スポーツ会館,新石川3-1346-2,4,-99,9999
139.562477348112,35.5688858505112,14117,3,99999,03120,新石川スポーツ会館,新石川3-1346-2,4,-99,9999
139.562477348112,35.5688418505112,14117,3,99999,03115,新石川スポーツ会館,新石川3-1346-2,4,-99,9999
139.536211348112,35.5540038505112,14117,3,99999,03109,青葉スポーツセンター,市ケ尾町31-4,4,-99,9999
139.536217348112,35.5539508505112,14117,3,99999,03120,青葉スポーツセンター,市ケ尾町31-4,4,-99,9999
139.536229348112,35.5538928505112,14117,3,99999,03113,青葉スポーツセンター,市ケ尾町31-4,4,-99,9999
139.536223348112,35.5538398505112,14117,3,99999,03111,青葉スポーツセンター,市ケ尾町31-4,4,-99,9999
139.536217348112,35.5537768505112,14117,3,99999,03132,青葉スポーツセンター,市ケ尾町31-4,4,-99,9999
139.536223348112,35.5537048505112,14117,3,99999,03129,青葉スポーツセンター,市ケ尾町31-4,4,-99,9999
139.495305348112,35.5181838505112,14113,3,99999,03102,玄海田公園,長津田みなみ台3-1,4,-99,9999
139.495180348112,35.5175068505112,14113,3,99999,03103,玄海田公園,長津田みなみ台3-1,4,-99,9999
139.539610348112,35.5453848505112,14117,3,99999,03103,谷本公園（球技場）,下谷町31-10,4,-99,9999
139.524563348112,35.5629538505112,14117,3,99999,03142,横浜市くろがね青少年野外活動センター（キャンプ場）,鉄町1380,4,-99,9999
139.536582348112,35.5420558505112,14117,3,99999,03106,千草台公園（屋外プール）,千草台17-1,4,-99,9999
139.540558232075,35.5600021816721,14117,3,99999,03109,大場みすずが丘地区センター（体育館）,みすずが丘23-2,4,2,9999
139.540558232075,35.5599441816721,14117,3,99999,03120,大場みすずが丘地区センター（体育館）,みすずが丘23-2,4,2,9999
139.482534348112,35.5629188505112,14117,3,99999,03109,奈良地区センター（体育館）,奈良町1843-11,4,2,9999
139.482534348112,35.5628558505112,14117,3,99999,03120,奈良地区センター（体育館）,奈良町1843-11,4,2,9999
139.482534348112,35.5627878505112,14117,3,99999,03132,奈良地区センター（体育館）,奈良町1843-11,4,2,9999
139.535084348112,35.5852271675432,14117,3,99999,03109,美しが丘西地区センター（体育館）,美しが丘西3-60-15,4,2,9999
139.535084348112,35.5849851675432,14117,3,99999,03120,美しが丘西地区センター（体育館）,美しが丘西3-60-15,4,2,9999
139.535078348112,35.5851301675432,14117,3,99999,03132,美しが丘西地区センター（体育館）,美しが丘西3-60-15,4,2,9999
139.504155825944,35.5551391822899,14117,3,99999,03109,若草台地区センター（体育館）,若草台20-5,4,2,9999
139.504149825944,35.5550721822899,14117,3,99999,03120,若草台地区センター（体育館）,若草台20-5,4,2,9999
139.527209,35.546948188983,14117,3,99999,03109,藤が丘地区センター（体育館）,藤が丘1-14-95,4,2,9999
139.527215,35.546890188983,14117,3,99999,03120,藤が丘地区センター（体育館）,藤が丘1-14-95,4,2,9999
139.527226,35.546832188983,14117,3,99999,03132,藤が丘地区センター（体育館）,藤が丘1-14-95,4,2,9999
139.553528348112,35.5668148505112,14117,3,99999,03120,山内地区センター（体育館）,あざみ野2-3-2,4,3,9999
139.553528348112,35.5667278505112,14117,3,99999,03132,山内地区センター（体育館）,あざみ野2-3-2,4,3,9999
139.607615348112,35.5543958505112,14118,3,99999,03115,東山田スポーツ会館,東山田町105-2,4,-99,9999
139.607585348112,35.5542508505112,14118,3,99999,03138,東山田スポーツ会館,東山田町105-2,4,-99,9999
139.592834348112,35.5651268505112,14118,3,99999,03115,横浜国際プール,北山田7-3-1,4,-99,9999
139.594319348112,35.5642518505112,14118,3,99999,03105,横浜国際プール,北山田7-3-1,4,-99,9999
139.594313348112,35.5641888505112,14118,3,99999,03108,横浜国際プール,北山田7-3-1,4,-99,9999
139.594325348112,35.5641258505112,14118,3,99999,03116,横浜国際プール,北山田7-3-1,4,-99,9999
139.594331348112,35.5640678505112,14118,3,99999,03109,横浜国際プール,北山田7-3-1,4,-99,9999
139.593505348112,35.5641738505112,14118,3,99999,03120,横浜国際プール,北山田7-3-1,4,-99,9999
139.594343348112,35.5640098505112,14118,3,99999,03129,横浜国際プール,北山田7-3-1,4,-99,9999
139.593505348112,35.5641158505112,14118,3,99999,03132,横浜国際プール,北山田7-3-1,4,-99,9999
139.558484348112,35.5306468505112,14118,3,99999,03115,都田公園,二の丸14,4,-99,9999
139.559061348112,35.5301528505112,14118,3,99999,03104,都田公園,二の丸14,4,-99,9999
139.563203348112,35.5363538505112,14118,3,99999,03105,都筑プール（屋内プール）,葛が谷2-2,4,-99,9999
139.576358361794,35.5264175673413,14118,3,99999,03129,都筑スポーツセンター,池辺町2973-1,4,3,9999
139.576352361794,35.5263545673413,14118,3,99999,03109,都筑スポーツセンター,池辺町2973-1,4,3,9999
139.576352361794,35.5263005673413,14118,3,99999,03120,都筑スポーツセンター,池辺町2973-1,4,3,9999
139.576352361794,35.5262525673413,14118,3,99999,03132,都筑スポーツセンター,池辺町2973-1,4,3,9999
139.576358361794,35.5261995673413,14118,3,99999,03112,都筑スポーツセンター,池辺町2973-1,4,3,9999
139.581628348112,35.5391258505112,14118,3,99999,03106,茅ケ崎公園（屋外プール）,茅ケ崎南1-4,4,-99,9999
139.570582348112,35.5592028505112,14118,3,99999,03106,山崎公園（屋外プール）,中川4-19,4,-99,9999
139.607579348112,35.5543138505112,14118,3,99999,03109,東山田スポーツ会館（体育館）,東山田町105-2,4,-99,9999
139.607579348112,35.5543138505112,14118,3,99999,03120,東山田スポーツ会館（体育館）,東山田町105-2,4,-99,9999
139.592750348112,35.5591288505112,14118,3,99999,03109,北山田地区センター（体育館）,北山田2-25-1,4,1,9999
139.592750348112,35.5590708505112,14118,3,99999,03120,北山田地区センター（体育館）,北山田2-25-1,4,1,9999
139.591504348112,35.5351018505112,14118,3,99999,03109,仲町台地区センター（体育館）,仲町台2-7-2,4,2,9999
139.591504348112,35.5350388505112,14118,3,99999,03120,仲町台地区センター（体育館）,仲町台2-7-2,4,2,9999
139.563964348112,35.5363308505112,14118,3,99999,03109,都筑地区センター（体育館）,葛が谷2-1,4,2,9999
139.563964348112,35.5362778505112,14118,3,99999,03120,都筑地区センター（体育館）,葛が谷2-1,4,2,9999
139.563964348112,35.5362348505112,14118,3,99999,03132,都筑地区センター（体育館）,葛が谷2-1,4,2,9999
139.597056348112,35.5287008505112,14118,3,99999,03109,大熊スポーツ会館,大熊町310,4,-99,9999
139.597056348112,35.5286378505112,14118,3,99999,03120,大熊スポーツ会館,大熊町310,4,-99,9999
139.597044348112,35.5285758505112,14118,3,99999,03111,大熊スポーツ会館,大熊町310,4,-99,9999
139.597044348112,35.5285128505112,14118,3,99999,03115,大熊スポーツ会館,大熊町310,4,-99,9999
139.568029348112,35.5646058505112,14118,3,99999,03109,中川西地区センター（体育館）,中川2-8-1,4,2,9999
139.568029348112,35.5645378505112,14118,3,99999,03120,中川西地区センター（体育館）,中川2-8-1,4,2,9999
139.493053348112,35.3669878505112,14110,3,99999,03115,東俣野中央公園,東俣野町864,4,-99,9999
139.495132348112,35.3659998505112,14110,3,99999,03104,東俣野中央公園,東俣野町864,4,-99,9999
139.510107348112,35.3668498505112,14110,3,99999,03115,小雀公園,小雀町681-3,4,-99,9999
139.510921348112,35.3685608505112,14110,3,99999,03104,小雀公園,小雀町681-3,4,-99,9999
139.535426348112,35.3992448505112,14110,3,99999,03109,戸塚スポーツセンター,上倉田町477,4,2,9999
139.535432348112,35.3991868505112,14110,3,99999,03120,戸塚スポーツセンター,上倉田町477,4,2,9999
139.535432348112,35.3991188505112,14110,3,99999,03113,戸塚スポーツセンター,上倉田町477,4,2,9999
139.535426348112,35.3990658505112,14110,3,99999,03111,戸塚スポーツセンター,上倉田町477,4,2,9999
139.535426348112,35.3990178505112,14110,3,99999,03132,戸塚スポーツセンター,上倉田町477,4,2,9999
139.535420348112,35.3989638505112,14110,3,99999,03129,戸塚スポーツセンター,上倉田町477,4,2,9999
139.535503348112,35.3995258505112,14110,3,99999,03121,戸塚スポーツセンター,上倉田町477,4,2,9999
139.492951348112,35.3864588505112,14110,3,99999,03102,俣野公園（野球場）,俣野町1367-1,4,-99,9999
139.527046883963,35.3923261627963,14110,3,99999,03106,大坂下公園（屋外プール）,戸塚町2974-1,4,-99,9999
139.519371348112,35.4014258505112,14110,3,99999,03109,踊場地区センター（体育館）,汲沢2-23-1,4,2,9999
139.519371348112,35.4013628505112,14110,3,99999,03120,踊場地区センター（体育館）,汲沢2-23-1,4,2,9999
139.519377348112,35.4012998505112,14110,3,99999,03132,踊場地区センター（体育館）,汲沢2-23-1,4,2,9999
139.553497348112,35.4031508505112,14110,3,99999,03109,舞岡地区センター（体育館）,舞岡町3020-1,4,2,9999
139.553497348112,35.4031028505112,14110,3,99999,03120,舞岡地区センター（体育館）,舞岡町3020-1,4,2,9999
139.553491348112,35.4030488505112,14110,3,99999,03132,舞岡地区センター（体育館）,舞岡町3020-1,4,2,9999
139.503773348112,35.3810268505112,14110,3,99999,03109,大正地区センター（体育館）,原宿町3-59-1,4,2,9999
139.503767348112,35.3809688505112,14110,3,99999,03120,大正地区センター（体育館）,原宿町3-59-1,4,2,9999
139.527919348112,35.4190508505112,14110,3,99999,03109,上矢部地区センター（体育館）,上矢部町2342,4,4,9999
139.527919348112,35.4189978505112,14110,3,99999,03120,上矢部地区センター（体育館）,上矢部町2342,4,4,9999
139.527919348112,35.4189498505112,14110,3,99999,03113,上矢部地区センター（体育館）,上矢部町2342,4,4,9999
139.527919348112,35.4188958505112,14110,3,99999,03132,上矢部地区センター（体育館）,上矢部町2342,4,4,9999
139.555343348112,35.4287158505112,14110,3,99999,03109,東戸塚地区センター（体育館）,川上町4-4,4,2,9999
139.555349348112,35.4286578505112,14110,3,99999,03120,東戸塚地区センター（体育館）,川上町4-4,4,2,9999
139.555343348112,35.4285898505112,14110,3,99999,03132,東戸塚地区センター（体育館）,川上町4-4,4,2,9999
139.529418348112,35.3770628505112,14115,3,99999,03115,金井公園,金井町315-2,4,-99,9999
139.529495348112,35.3762398505112,14115,3,99999,03102,金井公園,金井町315-2,4,-99,9999
139.528425348112,35.3769808505112,14115,3,99999,03104,金井公園,金井町315-2,4,-99,9999
139.563186348112,35.3646558505112,14115,3,99999,03121,本郷ふじやま公園（弓道場）,中野町56,4,-99,9999
139.553150348112,35.3634158505112,14115,3,99999,03109,栄スポーツセンター,桂町279-29,4,2,9999
139.553144348112,35.3633428505112,14115,3,99999,03120,栄スポーツセンター,桂町279-29,4,2,9999
139.553138348112,35.3632698505112,14115,3,99999,03129,栄スポーツセンター,桂町279-29,4,2,9999
139.553132348112,35.3632078505112,14115,3,99999,03132,栄スポーツセンター,桂町279-29,4,2,9999
139.553132348112,35.3631398505112,14115,3,99999,03113,栄スポーツセンター,桂町279-29,4,2,9999
139.579712348112,35.3429698505112,14115,3,99999,03105,栄プール（屋内プール）,野七里2-21-1,4,-99,9999
139.552199348112,35.3634838505112,14115,3,99999,03120,本郷地区センター,桂町301,4,2,9999
139.553137348112,35.3678468505112,14115,3,99999,03132,神奈川県立地球市民かながわプラザ,小菅ケ谷1-2-1,4,5,1998
139.578411825944,35.3530282356084,14115,3,99999,03109,上郷地区センター（体育館）,上郷町1173-5,4,2,9999
139.578416825944,35.3529842356084,14115,3,99999,03120,上郷地区センター（体育館）,上郷町1173-5,4,2,9999
139.578416825944,35.3529212356084,14115,3,99999,03132,上郷地区センター（体育館）,上郷町1173-5,4,2,9999
139.539621348112,35.3749028505112,14115,3,99999,03109,豊田地区センター（体育館）,飯島町1368-1,4,2,9999
139.539621348112,35.3748538505112,14115,3,99999,03120,豊田地区センター（体育館）,飯島町1368-1,4,2,9999
139.489907348112,35.4225178505112,14116,3,99999,03115,泉中央テニスガーデン（庭球場）,和泉町4715,4,-99,9999
139.485561348112,35.3883668505112,14116,3,99999,03102,境川遊水地公園,下飯田町5-5,4,-99,9999
139.482174348112,35.3917138505112,14116,3,99999,03104,境川遊水地公園,下飯田町5-5,4,-99,9999
139.481627348112,35.3930998505112,14116,3,99999,03115,境川遊水地公園,下飯田町5-5,4,-99,9999
139.513980348112,35.4202608505112,14116,3,99999,03109,泉スポーツセンター,西が岡3-11,4,-99,9999
139.513980348112,35.4201588505112,14116,3,99999,03120,泉スポーツセンター,西が岡3-11,4,-99,9999
139.513980348112,35.4201058505112,14116,3,99999,03113,泉スポーツセンター,西が岡3-11,4,-99,9999
139.513980348112,35.4200528505112,14116,3,99999,03111,泉スポーツセンター,西が岡3-11,4,-99,9999
139.513980348112,35.4199988505112,14116,3,99999,03121,泉スポーツセンター,西が岡3-11,4,-99,9999
139.513986348112,35.4199558505112,14116,3,99999,03129,泉スポーツセンター,西が岡3-11,4,-99,9999
139.513980348112,35.4202118505112,14116,3,99999,03132,泉スポーツセンター,西が岡3-11,4,-99,9999
139.504382348112,35.4184248505112,14116,3,99999,03102,中田中央公園（野球場）,中田2841,4,-99,9999
139.475835348112,35.4277988505112,14116,3,99999,03106,上飯田西公園（屋外プール）（休止中）,上飯田町2751,4,-99,9999
139.515065348112,35.4119478505112,14116,3,99999,03106,しらゆり公園（屋外プール）,中田東1-41,4,-99,9999
139.483070348112,35.4338558505112,14116,3,99999,03109,上飯田地区センター,上飯田町3913-1,4,2,9999
139.483064348112,35.4337888505112,14116,3,99999,03120,上飯田地区センター,上飯田町3913-1,4,2,9999
139.483059348112,35.4337258505112,14116,3,99999,03132,上飯田地区センター,上飯田町3913-1,4,2,9999
139.495268348112,35.4033558505112,14116,3,99999,03109,下和泉地区センター（体育館）,和泉町1929-6,4,2,9999
139.495274348112,35.4032828505112,14116,3,99999,03120,下和泉地区センター（体育館）,和泉町1929-6,4,2,9999
139.500818348112,35.4171738505112,14116,3,99999,03109,立場地区センター（体育館）,中田北1-9-14,4,2,9999
139.500818348112,35.4170908505112,14116,3,99999,03120,立場地区センター（体育館）,中田北1-9-14,4,2,9999
139.514112348112,35.4260128505112,14116,3,99999,03109,中川地区センター（体育館）,桂坂4-1,4,2,9999
139.514082348112,35.4259498505112,14116,3,99999,03120,中川地区センター（体育館）,桂坂4-1,4,2,9999
139.514064348112,35.4258818505112,14116,3,99999,03132,中川地区センター（体育館）,桂坂4-1,4,2,9999
139.472261348112,35.4739688505112,14114,3,99999,03102,瀬谷本郷公園,本郷1-70-2,4,-99,9999
139.471387348112,35.4749858505112,14114,3,99999,03115,瀬谷本郷公園,本郷1-70-2,4,-99,9999
139.488134348112,35.4610148505112,14114,3,99999,03109,瀬谷スポーツセンター,南台2-4-65,4,-99,9999
139.488134348112,35.4609568505112,14114,3,99999,03120,瀬谷スポーツセンター,南台2-4-65,4,-99,9999
139.488128348112,35.4608938505112,14114,3,99999,03132,瀬谷スポーツセンター,南台2-4-65,4,-99,9999
139.488122348112,35.4608268505112,14114,3,99999,03112,瀬谷スポーツセンター,南台2-4-65,4,-99,9999
139.488116348112,35.4607588505112,14114,3,99999,03113,瀬谷スポーツセンター,南台2-4-65,4,-99,9999
139.488116348112,35.4606958505112,14114,3,99999,03129,瀬谷スポーツセンター,南台2-4-65,4,-99,9999
139.493823348112,35.4591108505112,14114,3,99999,03106,宮沢町第二公園（屋外プール）,宮沢町1-58,4,-99,9999
139.476582348112,35.4839258505112,14114,3,99999,03109,中屋敷地区センター（体育館）,中屋敷2-18-6,4,2,9999
139.476588348112,35.4838678505112,14114,3,99999,03120,中屋敷地区センター（体育館）,中屋敷2-18-6,4,2,9999
139.476594348112,35.4838098505112,14114,3,99999,03132,中屋敷地区センター（体育館）,中屋敷2-18-6,4,2,9999
139.500734,35.444621,14114,3,99999,03109,阿久和地区センター（体育館）,阿久和南2-9-2,4,2,9999
139.500746,35.444563,14114,3,99999,03120,阿久和地区センター（体育館）,阿久和南2-9-2,4,2,9999
139.500752,35.444505,14114,3,99999,03132,阿久和地区センター（体育館）,阿久和南2-9-2,4,2,9999
139.486899,35.466597,14114,3,99999,03109,瀬谷地区センター（体育館）,瀬谷3-18-1,4,3,9999
139.486899,35.466544,14114,3,99999,03120,瀬谷地区センター（体育館）,瀬谷3-18-1,4,3,9999
139.486899,35.466505,14114,3,99999,03132,瀬谷地区センター（体育館）,瀬谷3-18-1,4,3,9999
139.486905,35.466457,14114,3,99999,03129,瀬谷地区センター（体育館）,瀬谷3-18-1,4,3,9999
139.762233,35.497257,14131,3,99999,03115,川崎マリエン,東扇島38-1,4,-99,9999
139.763321,35.497068,14131,3,99999,03109,川崎マリエン,東扇島38-1,4,-99,9999
139.763344,35.497005,14131,3,99999,03120,川崎マリエン,東扇島38-1,4,-99,9999
139.763374,35.496947,14131,3,99999,03132,川崎マリエン,東扇島38-1,4,-99,9999
139.695981,35.521013,14131,3,99999,03129,かわさき健康づくりセンター,渡田新町3-2-1,4,2,9999
139.695981,35.520988,14131,3,99999,03132,かわさき健康づくりセンター,渡田新町3-2-1,4,2,9999
139.695741,35.521085,14131,3,99999,03115,かわさき健康づくりセンター,渡田新町3-2-1,4,2,9999
139.695981,35.520933,14131,3,99999,03120,かわさき健康づくりセンター,渡田新町3-2-1,4,2,9999
139.695981,35.520959,14131,3,99999,03109,かわさき健康づくりセンター,渡田新町3-2-1,4,2,9999
139.730244,35.531892,14131,3,99999,03115,大師公園,大師公園1,4,-99,9999
139.730006,35.532423,14131,3,99999,03106,大師公園,大師公園1,4,-99,9999
139.731373,35.531258,14131,3,99999,03102,大師公園,大師公園1,4,-99,9999
139.710725,35.52988,14131,3,99999,03115,富士見公園,富士見1-1-6,4,-99,9999
139.712235,35.530025,14131,3,99999,03121,富士見公園,富士見1-1-6,4,-99,9999
139.712484,35.530064,14131,3,99999,03118,富士見公園,富士見1-1-6,4,-99,9999
139.709323,35.529948,14131,3,99999,03106,富士見公園,富士見1-1-6,4,-99,9999
139.708028,35.527477,14131,3,99999,03102,富士見公園,富士見1-1-6,4,-99,9999
139.709663,35.52712,14131,3,99999,03102,川崎球場神奈川県立体育センター,富士見2-1-9,4,-99,9999
139.709669,35.527053,14131,3,99999,03103,川崎球場神奈川県立体育センター,富士見2-1-9,4,-99,9999
139.729017,35.541189,14131,3,99999,03102,多摩川緑地中瀬地区（野球場）,中瀬1地内,4,-99,9999
139.730973,35.521125,14131,3,99999,03102,池上新田公園（野球場）,池上町1-3,4,-99,9999
139.723239,35.518965,14131,3,99999,03102,桜川公園（野球場）,桜本1-14-3,4,-99,9999
139.6987,35.51058,14131,3,99999,03102,小田公園（野球場）,小田4-20-38,4,-99,9999
139.708438,35.529893,14131,3,99999,03109,市体育館,富士見1-1-4,4,-99,9999
139.708438,35.529835,14131,3,99999,03120,市体育館,富士見1-1-4,4,-99,9999
139.708444,35.529782,14131,3,99999,03116,市体育館,富士見1-1-4,4,-99,9999
139.708438,35.529724,14131,3,99999,03129,市体育館,富士見1-1-4,4,-99,9999
139.712391,35.534837,14131,3,99999,03143,多摩川の散歩道（ハイキングコース）,港町～浮島町12-1,3,-99,9999
139.764013,35.538137,14131,3,99999,03144,多摩川河口青少年サイクリングコース（サイクリングコース）,殿町3-25先～鈴木町1先,3,-99,9999
139.725635,35.540645,14131,3,99999,03104,多摩川緑地鈴木町地区（運動広場）,鈴木町地内,3,-99,9999
139.711477,35.527018,14131,3,99999,03104,富士見公園（運動広場）,富士見2-1-1,4,-99,9999
139.74339,35.522939,14131,3,99999,03105,入江崎余熱利用プール（屋内プール）,塩浜3-24-12（入江崎総合スラッジセンター内）,4,-99,9999
139.688289,35.524465,14131,3,99999,03105,堤根余熱利用市民施設（屋内プール）,堤根73-1,4,-99,9999
139.698809,35.509963,14131,3,99999,03107,小田公園（屋外プール）,小田4-20-38,4,-99,9999
139.685295,35.557441,14132,3,99999,03101,多摩川緑地古市場地区（陸上競技場）,古市場地内,3,-99,9999
139.686786,35.55747,14132,3,99999,03104,多摩川緑地古市場地区,古市場地内,3,-99,9999
139.687802,35.555908,14132,3,99999,03102,多摩川緑地古市場地区,古市場地内,3,-99,9999
139.687707,35.556682,14132,3,99999,03103,多摩川緑地古市場地区,古市場地内,3,-99,9999
139.693698,35.552193,14132,3,99999,03102,御幸公園（野球場）,東古市場1,4,-99,9999
139.686406,35.54453,14132,3,99999,03109,幸スポーツセンター（トレーニング場）,戸手本町1-11-3,4,-99,9999
139.686406,35.544482,14132,3,99999,03120,幸スポーツセンター（トレーニング場）,戸手本町1-11-3,4,-99,9999
139.686406,35.544443,14132,3,99999,03132,幸スポーツセンター（トレーニング場）,戸手本町1-11-3,4,-99,9999
139.686406,35.544399,14132,3,99999,03129,幸スポーツセンター（トレーニング場）,戸手本町1-11-3,4,-99,9999
139.686406,35.544351,14132,3,99999,03113,幸スポーツセンター（トレーニング場）,戸手本町1-11-3,4,-99,9999
139.6864,35.544308,14132,3,99999,03112,幸スポーツセンター（トレーニング場）,戸手本町1-11-3,4,-99,9999
139.708733,35.53971,14132,3,99999,03144,多摩川サイクリングコース（サイクリングコース）,古市場～菅野戸呂,3,-99,9999
139.67938,35.56121,14132,3,99999,03146,川崎市多摩川ハーフマラソンコース（ランニングコース）,東古市場1-1地先～久地25-5地先,3,-99,9999
139.665864,35.537887,14132,3,99999,03106,小倉西公園（屋外プール）,小倉1630,4,-99,9999
139.687608,35.54435,14132,3,99999,03120,幸市民館（体育館）,戸手本町1-11-2,3,2,9999
139.687602,35.544292,14132,3,99999,03132,幸市民館（体育館）,戸手本町1-11-2,3,2,9999
139.68586,35.548716,14132,3,99999,03110,石川記念武道館,下平間357,4,-99,9999
139.685854,35.548649,14132,3,99999,03111,石川記念武道館,下平間357,4,-99,9999
139.652708,35.5858,14133,3,99999,03101,等々力緑地,等々力1-1,4,-99,9999
139.650682,35.584413,14133,3,99999,03115,等々力緑地,等々力1-1,4,-99,9999
139.650224,35.585481,14133,3,99999,03106,等々力緑地,等々力1-1,4,-99,9999
139.649095,35.587168,14133,3,99999,03104,等々力緑地,等々力1-1,4,-99,9999
139.649047,35.588033,14133,3,99999,03103,等々力緑地,等々力1-1,4,-99,9999
139.649143,35.586066,14133,3,99999,03102,等々力緑地,等々力1-1,4,-99,9999
139.664836,35.586877,14133,3,99999,03102,多摩川緑地上丸子天神町地区（野球場）,上丸子天神町地内,3,-99,9999
139.683422,35.558791,14133,3,99999,03102,多摩川緑地上平間地区（野球場）,上平間地内,3,-99,9999
139.647368,35.587716,14133,3,99999,03109,とどろきアリーナ,等々力1-3,4,3,9999
139.647362,35.587654,14133,3,99999,03120,とどろきアリーナ,等々力1-3,4,3,9999
139.647356,35.587605,14133,3,99999,03112,とどろきアリーナ,等々力1-3,4,3,9999
139.647362,35.587557,14133,3,99999,03132,とどろきアリーナ,等々力1-3,4,3,9999
139.647362,35.587494,14133,3,99999,03129,とどろきアリーナ,等々力1-3,4,3,9999
139.68199,35.559622,14133,3,99999,03103,多摩川緑地上平間地区（球技場）,上平間地内,4,-99,9999
139.654215,35.56501,14133,3,99999,03143,渋川・加瀬をめぐる散歩道（ハイキングコース）,～川崎市多摩区,3,-99,9999
139.677645,35.558019,14133,3,99999,03106,平間公園（屋外プール）,上平間1298,4,-99,9999
139.660412,35.574682,14133,3,99999,03120,中原市民館（体育館）,新丸子東3-1100-12,3,2,9999
139.660406,35.574615,14133,3,99999,03132,中原市民館（体育館）,新丸子東3-1100-12,3,2,9999
139.602087,35.616182,14134,3,99999,03102,多摩川緑地宇奈根地区（野球場）,宇奈根地内,3,-99,9999
139.621767,35.609551,14134,3,99999,03102,多摩川緑地・二子地区（野球場）,二子地内,3,-99,9999
139.622204,35.603364,14134,3,99999,03109,高津スポーツセンター,二子3-15-1,4,-99,9999
139.622204,35.603316,14134,3,99999,03120,高津スポーツセンター,二子3-15-1,4,-99,9999
139.622198,35.603268,14134,3,99999,03132,高津スポーツセンター,二子3-15-1,4,-99,9999
139.622198,35.603215,14134,3,99999,03110,高津スポーツセンター,二子3-15-1,4,-99,9999
139.622198,35.603166,14134,3,99999,03111,高津スポーツセンター,二子3-15-1,4,-99,9999
139.622198,35.603118,14134,3,99999,03113,高津スポーツセンター,二子3-15-1,4,-99,9999
139.622198,35.603079,14134,3,99999,03129,高津スポーツセンター,二子3-15-1,4,-99,9999
139.622418,35.603543,14134,3,99999,03138,高津スポーツセンター,二子3-15-1,4,-99,9999
139.610488,35.585081,14134,3,99999,03105,川崎市民プラザ,新作1-19-1,4,-99,9999
139.610494,35.585023,14134,3,99999,03109,川崎市民プラザ,新作1-19-1,4,-99,9999
139.610494,35.58497,14134,3,99999,03120,川崎市民プラザ,新作1-19-1,4,-99,9999
139.610488,35.584917,14134,3,99999,03129,川崎市民プラザ,新作1-19-1,4,-99,9999
139.605896,35.593002,14134,3,99999,03143,たちばなの散歩道（ハイキングコース）,末長1～子母口,3,-99,9999
139.599703,35.604135,14134,3,99999,03143,長尾の里めぐり（ハイキングコース）,下作延6～宿河原3,3,-99,9999
139.530286,35.624562,14135,3,99999,03109,多摩スポーツセンター,菅北浦4-12-5,4,2,9999
139.530281,35.624509,14135,3,99999,03120,多摩スポーツセンター,菅北浦4-12-5,4,2,9999
139.530275,35.624451,14135,3,99999,03132,多摩スポーツセンター,菅北浦4-12-5,4,2,9999
139.530269,35.624393,14135,3,99999,03110,多摩スポーツセンター,菅北浦4-12-5,4,2,9999
139.530263,35.62434,14135,3,99999,03111,多摩スポーツセンター,菅北浦4-12-5,4,2,9999
139.530269,35.624287,14135,3,99999,03113,多摩スポーツセンター,菅北浦4-12-5,4,2,9999
139.530233,35.624258,14135,3,99999,03122,多摩スポーツセンター,菅北浦4-12-5,4,2,9999
139.530263,35.624253,14135,3,99999,03129,多摩スポーツセンター,菅北浦4-12-5,4,2,9999
139.528837,35.624413,14135,3,99999,03102,多摩スポーツセンター,菅北浦4-12-5,4,2,9999
139.529627,35.624664,14135,3,99999,03115,多摩スポーツセンター,菅北浦4-12-5,4,2,9999
139.530263,35.624205,14135,3,99999,03105,多摩スポーツセンター,菅北浦4-12-5,4,2,9999
139.555102,35.607416,14135,3,99999,03134,川崎国際生田緑地ゴルフ場（ゴルフ場）,枡形7-1-10,4,-99,9999
139.579779,35.615602,14135,3,99999,03143,多摩川の散歩道（ハイキングコース）,宿河原3～川崎市中原区等々力1-1,3,-99,9999
139.535056,35.633799,14135,3,99999,03143,多摩川の散歩道（ハイキングコース）,管稲田堤1-1,3,-99,9999
139.535026,35.633751,14135,3,99999,03143,多摩自然遊歩道（ハイキングコース）,管稲田堤1-1,3,-99,9999
139.527657,35.614505,14135,3,99999,03143,東生田自然遊歩道（ハイキングコース）,西生田3,3,-99,9999
139.562347,35.589843,14136,3,99999,03109,宮前スポーツセンター,犬蔵1-10-3,4,-99,9999
139.562353,35.589785,14136,3,99999,03120,宮前スポーツセンター,犬蔵1-10-3,4,-99,9999
139.562347,35.589727,14136,3,99999,03132,宮前スポーツセンター,犬蔵1-10-3,4,-99,9999
139.562353,35.589669,14136,3,99999,03129,宮前スポーツセンター,犬蔵1-10-3,4,-99,9999
139.598331,35.587439,14136,3,99999,03105,青少年の家,宮崎105-1,4,-99,9999
139.579622,35.589357,14136,3,99999,03109,宮前市民館（体育館）,宮前平2-20-4,3,-99,9999
139.475444,35.61026,14137,3,99999,03102,とんびいけ公園,栗木台3-1-1,4,-99,9999
139.476056,35.610729,14137,3,99999,03115,とんびいけ公園,栗木台3-1-1,4,-99,9999
139.505138,35.600303,14137,3,99999,03109,麻生スポーツセンター,上麻生3-6-1,4,2,9999
139.505138,35.60025,14137,3,99999,03120,麻生スポーツセンター,上麻生3-6-1,4,2,9999
139.505138,35.600202,14137,3,99999,03110,麻生スポーツセンター,上麻生3-6-1,4,2,9999
139.505144,35.600154,14137,3,99999,03111,麻生スポーツセンター,上麻生3-6-1,4,2,9999
139.50515,35.600105,14137,3,99999,03113,麻生スポーツセンター,上麻生3-6-1,4,2,9999
139.505144,35.600057,14137,3,99999,03132,麻生スポーツセンター,上麻生3-6-1,4,2,9999
139.505144,35.600014,14137,3,99999,03130,麻生スポーツセンター,上麻生3-6-1,4,2,9999
139.505144,35.599956,14137,3,99999,03129,麻生スポーツセンター,上麻生3-6-1,4,2,9999
139.524707,35.593773,14137,3,99999,03105,王禅寺余熱利用市民施設,王禅寺1321,4,-99,9999
139.524704,35.593725,14137,3,99999,03107,王禅寺余熱利用市民施設,王禅寺1321,4,-99,9999
139.524704,35.593677,14137,3,99999,03129,王禅寺余熱利用市民施設,王禅寺1321,4,-99,9999
139.524698,35.593614,14137,3,99999,03132,王禅寺余熱利用市民施設,王禅寺1321,4,-99,9999
139.470386,35.610746,14137,3,99999,03142,黒川青少年野外活動センター,黒川313-9,4,-99,9999
139.468752,35.610692,14137,3,99999,03104,黒川青少年野外活動センター,黒川313-9,4,-99,9999
139.463813,35.618392,14137,3,99999,03143,柿生の峰をめぐる散歩道（ハイキングコース）,上麻生5,3,-99,9999
139.498008,35.589784,14137,3,99999,03143,柿生の里散歩道（ハイキングコース）,上麻生5,3,-99,9999
139.50544,35.604321,14137,3,99999,03120,麻生市民館（体育館）,万福寺1-5-2,3,-99,9999
139.505446,35.604263,14137,3,99999,03132,麻生市民館（体育館）,万福寺1-5-2,3,-99,9999
139.665595,35.267754,14201,3,99999,03101,不入斗公園,不入斗町1-2,4,-99,9999
139.663628,35.26852,14201,3,99999,03102,不入斗公園,不入斗町1-2,4,-99,9999
139.661952,35.268748,14201,3,99999,03115,不入斗公園,不入斗町1-2,4,-99,9999
139.662374,35.268414,14201,3,99999,03121,不入斗公園,不入斗町1-2,4,-99,9999
139.670764,35.223325,14201,3,99999,03115,光の丘公園（庭球場）,光の丘3752,4,-99,9999
139.605344,35.253424,14201,3,99999,03115,湘南国際村西公園（庭球場）,湘南国際村1-3509,4,-99,9999
139.64625,35.21792,14201,3,99999,03102,西公園,武3-550,4,-99,9999
139.646422,35.21873,14201,3,99999,03115,西公園,武3-550,4,-99,9999
139.687504,35.257584,14201,3,99999,03102,大津公園,大津町5-11,4,-99,9999
139.689827,35.258943,14201,3,99999,03115,大津公園,大津町5-11,4,-99,9999
139.688544,35.258152,14201,3,99999,03104,大津公園,大津町5-11,4,-99,9999
139.687403,35.256745,14201,3,99999,03118,大津公園,大津町5-11,4,-99,9999
139.63501,35.317327,14201,3,99999,03115,追浜公園（庭球場）,夏島町2,4,-99,9999
139.635242,35.318418,14201,3,99999,03102,追浜公園,夏島町2,4,-99,9999
139.663806,35.267807,14201,3,99999,03109,総合体育会館,不入斗町1-2,4,3,9999
139.663806,35.267749,14201,3,99999,03120,総合体育会館,不入斗町1-2,4,3,9999
139.663806,35.267696,14201,3,99999,03113,総合体育会館,不入斗町1-2,4,3,9999
139.6638,35.267637,14201,3,99999,03132,総合体育会館,不入斗町1-2,4,3,9999
139.6638,35.267579,14201,3,99999,03129,総合体育会館,不入斗町1-2,4,3,9999
139.663949,35.266861,14201,3,99999,03105,総合体育会館,不入斗町1-2,4,3,9999
139.663794,35.267526,14201,3,99999,03110,総合体育会館,不入斗町1-2,4,3,9999
139.663794,35.267472,14201,3,99999,03111,総合体育会館,不入斗町1-2,4,3,9999
139.708781,35.221267,14201,3,99999,03122,くりはま花の国（アーチェリー場）,神明町1,4,-99,9999
139.709726,35.221753,14201,3,99999,03133,くりはま花の国,神明町1,4,-99,9999
139.657338,35.257545,14201,3,99999,03102,衣笠公園（野球場）,平作1-2712,4,-99,9999
139.652239,35.284416,14201,3,99999,03129,健康増進センター,西逸見町1-38-11（ウェルシティ市民プラザ）,4,-99,9999
139.652227,35.284363,14201,3,99999,03132,健康増進センター,西逸見町1-38-11（ウェルシティ市民プラザ）,4,-99,9999
139.652224,35.284307,14201,3,99999,03105,健康増進センター,西逸見町1-38-11（ウェルシティ市民プラザ）,4,-99,9999
139.710161,35.218426,14201,3,99999,03105,くりはま花の国プール,神明町1821-12,4,2,9999
139.710161,35.218358,14201,3,99999,03129,くりはま花の国プール,神明町1821-12,4,2,9999
139.674228,35.280508,14201,3,99999,03129,勤労福祉会館（トレーニング場）,日の出町1-5,4,6,9999
139.627873,35.284769,14201,3,99999,03142,田浦青少年自然の家（キャンプ場）,田浦大作町33-1,4,-99,9999
139.612426,35.233257,14201,3,99999,03143,関東ふれあいの道／佐島・大楠山のみち（ハイキングコース）,芦名2,3,-99,9999
139.663752,35.273739,14201,3,99999,03104,はまゆう公園（運動広場）,不入斗町4-25,4,-99,9999
139.635687,35.317613,14201,3,99999,03109,北体育会館,夏島町2,4,4,9999
139.635687,35.31755,14201,3,99999,03120,北体育会館,夏島町2,4,4,9999
139.635687,35.317487,14201,3,99999,03105,北体育会館,夏島町2,4,4,9999
139.635693,35.317419,14201,3,99999,03112,北体育会館,夏島町2,4,4,9999
139.635687,35.317356,14201,3,99999,03113,北体育会館,夏島町2,4,4,9999
139.635681,35.317288,14201,3,99999,03132,北体育会館,夏島町2,4,4,9999
139.625378,35.221738,14201,3,99999,03109,西体育会館,長坂1-2-3,4,2,9999
139.625378,35.221685,14201,3,99999,03120,西体育会館,長坂1-2-3,4,2,9999
139.625378,35.221568,14201,3,99999,03112,西体育会館,長坂1-2-3,4,2,9999
139.625378,35.22151,14201,3,99999,03113,西体育会館,長坂1-2-3,4,2,9999
139.625378,35.221634,14201,3,99999,03132,西体育会館,長坂1-2-3,4,2,9999
139.615238,35.229621,14201,3,99999,03105,佐島の丘温水プール（屋内プール）,佐島の丘1-1-1,4,1,9999
139.673072,35.2085,14201,3,99999,03106,長沢村岡公園（屋外プール）,長沢1-1011-1,4,-99,9999
139.625485,35.208303,14201,3,99999,03106,富浦公園（屋外プール）,長井1-1-2,4,-99,9999
139.715294,35.244462,14201,3,99999,03106,浦賀７丁目公園（屋外プール）,浦賀7-1-1,4,-99,9999
139.731724,35.250947,14201,3,99999,03106,鴨居公園（屋外プール）,鴨居3-691,4,-99,9999
139.707686,35.226552,14201,3,99999,03106,久里浜公園（屋外プール）,久里浜6-642-6,4,-99,9999
139.653634,35.259847,14201,3,99999,03106,平作公園（屋外プール）,平作7-3120-1,4,-99,9999
139.682724,35.253323,14201,3,99999,03106,根岸公園（屋外プール）,根岸町3-17,4,-99,9999
139.616487,35.312505,14201,3,99999,03106,湘南鷹取５丁目第２公園（屋外プール）,湘南鷹取5-40-71,4,-99,9999
139.64575,35.291271,14201,3,99999,03106,田の浦公園（屋外プール）,長浦町1-20-1,4,-99,9999
139.70543,35.227457,14201,3,99999,03109,南体育会館（体育館）,久里浜6-14-1,4,2,9999
139.70543,35.227398,14201,3,99999,03120,南体育会館（体育館）,久里浜6-14-1,4,2,9999
139.70543,35.227335,14201,3,99999,03112,南体育会館（体育館）,久里浜6-14-1,4,2,9999
139.70543,35.227267,14201,3,99999,03113,南体育会館（体育館）,久里浜6-14-1,4,2,9999
139.705436,35.227199,14201,3,99999,03132,南体育会館（体育館）,久里浜6-14-1,4,2,9999
139.645305,35.263182,14201,3,99999,03109,池上コミュニティセンター（体育館）,池上4-6-1,3,-99,9999
139.645448,35.263604,14201,3,99999,03138,池上コミュニティセンター（体育館）,池上4-6-1,3,-99,9999
139.735348,35.250244,14201,3,99999,03109,鴨居コミュニティセンター（体育館）,鴨居3-11-12,3,-99,9999
139.73514,35.250171,14201,3,99999,03138,鴨居コミュニティセンター（体育館）,鴨居3-11-12,3,-99,9999
139.64745,35.225613,14201,3,99999,03109,武山コミュニティセンター（体育館）,武3-5-1,3,-99,9999
139.665025,35.282866,14201,3,99999,03109,本町コミュニティセンター（体育館）,本町2-1,3,-99,9999
139.643265,35.287388,14201,3,99999,03109,長浦コミュニティセンター（体育館）,長浦町2-45,3,-99,9999
139.678033,35.231971,14201,3,99999,03109,岩戸コミュニティセンター（体育館）,岩戸1-10-18,3,-99,9999
139.685648,35.267011,14201,3,99999,03109,三春コミュニティセンター（体育館）,三春町2-12,3,-99,9999
139.653173,35.275487,14201,3,99999,03109,坂本コミュニティセンター（体育館）,坂本町2-26,3,-99,9999
139.341296,35.343651,14203,3,99999,03101,平塚競技場,大原1-1,3,-99,9999
139.370569,35.381295,14203,3,99999,03115,軟式庭球場（庭球場）,田村9-25-1,4,-99,9999
139.344155,35.321566,14203,3,99999,03115,桃浜町庭球場（庭球場）,桃浜町34-18,4,-99,9999
139.343601,35.343646,14203,3,99999,03102,総合公園,大原1-1,3,-99,9999
139.339074,35.340743,14203,3,99999,03115,総合公園,大原1-1,3,-99,9999
139.339424,35.34179,14203,3,99999,03121,総合公園,大原1-1,3,-99,9999
139.340304,35.340161,14203,3,99999,03118,総合公園,大原1-1,3,-99,9999
139.277456,35.348728,14203,3,99999,03102,土沢野球場,上吉沢1689-1,3,-99,9999
139.30806,35.375684,14203,3,99999,03102,王御住運動広場（野球場）,岡崎3269-63,3,-99,9999
139.373461,35.389628,14203,3,99999,03102,市民スポーツ広場,大神3450ほか,3,-99,9999
139.373485,35.388519,14203,3,99999,03103,市民スポーツ広場,大神3450ほか,3,-99,9999
139.338812,35.341853,14203,3,99999,03109,平塚総合体育館,大原1-1,3,-99,9999
139.338271,35.341456,14203,3,99999,03105,平塚総合体育館,大原1-1,3,-99,9999
139.338812,35.341727,14203,3,99999,03129,平塚総合体育館,大原1-1,3,-99,9999
139.338818,35.341664,14203,3,99999,03132,平塚総合体育館,大原1-1,3,-99,9999
139.338818,35.341601,14203,3,99999,03113,平塚総合体育館,大原1-1,3,-99,9999
139.338818,35.341538,14203,3,99999,03120,平塚総合体育館,大原1-1,3,-99,9999
139.338818,35.34149,14203,3,99999,03110,平塚総合体育館,大原1-1,3,-99,9999
139.338812,35.34179,14203,3,99999,03111,平塚総合体育館,大原1-1,3,-99,9999
139.278644,35.348864,14203,3,99999,03104,土沢多目的広場（球技場）,上吉沢1689-1,3,-99,9999
139.27865,35.348806,14203,3,99999,03103,土沢多目的広場（球技場）,上吉沢1689-1,3,-99,9999
139.363957,35.33497,14203,3,99999,03103,馬入ふれあい公園／馬入サッカー場（球技場）,中堂246-1,4,-99,9999
139.306996,35.322418,14203,3,99999,03142,高麗山公園内子供の森（キャンプ場）,万田780-1,3,-99,9999
139.263619,35.33936,14203,3,99999,03142,びわ青少年の家（キャンプ場）,土屋2710-1,3,-99,9999
139.261943,35.354386,14203,3,99999,03143,土屋の古跡をめぐる道（ハイキングコース）,土屋地内,3,-99,9999
139.319006,35.326808,14203,3,99999,03143,虎女が遊んだ道（ハイキングコース）,高根ほか,3,-99,9999
139.302102,35.326428,14203,3,99999,03143,湘南平霧降渓流の道（ハイキングコース）,万田ほか,3,-99,9999
139.292068,35.304097,14203,3,99999,03143,関東ふれあいの道／大磯・高麗山のみち（ハイキングコース）,～大磯町,2,-99,9999
139.356872,35.317651,14203,3,99999,03103,湘南海岸公園（運動広場）,高浜台34-1,3,-99,1964
139.355975,35.318218,14203,3,99999,03138,湘南海岸公園（運動広場）,高浜台34-1,3,-99,1964
139.339864,35.341853,14203,3,99999,03146,平塚市総合公園（ランニングコース）,大原1-1,3,-99,9999
139.26408,35.33888,14203,3,99999,03147,びわ青少年の家（冒険遊具コース）,土屋2710-1,3,-99,9999
139.3641,35.336187,14203,3,99999,03109,馬入ふれあい公園／ひらつかアリーナ,中堂246-1,4,-99,9999
139.3641,35.336109,14203,3,99999,03120,馬入ふれあい公園／ひらつかアリーナ,中堂246-1,4,-99,9999
139.364094,35.336032,14203,3,99999,03132,馬入ふれあい公園／ひらつかアリーナ,中堂246-1,4,-99,9999
139.35437,35.318106,14203,3,99999,03106,湘南海岸公園プール（屋外プール）,高浜台32-1,4,-99,9999
139.345577,35.315056,14203,3,99999,03106,龍城ケ丘プール（屋外プール）,龍城ケ丘19-22,4,-99,9999
139.348793,35.316864,14203,3,99999,03109,花水公民館附属体育館（体育館）,袖ヶ浜20-1,3,-99,9999
139.314961,35.334422,14203,3,99999,03109,旭南公民館（体育館）,山下1096-1,3,-99,9999
139.358792,35.373839,14203,3,99999,03109,神田公民館（体育館）,田村3-12-5,3,-99,9999
139.290634,35.361461,14203,3,99999,03109,金目公民館（体育館）,南金目966,3,-99,9999
139.319329,35.353559,14203,3,99999,03109,金田公民館（体育館）,入野108-1,3,-99,9999
139.349559,35.337099,14203,3,99999,03109,市青少年会館（体育館）,浅間町12-41,3,-99,9999
139.349565,35.337041,14203,3,99999,03120,市青少年会館（体育館）,浅間町12-41,3,-99,9999
139.349571,35.336992,14203,3,99999,03111,市青少年会館（体育館）,浅間町12-41,3,-99,9999
139.349577,35.336944,14203,3,99999,03110,市青少年会館（体育館）,浅間町12-41,3,-99,9999
139.349589,35.336881,14203,3,99999,03113,市青少年会館（体育館）,浅間町12-41,3,-99,9999
139.262799,35.339103,14203,3,99999,03109,びわ青少年の家（体育館）,土屋2710-1,3,-99,9999
139.262811,35.33904,14203,3,99999,03120,びわ青少年の家（体育館）,土屋2710-1,3,-99,9999
139.530913,35.346567,14204,3,99999,03109,大船体育館,台3-2-5,4,-99,9999
139.530913,35.346509,14204,3,99999,03120,大船体育館,台3-2-5,4,-99,9999
139.530918,35.346407,14204,3,99999,03113,大船体育館,台3-2-5,4,-99,9999
139.548712,35.314237,14204,3,99999,03109,鎌倉体育館,由比ガ浜2-9-9,4,-99,9999
139.548712,35.314237,14204,3,99999,03120,鎌倉体育館,由比ガ浜2-9-9,4,-99,9999
139.548724,35.314305,14204,3,99999,03112,鎌倉体育館,由比ガ浜2-9-9,4,-99,9999
139.54873,35.314247,14204,3,99999,03113,鎌倉体育館,由比ガ浜2-9-9,4,-99,9999
139.548712,35.314184,14204,3,99999,03129,鎌倉体育館,由比ガ浜2-9-9,4,-99,9999
139.521353,35.323309,14204,3,99999,03102,笛田公園,笛田3-30-1,4,-99,9999
139.521115,35.324065,14204,3,99999,03115,笛田公園,笛田3-30-1,4,-99,9999
139.521205,35.322135,14204,3,99999,03104,笛田公園,笛田3-30-1,4,-99,9999
139.524983,35.346138,14204,3,99999,03121,鎌倉武道館,山崎616-6,4,-99,9999
139.525304,35.346342,14204,3,99999,03111,鎌倉武道館,山崎616-6,4,-99,9999
139.525304,35.346293,14204,3,99999,03110,鎌倉武道館,山崎616-6,4,-99,9999
139.52531,35.346235,14204,3,99999,03113,鎌倉武道館,山崎616-6,4,-99,9999
139.525298,35.346157,14204,3,99999,03109,鎌倉武道館,山崎616-6,4,-99,9999
139.525304,35.346099,14204,3,99999,03132,鎌倉武道館,山崎616-6,4,-99,9999
139.551792,35.318878,14204,3,99999,03143,祇園山ハイキングコース（ハイキングコース）,大町1-11-22,3,-99,9999
139.544847,35.337092,14204,3,99999,03143,大仏・葛原岡ハイキングコース（ハイキングコース）,山ノ内501,3,-99,9999
139.544887,35.337046,14204,3,99999,03143,天園ハイキングコース（ハイキングコース）,山ノ内8,3,-99,9999
139.545285,35.309352,14204,3,99999,03143,関東ふれあいの道／稲村ヶ崎・磯づたいのみち（ハイキングコース）,由比ガ浜3,2,-99,9999
139.530762,35.30482,14204,3,99999,03106,海浜公園水泳プール（屋外プール）,坂ノ下34-5,3,-99,9999
139.549648,35.312562,14204,3,99999,03132,見田記念体育館（体育館）,由比ガ浜2-13-21,4,-99,9999
139.530913,35.346465,14204,3,99999,03111,大船体育館,台3-2-5,4,-99,9999
139.530918,35.346359,14204,3,99999,03110,大船体育館,台3-2-5,4,-99,9999
139.476321,35.361775,14205,3,99999,03101,体育センター,善行7-1-2,3,-99,9999
139.474443,35.360675,14205,3,99999,03115,体育センター,善行7-1-2,3,-99,9999
139.477385,35.362855,14205,3,99999,03103,体育センター,善行7-1-2,3,-99,9999
139.474687,35.360117,14205,3,99999,03106,体育センター,善行7-1-2,3,-99,9999
139.474497,35.359783,14205,3,99999,03105,体育センター,善行7-1-2,3,-99,9999
139.476535,35.359841,14205,3,99999,03109,体育センター,善行7-1-2,3,-99,9999
139.476535,35.359773,14205,3,99999,03120,体育センター,善行7-1-2,3,-99,9999
139.476529,35.359705,14205,3,99999,03132,体育センター,善行7-1-2,3,-99,9999
139.476529,35.359638,14205,3,99999,03131,体育センター,善行7-1-2,3,-99,9999
139.476529,35.359565,14205,3,99999,03138,体育センター,善行7-1-2,3,-99,9999
139.489026,35.332426,14205,3,99999,03112,秩父宮記念体育館武道室（柔剣道場）,鵠沼東8-2,4,5,1955
139.489026,35.332348,14205,3,99999,03120,秩父宮記念体育館武道室（柔剣道場）,鵠沼東8-2,4,5,1955
139.444225,35.389362,14205,3,99999,03109,秋葉台文化体育館,遠藤2000-1,4,-99,1984
139.444225,35.389304,14205,3,99999,03120,秋葉台文化体育館,遠藤2000-1,4,-99,1984
139.444225,35.389255,14205,3,99999,03116,秋葉台文化体育館,遠藤2000-1,4,-99,1984
139.444225,35.389207,14205,3,99999,03112,秋葉台文化体育館,遠藤2000-1,4,-99,1984
139.444225,35.389149,14205,3,99999,03113,秋葉台文化体育館,遠藤2000-1,4,-99,1984
139.444231,35.389091,14205,3,99999,03132,秋葉台文化体育館,遠藤2000-1,4,-99,1984
139.443797,35.388815,14205,3,99999,03121,秋葉台文化体育館,遠藤2000-1,4,-99,1984
139.443803,35.388761,14205,3,99999,03122,秋葉台文化体育館,遠藤2000-1,4,-99,1984
139.444231,35.389028,14205,3,99999,03129,秋葉台文化体育館,遠藤2000-1,4,-99,1984
139.491913,35.34021,14205,3,99999,03112,藤沢青少年会館,朝日町10-8,4,5,9999
139.491913,35.340147,14205,3,99999,03120,藤沢青少年会館,朝日町10-8,4,5,9999
139.480917,35.347658,14205,3,99999,03112,済美館,本町4-6-16,3,3,9999
139.480917,35.347605,14205,3,99999,03132,済美館,本町4-6-16,3,3,9999
139.437318,35.371975,14205,3,99999,03115,遠藤公園テニスコート（庭球場）,遠藤639-2,4,-99,9999
139.442092,35.321668,14205,3,99999,03115,辻堂南部公園テニスコート（庭球場）,辻堂西海岸3-3-1（辻堂浄化センター上部）,4,-99,9999
139.47098,35.397963,14205,3,99999,03115,湘南台公園テニスコート（庭球場）,湘南台7-16,4,-99,9999
139.48382,35.312518,14205,3,99999,03115,西浜公園テニスコート（庭球場）,片瀬海岸3-1-30,4,-99,9999
139.4642,35.32699,14205,3,99999,03115,八部公園テニスコート（庭球場）,鵠沼海岸6-12-1,4,-99,9999
139.489139,35.332658,14205,3,99999,03121,秩父宮記念体育館弓道場（弓道場）,鵠沼東8-2,4,5,1955
139.489139,35.332605,14205,3,99999,03122,秩父宮記念体育館弓道場（弓道場）,鵠沼東8-2,4,5,1955
139.43035,35.413185,14205,3,99999,03102,葛原スポーツ広場野球場,葛原517,4,-99,2008
139.422903,35.410871,14205,3,99999,03102,女坂スポーツ広場野球場,用田201,4,-99,9999
139.44293,35.322046,14205,3,99999,03102,辻堂南部公園野球場,辻堂西海岸3-3-1（辻堂浄化センター上部）,4,-99,9999
139.453009,35.386658,14205,3,99999,03102,桐原公園野球場,桐原町5,4,-99,9999
139.465151,35.326336,14205,3,99999,03102,八部公園野球場,鵠沼海岸6-12-1,4,-99,9999
139.489026,35.332285,14205,3,99999,03132,秩父宮記念体育館,鵠沼東8-2,4,5,1955
139.489026,35.332212,14205,3,99999,03109,秩父宮記念体育館,鵠沼東8-2,4,5,1955
139.489026,35.332144,14205,3,99999,03120,秩父宮記念体育館,鵠沼東8-2,4,5,1955
139.489038,35.332072,14205,3,99999,03129,秩父宮記念体育館,鵠沼東8-2,4,5,1955
139.463897,35.325943,14205,3,99999,03129,八部公園トレーニングルーム（トレーニング場）,鵠沼海岸6-12-1,4,-99,9999
139.482254,35.298838,14205,3,99999,03132,かながわ女性センター（ダンス場（スタジオ））,江の島1-11-1,2,-99,9999
139.454644,35.36008,14205,3,99999,03103,大庭スポーツ広場（引地川親水公園）（球技場）,大庭6510,4,-99,9999
139.454638,35.360022,14205,3,99999,03102,大庭スポーツ広場（引地川親水公園）（球技場）,大庭6510,4,-99,9999
139.454644,35.359954,14205,3,99999,03138,大庭スポーツ広場（引地川親水公園）（球技場）,大庭6510,4,-99,9999
139.422947,35.411755,14205,3,99999,03103,女坂スポーツ広場球技場（球技場）,用田201,4,-99,9999
139.48488,35.356601,14205,3,99999,03103,大清水スポーツ広場球技場（球技場）,大鋸1500,4,-99,9999
139.444944,35.387512,14205,3,99999,03103,秋葉台公園球技場（球技場）,遠藤2000-1,4,-99,9999
139.484923,35.299247,14205,3,99999,03140,湘南港（ヨット場）,江の島1-12-2,4,-99,9999
139.420592,35.399732,14205,3,99999,03142,少年の森（キャンプ場）,打戻2345,4,-99,1980
139.482982,35.308598,14205,3,99999,03143,関東ふれあいの道／湘南海岸・砂浜のみち（ハイキングコース）,片瀬海岸2,2,-99,9999
139.465621,35.495733,14205,3,99999,03144,県道４５１号藤沢大和自転車道（サイクリングコース）,鵠沼海岸1,3,-99,9999
139.462179,35.317488,14205,3,99999,03144,国道１３４号自転車歩行者道（サイクリングコース）,鵠沼海岸4-4,3,-99,9999
139.444231,35.38897,14205,3,99999,03105,秋葉台公園プール,遠藤2000-1,4,-99,9999
139.442823,35.389575,14205,3,99999,03106,秋葉台公園プール,遠藤2000-1,4,-99,9999
139.443031,35.389086,14205,3,99999,03107,秋葉台公園プール,遠藤2000-1,4,-99,9999
139.47163,35.352132,14205,3,99999,03105,石名坂温水プール（屋内プール）,本藤沢1-10-1,4,-99,9999
139.463897,35.326011,14205,3,99999,03105,八部公園屋内プール（屋内プール）,鵠沼海岸6-12-1,4,-99,9999
139.450119,35.32109,14205,3,99999,03107,辻堂海浜公園（屋外プール）,辻堂西海岸3,4,-99,9999
139.483728,35.315498,14205,3,99999,03109,片瀬しおさいセンター（体育館）,片瀬4-9-22,3,2,9999
139.483728,35.315445,14205,3,99999,03120,片瀬しおさいセンター（体育館）,片瀬4-9-22,3,2,9999
139.464181,35.327546,14205,3,99999,03109,太陽の家（体育館）,鵠沼海岸6-6-12,4,2,1975
139.464181,35.327483,14205,3,99999,03120,太陽の家（体育館）,鵠沼海岸6-6-12,4,2,1975
139.469671,35.397951,14205,3,99999,03109,湘南台公民館（体育館）,湘南台1-8,3,1,9999
139.469683,35.397897,14205,3,99999,03120,湘南台公民館（体育館）,湘南台1-8,3,1,9999
139.481481,35.344297,14205,3,99999,03109,藤沢市労働会館（体育館）,本町1-12-17,4,4,9999
139.481487,35.344248,14205,3,99999,03120,藤沢市労働会館（体育館）,本町1-12-17,4,4,9999
139.446686,35.365042,14205,3,99999,03109,湘南大庭公民館（体育館）,大庭5406-1,3,2,9999
139.446674,35.364993,14205,3,99999,03120,湘南大庭公民館（体育館）,大庭5406-1,3,2,9999
139.472816,35.361245,14205,3,99999,03109,善行公民館（体育館）,善行1-2-3,3,2,9999
139.472822,35.361197,14205,3,99999,03120,善行公民館（体育館）,善行1-2-3,3,2,9999
139.461204,35.412402,14205,3,99999,03109,長後公民館（体育館）,長後513,3,3,9999
139.46121,35.412349,14205,3,99999,03120,長後公民館（体育館）,長後513,3,3,9999
139.461204,35.412295,14205,3,99999,03132,長後公民館（体育館）,長後513,3,3,9999
139.440307,35.38747,14205,3,99999,03109,遠藤公民館青少年ホール（体育館）,遠藤2984-3,3,3,9999
139.440307,35.387436,14205,3,99999,03120,遠藤公民館青少年ホール（体育館）,遠藤2984-3,3,3,9999
139.44031,35.387402,14205,3,99999,03132,遠藤公民館青少年ホール（体育館）,遠藤2984-3,3,3,9999
139.415543,35.401551,14205,3,99999,03109,御所見公民館（体育館）,打戻1760-1,3,3,9999
139.415543,35.401498,14205,3,99999,03120,御所見公民館（体育館）,打戻1760-1,3,3,9999
139.415543,35.401449,14205,3,99999,03112,御所見公民館（体育館）,打戻1760-1,3,3,9999
139.449435,35.33998,14205,3,99999,03109,明治公民館健康プラザ（体育館）,辻堂新町1-11-23,3,4,9999
139.44944,35.339922,14205,3,99999,03120,明治公民館健康プラザ（体育館）,辻堂新町1-11-23,3,4,9999
139.449446,35.339854,14205,3,99999,03112,明治公民館健康プラザ（体育館）,辻堂新町1-11-23,3,4,9999
139.474887,35.385285,14205,3,99999,03109,六会公民館（体育館）,亀井野4-8-1,3,3,9999
139.474887,35.385251,14205,3,99999,03120,六会公民館（体育館）,亀井野4-8-1,3,3,9999
139.474881,35.385208,14205,3,99999,03132,六会公民館（体育館）,亀井野4-8-1,3,3,9999
139.482236,35.298964,14205,3,99999,03109,かながわ女性センター（体育館）,江の島1-11-1,2,-99,9999
139.482242,35.298901,14205,3,99999,03120,かながわ女性センター（体育館）,江の島1-11-1,2,-99,9999
139.144937,35.254686,14206,3,99999,03101,城山陸上競技場（陸上競技場）,城山2-29-1,4,-99,9999
139.154239,35.289366,14206,3,99999,03115,小田原テニスガーデン（庭球場）,蓮正寺83-1,2,-99,9999
139.177116,35.263567,14206,3,99999,03115,寿町テニス場（庭球場）,東町5-402,3,-99,9999
139.144732,35.252422,14206,3,99999,03115,小峰庭球場（庭球場）,城山3-30-22,4,-99,9999
139.148837,35.254626,14206,3,99999,03115,城山庭球場（庭球場）,城山3-10-20,3,-99,9999
139.177578,35.268816,14206,3,99999,03115,西湘地区体育センター,西酒匂1-1-26,4,-99,9999
139.178618,35.269597,14206,3,99999,03109,西湘地区体育センター,西酒匂1-1-26,4,-99,9999
139.179045,35.26967,14206,3,99999,03120,西湘地区体育センター,西酒匂1-1-26,4,-99,9999
139.178624,35.2695,14206,3,99999,03116,西湘地区体育センター,西酒匂1-1-26,4,-99,9999
139.178624,35.269452,14206,3,99999,03132,西湘地区体育センター,西酒匂1-1-26,4,-99,9999
139.178618,35.269403,14206,3,99999,03111,西湘地区体育センター,西酒匂1-1-26,4,-99,9999
139.178624,35.269539,14206,3,99999,03113,西湘地区体育センター,西酒匂1-1-26,4,-99,9999
139.179051,35.269612,14206,3,99999,03129,西湘地区体育センター,西酒匂1-1-26,4,-99,9999
139.178909,35.268952,14206,3,99999,03104,西湘地区体育センター,西酒匂1-1-26,4,-99,9999
139.178903,35.268884,14206,3,99999,03103,西湘地区体育センター,西酒匂1-1-26,4,-99,9999
139.178909,35.268821,14206,3,99999,03102,西湘地区体育センター,西酒匂1-1-26,4,-99,9999
139.177965,35.268323,14206,3,99999,03138,西湘地区体育センター,西酒匂1-1-26,4,-99,9999
139.155374,35.251903,14206,3,99999,03121,城内弓道場（弓道場）,城内4-27,3,-99,9999
139.170812,35.268372,14206,3,99999,03102,酒匂川スポーツ広場,寿町5-22-29地先,3,-99,9999
139.179101,35.263351,14206,3,99999,03103,酒匂川スポーツ広場,寿町5-22-29地先,3,-99,9999
139.17165,35.267819,14206,3,99999,03138,酒匂川スポーツ広場,寿町5-22-29地先,3,-99,9999
139.171565,35.304462,14206,3,99999,03102,小田原球場（野球場）,東大友113,4,-99,9999
139.185,35.268518,14206,3,99999,03129,小田原市生きがいふれあいセンターいそしぎ,酒匂2-32-15,3,-99,9999
139.185,35.268445,14206,3,99999,03109,小田原市生きがいふれあいセンターいそしぎ,酒匂2-32-15,3,-99,9999
139.184994,35.268372,14206,3,99999,03120,小田原市生きがいふれあいセンターいそしぎ,酒匂2-32-15,3,-99,9999
139.089961,35.247608,14206,3,99999,03142,小田原市塔ノ峰青少年の家（キャンプ場）（休止中）,久野4866-2,3,-99,9999
139.122092,35.261181,14206,3,99999,03142,いこいの森,久野4294-1,4,-99,9999
139.124439,35.26169,14206,3,99999,03104,いこいの森,久野4294-1,4,-99,9999
139.120887,35.240915,14206,3,99999,03143,荻窪用水散策コース（ハイキングコース）,入生田,3,-99,9999
139.212567,35.280454,14206,3,99999,03143,国府津・曽我丘陵ウォーキングコース（ハイキングコース）,国府津4-4,3,-99,9999
139.212572,35.280395,14206,3,99999,03143,国府津・曽我の里散策コース（ハイキングコース）,国府津4-4,3,-99,9999
139.153989,35.25674,14206,3,99999,03143,歴史と文化の香るまち散策コース（ハイキングコース）,城山1,3,-99,9999
139.138187,35.202732,14206,3,99999,03143,潮騒の駅根府川・江之浦漁港コース（ハイキングコース）,根府川109,3,-99,9999
139.139239,35.288089,14206,3,99999,03143,西部丘陵ウォーキングコース（ハイキングコース）,飯田岡541,3,-99,9999
139.145634,35.239191,14206,3,99999,03143,石橋山古戦場・米神漁港コース（ハイキングコース）,早川1-16-1,3,-99,9999
139.183769,35.303838,14206,3,99999,03143,曽我の里散策コース（ハイキングコース）,曽我谷津592,3,-99,9999
139.154994,35.271463,14206,3,99999,03143,久野遺跡巡りコース（ハイキングコース）,扇町5-11-10,3,-99,9999
139.122035,35.24106,14206,3,99999,03143,太閣一夜城と長興山史跡巡りコース（ハイキングコース）,入生田190-4,3,-99,9999
139.121902,35.261064,14206,3,99999,03143,いこいの森（ハイキングコース）,久野4294-1,4,-99,9999
139.178173,35.267519,14206,3,99999,03144,酒匂川左岸サイクリング場（サイクリングコース）,西酒匂1-3-61地先,4,-99,9999
139.192273,35.288256,14206,3,99999,03104,高田運動広場（運動広場）,高田401,3,-99,9999
139.192267,35.288198,14206,3,99999,03102,高田運動広場（運動広場）,高田401,3,-99,9999
139.192273,35.288139,14206,3,99999,03103,高田運動広場（運動広場）,高田401,3,-99,9999
139.188617,35.278652,14206,3,99999,03104,鴨宮運動広場（運動広場）,酒匂967,3,-99,9999
139.188617,35.278599,14206,3,99999,03102,鴨宮運動広場（運動広場）,酒匂967,3,-99,9999
139.188617,35.27855,14206,3,99999,03103,鴨宮運動広場（運動広場）,酒匂967,3,-99,9999
139.188587,35.278147,14206,3,99999,03138,鴨宮運動広場（運動広場）,酒匂967,3,-99,9999
139.171666,35.303269,14206,3,99999,03104,上府中スポーツ広場（運動広場）,東大友113,4,-99,9999
139.171666,35.303196,14206,3,99999,03103,上府中スポーツ広場（運動広場）,東大友113,4,-99,9999
139.138916,35.19064,14206,3,99999,03148,市営江之浦海水浴場（海水浴場）,江之浦158-2地先,3,-99,9999
139.159398,35.245128,14206,3,99999,03148,市営御幸の浜海水浴場（海水浴場）,本町3-14-23地先,3,-99,9999
139.210605,35.278567,14206,3,99999,03106,市営国府津海水プール（屋外プール）,国府津3-17-1,3,-99,9999
139.159975,35.246261,14206,3,99999,03106,市営御幸の浜プール（屋外プール）,本町3-15-15,3,-99,9999
139.15488,35.293466,14206,3,99999,03109,小田原市総合文化体育館・小田原アリーナ（体育館）,中曽根263,4,-99,9999
139.15488,35.293407,14206,3,99999,03120,小田原市総合文化体育館・小田原アリーナ（体育館）,中曽根263,4,-99,9999
139.154886,35.293344,14206,3,99999,03129,小田原市総合文化体育館・小田原アリーナ（体育館）,中曽根263,4,-99,9999
139.154892,35.293281,14206,3,99999,03132,小田原市総合文化体育館・小田原アリーナ（体育館）,中曽根263,4,-99,9999
139.187394,35.281338,14206,3,99999,03109,小田原市川東タウンセンターマロニエ（体育館）,中里273-6,4,-99,9999
139.371278,35.325129,14207,3,99999,03101,相模川河畔スポーツ公園,中島1475-2,4,-99,9999
139.399627,35.333025,14207,3,99999,03109,茅ヶ崎市体育館,十間坂3-6-5,4,-99,9999
139.399633,35.332967,14207,3,99999,03120,茅ヶ崎市体育館,十間坂3-6-5,4,-99,9999
139.399639,35.332918,14207,3,99999,03112,茅ヶ崎市体育館,十間坂3-6-5,4,-99,9999
139.399645,35.332855,14207,3,99999,03132,茅ヶ崎市体育館,十間坂3-6-5,4,-99,9999
139.427769,35.360546,14207,3,99999,03115,堤スポーツ広場（庭球場）,堤1316,4,-99,9999
139.424076,35.377414,14207,3,99999,03115,芹沢スポーツ広場,芹沢430-3,4,-99,9999
139.424801,35.377865,14207,3,99999,03102,芹沢スポーツ広場,芹沢430-3,4,-99,9999
139.424801,35.377797,14207,3,99999,03103,芹沢スポーツ広場,芹沢430-3,4,-99,9999
139.371771,35.324247,14207,3,99999,03115,相模川河畔スポーツ公園（庭球場）,中島1475-2,4,-99,9999
139.405525,35.321116,14207,3,99999,03115,茅ヶ崎公園（庭球場）,中海岸3-3-11,4,-99,9999
139.399239,35.331982,14207,3,99999,03129,茅ヶ崎市青少年会館,十間坂3-5-37,3,2,9999
139.399245,35.331914,14207,3,99999,03132,茅ヶ崎市青少年会館,十間坂3-5-37,3,2,9999
139.403847,35.320429,14207,3,99999,03120,茅ヶ崎市海岸青少年会館（卓球場）,中海岸3-3-10,3,3,9999
139.40318,35.335126,14207,3,99999,03109,茅ヶ崎市総合体育館,茅ケ崎1-9-63,4,3,9999
139.40318,35.335068,14207,3,99999,03120,茅ヶ崎市総合体育館,茅ケ崎1-9-63,4,3,9999
139.40318,35.335015,14207,3,99999,03110,茅ヶ崎市総合体育館,茅ケ崎1-9-63,4,3,9999
139.403174,35.334952,14207,3,99999,03111,茅ヶ崎市総合体育館,茅ケ崎1-9-63,4,3,9999
139.403168,35.334894,14207,3,99999,03132,茅ヶ崎市総合体育館,茅ケ崎1-9-63,4,3,9999
139.403162,35.334835,14207,3,99999,03129,茅ヶ崎市総合体育館,茅ケ崎1-9-63,4,3,9999
139.403156,35.334768,14207,3,99999,03121,茅ヶ崎市総合体育館,茅ケ崎1-9-63,4,3,9999
139.405264,35.319851,14207,3,99999,03102,茅ヶ崎公園（野球場）,中海岸3-3-11,4,-99,9999
139.437691,35.321897,14207,3,99999,03104,湘南汐見台公園,汐見台,4,-99,9999
139.437697,35.321843,14207,3,99999,03103,湘南汐見台公園,汐見台,4,-99,9999
139.438874,35.322478,14207,3,99999,03102,湘南汐見台公園,汐見台,4,-99,9999
139.427519,35.360246,14207,3,99999,03104,堤スポーツ広場,堤1316,4,-99,9999
139.427519,35.360197,14207,3,99999,03103,堤スポーツ広場,堤1316,4,-99,9999
139.378699,35.326986,14207,3,99999,03104,湘南夢わくわく公園（運動広場）,柳島164-4,4,-99,9999
139.37836,35.326656,14207,3,99999,03138,湘南夢わくわく公園（運動広場）,柳島164-4,4,-99,9999
139.378711,35.326937,14207,3,99999,03103,湘南夢わくわく公園（運動広場）,柳島164-4,4,-99,9999
139.434927,35.365402,14207,3,99999,03103,茅ヶ崎市小出暫定スポーツ広場（運動広場）,堤427,3,-99,9999
139.434927,35.365344,14207,3,99999,03102,茅ヶ崎市小出暫定スポーツ広場（運動広場）,堤427,3,-99,9999
139.435652,35.365068,14207,3,99999,03138,茅ヶ崎市小出暫定スポーツ広場（運動広場）,堤427,3,-99,9999
139.409498,35.34324,14207,3,99999,03103,茅ヶ崎市円蔵スポーツ広場（運動広場）,円蔵651-1,3,-99,9999
139.409498,35.343167,14207,3,99999,03102,茅ヶ崎市円蔵スポーツ広場（運動広場）,円蔵651-1,3,-99,9999
139.409498,35.343099,14207,3,99999,03138,茅ヶ崎市円蔵スポーツ広場（運動広場）,円蔵651-1,3,-99,9999
139.3738,35.347942,14207,3,99999,03105,茅ヶ崎市屋内温水プール,萩園820,4,-99,9999
139.3738,35.347889,14207,3,99999,03129,茅ヶ崎市屋内温水プール,萩園820,4,-99,9999
139.418743,35.353392,14207,3,99999,03106,市営殿山公園プール（屋外プール）,甘沼285-1,3,-99,9999
139.430484,35.320661,14207,3,99999,03106,市営浜須賀プール（屋外プール）,浜須賀18-38,3,-99,9999
139.401265,35.318319,14207,3,99999,03106,市営中海岸プール（屋外プール）（休止中）,中海岸3-12986-22,3,-99,9999
139.590903,35.300178,14208,3,99999,03115,第一運動公園,池子1-11第一運動公園内,4,-99,9999
139.590262,35.300542,14208,3,99999,03121,第一運動公園,池子1-11第一運動公園内,4,-99,9999
139.592187,35.3014,14208,3,99999,03102,第一運動公園,池子1-11第一運動公園内,4,-99,9999
139.593191,35.300217,14208,3,99999,03106,第一運動公園,池子1-11第一運動公園内,4,-99,9999
139.590939,35.300731,14208,3,99999,03104,第一運動公園,池子1-11第一運動公園内,4,-99,9999
139.589918,35.300051,14208,3,99999,03109,逗子市立体育館,池子1-11-1,4,2,9999
139.589924,35.299993,14208,3,99999,03120,逗子市立体育館,池子1-11-1,4,2,9999
139.589924,35.299939,14208,3,99999,03110,逗子市立体育館,池子1-11-1,4,2,9999
139.58993,35.299881,14208,3,99999,03111,逗子市立体育館,池子1-11-1,4,2,9999
139.58993,35.299823,14208,3,99999,03129,逗子市立体育館,池子1-11-1,4,2,9999
139.609088,35.296737,14208,3,99999,03138,沼間ゲートボール場（ゲートボール場）,沼間3-665,4,-99,9999
139.564702,35.297429,14208,3,99999,03143,ふれあいロード（ハイキングコース）,桜山,3,-99,9999
139.60079,35.298508,14208,3,99999,03143,二子山自然遊歩道（ハイキングコース）,沼間,3,-99,9999
139.600736,35.298706,14208,3,99999,03143,神武寺ハイキングコース（ハイキングコース）,沼間,3,-99,9999
139.562385,35.306262,14208,3,99999,03143,披露山・浪子不動ハイキングコース（ハイキングコース）,新宿,3,-99,9999
139.572479,35.292159,14208,3,99999,03148,逗子海水浴場（海水浴場）,新宿2210-6地先,3,-99,9999
139.594757,35.295989,14208,3,99999,03112,逗子市青少年会館,桜山5-20-29,3,2,9999
139.594754,35.29595,14208,3,99999,03132,逗子市青少年会館,桜山5-20-29,3,2,9999
139.611643,35.296831,14208,3,99999,03109,沼間公民館（体育館）,沼間3-16-32,3,-99,9999
139.611655,35.296782,14208,3,99999,03132,沼間公民館（体育館）,沼間3-16-32,3,-99,9999
139.55496,35.297486,14208,3,99999,03109,小坪公民館（体育館）,小坪5-21-17,3,2,9999
139.55496,35.297418,14208,3,99999,03120,小坪公民館（体育館）,小坪5-21-17,3,2,9999
139.148676,35.609477,14151,3,99999,03115,名倉グラウンド,名倉1000,4,-99,1984
139.149015,35.609018,14151,3,99999,03104,名倉グラウンド,名倉1000,4,-99,1984
139.149336,35.60984,14151,3,99999,03138,名倉グラウンド,名倉1000,4,-99,1984
139.28256,35.598027,14151,3,99999,03115,中沢グラウンド・テニスコート（庭球場）,中沢239,3,-99,9999
139.294082,35.586753,14151,3,99999,03115,小倉テニスコート（やまびこテニスコート）,小倉1,4,-99,9999
139.279796,35.602288,14151,3,99999,03115,城山湖テニスコート（庭球場）,川尻4452-8,3,-99,9999
139.20967,35.601472,14151,3,99999,03115,相模湖林間公園,若柳1432-2,4,-99,9999
139.210632,35.602816,14151,3,99999,03102,相模湖林間公園,若柳1432-2,4,-99,9999
139.209664,35.601975,14151,3,99999,03138,相模湖林間公園,若柳1432-2,4,-99,9999
139.189898,35.56442,14151,3,99999,03115,青野原グラウンドテニスコート（庭球場）,青野原2118,3,-99,9999
139.248573,35.597,14151,3,99999,03115,津久井又野公園,又野829,4,-99,9999
139.249363,35.596362,14151,3,99999,03104,津久井又野公園,又野829,4,-99,9999
139.249369,35.596294,14151,3,99999,03102,津久井又野公園,又野829,4,-99,9999
139.249363,35.596222,14151,3,99999,03103,津久井又野公園,又野829,4,-99,9999
139.249351,35.596154,14151,3,99999,03138,津久井又野公園,又野829,4,-99,9999
139.283287,35.588724,14151,3,99999,03115,津久井湖レークテニス（庭球場）,城山2-32-1,4,-99,9999
139.328505,35.585086,14151,3,99999,03110,北総合体育館,下九沢2368-1,4,3,9999
139.328511,35.585033,14151,3,99999,03111,北総合体育館,下九沢2368-1,4,3,9999
139.328511,35.584975,14151,3,99999,03113,北総合体育館,下九沢2368-1,4,3,9999
139.328517,35.584927,14151,3,99999,03120,北総合体育館,下九沢2368-1,4,3,9999
139.328517,35.584869,14151,3,99999,03109,北総合体育館,下九沢2368-1,4,3,9999
139.328517,35.584816,14151,3,99999,03116,北総合体育館,下九沢2368-1,4,3,9999
139.328511,35.584767,14151,3,99999,03132,北総合体育館,下九沢2368-1,4,3,9999
139.328505,35.584714,14151,3,99999,03129,北総合体育館,下九沢2368-1,4,3,9999
139.328505,35.584661,14151,3,99999,03121,北総合体育館,下九沢2368-1,4,3,9999
139.328511,35.584598,14151,3,99999,03122,北総合体育館,下九沢2368-1,4,3,9999
139.278529,35.608279,14151,3,99999,03102,城山湖野球場（休止中）,川尻5841,3,-99,9999
139.191305,35.612433,14151,3,99999,03137,相模湖漕艇場（漕艇場）,与瀬340,4,-99,9999
139.256498,35.567594,14151,3,99999,03138,串川グラウンドゲートボール場（ゲートボール場）,長竹850-1,3,-99,9999
139.326047,35.563386,14151,3,99999,03143,いきいきコース（ハイキングコース）,橋本3,3,-99,9999
139.307519,35.578715,14151,3,99999,03143,相模川・自然の村コース（ハイキングコース）,橋本3,3,-99,9999
139.222266,35.539047,14151,3,99999,03143,宮ケ瀬湖南山・ダムサイトコース（ハイキングコース）,橋本3,3,-99,9999
139.273102,35.584999,14151,3,99999,03143,津久井湖・城山コース（ハイキングコース）,橋本3,3,-99,9999
139.278695,35.594686,14151,3,99999,03143,かたくりの里コース（ハイキングコース）,橋本3,3,-99,9999
139.204736,35.599793,14151,3,99999,03143,石老山コース（ハイキングコース）,与瀬,3,-99,9999
139.189313,35.616956,14151,3,99999,03143,甲州古道コース（ハイキングコース）,与瀬,3,-99,9999
139.152461,35.615635,14151,3,99999,03143,藤野園芸ランド遊歩道コース（ハイキングコース）,小渕1698,3,-99,9999
139.189319,35.616898,14151,3,99999,03143,陣馬山コース（ハイキングコース）,与瀬,3,-99,9999
139.290603,35.596683,14151,3,99999,03143,城山湖散策路（ハイキングコース）,川尻4454,3,-99,9999
139.235291,35.587195,14151,3,99999,03104,津久井生涯学習センター（運動広場）,三ヶ木414,3,-99,9999
139.171712,35.610211,14151,3,99999,03104,日連グラウンド（運動広場）,日連1426-1,3,-99,9999
139.171718,35.610153,14151,3,99999,03102,日連グラウンド（運動広場）,日連1426-1,3,-99,9999
139.171724,35.610095,14151,3,99999,03138,日連グラウンド（運動広場）,日連1426-1,3,-99,9999
139.282442,35.597491,14151,3,99999,03102,中沢グラウンド（運動広場）,中沢239,3,-99,9999
139.313722,35.59147,14151,3,99999,03102,原宿グラウンド（運動広場）,川尻1930-1,3,-99,9999
139.314045,35.592607,14151,3,99999,03104,原宿公園多目的広場（運動広場）,原宿南1-17-1,3,-99,9999
139.219283,35.600702,14151,3,99999,03102,内郷グラウンド（運動広場）,寸沢嵐823,3,-99,9999
139.219283,35.600649,14151,3,99999,03103,内郷グラウンド（運動広場）,寸沢嵐823,3,-99,9999
139.190404,35.614243,14151,3,99999,03102,与瀬グラウンド（運動広場）,与瀬884,3,-99,9999
139.190404,35.614181,14151,3,99999,03103,与瀬グラウンド（運動広場）,与瀬884,3,-99,9999
139.211028,35.535537,14151,3,99999,03102,国体記念鳥屋グラウンド（運動広場）,鳥屋2305-8,3,-99,9999
139.211034,35.53546,14151,3,99999,03103,国体記念鳥屋グラウンド（運動広場）,鳥屋2305-8,3,-99,9999
139.257413,35.567546,14151,3,99999,03102,串川グラウンド（運動広場）,長竹850-1,3,-99,9999
139.257413,35.567473,14151,3,99999,03103,串川グラウンド（運動広場）,長竹850-1,3,-99,9999
139.189381,35.56514,14151,3,99999,03102,青野原グラウンド（運動広場）,青野原2118,3,-99,9999
139.189589,35.56442,14151,3,99999,03138,青野原グラウンド（運動広場）,青野原2118,3,-99,9999
139.329771,35.584294,14151,3,99999,03102,相模原北公園スポーツ広場（運動広場）,下九沢2368-1,4,-99,9999
139.329771,35.584212,14151,3,99999,03103,相模原北公園スポーツ広場（運動広場）,下九沢2368-1,4,-99,9999
139.31729,35.588336,14151,3,99999,03102,内出公園スポーツ広場（運動広場）,下九沢2833-1,3,-99,9999
139.317296,35.588264,14151,3,99999,03103,内出公園スポーツ広場（運動広場）,下九沢2833-1,3,-99,9999
139.322788,35.542182,14151,3,99999,03102,三栗山スポーツ広場（運動広場）,小倉1907,3,-99,9999
139.324458,35.541684,14151,3,99999,03103,三栗山スポーツ広場（運動広場）,小倉1907,3,-99,9999
139.152868,35.594849,14151,3,99999,03142,藤野芸術の家,牧野4819,4,3,9999
139.295633,35.587343,14151,3,99999,03106,小倉プール（こだまプール）（屋外プール）,小倉1,4,-99,9999
139.295711,35.58714,14151,3,99999,03107,小倉プール（こだまプール）（屋外プール）,小倉1,4,-99,9999
139.199996,35.622211,14151,3,99999,03106,小原プール（屋外プール）,小原697-3,3,-99,9999
139.147764,35.628074,14151,3,99999,03109,沢井体育館（体育館）,澤井936,3,-99,9999
139.14033,35.584445,14151,3,99999,03109,牧郷体育館（体育館）,牧野7029,3,-99,9999
139.235421,35.587475,14151,3,99999,03109,津久井生涯学習センター（体育館）,三ヶ木414,3,-99,9999
139.235421,35.587422,14151,3,99999,03120,津久井生涯学習センター（体育館）,三ヶ木414,3,-99,9999
139.303033,35.595752,14151,3,99999,03109,城山公民館（体育館）,久保沢1-3-1,3,4,9999
139.303033,35.595709,14151,3,99999,03120,城山公民館（体育館）,久保沢1-3-1,3,4,9999
139.303033,35.595665,14151,3,99999,03112,城山公民館（体育館）,久保沢1-3-1,3,4,9999
139.30311,35.595675,14151,3,99999,03132,城山公民館（体育館）,久保沢1-3-1,3,4,9999
139.301608,35.599994,14151,3,99999,03109,城山保健福祉センター（体育館）,久保沢2-26-1,3,3,9999
139.301608,35.599927,14151,3,99999,03120,城山保健福祉センター（体育館）,久保沢2-26-1,3,3,9999
139.36245,35.561973,14152,3,99999,03101,横山公園,横山5-11-50,4,-99,9999
139.362444,35.561915,14152,3,99999,03103,横山公園,横山5-11-50,4,-99,9999
139.361897,35.560755,14152,3,99999,03115,横山公園,横山5-11-50,4,-99,9999
139.362598,35.562693,14152,3,99999,03146,横山公園,横山5-11-50,4,-99,9999
139.390682,35.567234,14152,3,99999,03102,鹿沼公園,鹿沼台2-15-1,4,-99,1973
139.391585,35.567244,14152,3,99999,03115,鹿沼公園,鹿沼台2-15-1,4,-99,1973
139.392366,35.556717,14152,3,99999,03102,淵野辺公園,弥栄3-1-6,4,-99,9999
139.392422,35.555768,14152,3,99999,03115,淵野辺公園,弥栄3-1-6,4,-99,9999
139.39237,35.556791,14152,3,99999,03104,淵野辺公園,弥栄3-1-6,4,-99,9999
139.393105,35.554293,14152,3,99999,03146,淵野辺公園,弥栄3-1-6,4,-99,9999
139.374688,35.57069,14152,3,99999,03109,相模原市体育館,富士見1-2-15,4,-99,9999
139.374688,35.570637,14152,3,99999,03110,相模原市体育館,富士見1-2-15,4,-99,9999
139.374688,35.570584,14152,3,99999,03113,相模原市体育館,富士見1-2-15,4,-99,9999
139.374813,35.570337,14152,3,99999,03121,相模原市体育館,富士見1-2-15,4,-99,9999
139.389356,35.554153,14152,3,99999,03102,相模原球場（野球場）,弥栄3-1-6,4,-99,9999
139.391584,35.555217,14152,3,99999,03124,銀河アリーナ（淵野辺公園内）,弥栄3-1-6,4,-99,9999
139.39159,35.555149,14152,3,99999,03105,銀河アリーナ（淵野辺公園内）,弥栄3-1-6,4,-99,9999
139.391578,35.55528,14152,3,99999,03129,銀河アリーナ（淵野辺公園内）,弥栄3-1-6,4,-99,9999
139.363855,35.562552,14152,3,99999,03105,総合水泳場,横山5-11-1,4,2,9999
139.363861,35.56248,14152,3,99999,03108,総合水泳場,横山5-11-1,4,2,9999
139.363867,35.562407,14152,3,99999,03129,総合水泳場,横山5-11-1,4,2,9999
139.363657,35.55789,14152,3,99999,03143,緑と芸術のコース（ハイキングコース）,上溝7-19,3,-99,9999
139.354186,35.588408,14152,3,99999,03102,小山公園ニュースポーツ広場（運動広場）,小山4-1,4,-99,9999
139.35339,35.588828,14152,3,99999,03127,小山公園ニュースポーツ広場（運動広場）,小山4-1,4,-99,9999
139.353544,35.588601,14152,3,99999,03132,小山公園ニュースポーツ広場（運動広場）,小山4-1,4,-99,9999
139.38624,35.550152,14152,3,99999,03102,緑が丘２丁目公園スポーツ広場（運動広場）,緑が丘2-31,3,-99,9999
139.38624,35.55008,14152,3,99999,03103,緑が丘２丁目公園スポーツ広場（運動広場）,緑が丘2-31,3,-99,9999
139.224079,35.578635,14152,3,99999,03146,横浜水道道ジョギングコース（ランニングコース）,田名ほか,3,-99,9999
139.39039,35.554477,14152,3,99999,03109,相模原球場（体育室）,弥栄3-1-6,4,-99,9999
139.390396,35.554419,14152,3,99999,03120,相模原球場（体育室）,弥栄3-1-6,4,-99,9999
139.390402,35.554376,14152,3,99999,03132,相模原球場（体育室）,弥栄3-1-6,4,-99,9999
139.37449,35.569154,14152,3,99999,03109,けやき体育館（体育館）,富士見6-6-23,4,-99,9999
139.37449,35.569091,14152,3,99999,03120,けやき体育館（体育館）,富士見6-6-23,4,-99,9999
139.37449,35.569033,14152,3,99999,03122,けやき体育館（体育館）,富士見6-6-23,4,-99,9999
139.386417,35.527035,14153,3,99999,03101,相模原麻溝公園競技場（陸上競技場）,下溝4169,4,2,9999
139.388155,35.545196,14153,3,99999,03115,大野台南テニスコート（庭球場）,大野台3-45-152,4,-99,9999
139.407667,35.519671,14153,3,99999,03102,相模台公園,桜台21-1,4,-99,9999
139.407483,35.519091,14153,3,99999,03115,相模台公園,桜台21-1,4,-99,9999
139.39519,35.529124,14153,3,99999,03109,総合体育館,麻溝台2284-1,4,2,9999
139.395196,35.529061,14153,3,99999,03120,総合体育館,麻溝台2284-1,4,2,9999
139.395196,35.529012,14153,3,99999,03116,総合体育館,麻溝台2284-1,4,2,9999
139.394507,35.528892,14153,3,99999,03110,総合体育館,麻溝台2284-1,4,2,9999
139.394109,35.528776,14153,3,99999,03113,総合体育館,麻溝台2284-1,4,2,9999
139.394103,35.528843,14153,3,99999,03111,総合体育館,麻溝台2284-1,4,2,9999
139.395196,35.528959,14153,3,99999,03129,総合体育館,麻溝台2284-1,4,2,9999
139.394316,35.528805,14153,3,99999,03121,総合体育館,麻溝台2284-1,4,2,9999
139.394322,35.528746,14153,3,99999,03122,総合体育館,麻溝台2284-1,4,2,9999
139.386707,35.493409,14153,3,99999,03143,相模川・芝ざくら・大凧コース（ハイキングコース）,新戸,3,-99,9999
139.403439,35.510128,14153,3,99999,03104,磯野台体育施設（運動広場）,新磯野4-1-1,3,-99,9999
139.386761,35.525473,14153,3,99999,03102,相模原麻溝公園スポーツ広場（運動広場）,下溝4169,4,-99,9999
139.388895,35.525822,14153,3,99999,03103,相模原麻溝公園スポーツ広場（運動広場）,下溝4169,4,-99,9999
139.402656,35.518562,14153,3,99999,03102,新磯野スポーツ広場（運動広場）,新磯野2146-4,3,-99,9999
139.402662,35.518499,14153,3,99999,03103,新磯野スポーツ広場（運動広場）,新磯野2146-4,3,-99,9999
139.449903,35.518777,14153,3,99999,03102,深堀中央公園スポーツ広場（運動広場）,上鶴間3-21,3,-99,9999
139.449909,35.518694,14153,3,99999,03103,深堀中央公園スポーツ広場（運動広場）,上鶴間3-21,3,-99,9999
139.382193,35.541358,14153,3,99999,03102,下溝古山公園スポーツ広場（運動広場）,下溝2348-1,3,-99,9999
139.382193,35.541271,14153,3,99999,03103,下溝古山公園スポーツ広場（運動広場）,下溝2348-1,3,-99,9999
139.369512,35.52009,14153,3,99999,03102,昭和橋スポーツ広場（運動広場）,当麻3539先,3,-99,9999
139.372637,35.51921,14153,3,99999,03103,昭和橋スポーツ広場（運動広場）,当麻3539先,3,-99,9999
139.427763,35.549151,14153,3,99999,03106,古淵鵜野森公園屋外水泳プール（屋外水泳プール）,鵜野森1-25-1,4,-99,9999
139.428007,35.549547,14153,3,99999,03104,古淵鵜野森公園屋外水泳プール,鵜野森1-25-1,4,-99,9999
139.427419,35.548902,14153,3,99999,03109,磯野台体育施設（体育館）,鵜野森1-25-1,3,-99,9999
139.635175,35.179125,14210,3,99999,03115,飯盛調整池公園テニスコート（庭球場）,初声町下宮田602,4,-99,9999
139.637441,35.174195,14210,3,99999,03104,三浦スポーツ公園,初声町下宮田字飯森391,4,3,9999
139.637189,35.175712,14210,3,99999,03102,三浦スポーツ公園,初声町下宮田字飯森391,4,3,9999
139.637931,35.176897,14210,3,99999,03115,三浦スポーツ公園,初声町下宮田字飯森391,4,3,9999
139.628245,35.187515,14210,3,99999,03109,三浦市総合体育館,初声町入江169,4,2,9999
139.628245,35.187462,14210,3,99999,03120,三浦市総合体育館,初声町入江169,4,2,9999
139.628239,35.187399,14210,3,99999,03132,三浦市総合体育館,初声町入江169,4,2,9999
139.628233,35.187345,14210,3,99999,03129,三浦市総合体育館,初声町入江169,4,2,9999
139.628233,35.187287,14210,3,99999,03111,三浦市総合体育館,初声町入江169,4,2,9999
139.628233,35.187234,14210,3,99999,03110,三浦市総合体育館,初声町入江169,4,2,9999
139.628233,35.18718,14210,3,99999,03113,三浦市総合体育館,初声町入江169,4,2,9999
139.617999,35.191728,14210,3,99999,03142,三浦ふれあいの村（キャンプ場）,初声町和田3136,4,-99,9999
139.626886,35.190202,14201,3,99999,03143,関東ふれあいの道／荒崎・潮騒のみち（ハイキングコース）,長井1-1,3,-99,9999
139.618088,35.141304,14210,3,99999,03143,関東ふれあいの道／油壺・入江のみち（ハイキングコース）,三崎4,3,-99,9999
139.668794,35.152029,14210,3,99999,03143,関東ふれあいの道／三浦・岩礁のみち（ハイキングコース）,南下浦町松輪,3,-99,9999
139.617399,35.190368,14210,3,99999,03104,三浦ふれあいの村（運動広場）,初声町和田3136,4,-99,9999
139.203622,35.37925,14211,3,99999,03102,中央運動公園,平沢148,3,-99,9999
139.201346,35.381222,14211,3,99999,03115,中央運動公園,平沢148,3,-99,9999
139.199421,35.381842,14211,3,99999,03101,中央運動公園,平沢148,3,-99,9999
139.201916,35.379977,14211,3,99999,03106,中央運動公園,平沢148,3,-99,9999
139.199956,35.379781,14211,3,99999,03109,総合体育館,平沢101-1,3,2,9999
139.199956,35.379728,14211,3,99999,03120,総合体育館,平沢101-1,3,2,9999
139.199956,35.379675,14211,3,99999,03111,総合体育館,平沢101-1,3,2,9999
139.199956,35.379617,14211,3,99999,03113,総合体育館,平沢101-1,3,2,9999
139.199095,35.379815,14211,3,99999,03121,総合体育館,平沢101-1,3,2,9999
139.199956,35.379554,14211,3,99999,03129,総合体育館,平沢101-1,3,2,9999
139.279903,35.374014,14211,3,99999,03105,おおね公園,鶴巻940,3,-99,9999
139.279903,35.373942,14211,3,99999,03129,おおね公園,鶴巻940,3,-99,9999
139.282042,35.3751,14211,3,99999,03115,おおね公園,鶴巻940,3,-99,9999
139.281269,35.374189,14211,3,99999,03104,おおね公園,鶴巻940,3,-99,9999
139.281561,35.373438,14211,3,99999,03127,おおね公園,鶴巻940,3,-99,9999
139.281977,35.373569,14211,3,99999,03138,おおね公園,鶴巻940,3,-99,9999
139.278726,35.373859,14211,3,99999,03146,おおね公園,鶴巻940,3,-99,9999
139.281275,35.374126,14211,3,99999,03103,おおね公園,鶴巻940,3,-99,9999
139.225097,35.359274,14211,3,99999,03115,立野緑地庭球場（庭球場）,南が丘1-2-1,4,-99,9999
139.242316,35.364838,14211,3,99999,03115,なでしこ運動広場,上大槻190,4,-99,9999
139.241597,35.365768,14211,3,99999,03104,なでしこ運動広場,上大槻190,4,-99,9999
139.240313,35.366199,14211,3,99999,03138,なでしこ運動広場,上大槻190,4,-99,9999
139.173505,35.402078,14211,3,99999,03102,秦野戸川公園（野球場）,堀山下1513,4,-99,9999
139.172673,35.403265,14211,3,99999,03104,秦野戸川公園（野球場）,堀山下1513,4,-99,9999
139.175674,35.40062,14211,3,99999,03138,秦野戸川公園（野球場）,堀山下1513,4,-99,9999
139.172679,35.403202,14211,3,99999,03103,秦野戸川公園（野球場）,堀山下1513,4,-99,9999
139.17388,35.406006,14211,3,99999,03128,山岳スポーツセンター（山の家）,戸川1392,4,2,9999
139.273033,35.376994,14211,3,99999,03129,秦野市立サンライフ鶴巻（トレーニングルーム）,鶴巻1768-1,3,2,9999
139.273033,35.376941,14211,3,99999,03109,秦野市立サンライフ鶴巻（トレーニングルーム）,鶴巻1768-1,3,2,9999
139.273033,35.376878,14211,3,99999,03120,秦野市立サンライフ鶴巻（トレーニングルーム）,鶴巻1768-1,3,2,9999
139.190079,35.41596,14211,3,99999,03142,秦野市表丹沢野外活動センター（キャンプ場）,菩提2046-5,3,-99,9999
139.226106,35.370623,14211,3,99999,03143,水無川ハイキングコース（ハイキングコース）,大泰町1,3,-99,9999
139.184195,35.373836,14211,3,99999,03143,頭高山コース（ハイキングコース）,曲松1-1,3,-99,9999
139.177249,35.38729,14211,3,99999,03143,表丹沢県民の森・県立秦野戸川公園コース（ハイキングコース）,堀山下,3,-99,9999
139.245323,35.381064,14211,3,99999,03143,善波峠・高取山・田原ふるさと公園コース（ハイキングコース）,曽屋,3,-99,9999
139.226138,35.370682,14211,3,99999,03143,弘法山公園・吾妻山コース（ハイキングコース）,尾尻,3,-99,9999
139.226168,35.370735,14211,3,99999,03143,渋沢丘陵・震生湖コース（ハイキングコース）,尾尻,3,-99,9999
139.253772,35.358108,14211,3,99999,03143,関東ふれあいの道／弘法大師と丹沢へのみち（ハイキングコース）,下大槻,3,-99,9999
139.253796,35.358165,14211,3,99999,03143,関東ふれあいの道／弘法大師と桜のみち（ハイキングコース）,下大槻,2,-99,9999
139.190121,35.381951,14211,3,99999,03102,テクノスポーツ広場（運動広場）,堀山下88-17,3,-99,9999
139.190115,35.381888,14211,3,99999,03103,テクノスポーツ広場（運動広場）,堀山下88-17,3,-99,9999
139.190127,35.382019,14211,3,99999,03104,テクノスポーツ広場（運動広場）,堀山下88-17,3,-99,9999
139.230659,35.391403,14211,3,99999,03103,寺山スポーツ広場（運動広場）,寺山130,3,-99,9999
139.194001,35.36282,14211,3,99999,03102,栃窪スポーツ広場（運動広場）,栃窪589,3,-99,9999
139.193995,35.362772,14211,3,99999,03103,栃窪スポーツ広場（運動広場）,栃窪589,3,-99,9999
139.193989,35.362714,14211,3,99999,03104,栃窪スポーツ広場（運動広場）,栃窪589,3,-99,9999
139.231656,35.357226,14211,3,99999,03103,立野緑地スポーツ広場（運動広場）,南が丘5-2-17,4,-99,9999
139.233209,35.377328,14211,3,99999,03102,末広自由広場（運動広場）,末広町6-56,3,-99,9999
139.233203,35.37727,14211,3,99999,03103,末広自由広場（運動広場）,末広町6-56,3,-99,9999
139.233197,35.377207,14211,3,99999,03104,末広自由広場（運動広場）,末広町6-56,3,-99,9999
139.190007,35.416565,14211,3,99999,03104,秦野市表丹沢野外活動センター（運動広場）,菩提2046-5,3,-99,9999
139.231012,35.352884,14211,3,99999,03102,南が丘公園（運動広場）,南が丘3-5外,3,-99,9999
139.231007,35.352836,14211,3,99999,03104,南が丘公園（運動広場）,南が丘3-5外,3,-99,9999
139.322173,35.480873,14212,3,99999,03101,荻野運動公園,中荻野1500,4,-99,9999
139.322595,35.482237,14212,3,99999,03115,荻野運動公園,中荻野1500,4,-99,9999
139.32086,35.482184,14212,3,99999,03109,荻野運動公園,中荻野1500,4,-99,9999
139.320866,35.482126,14212,3,99999,03120,荻野運動公園,中荻野1500,4,-99,9999
139.320866,35.482073,14212,3,99999,03132,荻野運動公園,中荻野1500,4,-99,9999
139.320872,35.482014,14212,3,99999,03112,荻野運動公園,中荻野1500,4,-99,9999
139.320872,35.481966,14212,3,99999,03129,荻野運動公園,中荻野1500,4,-99,9999
139.320877,35.481913,14212,3,99999,03105,荻野運動公園,中荻野1500,4,-99,9999
139.320711,35.48111,14212,3,99999,03106,荻野運動公園,中荻野1500,4,-99,9999
139.321335,35.479484,14212,3,99999,03104,荻野運動公園,中荻野1500,4,-99,9999
139.320919,35.480853,14212,3,99999,03146,荻野運動公園,中荻野1500,4,-99,9999
139.313741,35.437572,14212,3,99999,03115,宝蔵山スポーツ広場テニスコート（庭球場）,小野2025-8,3,-99,9999
139.333767,35.43802,14212,3,99999,03115,市営南毛利スポーツセンター（庭球場）,温水西1-27-2,4,-99,9999
139.373533,35.507473,14212,3,99999,03115,猿ヶ島スポーツセンターテニスコート（庭球場）,猿ヶ島195-129,4,-99,9999
139.367482,35.449432,14212,3,99999,03115,市営厚木テニスコート（庭球場）,厚木2348-ロ,3,-99,9999
139.309566,35.442286,14212,3,99999,03115,若宮公園（庭球場）,森の里1-39,4,-99,9999
139.369994,35.443968,14212,3,99999,03109,東町スポーツセンター,東町2-1,4,-99,9999
139.369988,35.443915,14212,3,99999,03121,東町スポーツセンター,東町2-1,4,-99,9999
139.369988,35.443871,14212,3,99999,03129,東町スポーツセンター,東町2-1,4,-99,9999
139.369988,35.443828,14212,3,99999,03120,東町スポーツセンター,東町2-1,4,-99,9999
139.369988,35.443774,14212,3,99999,03110,東町スポーツセンター,東町2-1,4,-99,9999
139.369988,35.443726,14212,3,99999,03111,東町スポーツセンター,東町2-1,4,-99,9999
139.317541,35.472694,14212,3,99999,03102,飯山スポーツ広場（野球場）,飯山4569,3,-99,9999
139.366883,35.449756,14212,3,99999,03102,市営厚木野球場,厚木2325,3,-99,1966
139.323546,35.430474,14212,3,99999,03102,市営玉川野球場,小野286-6,3,-99,9999
139.353182,35.402359,14212,3,99999,03104,長沼公園グラウンド,長沼244,3,-99,9999
139.353182,35.402291,14212,3,99999,03102,長沼公園グラウンド,長沼244,3,-99,9999
139.353182,35.402214,14212,3,99999,03103,長沼公園グラウンド,長沼244,3,-99,9999
139.329732,35.490296,14212,3,99999,03104,鳶尾中央公園グラウンド,鳶尾2-11,3,-99,9999
139.329738,35.490238,14212,3,99999,03102,鳶尾中央公園グラウンド,鳶尾2-11,3,-99,9999
139.329732,35.490185,14212,3,99999,03103,鳶尾中央公園グラウンド,鳶尾2-11,3,-99,9999
139.368189,35.441869,14212,3,99999,03129,総合福祉センター（トレーニング場）,中町1-4-1,4,6,9999
139.347318,35.466809,14212,3,99999,03102,及川球技場（球技場）,及川1-17-1,4,-99,9999
139.347312,35.466746,14212,3,99999,03103,及川球技場（球技場）,及川1-17-1,4,-99,9999
139.347306,35.466683,14212,3,99999,03104,及川球技場（球技場）,及川1-17-1,4,-99,9999
139.36628,35.45833,14212,3,99999,03138,金田ゲートボール場（ゲートボール場）,金田860,3,-99,9999
139.269223,35.444164,14212,3,99999,03142,七沢弁天の森キャンプ場（キャンプ場）,七沢2891,3,-99,9999
139.311276,35.472434,14212,3,99999,03143,猪久保ハイキングコース（ハイキングコース）,飯山,3,-99,9999
139.294715,35.451231,14212,3,99999,03143,見城ハイキングコース（ハイキングコース）,七沢,3,-99,9999
139.327248,35.491409,14212,3,99999,03143,鳶尾山ハイキングコース（ハイキングコース）,鳶尾,3,-99,9999
139.294722,35.451171,14212,3,99999,03143,日向薬師ハイキングコース（ハイキングコース）,七沢,3,-99,9999
139.294728,35.451118,14212,3,99999,03143,鐘ケ嶽ハイキングコース（ハイキングコース）,七沢,3,-99,9999
139.324341,35.44425,14212,3,99999,03143,高松山ハイキングコース（ハイキングコース）,愛名～小野,3,-99,9999
139.295595,35.448308,14212,3,99999,03143,白山順礼峠ハイキングコース（ハイキングコース）,七沢～飯山,3,-99,9999
139.309356,35.475299,14212,3,99999,03143,白山ハイキングコース（ハイキングコース）,飯山,3,-99,9999
139.29852,35.471602,14212,3,99999,03143,飯山白山森林公園（ハイキングコース）,飯山,3,-99,9999
139.309335,35.469791,14212,3,99999,03101,飯山グラウンド（運動広場）,飯山3981,3,-99,9999
139.308569,35.469394,14212,3,99999,03103,飯山グラウンド（運動広場）,飯山3981,3,-99,9999
139.308575,35.469331,14212,3,99999,03102,飯山グラウンド（運動広場）,飯山3981,3,-99,9999
139.33488,35.438713,14212,3,99999,03109,市営南毛利スポーツセンター,温水西1-27-1,4,-99,9999
139.335058,35.437585,14212,3,99999,03102,市営南毛利スポーツセンター,温水西1-27-1,4,-99,9999
139.335058,35.437507,14212,3,99999,03103,市営南毛利スポーツセンター,温水西1-27-1,4,-99,9999
139.33488,35.438645,14212,3,99999,03120,市営南毛利スポーツセンター,温水西1-27-1,4,-99,9999
139.33488,35.438587,14212,3,99999,03116,市営南毛利スポーツセンター,温水西1-27-1,4,-99,9999
139.33488,35.438529,14212,3,99999,03132,市営南毛利スポーツセンター,温水西1-27-1,4,-99,9999
139.33488,35.438466,14212,3,99999,03113,市営南毛利スポーツセンター,温水西1-27-1,4,-99,9999
139.334987,35.438456,14212,3,99999,03111,市営南毛利スポーツセンター,温水西1-27-1,4,-99,9999
139.334993,35.438398,14212,3,99999,03112,市営南毛利スポーツセンター,温水西1-27-1,4,-99,9999
139.369115,35.403558,14212,3,99999,03104,戸沢橋スポーツ広場（運動広場）,戸田地先,3,-99,9999
139.354466,35.486812,14212,3,99999,03104,中津川スポーツ広場（運動広場）,関口地先,3,-99,9999
139.352749,35.488161,14212,3,99999,03102,中津川スポーツ広場（運動広場）,関口地先,3,-99,9999
139.354466,35.486749,14212,3,99999,03103,中津川スポーツ広場（運動広場）,関口地先,3,-99,9999
139.353484,35.48547,14212,3,99999,03104,中三田スポーツ広場（運動広場）,三田3445,3,-99,9999
139.352402,35.485997,14212,3,99999,03102,中三田スポーツ広場（運動広場）,三田3445,3,-99,9999
139.35431,35.484904,14212,3,99999,03103,中三田スポーツ広場（運動広場）,三田3445,3,-99,9999
139.366624,35.412597,14212,3,99999,03104,酒井スポーツ広場,酒井地先,3,-99,9999
139.366559,35.410853,14212,3,99999,03102,酒井スポーツ広場,酒井地先,3,-99,9999
139.367058,35.414587,14212,3,99999,03103,酒井スポーツ広場,酒井地先,3,-99,9999
139.36726,35.415284,14212,3,99999,03115,酒井スポーツ広場,酒井地先,3,-99,9999
139.371803,35.43579,14212,3,99999,03104,旭町スポーツ広場（運動広場）,厚木3014-2,3,-99,9999
139.371809,35.435717,14212,3,99999,03102,旭町スポーツ広場（運動広場）,厚木3014-2,3,-99,9999
139.367821,35.449303,14212,3,99999,03138,厚木青少年広場（運動広場）,厚木2348,3,-99,9999
139.35145,35.515656,14212,3,99999,03104,上ノ原公園グラウンド（運動広場）,上依知3024,3,-99,9999
139.35145,35.515593,14212,3,99999,03102,上ノ原公園グラウンド（運動広場）,上依知3024,3,-99,9999
139.351456,35.51553,14212,3,99999,03103,上ノ原公園グラウンド（運動広場）,上依知3024,3,-99,9999
139.287809,35.460664,14212,3,99999,03128,七沢自然ふれあいセンター（研究研修施設）,七沢2440,3,-99,9999
139.37155,35.459557,14212,3,99999,03105,厚木市ふれあいプラザ,金田1156,4,-99,9999
139.371544,35.459494,14212,3,99999,03129,厚木市ふれあいプラザ,金田1156,4,-99,9999
139.368183,35.441932,14212,3,99999,03109,総合福祉センター,中町1-4-1,4,6,9999
139.366089,35.450251,14212,3,99999,03106,市営水泳プール（屋外プール）,厚木2289,3,-99,9999
139.346948,35.465545,14212,3,99999,03109,睦合西公民館（体育館）,及川667,3,-99,9999
139.346942,35.465496,14212,3,99999,03120,睦合西公民館（体育館）,及川667,3,-99,9999
139.372849,35.506351,14212,3,99999,03120,猿ヶ島スポーツセンター（体育館）,猿ヶ島195-129,4,-99,9999
139.372849,35.506302,14212,3,99999,03132,猿ヶ島スポーツセンター（体育館）,猿ヶ島195-129,4,-99,9999
139.372844,35.506254,14212,3,99999,03112,猿ヶ島スポーツセンター（体育館）,猿ヶ島195-129,4,-99,9999
139.372849,35.506196,14212,3,99999,03109,猿ヶ島スポーツセンター（体育館）,猿ヶ島195-129,4,-99,9999
139.366379,35.44105,14212,3,99999,03132,ヤングコミュニティセンター（体育館）,中町1-1-3,4,-99,9999
139.366373,35.440987,14212,3,99999,03120,ヤングコミュニティセンター（体育館）,中町1-1-3,4,-99,9999
139.366379,35.44092,14212,3,99999,03109,ヤングコミュニティセンター（体育館）,中町1-1-3,4,-99,9999
139.37258,35.46991,14212,3,99999,03120,依知南公民館（体育館）,下依知406-1,3,-99,9999
139.372575,35.469857,14212,3,99999,03109,依知南公民館（体育館）,下依知406-1,3,-99,9999
139.372575,35.469794,14212,3,99999,03132,依知南公民館（体育館）,下依知406-1,3,-99,9999
139.308579,35.445016,14212,3,99999,03120,森の里公民館（体育館）,森の里1-31-1,3,-99,9999
139.308579,35.444972,14212,3,99999,03109,森の里公民館（体育館）,森の里1-31-1,3,-99,9999
139.308579,35.444919,14212,3,99999,03132,森の里公民館（体育館）,森の里1-31-1,3,-99,9999
139.335471,35.438941,14212,3,99999,03120,南毛利公民館（体育館）,温水西1-17-1,3,-99,9999
139.335471,35.438888,14212,3,99999,03109,南毛利公民館（体育館）,温水西1-17-1,3,-99,9999
139.335465,35.43882,14212,3,99999,03132,南毛利公民館（体育館）,温水西1-17-1,3,-99,9999
139.302512,35.438518,14212,3,99999,03109,玉川公民館（体育館）,七沢175-6,3,-99,9999
139.302512,35.43846,14212,3,99999,03120,玉川公民館（体育館）,七沢175-6,3,-99,9999
139.302518,35.438402,14212,3,99999,03132,玉川公民館（体育館）,七沢175-6,3,-99,9999
139.342154,35.453989,14212,3,99999,03109,緑ヶ丘公民館（体育館）,緑ヶ丘2-2-1,3,2,9999
139.342154,35.453936,14212,3,99999,03132,緑ヶ丘公民館（体育館）,緑ヶ丘2-2-1,3,2,9999
139.322694,35.461185,14212,3,99999,03109,小鮎公民館（体育館）,飯山3526-2,3,-99,9999
139.3227,35.461127,14212,3,99999,03120,小鮎公民館（体育館）,飯山3526-2,3,-99,9999
139.358893,35.50764,14212,3,99999,03109,依知北公民館（体育館）,上依知1313-1,3,-99,9999
139.358887,35.507577,14212,3,99999,03120,依知北公民館（体育館）,上依知1313-1,3,-99,9999
139.358055,35.408673,14212,3,99999,03109,相川公民館（体育館）,下津古久703-2,3,-99,9999
139.358055,35.408615,14212,3,99999,03120,相川公民館（体育館）,下津古久703-2,3,-99,9999
139.304427,35.510304,14212,3,99999,03109,荻野公民館上荻野分館（体育館）,上荻野1925-1,3,-99,9999
139.304427,35.510255,14212,3,99999,03120,荻野公民館上荻野分館（体育館）,上荻野1925-1,3,-99,9999
139.350901,35.483793,14212,3,99999,03109,睦合北公民館（体育館）,三田2735-1,3,2,9999
139.350895,35.48373,14212,3,99999,03120,睦合北公民館（体育館）,三田2735-1,3,2,9999
139.285414,35.461342,14212,3,99999,03109,七沢自然ふれあいセンター（体育館）,七沢2440,3,-99,9999
139.478914,35.446556,14213,3,99999,03102,宮久保野球場,上和田1320-1,4,-99,9999
139.456329,35.510838,14213,3,99999,03102,つきみ野野球場,つきみ野5-6,4,-99,9999
139.460912,35.454862,14213,3,99999,03102,引地台野球場,柳橋4-5000-1,4,-99,9999
139.464866,35.491582,14213,3,99999,03102,深見歴史の森スポーツ広場（運動広場）,下鶴間2747-1,4,-99,9999
139.45087,35.435002,14213,3,99999,03104,ゆとりの森,福田字九ノ区4110他,4,-99,9999
139.451636,35.435535,14213,3,99999,03115,ゆとりの森,福田字九ノ区4110他,4,-99,9999
139.450234,35.435728,14213,3,99999,03138,ゆとりの森,福田字九ノ区4110他,4,-99,9999
139.451624,35.438972,14213,3,99999,03103,ゆとりの森,福田字九ノ区4110他,4,-99,9999
139.450887,35.434886,14213,3,99999,03102,ゆとりの森,福田字九ノ区4110他,4,-99,9999
139.449853,35.434818,14213,3,99999,03117,ゆとりの森,福田字九ノ区4110他,4,-99,9999
139.451618,35.438861,14213,3,99999,03103,ゆとりの森,福田字九ノ区4110他,4,-99,9999
139.478409,35.445332,14213,3,99999,03104,宮久保スポーツ広場（運動広場）,上和田2152-1,4,-99,9999
139.478403,35.445279,14213,3,99999,03102,宮久保スポーツ広場（運動広場）,上和田2152-1,4,-99,9999
139.478409,35.445221,14213,3,99999,03103,宮久保スポーツ広場（運動広場）,上和田2152-1,4,-99,9999
139.461177,35.455771,14213,3,99999,03146,ジョギングコース（ランニングコース）,柳橋4-5000（引地台公園内）,4,-99,9999
139.456544,35.458158,14213,3,99999,03147,やまと冒険の森（冒険遊具コース）,草柳3-19-14,4,-99,9999
139.458729,35.456812,14213,3,99999,03105,引地台温水プール（屋内プール）,柳橋4-5000（引地台公園内）,4,-99,9999
139.458735,35.456739,14213,3,99999,03107,引地台温水プール（屋内プール）,柳橋4-5000（引地台公園内）,4,-99,9999
139.462802,35.466497,14213,3,99999,03120,大和市青少年センター（体育室）,中央1-5-14,3,-99,9999
139.462802,35.466439,14213,3,99999,03111,大和市青少年センター（体育室）,中央1-5-14,3,-99,9999
139.462808,35.466371,14213,3,99999,03109,大和市青少年センター（体育室）,中央1-5-14,3,-99,9999
139.306237,35.422339,14214,3,99999,03109,伊勢原市体育館,西富岡320,4,2,9999
139.306237,35.4223,14214,3,99999,03120,伊勢原市体育館,西富岡320,4,2,9999
139.306237,35.422252,14214,3,99999,03110,伊勢原市体育館,西富岡320,4,2,9999
139.306243,35.422204,14214,3,99999,03111,伊勢原市体育館,西富岡320,4,2,9999
139.306243,35.42216,14214,3,99999,03112,伊勢原市体育館,西富岡320,4,2,9999
139.306243,35.422116,14214,3,99999,03129,伊勢原市体育館,西富岡320,4,2,9999
139.313706,35.421866,14214,3,99999,03115,東富岡公園（庭球場）,東富岡998-5,4,-99,9999
139.297032,35.395645,14214,3,99999,03115,市ノ坪公園,鈴川8,4,-99,9999
139.297502,35.39594,14214,3,99999,03102,市ノ坪公園,鈴川8,4,-99,9999
139.297496,35.395882,14214,3,99999,03103,市ノ坪公園,鈴川8,4,-99,9999
139.29749,35.395829,14214,3,99999,03138,市ノ坪公園,鈴川8,4,-99,9999
139.29673,35.392729,14214,3,99999,03115,鈴川公園,鈴川33,4,-99,9999
139.296166,35.392254,14214,3,99999,03102,鈴川公園,鈴川33,4,-99,9999
139.297253,35.392099,14214,3,99999,03106,鈴川公園,鈴川33,4,-99,9999
139.314362,35.402422,14214,3,99999,03109,伊勢原市青少年センター,田中316-1,3,1,9999
139.314558,35.402402,14214,3,99999,03121,伊勢原市青少年センター,田中316-1,3,1,9999
139.306659,35.420935,14214,3,99999,03102,伊勢原球場（いせはらさんしゃいん・スタジアム）,西富岡320,4,-99,9999
139.284479,35.421607,14214,3,99999,03133,伊勢原射撃場（射撃場）,上粕屋2380,4,-99,9999
139.288673,35.394812,14214,3,99999,03143,聖峰・善波コース（ハイキングコース）,神戸,4,-99,9999
139.249208,35.424305,14214,3,99999,03143,日向周遊コース（ハイキングコース）,日向,4,-99,9999
139.249166,35.424239,14214,3,99999,03143,大山・日向コース（ハイキングコース）,大山,4,-99,9999
139.261433,35.418073,14214,3,99999,03143,大山桜周遊コース（ハイキングコース）,大山,4,-99,9999
139.249127,35.424181,14214,3,99999,03143,大山山頂周遊コース（ハイキングコース）,大山,4,-99,9999
139.228458,35.415749,14211,3,99999,03143,関東ふれあいの道／大山参り蓑毛のみち（ハイキングコース）,蓑毛,2,-99,9999
139.277242,35.435694,14214,3,99999,03143,関東ふれあいの道／順礼峠のみち（ハイキングコース）,日向1644,2,-99,9999
139.273362,35.389658,14214,3,99999,03143,関東ふれあいの道／太田道灌・日向薬師のみち（ハイキングコース）,大住台1-12,2,-99,9999
139.336923,35.39186,14214,3,99999,03104,大田すこやかスポーツ広場（運動広場）,下谷字筒川,3,-99,9999
139.294936,35.3868,14214,3,99999,03104,こどもスポーツ広場（運動広場）,神戸120,3,-99,9999
139.304924,35.421041,14214,3,99999,03104,総合運動公園,西富岡320,4,-99,9999
139.30493,35.420983,14214,3,99999,03103,総合運動公園,西富岡320,4,-99,9999
139.30493,35.420925,14214,3,99999,03102,総合運動公園,西富岡320,4,-99,9999
139.305506,35.421584,14214,3,99999,03146,総合運動公園,西富岡320,4,-99,9999
139.307313,35.399563,14214,3,99999,03110,武道館,伊勢原3-17-30,4,2,9999
139.307313,35.3995,14214,3,99999,03111,武道館,伊勢原3-17-30,4,2,9999
139.377986,35.43209,14215,3,99999,03109,海老名運動公園,社家4032-1,4,-99,9999
139.377992,35.432027,14215,3,99999,03120,海老名運動公園,社家4032-1,4,-99,9999
139.377997,35.431964,14215,3,99999,03132,海老名運動公園,社家4032-1,4,-99,9999
139.378003,35.431906,14215,3,99999,03129,海老名運動公園,社家4032-1,4,-99,9999
139.378003,35.431848,14215,3,99999,03110,海老名運動公園,社家4032-1,4,-99,9999
139.378009,35.431795,14215,3,99999,03111,海老名運動公園,社家4032-1,4,-99,9999
139.378473,35.431872,14215,3,99999,03121,海老名運動公園,社家4032-1,4,-99,9999
139.37899,35.43117,14215,3,99999,03105,海老名運動公園,社家4032-1,4,-99,9999
139.377712,35.430061,14215,3,99999,03101,海老名運動公園,社家4032-1,4,-99,9999
139.377694,35.427466,14215,3,99999,03102,海老名運動公園,社家4032-1,4,-99,9999
139.379263,35.42996,14215,3,99999,03115,海老名運動公園,社家4032-1,4,-99,9999
139.377605,35.428715,14215,3,99999,03104,海老名運動公園,社家4032-1,4,-99,9999
139.377605,35.428662,14215,3,99999,03103,海老名運動公園,社家4032-1,4,-99,9999
139.377748,35.431368,14215,3,99999,03147,海老名運動公園,社家4032-1,4,-99,9999
139.410023,35.465956,14215,3,99999,03115,北部公園庭球場（庭球場）,上今泉6-14-1,4,-99,9999
139.386598,35.430821,14215,3,99999,03115,今里庭球場（庭球場）,今里3-3-35,4,-99,9999
139.387917,35.464638,14215,3,99999,03115,下今泉庭球場（庭球場）,下今泉2-2-1,4,-99,9999
139.38192,35.462856,14215,3,99999,03102,相模三川公園,上郷2-1-1,4,-99,9999
139.380803,35.460078,14215,3,99999,03104,相模三川公園,上郷2-1-1,4,-99,9999
139.380815,35.459952,14215,3,99999,03103,相模三川公園,上郷2-1-1,4,-99,9999
139.381552,35.461278,14215,3,99999,03102,相模三川公園,上郷2-1-1,4,-99,9999
139.403996,35.403937,14215,3,99999,03105,高座施設組合屋内温水プール,本郷20-1,4,2,9999
139.403984,35.403869,14215,3,99999,03107,高座施設組合屋内温水プール,本郷20-1,4,2,9999
139.403966,35.403801,14215,3,99999,03129,高座施設組合屋内温水プール,本郷20-1,4,2,9999
139.409649,35.465666,14215,3,99999,03109,北部公園体育館,上今泉6-14-1,4,-99,9999
139.409643,35.465598,14215,3,99999,03132,北部公園体育館,上今泉6-14-1,4,-99,9999
139.409637,35.465545,14215,3,99999,03129,北部公園体育館,上今泉6-14-1,4,-99,9999
139.409637,35.465492,14215,3,99999,03105,北部公園体育館,上今泉6-14-1,4,-99,9999
139.370799,35.411913,14215,3,99999,03103,中野多目的広場（運動広場）,中野2314-1,4,-99,9999
139.382101,35.442725,14215,3,99999,03109,中新田コミュニティーセンター（体育館）,中新田2-16-14,3,-99,1990
139.382101,35.442677,14215,3,99999,03120,中新田コミュニティーセンター（体育館）,中新田2-16-14,3,-99,1990
139.385823,35.462822,14215,3,99999,03109,下今泉コミュニティーセンター（体育館）,下今泉1-17-55,3,2,1997
139.385823,35.462769,14215,3,99999,03120,下今泉コミュニティーセンター（体育館）,下今泉1-17-55,3,2,1997
139.384859,35.423967,14215,3,99999,03109,社家コミュニティーセンター（体育館）,社家962,3,-99,1996
139.384859,35.423904,14215,3,99999,03120,社家コミュニティーセンター（体育館）,社家962,3,-99,1996
139.395491,35.413423,14215,3,99999,03109,本郷コミュニティーセンター（体育館）,本郷4626-1,3,2,1995
139.395488,35.413382,14215,3,99999,03120,本郷コミュニティーセンター（体育館）,本郷4626-1,3,2,1995
139.380247,35.407984,14215,3,99999,03109,門沢橋コミュニティーセンター（体育館）,門沢橋1-20-41,3,2,1995
139.380247,35.407935,14215,3,99999,03120,門沢橋コミュニティーセンター（体育館）,門沢橋1-20-41,3,2,1995
139.397496,35.426785,14215,3,99999,03109,杉久保コミュニティーセンター（体育館）,杉久保北2-18-15,3,2,1994
139.39749,35.426727,14215,3,99999,03120,杉久保コミュニティーセンター（体育館）,杉久保北2-18-15,3,2,1994
139.403086,35.452704,14215,3,99999,03109,国分コミュニティーセンター（体育館）,国分南4-14-1,3,3,1993
139.403086,35.452655,14215,3,99999,03120,国分コミュニティーセンター（体育館）,国分南4-14-1,3,3,1993
139.40308,35.452592,14215,3,99999,03132,国分コミュニティーセンター（体育館）,国分南4-14-1,3,3,1993
139.405224,35.46659,14215,3,99999,03109,上今泉コミュニティーセンター（体育館）,上今泉1-5-32,3,2,1991
139.405224,35.466528,14215,3,99999,03120,上今泉コミュニティーセンター（体育館）,上今泉1-5-32,3,2,1991
139.397958,35.433107,14215,3,99999,03109,大谷コミュニティーセンター（体育館）,大谷南4-21-1,3,2,1988
139.397958,35.433039,14215,3,99999,03120,大谷コミュニティーセンター（体育館）,大谷南4-21-1,3,2,1988
139.424831,35.468888,14215,3,99999,03109,柏ヶ谷コミュニティーセンター（体育館）,東柏ヶ谷2-14-12,3,3,1986
139.424831,35.46882,14215,3,99999,03120,柏ヶ谷コミュニティーセンター（体育館）,東柏ヶ谷2-14-12,3,3,1986
139.403099,35.496359,14216,3,99999,03109,座間市民体育館,相武台1-5971,4,5,1994
139.403093,35.496292,14216,3,99999,03120,座間市民体育館,相武台1-5971,4,5,1994
139.403093,35.496234,14216,3,99999,03110,座間市民体育館,相武台1-5971,4,5,1994
139.403093,35.49618,14216,3,99999,03111,座間市民体育館,相武台1-5971,4,5,1994
139.403093,35.496132,14216,3,99999,03121,座間市民体育館,相武台1-5971,4,5,1994
139.403093,35.496079,14216,3,99999,03129,座間市民体育館,相武台1-5971,4,5,1994
139.413032,35.48965,14216,3,99999,03115,栗原遊水地テニスコート（庭球場）,栗原1702-3,3,-99,9999
139.405346,35.49014,14216,3,99999,03115,ひまわり公園テニスコート（庭球場）,入谷3-6000,3,-99,9999
139.412669,35.491425,14216,3,99999,03102,栗原遊水地スポーツ広場（野球場）,栗原1702-3,3,-99,9999
139.380316,35.47758,14216,3,99999,03102,新田宿グラウンド（野球場）,新田宿2178,3,-99,9999
139.430063,35.503167,14216,3,99999,03102,座間市民球場（野球場）,相模が丘6-36-24,3,-99,9999
139.384764,35.473171,14216,3,99999,03104,ニュースポーツ多目的広場（運動広場（ニュースポーツ広場））,四ツ谷1044-1,3,-99,9999
139.375071,35.491311,14216,3,99999,03102,相模川グラウンド（運動広場）,座間入谷4468,3,-99,9999
139.374803,35.490174,14216,3,99999,03103,相模川グラウンド（運動広場）,座間入谷4468,3,-99,9999
139.410751,35.471988,14216,3,99999,03106,中原プール（屋外プール）,西栗原2-14-1,3,-99,9999
139.394888,35.478914,14216,3,99999,03106,入谷プール（屋外プール）,入谷2-79,3,-99,9999
139.429529,35.489378,14216,3,99999,03106,旭プール（屋外プール）,ひばりが丘5-28-5,3,-99,9999
139.417048,35.507599,14216,3,99999,03106,相模が丘プール（屋外プール）,相模が丘2-1-9,3,-99,9999
139.417923,35.483804,14216,3,99999,03106,栗原プール（屋外プール）,栗原中央6-5-25,3,-99,9999
139.413986,35.497295,14216,3,99999,03106,相武台プール（屋外プール）,相武台4-1329-1,3,-99,9999
139.430271,35.484118,14216,3,99999,03106,ひばりが丘プール（屋外プール）,ひばりが丘4-4-3,3,-99,9999
139.387092,35.482154,14216,3,99999,03106,鳩川プール（屋外プール）,座間2-1184,3,-99,9999
139.425424,35.478381,14216,3,99999,03106,東原プール（屋外プール）,東原3-3-14,3,-99,9999
139.420104,35.503233,14216,3,99999,03106,広野プール（屋外プール）,広野台1-37-1,3,-99,9999
139.394525,35.491154,14216,3,99999,03106,座間公園プール（屋外プール）,座間3671,3,-99,9999
139.408927,35.485147,14216,3,99999,03106,立野台プール（屋外プール）,立野台1-1-2,3,-99,9999
139.409831,35.485237,14216,3,99999,03109,座間市立青少年センター（体育館）,立野台1-1-4,3,3,9999
139.409831,35.485179,14216,3,99999,03112,座間市立青少年センター（体育館）,立野台1-1-4,3,3,9999
139.098432,35.317712,14217,3,99999,03115,こどもセンター（庭球場）,広町519,3,-99,9999
139.126162,35.315974,14217,3,99999,03109,体育センター,和田河原1030,4,-99,9999
139.126162,35.315921,14217,3,99999,03120,体育センター,和田河原1030,4,-99,9999
139.126162,35.315872,14217,3,99999,03110,体育センター,和田河原1030,4,-99,9999
139.126162,35.315804,14217,3,99999,03111,体育センター,和田河原1030,4,-99,9999
139.126162,35.315746,14217,3,99999,03113,体育センター,和田河原1030,4,-99,9999
139.126156,35.315693,14217,3,99999,03132,体育センター,和田河原1030,4,-99,9999
139.126156,35.31563,14217,3,99999,03129,体育センター,和田河原1030,4,-99,9999
139.126554,35.315315,14217,3,99999,03115,体育センター,和田河原1030,4,-99,9999
139.125068,35.315538,14217,3,99999,03102,体育センター,和田河原1030,4,-99,9999
139.125068,35.31548,14217,3,99999,03103,体育センター,和田河原1030,4,-99,9999
139.127172,35.315523,14217,3,99999,03121,体育センター,和田河原1030,4,-99,9999
139.127,35.315931,14217,3,99999,03118,体育センター,和田河原1030,4,-99,9999
139.125068,35.315421,14217,3,99999,03101,体育センター,和田河原1030,4,-99,9999
139.126025,35.316217,14217,3,99999,03105,体育センター,和田河原1030,4,-99,9999
139.095164,35.342534,14217,3,99999,03115,運動公園,怒田1734,4,-99,9999
139.096703,35.342592,14217,3,99999,03102,運動公園,怒田1734,4,-99,9999
139.094071,35.34265,14217,3,99999,03103,運動公園,怒田1734,4,-99,9999
139.094077,35.342587,14217,3,99999,03104,運動公園,怒田1734,4,-99,9999
139.101348,35.323326,14217,3,99999,03115,関本公園（庭球場）,関本256,3,-99,9999
139.074118,35.307151,14217,3,99999,03142,足柄森林公園丸太の森（キャンプ場）,広町1544,4,-99,9999
139.078285,35.311618,14217,3,99999,03142,足柄ふれあいの村（キャンプ場）,広町1507,4,-99,9999
139.079901,35.312253,14217,3,99999,03120,足柄ふれあいの村,広町1507,4,-99,9999
139.079907,35.312195,14217,3,99999,03109,足柄ふれあいの村,広町1507,4,-99,9999
139.126642,35.301406,14217,3,99999,03143,矢佐芝コース（ハイキングコース）,塚原,3,-99,9999
139.031624,35.201072,14382,3,99999,03143,山伏平コース（ハイキングコース）,元箱根6,3,-99,9999
139.054781,35.329652,14217,3,99999,03143,矢倉岳コース（ハイキングコース）,矢倉沢,3,-99,9999
139.031571,35.201045,14382,3,99999,03143,浜居場城コース（ハイキングコース）,元箱根6,3,-99,9999
139.075575,35.302776,14217,3,99999,03143,明神ケ岳コース（ハイキングコース）,大雄町1157,3,-99,9999
139.031532,35.201029,14382,3,99999,03143,足柄峠金時山コース（ハイキングコース）,元箱根6,3,-99,9999
139.031476,35.201011,14382,3,99999,03143,金太郎コース（ハイキングコース）,元箱根6,3,-99,9999
139.03141,35.200997,14382,3,99999,03143,足柄峠コース（ハイキングコース）,元箱根6,3,-99,9999
139.031363,35.200982,14382,3,99999,03143,万葉コース（ハイキングコース）,元箱根6,3,-99,9999
139.074118,35.309243,14217,3,99999,03143,足柄森林公園丸太の森（ハイキングコース）,広町1544,4,-99,9999
139.05509,35.338422,14217,3,99999,03143,２１世紀の森（ハイキングコース）,内山2870-5,4,-99,9999
139.074089,35.309214,14217,3,99999,03145,足柄森林公園丸太の森（オリエンテーリングコース）,広町1544,4,-99,9999
139.103341,35.350081,14217,3,99999,03102,大口河川敷グラウンド（運動広場）,班目1548-1,4,-99,9999
139.103341,35.350008,14217,3,99999,03104,大口河川敷グラウンド（運動広場）,班目1548-1,4,-99,9999
139.09912,35.324693,14217,3,99999,03102,総合グラウンド（運動広場）,関本360,4,-99,9999
139.099114,35.324635,14217,3,99999,03104,総合グラウンド（運動広場）,関本360,4,-99,9999
139.09912,35.324577,14217,3,99999,03103,総合グラウンド（運動広場）,関本360,4,-99,9999
139.055146,35.328956,14217,3,99999,03104,北足柄地区青少年広場（運動広場）,矢倉沢749,3,-99,9999
139.116493,35.291651,14217,3,99999,03104,南部地区青少年広場（運動広場）,三竹16,3,-99,9999
139.121901,35.303463,14217,3,99999,03104,駒千代青少年広場（運動広場）,塚原2200,3,-99,9999
139.428018,35.444315,14218,3,99999,03101,市民スポーツセンター（陸上競技場）,深谷上3-6-1,4,-99,9999
139.427252,35.444697,14218,3,99999,03115,市民スポーツセンター,深谷上3-6-1,4,-99,9999
139.427329,35.444286,14218,3,99999,03138,市民スポーツセンター,深谷上3-6-1,4,-99,9999
139.448869,35.437907,14218,3,99999,03115,綾瀬スポーツ公園テニスコート（庭球場）,本蓼川345,4,-99,9999
139.44646,35.435331,14218,3,99999,03115,本蓼川第２テニスコート（庭球場）,本蓼川284,4,-99,9999
139.44463,35.430568,14218,3,99999,03115,浄水管理センター多目的広場（庭球場）,深谷南5-13-1,3,-99,9999
139.41427,35.431621,14218,3,99999,03115,綾西公園,綾西2-1800-124,3,-99,9999
139.414793,35.43181,14218,3,99999,03102,綾西公園,綾西2-1800-124,3,-99,9999
139.449041,35.437322,14218,3,99999,03102,綾瀬スポーツ公園ソフトボール場,本蓼川345,4,-99,9999
139.448465,35.436232,14218,3,99999,03102,綾瀬スポーツ公園第２野球場,本蓼川345,4,-99,9999
139.448281,35.434896,14218,3,99999,03102,綾瀬スポーツ公園第１野球場,本蓼川345,4,-99,9999
139.431895,35.447657,14218,3,99999,03102,光綾公園野球場,深谷上4-5234,4,-99,9999
139.428048,35.443317,14218,3,99999,03109,市民スポーツセンター,深谷上3-6-1,4,-99,9999
139.42806,35.443255,14218,3,99999,03120,市民スポーツセンター,深谷上3-6-1,4,-99,9999
139.42806,35.443201,14218,3,99999,03112,市民スポーツセンター,深谷上3-6-1,4,-99,9999
139.42806,35.443138,14218,3,99999,03132,市民スポーツセンター,深谷上3-6-1,4,-99,9999
139.428054,35.443071,14218,3,99999,03129,市民スポーツセンター,深谷上3-6-1,4,-99,9999
139.421722,35.442331,14218,3,99999,03103,早川城山多目的広場（運動広場）,早川城山4-3-1,4,-99,9999
139.421728,35.442263,14218,3,99999,03138,早川城山多目的広場（運動広場）,早川城山4-3-1,4,-99,9999
139.448661,35.439215,14218,3,99999,03104,綾瀬スポーツ公園第２多目的広場（運動広場）,本蓼川345,4,-99,9999
139.448655,35.439161,14218,3,99999,03103,綾瀬スポーツ公園第２多目的広場（運動広場）,本蓼川345,4,-99,9999
139.448655,35.438537,14218,3,99999,03104,綾瀬スポーツ公園第１多目的広場（運動広場）,本蓼川345,4,-99,9999
139.448661,35.438484,14218,3,99999,03103,綾瀬スポーツ公園第１多目的広場（運動広場）,本蓼川345,4,-99,9999
139.443738,35.466982,14218,3,99999,03104,蓼川スポーツ広場（運動広場）,蓼川3-1448,4,-99,9999
139.44375,35.46691,14218,3,99999,03103,蓼川スポーツ広場（運動広場）,蓼川3-1448,4,-99,9999
139.425075,35.461285,14218,3,99999,03102,風車公園多目的広場（運動広場）,大上2-555-9,3,-99,2006
139.425069,35.461227,14218,3,99999,03103,風車公園多目的広場（運動広場）,大上2-555-9,3,-99,2006
139.446316,35.415608,14218,3,99999,03109,綾瀬市立南部ふれあい会館（体育館）,上土棚南1-5-10,3,2,2006
139.446316,35.41556,14218,3,99999,03120,綾瀬市立南部ふれあい会館（体育館）,上土棚南1-5-10,3,2,2006
139.419729,35.459997,14218,3,99999,03109,綾瀬市立寺尾いずみ会館（体育館）,寺尾台3-6-25,3,2,9999
139.419729,35.459934,14218,3,99999,03120,綾瀬市立寺尾いずみ会館（体育館）,寺尾台3-6-25,3,2,9999
139.602496,35.28426,14301,3,99999,03115,南郷上ノ山公園,長柄1888-1,3,-99,9999
139.60161,35.285191,14301,3,99999,03101,南郷上ノ山公園,長柄1888-1,3,-99,9999
139.601604,35.285138,14301,3,99999,03104,南郷上ノ山公園,長柄1888-1,3,-99,9999
139.601604,35.28508,14301,3,99999,03103,南郷上ノ山公園,長柄1888-1,3,-99,9999
139.603024,35.285196,14301,3,99999,03102,南郷上ノ山公園,長柄1888-1,3,-99,9999
139.60161,35.285017,14301,3,99999,03138,南郷上ノ山公園,長柄1888-1,3,-99,9999
139.568157,35.283426,14301,3,99999,03140,葉山港（ヨット場）,堀内50,4,-99,9999
139.578937,35.277058,14301,3,99999,03143,仙元山ハイキングコース（ハイキングコース）,堀内地内,3,-99,9999
139.601765,35.284381,14301,3,99999,03147,南郷上ノ山公園（冒険遊具コース）,長柄1888-1,3,-99,9999
139.579917,35.255485,14301,3,99999,03148,長者ケ崎・大浜海水浴場（海水浴場）,下山口2049-2地先,3,-99,9999
139.575404,35.264926,14301,3,99999,03148,一色海水浴場（海水浴場）,一色2123地先,3,-99,9999
139.571245,35.275319,14301,3,99999,03148,森戸海水浴場（海水浴場）,堀内918地先,3,-99,9999
139.372348,35.351785,14321,3,99999,03102,田端スポーツ公園,田端2483-1,3,-99,9999
139.372354,35.352454,14321,3,99999,03101,田端スポーツ公園（陸上競技場）,田端2483-1,3,-99,9999
139.37236,35.352517,14321,3,99999,03103,田端スポーツ公園,田端2483-1,3,-99,9999
139.385531,35.375307,14321,3,99999,03109,寒川総合体育館,宮山275,4,-99,9999
139.385531,35.375249,14321,3,99999,03120,寒川総合体育館,宮山275,4,-99,9999
139.385525,35.37519,14321,3,99999,03112,寒川総合体育館,宮山275,4,-99,9999
139.385519,35.375127,14321,3,99999,03121,寒川総合体育館,宮山275,4,-99,9999
139.385513,35.375064,14321,3,99999,03129,寒川総合体育館,宮山275,4,-99,9999
139.385507,35.375001,14321,3,99999,03132,寒川総合体育館,宮山275,4,-99,9999
139.380233,35.373297,14321,3,99999,03115,さむかわ庭球場（庭球場）,宮山4014,3,-99,9999
139.376457,35.396143,14321,3,99999,03102,倉見スポーツ公園（野球場）,倉見249-1,3,-99,9999
139.373288,35.3739,14321,3,99999,03102,川とのふれあい公園（野球場）,宮山4331-1外及び一之宮3003-1外,3,-99,9999
139.374803,35.376768,14321,3,99999,03103,川とのふれあい公園（球技場）,宮山4331-1外及び一之宮3003-1外,3,-99,9999
139.402286,35.374104,14321,3,99999,03104,青少年広場（運動広場・多目的広場）,大蔵344,3,-99,9999
139.402292,35.374037,14321,3,99999,03103,青少年広場（運動広場・多目的広場）,大蔵344,3,-99,9999
139.374055,35.3753,14321,3,99999,03104,川とのふれあい公園（運動広場）,宮山4331-1外及び一之宮3003-1外,3,-99,9999
139.380252,35.372427,14321,3,99999,03106,町営プール（屋外プール）（休止中）,宮山4007,4,-99,9999
139.380299,35.372039,14321,3,99999,03107,町営プール（屋外プール）（休止中）,宮山4007,4,-99,9999
139.387479,35.389206,14321,3,99999,03109,北部文化福祉会館（体育館）,宮山2820-1,3,2,1982
139.387479,35.389152,14321,3,99999,03132,北部文化福祉会館（体育館）,宮山2820-1,3,2,1982
139.383107,35.363501,14321,3,99999,03109,南部文化福祉会館（体育館）,一之宮8-5-20,3,2,1983
139.383107,35.363448,14321,3,99999,03132,南部文化福祉会館（体育館）,一之宮8-5-20,3,2,1983
139.315486,35.308965,14341,3,99999,03110,武道館（柔剣道場）,大磯1075,3,-99,9999
139.315486,35.308914,14341,3,99999,03111,武道館（柔剣道場）,大磯1075,3,-99,9999
139.290766,35.312672,14341,3,99999,03115,大磯運動公園テニスコート（庭球場）,国府本郷2126-1（管理棟),4,-99,9999
139.291425,35.313894,14341,3,99999,03102,大磯運動公園野球場,国府本郷2126-1（管理棟),4,-99,9999
139.272308,35.316026,14341,3,99999,03138,岩田孝八記念室内競技場（ゲートボール場）,虫窪7,3,-99,9999
139.286822,35.303212,14341,3,99999,03138,川尻広場（ゲートボール場）,国府本郷地内,3,-99,9999
139.277487,35.310124,14341,3,99999,03143,関東ふれあいの道／鷹取山・里のみち（ハイキングコース）,月京,2,-99,9999
139.291716,35.312566,14341,3,99999,03104,大磯運動公園多目的広場（運動広場）,国府本郷2126-1（管理棟),4,-99,9999
139.291716,35.312498,14341,3,99999,03103,大磯運動公園多目的広場（運動広場）,国府本郷2126-1（管理棟),4,-99,9999
139.291027,35.312517,14341,3,99999,03146,大磯運動公園ランニングコース（運動広場）,国府本郷2126-1（管理棟),4,-99,9999
139.31997,35.309621,14341,3,99999,03148,大磯海水浴場（海水浴場）,大磯1990先,3,-99,9999
139.315997,35.305999,14341,3,99999,03106,照ケ崎プール（屋外プール）,大磯1398,3,-99,9999
139.258336,35.304081,14342,3,99999,03115,ラディアンテニスコート（庭球場）,二宮1240-10,3,-99,9999
139.249727,35.311501,14342,3,99999,03115,緑が丘テニスコート（庭球場）,緑が丘1-11-1,3,-99,9999
139.253314,35.314656,14342,3,99999,03105,町民温水プール,中里308,3,-99,9999
139.253314,35.314603,14342,3,99999,03129,町民温水プール,中里308,3,-99,9999
139.240874,35.299196,14342,3,99999,03102,町民運動場（運動広場）,山西2023-1,3,-99,9999
139.240874,35.299128,14342,3,99999,03103,町民運動場（運動広場）,山西2023-1,3,-99,9999
139.24088,35.299061,14342,3,99999,03138,町民運動場（運動広場）,山西2023-1,3,-99,9999
139.242182,35.29725,14342,3,99999,03106,山西プール（屋外プール）,山西2033-1,3,-99,9999
139.247187,35.293104,14342,3,99999,03129,体育館,山西218-10,3,-99,9999
139.247187,35.293036,14342,3,99999,03109,体育館,山西218-10,3,-99,9999
139.247187,35.292963,14342,3,99999,03120,体育館,山西218-10,3,-99,9999
139.218204,35.327158,14361,3,99999,03104,総合グラウンド,半分形100,3,-99,9999
139.217924,35.326436,14361,3,99999,03115,総合グラウンド,半分形100,3,-99,9999
139.218198,35.3271,14361,3,99999,03102,総合グラウンド,半分形100,3,-99,9999
139.218198,35.327042,14361,3,99999,03103,総合グラウンド,半分形100,3,-99,9999
139.219734,35.33899,14361,3,99999,03102,中井中央公園（野球場）,比奈窪580,4,-99,9999
139.217423,35.339552,14361,3,99999,03104,中井中央公園,比奈窪580,4,-99,9999
139.217429,35.339489,14361,3,99999,03102,中井中央公園,比奈窪580,4,-99,9999
139.217435,35.339426,14361,3,99999,03103,中井中央公園,比奈窪580,4,-99,9999
139.218511,35.338197,14361,3,99999,03143,パノラマハイキングコース（ハイキングコース）,比奈窪,3,-99,9999
139.218452,35.330717,14361,3,99999,03143,八幡コース（ハイキングコース）,比奈窪,3,-99,9999
139.232311,35.338555,14361,3,99999,03143,双籠コース（ハイキングコース）,井ノ口1843-1,3,-99,9999
139.232243,35.338531,14361,3,99999,03143,花籠コース（ハイキングコース）,井ノ口1843-1,3,-99,9999
139.225559,35.370013,14361,3,99999,03143,震生湖コース（ハイキングコース）,鏡1293,3,-99,9999
139.219157,35.330848,14361,3,99999,03143,仙元コース（ハイキングコース）,比奈窪107,3,-99,9999
139.219071,35.330853,14361,3,99999,03143,横穴コース（ハイキングコース）,比奈窪107,3,-99,9999
139.219068,35.330887,14361,3,99999,03143,不動山ハイキングコース（ハイキングコース）,比奈窪107,3,-99,9999
139.21011,35.352493,14361,3,99999,03143,さとやまコース（ハイキングコース）,鏡1293,3,-99,9999
139.21803,35.335642,14361,3,99999,03143,こゆるぎの丘コース（ハイキングコース）,比奈窪,3,-99,9999
139.218639,35.331133,14361,3,99999,03109,農村環境改善センター（体育館）,比奈窪56,3,2,9999
139.232201,35.338831,14361,3,99999,03109,井ノ口公民館（体育館）,井ノ口1843-1,3,-99,9999
139.232201,35.338783,14361,3,99999,03132,井ノ口公民館（体育館）,井ノ口1843-1,3,-99,9999
139.155455,35.326611,14362,3,99999,03120,大井町総合体育館,金子1970,3,3,9999
139.155461,35.326562,14362,3,99999,03110,大井町総合体育館,金子1970,3,3,9999
139.155461,35.326509,14362,3,99999,03111,大井町総合体育館,金子1970,3,3,9999
139.155461,35.326451,14362,3,99999,03129,大井町総合体育館,金子1970,3,3,9999
139.155455,35.326393,14362,3,99999,03109,大井町総合体育館,金子1970,3,3,9999
139.164616,35.33937,14362,3,99999,03115,山田総合グラウンド（庭球場）,山田2000-1,3,-99,9999
139.166404,35.339365,14362,3,99999,03104,山田総合グラウンド,山田2000-1,3,-99,9999
139.16341,35.322416,14362,3,99999,03143,酒匂川・足柄大橋コース（ハイキングコース）,上大井,3,-99,9999
139.15015,35.334064,14362,3,99999,03143,寺社めぐりコース（ハイキングコース）,金子,3,-99,9999
139.163427,35.322343,14362,3,99999,03143,富士見塚コース（ハイキングコース）,上大井,3,-99,9999
139.136919,35.405369,14363,3,99999,03115,寄テニスコート（庭球場）,寄休養村,4,-99,9999
139.137531,35.401426,14363,3,99999,03143,自然休養村遊歩道（ハイキングコース）,寄休養村,3,-99,9999
139.13541,35.388701,14363,3,99999,03143,宮地山ハイキングコース（ハイキングコース）,寄休養村,3,-99,9999
139.125986,35.367181,14363,3,99999,03143,最明寺史跡公園ハイキングコース（ハイキングコース）,寄休養村,3,-99,9999
139.137501,35.400566,14363,3,99999,03104,寄みやま運動広場（運動広場）,寄3111,4,-99,9999
139.140892,35.342568,14363,3,99999,03109,松田町体育館（体育館）,松田庶子1475,4,-99,9999
139.099732,35.351288,14364,3,99999,03115,ぐみの木近隣公園,岸地内,3,-99,9999
139.099114,35.351085,14364,3,99999,03104,ぐみの木近隣公園,岸地内,3,-99,9999
139.09912,35.351026,14364,3,99999,03102,ぐみの木近隣公園,岸地内,3,-99,9999
139.044164,35.401426,14364,3,99999,03115,ひだまりの里（庭球場）,神縄438,4,-99,9999
139.068774,35.414483,14364,3,99999,03115,玄倉テニスコート（庭球場）,玄倉494-2,3,-99,9999
139.04222,35.412911,14364,3,99999,03137,丹沢湖（漕艇場）,神尾田759-2,4,-99,9999
139.043511,35.402347,14364,3,99999,03142,ひだまりの里（キャンプ場）,神縄438,4,-99,9999
139.030527,35.3809,14364,3,99999,03142,河内川ふれあいビレッジ（キャンプ場）,湯触322-1,4,-99,9999
139.014758,35.409865,14364,3,99999,03142,世附キャンプセンター（キャンプ場）,世附945-1,4,-99,9999
139.038288,35.392675,14364,3,99999,03143,不老山ハイキングコース（ハイキングコース）,詳細住所不明,3,-99,9999
139.038054,35.366486,14364,3,99999,03143,大野山ハイキングコース（ハイキングコース）,詳細住所不明,3,-99,9999
139.106447,35.358927,14364,3,99999,03143,高松山ハイキングコース（ハイキングコース）,詳細住所不明,3,-99,9999
139.068652,35.416348,14364,3,99999,03143,ユーシン渓谷（ハイキングコース）,詳細住所不明,3,-99,9999
139.080548,35.360627,14364,3,99999,03143,洒水の滝・河村城址ハイキングコース（ハイキングコース）,山北,3,-99,9999
139.069743,35.357554,14364,3,99999,03101,山北町スポーツ広場（運動広場）,山北3139-1,3,-99,9999
139.069737,35.357491,14364,3,99999,03103,山北町スポーツ広場（運動広場）,山北3139-1,3,-99,9999
139.069743,35.357428,14364,3,99999,03102,山北町スポーツ広場（運動広場）,山北3139-1,3,-99,9999
139.079765,35.36046,14364,3,99999,03105,山北町健康福祉センター（屋内プール）,山北1971-2,3,-99,9999
139.082001,35.359894,14364,3,99999,03106,町営プール（屋外プール）,山北2041,3,-99,9999
139.076929,35.360538,14364,3,99999,03109,山北体育館（体育館）,山北2594,3,-99,9999
139.076929,35.360485,14364,3,99999,03120,山北体育館（体育館）,山北2594,3,-99,9999
139.126373,35.34379,14366,3,99999,03115,足柄上合同庁舎（庭球場）,吉田島2489-2,2,-99,9999
139.127193,35.343945,14366,3,99999,03102,足柄上合同庁舎,吉田島2489-2,2,-99,9999
139.127181,35.343892,14366,3,99999,03103,足柄上合同庁舎,吉田島2489-2,2,-99,9999
139.127187,35.343824,14366,3,99999,03101,足柄上合同庁舎,吉田島2489-2,2,-99,9999
139.13328,35.338636,14366,3,99999,03102,開成水辺スポーツ公園（野球場）,吉田島2710,4,-99,9999
139.13388,35.336561,14366,3,99999,03103,開成水辺スポーツ公園（球技場）,吉田島2710,4,-99,9999
139.113629,35.343021,14366,3,99999,03104,金井島緑陰自由運動広場（運動広場）,金井島1321,3,-99,9999
139.123306,35.336028,14366,3,99999,03106,町営プール（屋外プール）,延沢767,3,-99,9999
139.129022,35.324628,14366,3,99999,03109,南部コミュニティセンター（体育館）,牛島396-1,3,-99,9999
139.129028,35.324569,14366,3,99999,03120,南部コミュニティセンター（体育館）,牛島396-1,3,-99,9999
139.047959,35.253775,14382,3,99999,03115,箱根町営宮城野テニスコート（庭球場）,木賀1307,4,-99,9999
139.001522,35.265015,14382,3,99999,03115,箱根町営仙石原テニスコート（庭球場）,仙石原1246,4,-99,9999
139.050245,35.246193,14382,3,99999,03121,箱根町立弓道場（弓道場）,二ノ平1204-1,3,-99,9999
139.001128,35.242248,14382,3,99999,03109,箱根町総合体育館「レイクアリーナ箱根」,元箱根164-1,3,-99,9999
139.001128,35.24219,14382,3,99999,03120,箱根町総合体育館「レイクアリーナ箱根」,元箱根164-1,3,-99,9999
139.001122,35.242131,14382,3,99999,03111,箱根町総合体育館「レイクアリーナ箱根」,元箱根164-1,3,-99,9999
139.001116,35.242083,14382,3,99999,03129,箱根町総合体育館「レイクアリーナ箱根」,元箱根164-1,3,-99,9999
139.034748,35.246658,14382,3,99999,03143,早雲山・防ケ沢Ｃ（ハイキングコース）,詳細住所不明,3,-99,9999
139.024503,35.223357,14382,3,99999,03143,神山コース（ハイキングコース）,詳細住所不明,3,-99,9999
139.103371,35.233416,14382,3,99999,03143,屏風山コース（ハイキングコース）,詳細住所不明,3,-99,9999
139.052965,35.240347,14382,3,99999,03143,浅間山コース（ハイキングコース）,詳細住所不明,3,-99,9999
139.052044,35.251639,14382,3,99999,03143,明神・明星コース（ハイキングコース）,詳細住所不明,3,-99,9999
139.002518,35.278296,14382,3,99999,03143,金時山コース（ハイキングコース）,詳細住所不明,3,-99,9999
139.05022,35.22148,14382,3,99999,03143,湯坂路コース（ハイキングコース）,詳細住所不明,3,-99,9999
139.094236,35.2343,14382,3,99999,03143,塔ノ峰コース（ハイキングコース）,詳細住所不明,3,-99,9999
139.000446,35.2426,14382,3,99999,03145,箱根町総合体育館「レイクアリーナ箱根ＯＬコース」,元箱根地内仙石原地内,3,-99,9999
139.044519,35.256473,14382,3,99999,03105,箱根町総合保健福祉センター（さくら館）（屋内プール）,宮城野881-1,3,4,9999
139.049764,35.242147,14382,3,99999,03120,箱根町社会教育センター,小涌谷520,3,3,9999
139.144883,35.15321,14383,3,99999,03140,真鶴港（ヨット場）,真鶴21,3,-99,9999
139.132879,35.156492,14383,3,99999,03143,真鶴岬コース（ハイキングコース）,真鶴,3,-99,9999
139.140204,35.161731,14383,3,99999,03148,岩海水浴場（海水浴場）,岩957-1,3,-99,9999
139.130807,35.15784,14383,3,99999,03109,真鶴町立体育館（体育館）,真鶴1855-1,3,-99,9999
139.11281,35.142619,14384,3,99999,03115,湯河原海浜公園,門川11,4,-99,9999
139.11218,35.141662,14384,3,99999,03106,湯河原海浜公園,門川11,4,-99,9999
139.113024,35.142391,14384,3,99999,03107,湯河原海浜公園,門川11,4,-99,9999
139.120418,35.150351,14384,3,99999,03109,湯河原町ヘルシープラザ,吉浜863,4,-99,9999
139.120424,35.150302,14384,3,99999,03112,湯河原町ヘルシープラザ,吉浜863,4,-99,9999
139.120424,35.150259,14384,3,99999,03132,湯河原町ヘルシープラザ,吉浜863,4,-99,9999
139.120424,35.1502,14384,3,99999,03120,湯河原町ヘルシープラザ,吉浜863,4,-99,9999
139.12043,35.150152,14384,3,99999,03129,湯河原町ヘルシープラザ,吉浜863,4,-99,9999
139.108123,35.160349,14384,3,99999,03143,南郷山ハイキングコース（ハイキングコース）,南郷山,3,-99,9999
139.060425,35.159436,14384,3,99999,03143,天照山ハイキングコース（ハイキングコース）,天照山,3,-99,9999
139.108132,35.160298,14384,3,99999,03143,幕山ハイキングコース（ハイキングコース）,幕山,3,-99,9999
139.073817,35.16117,14384,3,99999,03143,城山ハイキングコース（ハイキングコース）,城山,3,-99,9999
139.120263,35.166887,14384,3,99999,03104,湯河原町総合運動公園（運動広場）,吉浜1987-8,3,-99,9999
139.120808,35.149802,14384,3,99999,03148,湯河原海水浴場（海水浴場）,吉浜,4,-99,9999
139.11052,35.149247,14384,3,99999,03109,湯河原町民体育館（体育館）,中央2-21-1,3,-99,2010
139.285507,35.525675,14401,3,99999,03102,田代運動公園,田代1700,3,-99,9999
139.286802,35.525317,14401,3,99999,03103,田代運動公園,田代1700,3,-99,9999
139.287123,35.52493,14401,3,99999,03106,田代運動公園,田代1700,3,-99,9999
139.342133,35.500626,14401,3,99999,03102,坂本運動場（野球場）,中津5166,3,-99,9999
139.29102,35.535183,14401,3,99999,03102,志田運動場（野球場）,田代1204,3,-99,9999
139.333026,35.538063,14401,3,99999,03102,小沢ソフトボール場,角田4337-1,3,-99,9999
139.34464,35.510468,14401,3,99999,03102,中津工業団地第２号公園（野球場）,中津4059,3,-99,9999
139.341875,35.522445,14401,3,99999,03102,中津工業団地第１号公園（野球場）,中津4043,3,-99,9999
139.28679,35.525249,14401,3,99999,03138,田代運動公園,田代1700,3,-99,9999
139.288478,35.524862,14401,3,99999,03102,田代運動公園,田代1700,3,-99,9999
139.286523,35.52491,14401,3,99999,03115,田代運動公園,田代1700,3,-99,9999
139.264363,35.538981,14401,3,99999,03104,愛川ふれあいの村（運動広場）,半原3390,4,-99,9999
139.264363,35.538918,14401,3,99999,03102,愛川ふれあいの村（運動広場）,半原3390,4,-99,9999
139.264368,35.538855,14401,3,99999,03103,愛川ふれあいの村（運動広場）,半原3390,4,-99,9999
139.300562,35.542544,14401,3,99999,03106,三増プール（屋外プール）,三増1661-7,3,-99,9999
139.341768,35.501047,14401,3,99999,03106,坂本プール（屋外プール）,中津5177,3,-99,9999
139.342285,35.521149,14401,3,99999,03106,中津工業団地第１号公園,中津4043,3,-99,9999
139.342339,35.521575,14401,3,99999,03115,中津工業団地第１号公園,中津4043,3,-99,9999
139.341745,35.521744,14401,3,99999,03146,中津工業団地第１号公園,中津4043,3,-99,9999
139.267558,35.545322,14401,3,99999,03109,半原公民館（体育館）,半原4343-3,3,-99,9999
139.341339,35.522174,14401,3,99999,03109,第１号公園体育館（体育館）,中津4043,3,2,9999
139.341345,35.522118,14401,3,99999,03120,第１号公園体育館（体育館）,中津4043,3,2,9999
139.34135,35.522054,14401,3,99999,03110,第１号公園体育館（体育館）,中津4043,3,2,9999
139.341356,35.521995,14401,3,99999,03111,第１号公園体育館（体育館）,中津4043,3,2,9999
139.341362,35.521935,14401,3,99999,03129,第１号公園体育館（体育館）,中津4043,3,2,9999
139.341602,35.500858,14401,3,99999,03109,坂本体育館（体育館）,中津5177,3,-99,9999
139.29132,35.534658,14401,3,99999,03109,農村環境改善センター（体育館）,田代1195,3,-99,9999
139.262871,35.538043,14401,3,99999,03109,愛川ふれあいの村（体育館）,半原3390,4,-99,9999
139.300293,35.548339,14401,3,99999,03101,三増公園,三増1886,4,-99,9999
139.299532,35.548354,14401,3,99999,03146,三増公園,三増1886,4,-99,9999
139.299276,35.547919,14401,3,99999,03115,三増公園,三増1886,4,-99,9999
139.261671,35.535151,14401,3,99999,03142,愛川ふれあいの村（キャンプ場）,半原3390,4,-99,9999
139.292046,35.534062,14401,3,99999,03143,旗立松ハイキングコース（ハイキングコース）,田代,3,-99,9999
139.268046,35.540378,14401,3,99999,03143,高取山ハイキングコース（ハイキングコース）,半原,3,-99,9999
139.285028,35.532429,14401,3,99999,03143,半原越・仏果山ハイキングコース（ハイキングコース）,半原,3,-99,9999
139.292664,35.521516,14401,3,99999,03143,経ヶ岳・半原越ハイキングコース（ハイキングコース）,田代,3,-99,9999
139.292094,35.534105,14401,3,99999,03143,志田山・清正光ハイキングコース（ハイキングコース）,田代,3,-99,9999
139.299295,35.546168,14401,3,99999,03143,三増峠ハイキングコース（ハイキングコース）,三増,3,-99,9999
139.31232,35.534071,14401,3,99999,03143,三栗山ハイキングコース（ハイキングコース）,三増,3,-99,9999
139.336627,35.51406,14401,3,99999,03143,八菅山ハイキングコース（ハイキングコース）,中津,3,-99,9999
139.333902,35.517797,14401,3,99999,03132,中津公民館,中津293-3,3,-99,9999
139.285738,35.474126,14402,3,99999,03102,清川村運動公園,煤ケ谷1518-2,3,-99,9999
139.2854,35.474504,14402,3,99999,03115,清川村運動公園,煤ケ谷1518-2,3,-99,9999
139.285222,35.474925,14402,3,99999,03138,清川村運動公園,煤ケ谷1518-2,3,-99,9999
139.36037,35.561808,14152,3,99999,03102,横山公園,横山5-11-50,4,-99,9999
139.734103,35.681014,13101,3,03001,03001,ニューオータニ美術館,紀尾井町4-1（ニューオータニガーデンコート6階）,4,-99,1991
139.754098,35.683808,13101,3,03001,03001,宮内庁三の丸尚蔵館,千代田1-1（皇居東御苑内）,1,2,1993
139.713705,35.653188,13113,3,03001,03001,山種美術館,広尾3-12-36,4,-99,2009
139.760572,35.676599,13101,3,03001,03001,出光美術館,丸の内3-1-1（帝劇ビル9階）,4,-99,1966
139.754618,35.690537,13101,3,03001,03001,独立行政法人国立美術館・東京国立近代美術館本館,北の丸公園3-1,0,-99,1969
139.750384,35.689707,13101,3,03001,03001,独立行政法人国立美術館・東京国立近代美術館工芸館,北の丸公園1-1,0,2,1977
139.771544,35.678571,13102,3,03001,03001,ブリヂストン美術館,京橋1-10-1,4,-99,1952
139.773055,35.686938,13102,3,03001,03001,三井記念美術館,日本橋室町2-1-1（三井本館7階）,4,7,2005
139.770512,35.675627,13102,3,03001,03001,独立行政法人国立美術館・東京国立近代美術館フィルムセンター,京橋3-7-6,0,8,1995
139.730264,35.666294,13103,3,03001,03001,サントリー美術館,赤坂9-7-4（東京ミッドタウンガーデンサイド）,4,-99,2007
139.744605,35.666041,13103,3,03001,03001,菊池寛実記念・智美術館,虎ノ門4-1-35,4,-99,2003
139.740378,35.662344,13103,3,03001,03001,吉田苞竹記念会館,麻布台1-1-12,4,-99,1974
139.717021,35.66221,13103,3,03001,03001,根津美術館,南青山6-5-1,4,-99,1941
139.721806,35.640021,13103,3,03001,03001,松岡美術館,白金台5-12-6,4,3,2000
139.761882,35.665828,13103,3,03001,03001,パナソニック電工汐留ミュージアム,東新橋1-5-1（パナソニック電工ビル4階）,4,-99,2003
139.729261,35.660432,13103,3,03001,03001,森美術館,六本木6-10-1（六本木ヒルズ森タワー53階）,4,53,2003
139.741068,35.665033,13103,3,03001,03001,泉屋博古館分館,六本木1-5-1,4,-99,2002
139.729314,35.674085,13103,3,03001,03001,草月美術館,赤坂7-2-21（草月会館）,4,-99,1981
139.743102,35.666933,13103,3,03001,03001,大倉集古館,虎ノ門2-10-3,4,2,1928
139.719022,35.63688,13103,3,03001,03001,東京都庭園美術館,白金台5-21-9,4,2,1933
139.726938,35.632242,13103,3,03001,03001,畠山記念館,白金台2-20-12,4,3,1964
139.714976,35.681682,13104,3,03001,03001,佐藤美術館,大京町31-10,4,-99,1990
139.710742,35.6911,13104,3,03001,03001,新宿美術館,新宿1-34-3,4,-99,9999
139.72036,35.708554,13104,3,03001,03001,早稲田大学會津八一記念博物館,西早稲田1-6-1,4,-99,1998
139.696161,35.692762,13104,3,03001,03001,損保ジャパン東郷青児美術館,西新宿1-26-1（損保ジャパン本社ビル42階）,4,-99,1976
139.686756,35.683003,13104,3,03001,03001,東京オペラシティアートギャラリー,西新宿3-20-2,4,4,1999
139.717687,35.678848,13104,3,03001,03001,聖徳記念絵画館,霞ケ丘町1-1（明治神宮外苑）,4,-99,1926
139.724072,35.708167,13104,3,03001,03001,センチュリーミュージアム,早稲田鶴巻町110-22,4,-99,2010
139.723352,35.713177,13105,3,03001,03001,永青文庫,目白台1-1-1,4,3,1950
139.725033,35.714018,13105,3,03001,03001,講談社野間記念館,関口2-11-30,4,-99,2000
139.763289,35.715076,13105,3,03001,03001,弥生美術館・竹久夢二美術館,弥生2-4-3・弥生2-4-2,4,3,9999
139.768182,35.712179,13106,3,03001,03001,横山大観記念館,池之端1-4-24,4,2,1976
139.775709,35.715456,13106,3,03001,03001,独立行政法人国立美術館・国立西洋美術館,上野公園7-7,0,3,1959
139.774709,35.712845,13106,3,03001,03001,上野の森美術館,上野公園1-2,4,-99,1972
139.776453,35.724763,13106,3,03001,03001,台東区立書道博物館,根岸2-10-4,3,-99,2000
139.768563,35.726847,13106,3,03001,03001,台東区立朝倉彫塑館（休館中）,谷中7-18-10,3,-99,1986
139.766182,35.721289,13106,3,03001,03001,大名時計博物館,谷中2-1-27,4,1,1974
139.776403,35.718817,13106,3,03001,03001,独立行政法人国立文化財機構東京国立博物館,上野公園13-9,0,3,1937
139.77282,35.717401,13106,3,03001,03001,東京都美術館,上野公園8-36,2,2,1975
139.771836,35.719924,13106,3,03001,03001,東京藝術大学大学美術館,上野公園12-8,0,-99,1999
139.808236,35.679739,13108,3,03001,03001,東京都現代美術館,三好4-1-1（都立木場公園内）,2,-99,1995
139.729299,35.620763,13109,3,03001,03001,Ｏ美術館,大崎1-6-2（大崎ニューシティー2号館2階）,3,-99,1987
139.714759,35.634545,13109,3,03001,03001,久米美術館,上大崎2-25-5（久米ビル8階）,4,-99,1982
139.735965,35.621132,13109,3,03001,03001,原美術館,北品川4-7-25,4,-99,1938
139.703051,35.635908,13110,3,03001,03001,長泉院附属現代彫刻美術館,中目黒4-12-18,4,2,1983
139.684836,35.659825,13110,3,03002,03002,東京大学大学院総合文化研究科・教養学部駒場博物館,駒場3-8-1,0,-99,1935
139.714533,35.641872,13110,3,03001,03001,東京都写真美術館,三田1-13-1,2,4,1995
139.679219,35.660849,13110,3,03001,03001,日本民藝館,駒場4-3-33,4,2,1936
139.708469,35.635512,13110,3,03001,03001,目黒区美術館,目黒2-4-36（目黒区民センター敷地内）,4,3,1987
139.715623,35.582343,13111,3,03001,03001,大田区立龍子記念館,中央4-2-1,3,2,1963
139.705152,35.57893,13111,3,03001,03001,池上本門寺霊寶殿,池上1-1-1,4,-99,2003
139.635364,35.612353,13112,3,03001,03001,五島美術館,上野毛3-9-25,4,2,1960
139.6222,35.631624,13112,3,03001,03001,世田谷美術館,砧公園1-2,3,2,1986
139.619198,35.622658,13112,3,03001,03001,静嘉堂文庫美術館,岡本2-23-1,4,1,1992
139.64364,35.628018,13112,3,03001,03001,長谷川町子美術館,桜新町1-30-6,4,-99,1985
139.713371,35.670698,13113,3,03001,03001,ワタリウム美術館,神宮前3-7-6,4,5,1990
139.692773,35.661321,13113,3,03001,03001,戸栗美術館,松濤1-11-3,4,2,1987
139.691812,35.658681,13113,3,03001,03001,渋谷区立松濤美術館,松濤2-14-14,3,2,1981
139.704911,35.669459,13113,3,03001,03001,太田記念美術館,神宮前1-10-10,4,2,1980
139.690717,35.681597,13113,3,03001,03001,刀剣博物館,代々木4-25-10,4,4,1968
139.69087,35.733742,13116,3,03001,03001,豊島区立熊谷守一美術館,千早2-27-6,4,3,1985
139.745907,35.743077,13117,3,03001,03001,大谷美術館,西ヶ原1-27-39（東京都立旧古河庭園内）,4,-99,1989
139.69002,35.759615,13119,3,03001,03001,日本書道美術館,常盤台1-3-1,4,-99,1976
139.644439,35.78425,13119,3,03001,03001,板橋区立美術館,赤塚5-34-27,3,2,1979
139.605084,35.728478,13120,3,03001,03001,ちひろ美術館・東京,下石神井4-7-2,4,-99,2002
139.63241,35.759551,13120,3,03001,03001,光が丘美術館,田柄5-27-25,4,2,1993
139.675286,35.737296,13120,3,03001,03001,日本大学芸術学部芸術資料館,旭丘2-42-1,4,3,1993
139.636081,35.73695,13120,3,03001,03001,練馬区立美術館,貫井1-36-16,3,-99,9999
139.33672,35.679866,13201,3,03001,03001,村内美術館,左入町787,4,-99,1995
139.330359,35.685504,13201,3,03001,03001,東京富士美術館,谷野町492-1,4,-99,1983
139.579303,35.704817,13203,3,03001,03001,武蔵野市立吉祥寺美術館,吉祥寺本町1-8-16（FFビル7階）,3,7,2002
139.570624,35.696233,13204,3,03001,03001,三鷹の森ジブリ美術館（三鷹市立アニメーション美術館）,下連雀1-1-83,3,2,2001
139.184079,35.80011,13205,3,03001,03001,玉堂美術館,御岳1-75,4,-99,1961
139.255959,35.787547,13205,3,03001,03001,青梅市立美術館・青梅市立小島善太郎美術館,滝ノ上町1346-1,3,2,1984
139.196767,35.803318,13205,3,03001,03001,澤乃井櫛かんざし美術館,柚木町3-764-1,4,-99,1998
139.479038,35.668041,13206,3,03001,03001,大国魂神社宝物殿,宮町3-1,4,2,1974
139.491127,35.675284,13206,3,03001,03001,府中市美術館,浅間町1-3,3,-99,2000
139.454415,35.589513,13209,3,03001,03001,西山美術館,野津田町1000,4,-99,2006
139.455075,35.544023,13209,3,03001,03001,町田市立国際版画美術館,原町田4-28-1,3,2,1987
139.390222,35.671442,13212,3,03001,03001,実践女子学園香雪記念資料館,大坂上4-1-1,4,-99,1999
139.428275,35.623505,13224,3,03001,03001,多摩美術大学美術館,落合1-33-1,4,-99,2000
139.7531,35.691653,13101,3,03002,03002,科学技術館,北の丸公園2-1,4,6,1964
139.747012,35.678398,13101,3,03002,03002,衆議院憲政記念館,永田町1-1-1,1,2,1972
139.7531,35.691653,13101,3,03002,03002,自転車文化センター,北の丸公園2-1（科学技術館内2階）,4,-99,2002
139.75075,35.694988,13101,3,03002,03002,昭和館,九段南1-6-1,1,7,1998
139.74649,35.693263,13101,3,03002,03002,千秋文庫博物館,九段南2-1-36,4,9,1981
139.766794,35.686987,13101,3,03002,03002,逓信総合博物館,大手町2-3-1,4,8,1902
139.764418,35.691776,13101,3,03002,03002,天理ギャラリー,神田錦町1-9（東京天理教館ビル9館）,4,-99,1962
139.742394,35.685897,13101,3,03002,03002,日本カメラ博物館,一番町25（JCⅡ一番町ビル地下1階）,4,-99,1989
139.761988,35.698152,13101,3,03002,03002,明治大学博物館,神田駿河台1-1（アカデミーコモン地下1階）,4,-99,1985
139.742717,35.694022,13101,3,03002,03002,靖國神社遊就館,九段北3-1-1,4,-99,1931
139.770497,35.676873,13102,3,03002,03002,ペンステーション,京橋2-6-21,4,-99,2002
139.775599,35.682553,13102,3,03002,03002,凧の博物館,日本橋1-12-10（たいめいけん5階）,4,-99,1977
139.768131,35.666462,13102,3,03002,03002,中央区立築地社会教育会館・郷土資料館,築地4-15-1,3,-99,9999
139.771825,35.685372,13102,3,03002,03002,日本銀行金融研究所貨幣博物館,日本橋本石町1-3-1（日本銀行分館内）,0,-99,1985
139.748324,35.663711,13103,3,03002,03002,ＮＨＫ放送博物館,愛宕2-1-1,0,4,1956
139.73305,35.627927,13103,3,03002,03002,ユニセフハウス,高輪4-6-12,4,5,2001
139.732592,35.675242,13103,3,03002,03002,虎屋ギャラリー,赤坂4-9-22（虎屋ビル2階）,4,-99,1973
139.745223,35.64709,13103,3,03002,03002,港区立港郷土資料館,芝5-28-4,3,4,1982
139.747243,35.626891,13103,3,03002,03002,東京海洋大学海洋科学部附属水産資料館,港南4-5-7（東京海洋大学品川キャンパス内）,0,2,1971
139.634023,35.609012,13112,3,03002,03002,東京都公文書館,玉川1-20-1,2,-99,9999
139.732315,35.629097,13103,3,03002,03002,物流博物館,高輪4-7-15,4,-99,1998
139.736845,35.699758,13104,3,03002,03002,宮城道雄記念館,中町35,4,-99,1978
139.703759,35.698431,13104,3,03002,03002,高麗博物館,大久保1-12-1（第二韓国広場ビル7階）,4,-99,2001
139.739333,35.754338,13117,3,03002,03002,印刷局博物館（お札と切手の博物館）,王子1-6-1,0,-99,9999
139.72563,35.690013,13104,3,03002,03002,新宿歴史博物館,三栄町22,3,3,1989
139.719547,35.709983,13104,3,03002,03002,早稲田大学坪内博士記念演劇博物館,西早稲田1-6-1,4,3,9999
139.714076,35.678332,13104,3,03002,03002,秩父宮記念スポーツ博物館,霞ヶ丘町10-2,0,-99,1959
139.71952,35.690868,13104,3,03002,03002,釣り文化資料館,愛住町18-7,4,-99,1989
139.72029,35.697188,13104,3,03002,03002,東京女子医科大学史料室・吉岡彌生記念室,河田町8-1,4,9,1970
139.719871,35.688149,13104,3,03002,03002,東京消防庁消防防災資料センター消防博物館,四谷3-10,2,10,1992
139.692735,35.69113,13104,3,03002,03002,平和祈念展示資料館,西新宿2-6-1（新宿住友ビル48階）,0,-99,2000
139.719231,35.682503,13104,3,03002,03002,民音音楽博物館,信濃町8,4,-99,2004
139.741607,35.709224,13105,3,03002,03002,印刷博物館,水道1-3-3,4,-99,2000
139.765483,35.711769,13105,3,03002,03002,東京大学総合研究博物館,本郷7-3-1,0,-99,1996
139.741008,35.72133,13105,3,03002,03002,東京大学総合研究博物館・小石川分館,白山3-7-1,0,-99,2001
139.760515,35.703077,13105,3,03002,03002,東京都水道歴史館,本郷2-7-1,2,3,1995
139.71988,35.716316,13105,3,03002,03002,日本女子大学成瀬記念館,目白台2-8-1,4,2,1984
139.756582,35.707984,13105,3,03002,03002,文京ふるさと歴史館,本郷4-9-29,3,4,1991
139.751812,35.705613,13105,3,03002,03002,野球体育博物館,後楽1-3-61,4,2,1988
139.795315,35.708056,13106,3,03002,03002,世界のカバン博物館,駒形1-8-10（エース株式会社東京店）,4,-99,1975
139.776542,35.716067,13106,3,03002,03002,独立行政法人国立科学博物館,上野公園7-20,0,-99,1931
139.791779,35.711815,13106,3,03002,03002,太皷館,西浅草2-1-1（宮本卯之助商店西浅草ビル4階）,4,5,1988
139.792808,35.725571,13106,3,03002,03002,台東区立一葉記念館,竜泉3-18-4,3,-99,2006
139.77119,35.712393,13106,3,03002,03002,台東区立下町風俗資料館,上野公園2-1,3,3,1980
139.808234,35.724041,13106,3,03002,03002,皮革産業資料館,橋場1-36-2（台東研修センター）,4,3,1983
139.805924,35.713886,13107,3,03002,03002,すみだ郷土文化資料館,向島2-3-5,3,5,1998
139.813256,35.726726,13107,3,03002,03002,セイコー時計資料館,東向島3-9-7,4,-99,1981
139.809419,35.694138,13107,3,03002,03002,ブレーキ博物館,江東橋1-5-5（中山ライニング工業㈱墨田営業所2階）,4,-99,2000
139.793349,35.696986,13107,3,03002,03002,相撲博物館,横網1-3-28,4,-99,1954
139.795987,35.696486,13107,3,03002,03002,東京都江戸東京博物館,横網1-4-1,2,7,1993
139.796903,35.699795,13107,3,03002,03002,東京都復興記念館,横網2-3-25,2,2,1931
139.818985,35.723464,13107,3,03002,03002,東武博物館,東向島4-28-16,4,2,1989
139.792182,35.651785,13108,3,03002,03002,がすてなーに・ガスの科学館,豊洲6-1-1,4,-99,2006
139.802145,35.685151,13108,3,03002,03002,江東区森下文化センター「田河水泡・のらくろ館」,森下3-12-17,3,-99,1999
139.800564,35.681231,13108,3,03002,03002,江東区深川江戸資料館,白河1-3-28,3,4,1986
139.846333,35.68753,13108,3,03002,03002,江東区中川船番所資料館,大島9-1-15,3,-99,2003
139.794092,35.686129,13108,3,03002,03002,江東区芭蕉記念館,常盤1-6-3,3,-99,1981
139.830414,35.650159,13108,3,03002,03002,第五福竜丸展示館,夢の島3-2,2,2,1976
139.822264,35.681744,13108,3,03002,03002,東京大空襲・戦災資料センター,北砂1-5-4,4,3,2002
139.776747,35.61931,13108,3,03002,03002,日本科学未来館,青海2-41,0,-99,2001
139.715856,35.630742,13109,3,03002,03002,杉野学園衣裳博物館,上大崎4-6-19,4,3,1957
139.772296,35.620217,13109,3,03002,03002,船の科学館,東八潮3-1,4,6,1974
139.730102,35.596789,13109,3,03002,03002,品川区立品川歴史館,大井6-11-1,3,2,1985
139.735258,35.620404,13109,3,03002,03002,翡翠原石館,北品川4-5-12,4,-99,2002
139.706666,35.6317,13110,3,03002,03002,目黒寄生虫館,下目黒4-1-1,4,6,1992
139.689235,35.634294,13110,3,03002,03002,目黒区守屋教育会館郷土資料室,五本木2-20-17,3,4,1971
139.666945,35.590134,13111,3,03002,03002,大田区多摩川台公園古墳展示室,田園調布1-63-1,3,-99,1992
139.710524,35.588469,13111,3,03002,03002,大田区立郷土博物館,南馬込5-11-13,3,2,1979
139.617948,35.621989,13112,3,03002,03002,岡本公園民家園,岡本2-19-1,3,-99,1980
139.625945,35.667897,13112,3,03002,03002,賀川豊彦記念松沢資料館,上北沢3-8-19,4,2,1982
139.658591,35.629582,13112,3,03002,03002,駒澤大学禅文化歴史博物館,駒沢1-23-1,4,-99,1928
139.599562,35.630659,13112,3,03002,03002,次大夫堀公園民家園,喜多見5-27-14,3,-99,1988
139.676636,35.644323,13112,3,03002,03002,昭和女子大学光葉博物館,太子堂1-7,4,-99,1994
139.647222,35.641461,13112,3,03002,03002,世田谷区立郷土資料館,世田谷1-29-18,3,2,1964
139.608873,35.666922,13112,3,03002,03002,世田谷文学館,南烏山1-10-10,3,3,1995
139.631778,35.638983,13112,3,03002,03002,東京農業大学「食と農」の博物館・バイオリウム,上用賀2-4-28,4,2,2004
139.659888,35.653405,13112,3,03002,03002,齋田記念館,代田3-23-35,4,-99,1997
139.699526,35.663314,13113,3,03002,03002,たばこと塩の博物館,神南1-16-8,4,6,1978
139.714541,35.643088,13113,3,03002,03002,エビスビール記念館,恵比寿4-20-1（恵比寿ガーデンプレイス内）,4,-99,2010
139.679635,35.667903,13113,3,03002,03002,古賀政男音楽博物館,上原3-6-12,4,3,1979
139.69501,35.686322,13113,3,03002,03002,文化学園服飾博物館,代々木3-22-7（新宿文化クイントビル1階）,4,23,2003
139.697911,35.680014,13113,3,03002,03002,明治神宮宝物殿,代々木神園町1-1,4,-99,1921
139.711973,35.655546,13113,3,03002,03002,國學院大學伝統文化リサーチセンター資料館,東4-10-28,4,-99,2008
139.711973,35.655546,13113,3,03002,03002,國學院大學神道資料館,東4-10-28,4,-99,1963
139.664992,35.724316,13114,3,03002,03002,山崎記念中野区立歴史民俗資料館,江古田4-3-4,3,2,1962
139.645527,35.686123,13115,3,03002,03002,杉並区立郷土博物館,大宮1-20-8,3,2,1989
139.70902,35.72012,13116,3,03002,03002,学習院大学史料館,目白1-5-1,4,-99,1909
139.720685,35.728509,13116,3,03002,03002,古代オリエント博物館,東池袋3-1-4（サンシャインシティ文化会館7階）,4,-99,1978
139.705937,35.718232,13116,3,03002,03002,切手の博物館,目白1-4-23,4,-99,1996
139.706721,35.727675,13116,3,03002,03002,豊島区立郷土資料館,西池袋2-37-4（豊島区立勤労福祉会館7館）,3,-99,1984
139.738572,35.749979,13117,3,03002,03002,紙の博物館,王子1-1-3（飛鳥山公園内）,4,4,1998
139.739405,35.749007,13117,3,03002,03002,渋沢史料館,西ケ原2-16-1,4,3,1982
139.759259,35.738472,13117,3,03002,03002,田端文士村記念館,田端6-1-2,4,-99,1993
139.738806,35.749599,13117,3,03002,03002,北区飛鳥山博物館,王子1-1-3,3,3,1998
139.795418,35.737461,13118,3,03002,03002,荒川区立荒川ふるさと文化館,南千住6-63-1,3,-99,1998
139.719739,35.756728,13119,3,03002,03002,東京家政大学博物館,加賀1-18-1,4,-99,1981
139.679605,35.763461,13119,3,03002,03002,板橋区立教育科学館,常盤台4-14-1,3,-99,9999
139.643209,35.785496,13119,3,03002,03002,板橋区立郷土資料館,赤塚5-35-25,3,2,1972
139.662573,35.733027,13120,3,03002,03002,唐澤博物館,豊玉北3-5-5,4,3,1993
139.841339,35.784533,13121,3,03002,03002,足立区立郷土博物館,大谷田5-20-1,3,3,1986
139.863783,35.787995,13122,3,03002,03002,葛飾区教育資料館,水元4-21-1,3,1,1983
139.843451,35.75287,13122,3,03002,03002,葛飾区郷土と天文の博物館,白鳥3-25-1,3,5,1991
139.866292,35.706064,13123,3,03002,03002,江戸川区郷土資料室,松島1-38-1（グリーンパレス3階）,3,-99,1965
139.873341,35.663575,13123,3,03002,03002,地下鉄博物館,東葛西6-3-1,4,-99,9999
139.327845,35.664774,13201,3,03002,03002,八王子市こども科学館（サイエンスドーム八王子）,大横町9-13,3,-99,1989
139.326027,35.655896,13201,3,03002,03002,八王子市郷土資料館,上野町33,3,2,1967
139.411406,35.732277,13202,3,03002,03002,音楽大学楽器学資料館,柏町5-5-1,4,-99,1977
139.410419,35.70302,13202,3,03002,03002,昭和天皇記念館,緑町3173（国営昭和記念公園花みどり文化センター内）,1,2,2005
139.389929,35.696948,13202,3,03002,03002,立川市歴史民俗資料館,富士見町3-12-34,3,2,1985
139.575317,35.713291,13203,3,03002,03002,成蹊学園史料館,吉祥寺北町3-3-1,4,-99,1988
139.529676,35.687518,13204,3,03002,03002,国際基督教大学博物館・湯浅八郎記念館,大沢3-10-2,4,-99,1982
139.533894,35.688803,13204,3,03002,03002,中近東文化センター付属博物館,大沢3-10-31,4,2,1979
139.213097,35.796313,13205,3,03002,03002,吉川英治記念館,柚木町1-101-1,4,-99,1977
139.260483,35.788698,13205,3,03002,03002,昭和レトロ商品博物館,住江町65,4,-99,1999
139.220301,35.787918,13205,3,03002,03002,青梅きもの博物館,梅郷4-629,4,2,1995
139.256807,35.78374,13205,3,03002,03002,青梅市郷土博物館,駒木町1-684,3,2,1974
139.263331,35.79225,13205,3,03002,03002,青梅鉄道公園,勝沼2-155,4,-99,1962
139.484342,35.666554,13206,3,03002,03002,ＪＲＡ競馬博物館,日吉町1-1（JRA東京競馬場内）,4,2,1991
139.473125,35.656705,13206,3,03002,03002,府中市郷土の森博物館,南町6-32,3,2,1987
139.377966,35.71367,13207,3,03002,03002,家具の博物館,中神町1148,4,-99,2005
139.536871,35.646792,13208,3,03002,03002,調布市郷土博物館,小島町3-26-2,3,2,1974
139.581326,35.656717,13208,3,03002,03002,調布市武者小路実篤記念館,若葉町1-8-30,3,2,1985
139.467455,35.56945,13209,3,03002,03002,玉川大学小原國芳記念教育博物館,玉川学園6-1-1,4,3,1987
139.45324,35.588869,13209,3,03002,03002,町田市立自由民権資料館,野津田町897,3,-99,1986
139.451241,35.56727,13209,3,03002,03002,町田市立博物館,本町田3562,3,2,1973
139.311419,35.609541,13209,3,03002,03002,東京家政学院生活文化博物館,相原町2600,4,-99,1990
139.518898,35.698174,13210,3,03002,03002,東京農工大学科学博物館,中町2-24-16,0,-99,1886
139.500412,35.741918,13211,3,03002,03002,ＧＡＳＭＵＳＥＵＭ（がす資料館）,大沼町2-590,4,-99,1909
139.464617,35.720172,13211,3,03002,03002,ふれあい下水道館,上水本町1-25-31,3,2,1995
139.41149,35.652482,13212,3,03002,03002,日野市郷土資料館,程久保550,3,-99,2005
139.500137,35.767703,13213,3,03002,03002,ハンセン病資料館,青葉町4-1-13,1,2,1993
139.466354,35.766673,13213,3,03002,03002,東村山ふるさと歴史館,諏訪町1-6-3,3,5,1996
139.46825,35.770689,13213,3,03002,03002,徳蔵寺板碑保存館,諏訪町1-26-3,4,2,1968
139.470491,35.690512,13214,3,03002,03002,国分寺市文化財資料展示室,西元町3-10-7（市立第4中学校体育館内）,3,-99,1980
139.472024,35.693586,13214,3,03002,03002,国分寺市文化財保存館,西元町1,3,-99,1952
139.485189,35.706781,13214,3,03002,03002,国分寺市民俗資料室,本多5-24-11,3,-99,1989
139.43259,35.678984,13215,3,03002,03002,くにたち郷土文化館,谷保6231,3,1,1994
139.44621,35.698033,13215,3,03002,03002,たましん歴史・美術館,中1-9-52,4,-99,1991
139.337522,35.732089,13218,3,03002,03002,福生市郷土資料室,熊川850-1,3,2,1980
139.422904,35.755165,13220,3,03002,03002,東大和市立郷土博物館,奈良橋1-260-2,3,2,1994
139.52095,35.779775,13221,3,03002,03002,清瀬市郷土博物館,上清戸2-6-41,3,-99,1985
139.387288,35.762364,13223,3,03002,03002,武蔵村山市立歴史民俗資料館,本町5-21-1,3,-99,1981
139.425023,35.62,13224,3,03002,03002,パルテノン多摩,落合2-35,4,5,1987
139.460544,35.638012,13224,3,03002,03002,旧多摩聖蹟記念館,連光寺5-1-1,3,1,1930
139.427796,35.626054,13224,3,03002,03002,東京都埋蔵文化財センター,落合1-14-2,4,3,1985
139.303386,35.755245,13227,3,03002,03002,羽村市郷土博物館,羽741,3,3,1985
139.217004,35.728451,13228,3,03002,03002,あきる野市五日市郷土館,五日市920-1,3,2,1981
139.522937,35.734728,13229,3,03002,03002,多摩六都科学館,芝久保町5-10-64,3,3,1994
139.356841,35.774652,13303,3,03002,03002,瑞穂町郷土資料館,大字石畑1962,3,-99,1977
139.050426,35.792662,13308,3,03002,03002,奥多摩水と緑のふれあい館,原5,3,2,1998
139.759298,35.70044,13101,3,03003,03003,一般財団法人石川武美記念図書館,神田駿河台2-9,4,-99,9999
139.739749,35.689474,13101,3,03003,03003,千代田区立四番町図書館,四番町1,3,-99,9999
139.769874,35.701277,13101,3,03003,03003,千代田区立昌平まちかど図書館,外神田3-4-7,3,-99,9999
139.768491,35.693039,13101,3,03003,03003,千代田区立神田まちかど図書館,神田司町2-16,3,-99,9999
139.753615,35.69399,13101,3,03003,03003,千代田区立千代田図書館,九段南1-2-1（千代田区役所9・10F）,3,-99,9999
139.754641,35.671945,13101,3,03003,03003,千代田区立日比谷図書文化館,日比谷公園1-4,3,4,9999
139.771971,35.670604,13102,3,03003,03003,中央区立京橋図書館,築地1-1-1,3,-99,9999
139.782297,35.662002,13102,3,03003,03003,中央区立月島図書館,月島4-1-1,3,-99,9999
139.781609,35.684686,13102,3,03003,03003,中央区立日本橋図書館,日本橋人形町1-1-17,3,-99,9999
139.74668,35.656968,13103,3,03003,03003,(財)三康文化研究所附属三康図書館,芝公園4-7-4,4,-99,9999
139.750192,35.659873,13103,3,03003,03003,港区立みなと図書館,芝公園3-2-25,3,3,9999
139.749696,35.632896,13103,3,03003,03003,港区立港南図書館,港南3-3-17,3,-99,1996
139.733889,35.640876,13103,3,03003,03003,港区立高輪図書館,高輪1-16-25（高輪コミュニティーぷらざ3・4F）,3,-99,9999
139.745223,35.64709,13103,3,03003,03003,港区立三田図書館,芝5-28-4,3,-99,9999
139.72528,35.671604,13103,3,03003,03003,港区立赤坂図書館,南青山1-3-3（青山1タワー3階）,3,-99,2007
139.735735,35.657539,13103,3,03003,03003,港区立麻布図書館（休館中）,六本木5-12-24,3,-99,9999
139.726517,35.6521,13103,3,03003,03003,東京都立中央図書館,南麻布5-7-13,2,-99,1973
139.68909,35.686203,13104,3,03003,03003,新宿区立角筈図書館,西新宿4-33-7,3,-99,1993
139.714164,35.701924,13104,3,03003,03003,新宿区立戸山図書館,戸山2-11-101,3,-99,1980
139.714509,35.687523,13104,3,03003,03003,新宿区立四谷図書館,内藤町87,3,7,1997
139.67895,35.725757,13104,3,03003,03003,新宿区立西落合図書館,西落合4-13-17,3,-99,1979
139.706782,35.701624,13104,3,03003,03003,新宿区立大久保図書館,大久保2-12-7,3,-99,1994
139.70707,35.705261,13104,3,03003,03003,新宿区立中央図書館,大久保3-1-1,3,-99,2013
139.734585,35.698958,13104,3,03003,03003,新宿区立中町図書館,中町25,3,-99,1983
139.725089,35.707448,13104,3,03003,03003,新宿区立鶴巻図書館,早稲田鶴巻町521,3,4,1974
139.689324,35.702816,13104,3,03003,03003,新宿区立北新宿図書館,北新宿3-20-2,3,-99,1982
139.740117,35.716976,13105,3,03003,03003,文京区立小石川図書館,小石川5-9-20,3,-99,1966
139.757078,35.708551,13105,3,03003,03003,文京区立真砂中央図書館,本郷4-8-15,3,-99,9999
139.737724,35.710606,13105,3,03003,03003,文京区立水道端図書館,水道2-16-14,3,-99,9999
139.743717,35.727551,13105,3,03003,03003,文京区立千石図書館,千石1-25-3,3,-99,1993
139.763604,35.703962,13105,3,03003,03003,文京区立湯島図書館,本郷3-10-18,3,-99,1980
139.755441,35.733337,13105,3,03003,03003,文京区立本駒込図書館,本駒込4-35-15,3,-99,1974
139.725498,35.715104,13105,3,03003,03003,文京区立目白台図書館,関口3-17-9,3,-99,1983
139.790554,35.729094,13106,3,03003,03003,台東区立根岸図書館,根岸5-18-13,3,-99,9999
139.807559,35.725407,13106,3,03003,03003,台東区立石浜図書館,橋場1-35-16,3,-99,9999
139.789903,35.717314,13106,3,03003,03003,台東区立中央図書館,西浅草3-25-16,3,-99,9999
139.825587,35.724707,13107,3,03003,03003,墨田区立八広図書館,八広5-10-1-104,3,-99,1980
139.835039,35.710658,13107,3,03003,03003,墨田区立立花図書館,立花6-8-1-101,3,-99,1980
139.80062,35.695742,13107,3,03003,03003,墨田区立緑図書館,緑2-24-5,3,-99,1957
139.839331,35.696949,13108,3,03003,03003,江東区立亀戸図書館,亀戸7-39-9,3,3,1982
139.799055,35.666884,13108,3,03003,03003,江東区立古石場図書館,古石場2-13-2,3,-99,1997
139.834053,35.671795,13108,3,03003,03003,江東区立江東図書館,南砂6-7-52,3,4,1986
139.831972,35.680433,13108,3,03003,03003,江東区立砂町図書館（休館中）,北砂5-1-7,3,-99,1990
139.826994,35.689042,13108,3,03003,03003,江東区立城東図書館,大島4-5-1,3,-99,1955
139.796721,35.679154,13108,3,03003,03003,江東区立深川図書館,清澄3-3-39,3,3,1950
139.805344,35.643574,13108,3,03003,03003,江東区立東雲図書館,東雲2-7-5-201,3,-99,1997
139.845802,35.691202,13108,3,03003,03003,江東区立東大島図書館,大島9-4-2-101,3,15,1992
139.817133,35.667193,13108,3,03003,03003,江東区立東陽図書館,東陽2-3-6,3,3,1985
139.808073,35.681543,13108,3,03003,03003,江東区立白河こどもとしょかん,白河4-3-19,3,3,2010
139.794949,35.653813,13108,3,03003,03003,江東区立豊洲図書館,豊洲2-2-18,3,2,1989
139.722433,35.611581,13109,3,03003,03003,品川区立ゆたか図書館,豊町1-17-7,3,-99,9999
139.710878,35.612156,13109,3,03003,03003,品川区立荏原図書館,中延1-9-15,3,-99,9999
139.709904,35.605476,13109,3,03003,03003,品川区立源氏前図書館,中延4-14-17,3,-99,9999
139.716619,35.622518,13109,3,03003,03003,品川区立五反田図書館,西五反田6-5-1,3,-99,9999
139.729071,35.598206,13109,3,03003,03003,品川区立大井図書館,大井5-19-14,3,-99,9999
139.725725,35.618587,13109,3,03003,03003,品川区立大崎図書館,大崎2-4-8,3,-99,9999
139.734378,35.591579,13109,3,03003,03003,品川区立南大井図書館,南大井3-7-13,3,-99,9999
139.726727,35.608025,13109,3,03003,03003,品川区立二葉図書館,二葉1-4-25,3,-99,9999
139.751467,35.600167,13109,3,03003,03003,品川区立八潮図書館,八潮5-10-27,3,-99,9999
139.742337,35.616879,13109,3,03003,03003,品川区立品川図書館,北品川2-32-3,3,-99,9999
139.689286,35.634292,13110,3,03003,03003,目黒区立守屋図書館,五本木2-20-15,3,-99,9999
139.692291,35.612353,13110,3,03003,03003,目黒区立洗足図書館,洗足2-8-26,3,-99,9999
139.688355,35.651551,13110,3,03003,03003,目黒区立大橋図書館,大橋1-5-1（クロスエアタワー9Ｆ）,3,-99,2013
139.698674,35.643185,13110,3,03003,03003,目黒区立中目黒駅前図書館,上目黒2-1-3,3,-99,9999
139.673286,35.62178,13110,3,03003,03003,目黒区立八雲中央図書館,八雲1-1-1,3,-99,9999
139.708469,35.635512,13110,3,03003,03003,目黒区立目黒区民センター図書館,目黒2-4-36,3,-99,9999
139.695215,35.625277,13110,3,03003,03003,目黒区立目黒本町図書館,目黒本町2-1-20,3,-99,9999
139.673309,35.609362,13110,3,03003,03003,目黒区立緑が丘図書館,緑が丘2-14-23,3,-99,9999
139.743496,35.550385,13111,3,03003,03003,大田区立羽田図書館,羽田1-11-1,3,-99,9999
139.68805,35.565856,13111,3,03003,03003,大田区立下丸子図書館,下丸子2-18-11,3,-99,9999
139.715462,35.559799,13111,3,03003,03003,大田区立蒲田駅前図書館,蒲田5-13-26-301,3,-99,9999
139.728442,35.563695,13111,3,03003,03003,大田区立蒲田図書館,東蒲田1-19-22,3,-99,9999
139.695296,35.579329,13111,3,03003,03003,大田区立久が原図書館,久が原2-28-4,3,-99,9999
139.691955,35.600807,13111,3,03003,03003,大田区立洗足池図書館,南千束2-2-10,3,-99,9999
139.702316,35.555992,13111,3,03003,03003,大田区立多摩川図書館,多摩川2-24-63,3,-99,9999
139.726005,35.571844,13111,3,03003,03003,大田区立大森西図書館,大森西5-2-13,3,-99,9999
139.739117,35.576134,13111,3,03003,03003,大田区立大森東図書館,大森東1-31-3-104,3,-99,9999
139.739723,35.563419,13111,3,03003,03003,大田区立大森南図書館,大森南1-17-7,3,-99,9999
139.676195,35.581525,13111,3,03003,03003,大田区立大田図書館,田園調布南25-1,3,-99,9999
139.703226,35.574775,13111,3,03003,03003,大田区立池上図書館,池上3-27-6,3,-99,9999
139.728198,35.586543,13111,3,03003,03003,大田区立入新井図書館,大森北1-10-14（大森複合施設ビル（Luz大森）内）,3,-99,9999
139.710387,35.595659,13111,3,03003,03003,大田区立馬込図書館,中馬込2-26-10,3,-99,9999
139.737409,35.553352,13111,3,03003,03003,大田区立浜竹図書館,西糀谷3-32-7,3,-99,9999
139.713972,35.543793,13111,3,03003,03003,大田区立六郷図書館,南六郷3-10-1,3,-99,9999
139.600528,35.668836,13112,3,03003,03003,世田谷区立烏山図書館,南烏山6-2-19,3,-99,9999
139.672766,35.60364,13112,3,03003,03003,世田谷区立奥沢図書館,奥沢3-47-8,3,-99,9999
139.676289,35.641511,13112,3,03003,03003,世田谷区立下馬図書館,下馬2-32-1,3,-99,9999
139.613488,35.622275,13112,3,03003,03003,世田谷区立鎌田図書館,鎌田3-35-1,3,-99,9999
139.604046,35.64228,13112,3,03003,03003,世田谷区立砧図書館,祖師谷3-10-4,3,-99,9999
139.633035,35.622945,13112,3,03003,03003,世田谷区立玉川台図書館,玉川台1-6-15,3,-99,9999
139.622195,35.644787,13112,3,03003,03003,世田谷区立桜丘図書館,桜丘5-14-1,3,-99,9999
139.625616,35.667574,13112,3,03003,03003,世田谷区立上北沢図書館,上北沢3-8-9,3,-99,9999
139.653889,35.620109,13112,3,03003,03003,世田谷区立深沢図書館,深沢4-33-11,3,-99,9999
139.654911,35.645884,13112,3,03003,03003,世田谷区立世田谷図書館,若林4-29-26,3,-99,9999
139.660662,35.662842,13112,3,03003,03003,世田谷区立代田図書館（休館中）,代田6-34-13,3,-99,9999
139.644334,35.637678,13112,3,03003,03003,世田谷区立中央図書館,弦巻3-16-8,3,-99,9999
139.654729,35.657442,13112,3,03003,03003,世田谷区立梅丘図書館,代田4-38-10,3,-99,9999
139.605151,35.663142,13112,3,03003,03003,世田谷区立粕谷図書館,粕谷4-13-6,3,-99,9999
139.652393,35.605738,13112,3,03003,03003,世田谷区立尾山台図書館,等々力2-17-14,3,-99,9999
139.667168,35.672212,13113,3,03003,03003,渋谷区立笹塚図書館,笹塚1-27-1,3,3,9999
139.70977,35.656472,13113,3,03003,03003,渋谷区立渋谷図書館,東1-6-6,3,2,9999
139.677723,35.674957,13113,3,03003,03003,渋谷区立西原図書館,西原2-28-9,3,3,9999
139.706166,35.672403,13113,3,03003,03003,渋谷区立中央図書館,神宮前1-4-1,3,5,9999
139.687352,35.668525,13113,3,03003,03003,渋谷区立富ケ谷図書館,上原1-46-2,3,2,9999
139.681624,35.680734,13113,3,03003,03003,渋谷区立本町図書館,本町1-33-5,3,3,9999
139.675063,35.727649,13114,3,03003,03003,(公財)東京子ども図書館,江原町1-19-10,4,-99,9999
139.669055,35.724914,13114,3,03003,03003,中野区立江古田図書館,江古田2-1-11,3,2,1986
139.639772,35.723432,13114,3,03003,03003,中野区立鷺宮図書館,鷺宮3-22-5,3,6,1979
139.67513,35.718761,13114,3,03003,03003,中野区立上高田図書館,上高田5-30-15,3,2,1988
139.67173,35.70443,13114,3,03003,03003,中野区立中央図書館,中野2-9-7,3,4,1993
139.684814,35.704576,13114,3,03003,03003,中野区立東中野図書館,東中野1-35-5,3,3,1984
139.665707,35.685372,13114,3,03003,03003,中野区立南台図書館,南台3-26-18,3,2,1978
139.677797,35.694688,13114,3,03003,03003,中野区立本町図書館,本町2-13-2,3,2,1968
139.654275,35.717426,13114,3,03003,03003,中野区立野方図書館,野方3-19-5,3,3,1969
139.633251,35.711687,13115,3,03003,03003,杉並区立阿佐谷図書館,阿佐谷北3-36-14,3,-99,1993
139.64076,35.680747,13115,3,03003,03003,杉並区立永福図書館,永福4-25-7,3,-99,1965
139.623248,35.720896,13115,3,03003,03003,杉並区立下井草図書館,下井草3-26-5,3,2,1997
139.612101,35.720259,13115,3,03003,03003,杉並区立柿木図書館,上井草1-6-13,3,-99,1965
139.598902,35.693138,13115,3,03003,03003,杉並区立宮前図書館,宮前5-5-27,3,3,1972
139.622945,35.68101,13115,3,03003,03003,杉並区立高井戸図書館,高井戸東1-28-1,3,2,1998
139.654111,35.700353,13115,3,03003,03003,杉並区立高円寺図書館,高円寺南2-36-25,3,-99,2008
139.63754,35.695098,13115,3,03003,03003,杉並区立成田図書館,成田東3-28-5,3,2,9999
139.605956,35.707813,13115,3,03003,03003,杉並区立西荻図書館,西荻北2-33-9,3,-99,1990
139.626791,35.701992,13115,3,03003,03003,杉並区立中央図書館,荻窪3-40-23,3,-99,1982
139.614486,35.695021,13115,3,03003,03003,杉並区立南荻窪図書館,南荻窪1-10-2,3,-99,1993
139.665175,35.69001,13115,3,03003,03003,立正佼成会付属佼成図書文書館,和田1-2-1,4,-99,1953
139.747507,35.737296,13116,3,03003,03003,豊島区立駒込図書館,駒込2-2-2,3,-99,9999
139.71386,35.719675,13116,3,03003,03003,豊島区立雑司が谷図書館,雑司が谷3-1-7,3,-99,9999
139.717028,35.738525,13116,3,03003,03003,豊島区立上池袋図書館,上池袋2-45-15,3,-99,9999
139.688431,35.735601,13116,3,03003,03003,豊島区立千早図書館,千早2-44-2,3,-99,9999
139.733132,35.733958,13116,3,03003,03003,豊島区立巣鴨図書館,巣鴨3-8-2,3,-99,9999
139.705846,35.735928,13116,3,03003,03003,豊島区立池袋図書館,池袋3-29-10,3,-99,9999
139.718902,35.726944,13116,3,03003,03003,豊島区立中央図書館,東池袋4-5-2（ライズアリーナビル4・5階）,3,-99,9999
139.698845,35.725719,13116,3,03003,03003,豊島区立目白図書館,目白4-31-8,3,-99,9999
139.751379,35.749496,13117,3,03003,03003,北区立昭和町図書館,昭和町3-10-7,3,-99,9999
139.718412,35.760394,13117,3,03003,03003,北区立上十条図書館,上十条3-3-9,3,-99,9999
139.730989,35.771349,13117,3,03003,03003,北区立神谷図書館,神谷3-35-17,3,-99,9999
139.723769,35.777741,13117,3,03003,03003,北区立赤羽図書館,赤羽南1-13-1,3,-99,9999
139.71049,35.775474,13117,3,03003,03003,北区立赤羽西図書館,赤羽西5-7-5,3,-99,9999
139.712799,35.78722,13117,3,03003,03003,北区立赤羽北図書館,赤羽北1-18-1-111,3,-99,9999
139.747489,35.743399,13117,3,03003,03003,北区立滝野川図書館,西ヶ原1-23-3,3,-99,9999
139.725907,35.745673,13117,3,03003,03003,北区立滝野川西図書館,滝野川6-21-25,3,-99,9999
139.729053,35.756281,13117,3,03003,03003,北区立中央図書館,十条台1-2-5,3,3,9999
139.756793,35.734369,13117,3,03003,03003,北区立田端図書館,田端3-16-2,3,-99,9999
139.728626,35.765054,13117,3,03003,03003,北区立東十条図書館,東十条3-2-14,3,-99,9999
139.764928,35.740528,13117,3,03003,03003,北区立東田端図書館,田端新町2-14-15,3,-99,9999
139.702787,35.789982,13117,3,03003,03003,北区立浮間図書館,浮間1-8-2-102,3,-99,9999
139.747862,35.760436,13117,3,03003,03003,北区立豊島図書館,豊島3-27-22,3,-99,9999
139.780936,35.737322,13118,3,03003,03003,荒川区立荒川図書館,荒川4-27-2,3,2,1962
139.779011,35.75128,13118,3,03003,03003,荒川区立町屋図書館,町屋5-11-18,3,3,1976
139.795418,35.737461,13118,3,03003,03003,荒川区立南千住図書館,南千住6-63-1,3,4,1998
139.775039,35.731161,13118,3,03003,03003,荒川区立日暮里図書館,東日暮里6-38-4,3,2,1979
139.76454,35.752263,13118,3,03003,03003,荒川区立尾久図書館,西尾久3-12-12,3,3,1971
139.659118,35.787451,13119,3,03003,03003,板橋区立高島平図書館,高島平3-13-1,3,-99,9999
139.699873,35.7732,13119,3,03003,03003,板橋区立志村図書館,小豆沢1-8-1,3,-99,9999
139.680974,35.745589,13119,3,03003,03003,板橋区立小茂根図書館,小茂根1-6-2,3,-99,9999
139.63224,35.778604,13119,3,03003,03003,板橋区立成増図書館,成増3-13-1,3,-99,9999
139.702155,35.766452,13119,3,03003,03003,板橋区立清水図書館,泉町16-16,3,-99,2010
139.668886,35.773979,13119,3,03003,03003,板橋区立西台図書館,西台3-13-2,3,-99,9999
139.644805,35.778708,13119,3,03003,03003,板橋区立赤塚図書館,赤塚6-38-1,3,-99,2011
139.69149,35.760046,13119,3,03003,03003,板橋区立中央図書館,常盤台1-13-1,3,-99,9999
139.71579,35.754431,13119,3,03003,03003,板橋区立東板橋図書館,加賀1-10-15,3,-99,9999
139.704861,35.75315,13119,3,03003,03003,板橋区立氷川図書館,氷川町28-9,3,-99,9999
139.676587,35.788913,13119,3,03003,03003,板橋区立蓮根図書館,蓮根3-15-1-101,3,-99,9999
139.609211,35.76532,13120,3,03003,03003,練馬区立稲荷山図書館,大泉町1-3-18,3,-99,9999
139.636117,35.73698,13120,3,03003,03003,練馬区立貫井図書館,貫井1-36-16,3,-99,9999
139.580415,35.720932,13120,3,03003,03003,練馬区立関町図書館,関町南3-11-2,3,-99,9999
139.630052,35.763197,13120,3,03003,03003,練馬区立光が丘図書館,光が丘4-1-5,3,-99,9999
139.639383,35.751329,13120,3,03003,03003,練馬区立春日町図書館,春日町5-31-2-201,3,-99,9999
139.675958,35.741905,13120,3,03003,03003,練馬区立小竹図書館,小竹町2-43-1,3,-99,9999
139.599402,35.73641,13120,3,03003,03003,練馬区立石神井図書館,石神井台1-16-31,3,-99,9999
139.587102,35.760599,13120,3,03003,03003,練馬区立大泉図書館,大泉学園町2-21-17,3,-99,9999
139.574862,35.743364,13120,3,03003,03003,練馬区立南大泉図書館,南大泉1-44-7,3,-99,9999
139.664727,35.760074,13120,3,03003,03003,練馬区立平和台図書館,平和台1-36-17,3,-99,9999
139.651898,35.734224,13120,3,03003,03003,練馬区立練馬図書館,豊玉北6-8-1,3,-99,9999
139.80973,35.772274,13121,3,03003,03003,足立区立やよい図書館,中央本町3-15-1,3,-99,9999
139.780982,35.791178,13121,3,03003,03003,足立区立伊興図書館,伊興2-4-22,3,-99,9999
139.807496,35.80283,13121,3,03003,03003,足立区立花畑図書館,花畑4-16-8,3,-99,9999
139.75467,35.758929,13121,3,03003,03003,足立区立宮城コミュニティ図書館,宮城1-15-14,3,-99,9999
139.782342,35.768281,13121,3,03003,03003,足立区立興本図書館,興野1-18-38,3,-99,9999
139.760173,35.775882,13121,3,03003,03003,足立区立江北図書館,江北3-39-4,3,-99,9999
139.840204,35.788097,13121,3,03003,03003,足立区立佐野図書館,佐野2-43-5,3,-99,9999
139.758331,35.78393,13121,3,03003,03003,足立区立鹿浜図書館,鹿浜6-8-1,3,-99,9999
139.773231,35.805992,13121,3,03003,03003,足立区立舎人図書館,舎人1-3-26,3,-99,9999
139.808259,35.746933,13121,3,03003,03003,足立区立常東コミュニティ図書館,千住旭町9-16,3,-99,9999
139.738043,35.77142,13121,3,03003,03003,足立区立新田コミュニティ図書館,新田2-2-2,3,-99,9999
139.794681,35.792614,13121,3,03003,03003,足立区立竹の塚図書館,竹の塚2-25-17,3,-99,9999
139.802405,35.756423,13121,3,03003,03003,足立区立中央図書館,千住5-13-5,3,-99,9999
139.839591,35.771078,13121,3,03003,03003,足立区立東和図書館,東和3-12-9,3,-99,9999
139.80069,35.768349,13121,3,03003,03003,足立区立梅田図書館,梅田7-13-1,3,-99,9999
139.816078,35.786715,13121,3,03003,03003,足立区立保塚図書館,保塚町7-16,3,-99,9999
139.838686,35.751245,13122,3,03003,03003,葛飾区立お花茶屋図書館,お花茶屋2-1-15,3,-99,9999
139.862456,35.761455,13122,3,03003,03003,葛飾区立新宿図書センター,新宿3-7-1,3,-99,9999
139.875361,35.745214,13122,3,03003,03003,葛飾区立鎌倉図書館,鎌倉2-4-5,3,-99,9999
139.846007,35.759173,13122,3,03003,03003,葛飾区立亀有図書館,亀有1-17-5,3,-99,9999
139.834086,35.736996,13122,3,03003,03003,葛飾区立四つ木地区図書館,四つ木4-8-1,3,-99,9999
139.861845,35.722968,13122,3,03003,03003,葛飾区立上小松図書館,東新小岩3-12-1,3,-99,9999
139.867542,35.778795,13122,3,03003,03003,葛飾区立水元図書館,東水元1-7-3,3,-99,9999
139.849068,35.784975,13122,3,03003,03003,葛飾区立西水元地区図書館,西水元2-2-8,3,-99,9999
139.854323,35.750116,13122,3,03003,03003,葛飾区立青戸地区図書館,青戸5-20-6,3,-99,9999
139.845679,35.737157,13122,3,03003,03003,葛飾区立立石図書館,立石1-9-11,3,-99,9999
139.870858,35.675494,13123,3,03003,03003,江戸川区立葛西図書館,江戸川6-24-1,3,3,1974
139.889763,35.709462,13123,3,03003,03003,江戸川区立鹿骨コミュニティ図書館,鹿骨1-54-2,3,-99,9999
139.902933,35.705419,13123,3,03003,03003,江戸川区立篠崎図書館,篠崎町7-20-19,3,-99,9999
139.890427,35.731263,13123,3,03003,03003,江戸川区立小岩図書館,東小岩3-6-9,3,4,9999
139.850936,35.701477,13123,3,03003,03003,江戸川区立小松川図書館,平井1-11-26,3,3,9999
139.87106,35.696916,13123,3,03003,03003,江戸川区立松江図書館,松江2-1-10,3,3,9999
139.856068,35.658768,13123,3,03003,03003,江戸川区立清新町コミュニティ図書館,清新町1-2-2,3,-99,9999
139.862892,35.664839,13123,3,03003,03003,江戸川区立西葛西図書館,西葛西5-10-47,3,3,9999
139.869747,35.710539,13123,3,03003,03003,江戸川区立中央図書館,中央3-1-3,3,4,9999
139.339965,35.658555,13201,3,03003,03003,八王子市生涯学習センター図書館,東町5-6,3,-99,9999
139.299078,35.686508,13201,3,03003,03003,八王子市川口図書館,川口町3838,3,-99,9999
139.310306,35.657312,13201,3,03003,03003,八王子市中央図書館,千人町3-3-6,3,-99,9999
139.379259,35.61188,13201,3,03003,03003,八王子市南大沢図書館,南大沢2-27,3,-99,9999
139.419023,35.688874,13202,3,03003,03003,東京都立多摩図書館,錦町6-3-1,2,-99,9999
139.416339,35.691093,13202,3,03003,03003,立川市錦図書館,錦町3-12-25,3,-99,1985
139.418458,35.725776,13202,3,03003,03003,立川市幸図書館,幸町5-83-1,3,-99,1978
139.41903,35.703118,13202,3,03003,03003,立川市高松図書館,高松町3-22-5,3,-99,1980
139.406752,35.696656,13202,3,03003,03003,立川市柴崎図書館,柴崎町1-1-43,3,-99,1978
139.439191,35.720189,13202,3,03003,03003,立川市若葉図書館,若葉町3-34-1,3,-99,1986
139.391741,35.720701,13202,3,03003,03003,立川市上砂図書館,上砂町1-13-1,3,-99,2000
139.372243,35.729544,13202,3,03003,03003,立川市西砂図書館,西砂町6-12-10,3,-99,1978
139.393247,35.691178,13202,3,03003,03003,立川市多摩川図書館,富士見町6-51-1,3,-99,1979
139.414071,35.70228,13202,3,03003,03003,立川市中央図書館,曙町2-36-2（ファーレ立川センタースクエア内）,3,-99,1995
139.582247,35.704996,13203,3,03003,03003,武蔵野市立吉祥寺図書館,吉祥寺本町1-21-13,3,-99,9999
139.566218,35.712536,13203,3,03003,03003,武蔵野市立中央図書館,吉祥寺北町4-8-3,3,2,9999
139.565321,35.688799,13204,3,03003,03003,三鷹市立下連雀図書館,下連雀6-13-13,3,-99,1972
139.562992,35.699519,13204,3,03003,03003,三鷹市立三鷹駅前図書館,下連雀3-13-10,3,-99,9999
139.558098,35.685241,13204,3,03003,03003,三鷹市立三鷹図書館,上連雀8-3-3,3,-99,9999
139.53578,35.680964,13204,3,03003,03003,三鷹市立西部図書館,大沢2-6-47,3,-99,9999
139.578613,35.682731,13204,3,03003,03003,三鷹市立東部図書館,牟礼5-8-16,3,-99,9999
139.293606,35.77848,13205,3,03003,03003,青梅市河辺図書館,河辺町6-18-1,3,-99,9999
139.310613,35.806439,13205,3,03003,03003,青梅市今井図書館,今井2-908-1,3,-99,9999
139.275142,35.818057,13205,3,03003,03003,青梅市小曾木図書館,小曾木3-1656-1,3,-99,9999
139.304917,35.786051,13205,3,03003,03003,青梅市新町図書館,新町4-17-1,3,-99,9999
139.248546,35.824423,13205,3,03003,03003,青梅市成木図書館,成木4-644,3,-99,9999
139.291185,35.79679,13205,3,03003,03003,青梅市大門図書館,大門2-288,3,-99,9999
139.196611,35.804731,13205,3,03003,03003,青梅市沢井図書館,沢井2-682,3,-99,9999
139.256477,35.791118,13205,3,03003,03003,青梅市青梅図書館,仲町268-9,3,-99,9999
139.268532,35.780373,13205,3,03003,03003,青梅市長淵図書館,長淵6-492-1,3,-99,9999
139.282359,35.790852,13205,3,03003,03003,青梅市東青梅図書館,師岡町3-9-6,3,-99,9999
139.224449,35.786814,13205,3,03003,03003,青梅市梅郷図書館,梅郷3-749-1,3,-99,9999
139.518109,35.653541,13206,3,03003,03003,府中市立押立図書館,押立町5-4,3,-99,9999
139.509026,35.676611,13206,3,03003,03003,府中市立紅葉丘図書館,紅葉丘2-1,3,-99,9999
139.445557,35.665181,13206,3,03003,03003,府中市立四谷図書館,四谷2-75,3,-99,9999
139.460293,35.660277,13206,3,03003,03003,府中市立住吉図書館,住吉町1-61,3,-99,9999
139.489612,35.687113,13206,3,03003,03003,府中市立新町図書館,新町1-66,3,-99,9999
139.495473,35.660814,13206,3,03003,03003,府中市立是政図書館,是政2-20,3,-99,9999
139.456213,35.670937,13206,3,03003,03003,府中市立西府図書館,西府町1-10,3,-99,9999
139.483901,35.675963,13206,3,03003,03003,府中市立中央図書館,府中町2-24,3,-99,9999
139.506251,35.666992,13206,3,03003,03003,府中市立白糸台図書館,白糸台1-60,3,-99,9999
139.496442,35.678874,13206,3,03003,03003,府中市立生涯学習センター図書館,浅間町1-7,3,-99,9999
139.461396,35.688537,13206,3,03003,03003,府中市立武蔵台図書館,武蔵台2-2,3,-99,9999
139.469457,35.670579,13206,3,03003,03003,府中市立片町図書館,片町2-17,3,-99,9999
139.385166,35.705317,13207,3,03003,03003,昭島市民図書館,東町2-6-33,3,-99,9999
139.357904,35.713229,13207,3,03003,03003,昭島市民図書館昭和分館,松原町1-2-25,3,-99,9999
139.344595,35.714182,13207,3,03003,03003,昭島市民図書館緑分館,緑町4-13-26,3,-99,9999
139.52481,35.651386,13208,3,03003,03003,調布市立図書館宮の下分館,上石原3-34-10,3,-99,1972
139.560271,35.650866,13208,3,03003,03003,調布市立図書館国領分館,国領町3-12-1,3,-99,1969
139.556182,35.658599,13208,3,03003,03003,調布市立図書館佐須分館,佐須町4-42-2,3,-99,1982
139.583977,35.654955,13208,3,03003,03003,調布市立図書館若葉分館,若葉町3-16-13,3,-99,1975
139.550413,35.678111,13208,3,03003,03003,調布市立図書館深大寺分館,深大寺北町5-17-3,3,-99,2011
139.569958,35.660712,13208,3,03003,03003,調布市立図書館神代分館,西つつじヶ丘1-40-5,3,-99,1971
139.556435,35.63964,13208,3,03003,03003,調布市立図書館染地分館,染地3-3-1,3,-99,1980
139.573452,35.651569,13208,3,03003,03003,調布市立図書館調和分館,西つつじヶ丘4-22-6,3,-99,2002
139.53932,35.658427,13208,3,03003,03003,調布市立図書館富士見分館,富士見町2-3-26,3,-99,1974
139.585566,35.667296,13208,3,03003,03003,調布市立図書館緑ケ丘分館,緑ヶ丘2-25,3,-99,1974
139.541045,35.651012,13208,3,03003,03003,調布市立中央図書館,小島町2-33-1,3,-99,9999
139.44415,35.551428,13209,3,03003,03003,町田市立さるびあ図書館,中町2-13-23,3,-99,9999
139.46577,35.533265,13209,3,03003,03003,町田市立金森図書館,金森東3-5-1,3,-99,9999
139.333433,35.604266,13209,3,03003,03003,町田市立堺図書館,相原町795-1,3,-99,9999
139.45027,35.540467,13209,3,03003,03003,町田市立中央図書館,原町田3-2-9,3,-99,9999
139.469116,35.590566,13209,3,03003,03003,町田市立鶴川図書館,鶴川6-7-2（1-101）,3,-99,9999
139.436707,35.5684,13209,3,03003,03003,町田市立木曽山崎図書館,山崎町2160,3,-99,9999
139.510606,35.697693,13210,3,03003,03003,小金井市立図書館,本町1-1-32,3,-99,9999
139.476345,35.727752,13211,3,03003,03003,小平市中央図書館,小川町2-1325,3,-99,9999
139.514062,35.727946,13211,3,03003,03003,小平市立花小金井図書館,花小金井1-8-1,3,-99,9999
139.490865,35.717335,13211,3,03003,03003,小平市立喜平図書館,喜平町3-3-18,3,-99,9999
139.461772,35.735111,13211,3,03003,03003,小平市立小川西町図書館,小川西町4-10-13,3,-99,9999
139.439578,35.730144,13211,3,03003,03003,小平市立上宿図書館,小川町1-345,3,-99,9999
139.497145,35.73551,13211,3,03003,03003,小平市立大沼図書館,大沼町7-1-17,3,-99,9999
139.485003,35.731029,13211,3,03003,03003,小平市立仲町図書館（休館中）,仲町145,3,-99,9999
139.470036,35.720738,13211,3,03003,03003,小平市立津田図書館,津田町3-11-1,3,-99,9999
139.413439,35.658846,13212,3,03003,03003,日野市立高幡図書館,三沢4-1-12,3,-99,1980
139.382446,35.663559,13212,3,03003,03003,日野市立多摩平図書館,多摩平2-9,3,-99,2004
139.382272,35.656119,13212,3,03003,03003,日野市立中央図書館,豊田2-49,3,-99,1973
139.399517,35.678771,13212,3,03003,03003,日野市立日野図書館,日野本町7-5-14,3,2,2005
139.430929,35.657738,13212,3,03003,03003,日野市立百草図書館,百草204-1,3,-99,1990
139.380411,35.647145,13212,3,03003,03003,日野市立平山図書館,平山5-18-2,3,-99,2008
139.452059,35.759579,13213,3,03003,03003,東村山市立廻田図書館,廻田町4-19-1,3,-99,1992
139.48668,35.771097,13213,3,03003,03003,東村山市立秋津図書館,秋津町2-17-10,3,-99,1988
139.467945,35.755398,13213,3,03003,03003,東村山市立中央図書館,本町1-1-10,3,-99,1974
139.478659,35.741577,13213,3,03003,03003,東村山市立萩山図書館,萩山町2-13-1,3,-99,1981
139.461283,35.744076,13213,3,03003,03003,東村山市立富士見図書館,富士見町1-7-35,3,-99,1979
139.483051,35.692103,13214,3,03003,03003,国分寺市立もとまち図書館,東元町2-3-13,3,-99,9999
139.442834,35.707719,13214,3,03003,03003,国分寺市立光図書館,光町3-13-19,3,-99,9999
139.453236,35.715879,13214,3,03003,03003,国分寺市立並木図書館,並木町2-12-3,3,-99,9999
139.482337,35.705356,13214,3,03003,03003,国分寺市立本多図書館,本多1-7-1,3,-99,9999
139.46424,35.707747,13214,3,03003,03003,国分寺市立恋ケ窪図書館,西恋ヶ窪4-12-8,3,-99,9999
139.443784,35.685666,13215,3,03003,03003,くにたち中央図書館,富士見台2-34,3,3,9999
139.431693,35.699092,13215,3,03003,03003,くにたち北市民プラザ図書館,北3-1-1（9-1F）,3,-99,9999
139.320905,35.746191,13218,3,03003,03003,福生市立わかぎり図書館,福生1280-1,3,-99,9999
139.335033,35.718147,13218,3,03003,03003,福生市立わかたけ図書館,熊川199-1,3,-99,9999
139.337522,35.732089,13218,3,03003,03003,福生市立中央図書館,熊川850-1,3,-99,9999
139.333907,35.746886,13218,3,03003,03003,福生市立武蔵野台図書館,武蔵野台1-12-2,3,-99,9999
139.578746,35.634867,13219,3,03003,03003,狛江市立中央図書館,和泉本町1-1-5,3,-99,9999
139.420043,35.733789,13220,3,03003,03003,東大和市立桜が丘図書館,桜が丘3-44-13,3,-99,9999
139.426583,35.74537,13220,3,03003,03003,東大和市立中央図書館,中央3-930,3,-99,9999
139.520465,35.773161,13221,3,03003,03003,清瀬市立駅前図書館,元町1-4-5（クレア4F）,3,-99,9999
139.533241,35.797527,13221,3,03003,03003,清瀬市立下宿図書館,下宿2-524-1,3,-99,9999
139.519566,35.77465,13221,3,03003,03003,清瀬市立元町こども図書館,元町1-6-6,3,-99,9999
139.51154,35.765864,13221,3,03003,03003,清瀬市立竹丘図書館,竹丘1-11-1,3,-99,9999
139.511135,35.773134,13221,3,03003,03003,清瀬市立中央図書館,梅園1-1-21,3,-99,9999
139.499479,35.779177,13221,3,03003,03003,清瀬市立野塩図書館,野塩1-322-2,3,-99,9999
139.534319,35.746531,13222,3,03003,03003,東久留米市立ひばりが丘図書館,ひばりが丘団地185,3,-99,9999
139.504465,35.744877,13222,3,03003,03003,東久留米市立滝山図書館,滝山4-1-10,3,-99,9999
139.522332,35.755455,13222,3,03003,03003,東久留米市立中央図書館,中央町2-6-23,3,-99,9999
139.54099,35.764722,13222,3,03003,03003,東久留米市立東部図書館,大門町2-10-5,3,-99,9999
139.368539,35.758536,13223,3,03003,03003,武蔵村山市立三ツ木地区図書館,三ツ木2-39-2,3,-99,9999
139.375116,35.746185,13223,3,03003,03003,武蔵村山市立残堀・伊奈平地区図書館,残堀1-60-3,3,-99,9999
139.405861,35.735661,13223,3,03003,03003,武蔵村山市立大南地区図書館,大南5-1-69,3,-99,9999
139.382932,35.754541,13223,3,03003,03003,武蔵村山市立中久保図書館,本町2-77-1,3,-99,9999
139.400764,35.756953,13223,3,03003,03003,武蔵村山市立中藤地区図書館,中藤3-16,3,-99,9999
139.40016,35.745393,13223,3,03003,03003,武蔵村山市立雷塚図書館,学園4-4,3,-99,9999
139.448372,35.628227,13224,3,03003,03003,多摩市立永山図書館,永山1-5,3,-99,9999
139.445946,35.651598,13224,3,03003,03003,多摩市立関戸図書館,関戸1-1-5,3,-99,9999
139.425116,35.617573,13224,3,03003,03003,多摩市立図書館,落合2-29,3,-99,2008
139.458014,35.630953,13224,3,03003,03003,多摩市立聖ケ丘図書館,聖ヶ丘2-21-1,3,-99,9999
139.437707,35.643289,13224,3,03003,03003,多摩市立東寺方図書館,東寺方626-7,3,-99,9999
139.434697,35.614507,13224,3,03003,03003,多摩市立豊ケ丘図書館,豊ヶ丘5-6,3,-99,9999
139.504546,35.637924,13225,3,03003,03003,稲城市立第一図書館,東長沼2111,3,-99,9999
139.49249,35.613069,13225,3,03003,03003,稲城市立第三図書館,平尾1-20-5,3,-99,9999
139.505452,35.645937,13225,3,03003,03003,稲城市立第四図書館,東長沼271,3,-99,9999
139.518768,35.634978,13225,3,03003,03003,稲城市立第二図書館,矢野口1780,3,-99,9999
139.316658,35.764343,13227,3,03003,03003,羽村市図書館,緑ヶ丘2-11-2,3,-99,9999
139.222338,35.729846,13228,3,03003,03003,あきる野市五日市図書館,五日市368,3,-99,9999
139.543361,35.75144,13229,3,03003,03003,西東京市ひばりが丘図書館,ひばりが丘1-2-1,3,-99,9999
139.528131,35.73267,13229,3,03003,03003,西東京市芝久保図書館,芝久保町5-4-48,3,-99,9999
139.543946,35.74118,13229,3,03003,03003,西東京市谷戸図書館,谷戸町1-17-2,3,-99,9999
139.537778,35.726039,13229,3,03003,03003,西東京市中央図書館,南町5-6-11,3,-99,9999
139.553132,35.728003,13229,3,03003,03003,西東京市柳沢図書館,柳沢1-15-1,3,-99,9999
139.356841,35.774652,13303,3,03003,03003,瑞穂町図書館,大字石畑1962,3,-99,9999
139.257434,35.74211,13305,3,03003,03003,日の出町立図書館,平井2780,3,-99,9999
139.143512,35.730808,13307,3,03003,03003,檜原村立図書館,621-1,3,-99,9999
139.149709,35.815209,13308,3,03003,03003,奥多摩町立古里図書館,小丹波82,3,-99,9999
139.0973,35.808768,13308,3,03003,03003,奥多摩町立氷川図書館,氷川199-ロ,3,-99,9999
139.737364,35.588632,13109,3,03004,03004,しながわ水族館,勝島3-2-1（しながわ区民公園内）,3,1,1991
139.720013,35.728856,13116,3,03004,03004,サンシャイン水族館,東池袋3-1-3（サンシャインシティワールドインポートマートビル10階）,4,-99,2011
139.862177,35.640191,13123,3,03004,03004,東京都葛西臨海水族園,臨海町6-2-3,2,3,1989
139.721312,35.636007,13103,3,03005,03005,独立行政法人国立科学博物館附属自然教育園,白金台5-21-5,0,-99,1949
139.744433,35.72001,13105,3,03005,03005,東京大学大学院理学系研究科附属植物園,白山3-7-1,0,-99,9999
139.771487,35.717289,13106,3,03005,03005,東京都恩賜上野動物園,上野公園9-83,2,-99,1882
139.830414,35.650159,13108,3,03005,03005,東京都夢の島熱帯植物園,夢の島2-1-2,2,-99,1988
139.664093,35.791875,13119,3,03005,03005,板橋区立熱帯環境植物館,高島平8-29-2,3,2,1994
139.807169,35.792459,13121,3,03005,03005,足立区生物園,保木間2-17-1,3,-99,1993
139.859066,35.671867,13123,3,03005,03005,江戸川区自然動物園,北葛西3-2-1（区立行船公園内）,3,-99,1983
139.279012,35.646281,13201,3,03005,03005,独立行政法人森林総合研究所多摩森林科学園,廿里町1833-81,0,-99,1992
139.570838,35.700786,13203,3,03005,03005,東京都井の頭自然文化園,御殿山1-17-6,2,-99,2005
139.545993,35.672145,13208,3,03005,03005,東京都神代植物公園,深大寺元町5-31-10,2,-99,1961
139.43527,35.732734,13211,3,03005,03005,東京都薬用植物園,中島町21-1,2,-99,1946
139.401771,35.65187,13212,3,03005,03005,東京都多摩動物公園,程久保7-1-1,2,-99,1958
139.471868,35.693716,13214,3,03005,03005,国分寺万葉植物園,西元町1-13-16（国分寺境内）,4,-99,9999
139.329054,35.766054,13227,3,03005,03005,羽村市動物公園,羽4122,3,-99,1978
139.797929,35.714512,13106,3,99999,03001,アミューズ・ミュージアム,浅草2-34-3,4,-99,2009
139.742694,35.577129,13111,3,99999,03002,大田区立大森・海苔のふるさと館,平和の森公園2-2,3,3,2008
139.712573,35.656398,13113,3,99999,03002,白根記念渋谷区郷土博物館・文学館,東4-9-1,3,2,2005
139.796049,35.740637,13121,3,99999,03001,石洞美術館,千住橋戸町23,4,-99,2006
139.716967,35.672986,13103,3,99999,03002,先端技術館＠TEPIA,北青山2-8-44,4,-99,1989
139.776785,35.666618,13102,3,99999,03002,中央区立郷土天文館「タイムドーム明石」,明石町12-1（中央区保健所等複合施設6階）,3,-99,2005
139.729185,35.690862,13104,3,99999,03002,帝国データバンク史料館,本塩町22-8,4,9,2007
139.333805,35.615032,13201,3,99999,03001,東京造形大学附属横山記念マンズー美術館,宇津貫町1556,4,-99,1994
139.740825,35.699275,13104,3,99999,03002,東京理科大学近代科学資料館,神楽坂1-3,4,5,1991
139.749728,35.723599,13105,3,99999,03002,東洋大学井上円了記念博物館,白山5-28-20（東洋大学白山キャンパス井上記念館5号館1階）,4,-99,2005
139.72638,35.665245,13103,3,99999,03001,独立行政法人国立美術館・国立新美術館,六本木7-22-2,0,-99,2007
139.635654,35.663226,13112,3,99999,03002,日本大学文理学部資料館,桜上水3-25-40,4,-99,2006
139.396478,35.67346,13212,3,99999,03002,日野市立新選組のふるさと歴史館,神明4-16-1,3,2,2005
139.792283,35.655215,13108,3,99999,03001,平木浮世絵美術館・UKIYO-eTOKYO,豊洲2-4-9（アーバンドックららぽーと豊洲1階）,4,-99,2006
139.763302,35.678474,13101,3,99999,03001,三菱一号館美術館,丸の内2-6-2,4,3,2009
139.472833,35.69382,13214,3,99999,03002,武蔵国分寺跡資料館,西元町1-13-10,3,2,2009
139.671811,35.741894,13120,3,99999,03002,武蔵野音楽大学楽器博物館,羽沢1-13-1,4,-99,1967
139.702691,35.639387,13110,3,99999,03002,めぐろ歴史資料館,中目黒3-6-10,3,4,2008
139.879608,35.654849,13123,3,99999,03003,江戸川区立東葛西図書館,東葛西8-22-1,3,3,9999
139.900108,35.684044,13123,3,99999,03003,江戸川区立東部図書館,江戸川2-35-6,3,2,9999
139.912806,35.705706,13123,3,99999,03003,江戸川区立篠崎子ども図書館,篠崎町3-12-10,3,-99,2010
139.871408,35.767988,13122,3,99999,03003,葛飾区立中央図書館,金町6-2-1（ブライトコート3階）,3,-99,2009
139.859548,35.731422,13122,3,99999,03003,葛飾区立奥戸地区図書館,奥戸3-5-1（南奥戸小学校内）,3,-99,9999
139.716372,35.6495,13113,3,99999,03003,渋谷区立臨川みんなの図書館,広尾1-9-17,3,3,9999
139.69599,35.681983,13113,3,99999,03003,渋谷区立代々木図書館,代々木3-51-8,3,4,9999
139.699977,35.655389,13113,3,99999,03003,渋谷区立こもれび大和田図書館,桜丘町23-21（文化総合ｾﾝﾀｰ大和田2階）,3,12,2010
139.669717,35.678731,13113,3,99999,03003,渋谷区立笹塚こども図書館,笹塚3-3-1,3,4,2010
139.707074,35.705206,13104,3,99999,03003,新宿区立こども図書館,大久保3-1-1,3,-99,2013
139.660088,35.679025,13115,3,99999,03003,杉並区立方南図書館,方南1-51-2,3,-99,2005
139.599893,35.715577,13115,3,99999,03003,杉並区立今川図書館,今川4-12-10,3,2,2007
139.637864,35.651558,13112,3,99999,03003,世田谷区立経堂図書館,宮坂3-1-30,3,-99,9999
139.611139,35.737721,13120,3,99999,03003,練馬区立南田中図書館,南田中5-15-22,3,-99,9999
139.761517,35.725597,13105,3,99999,03003,文京区立本郷図書館,千駄木3-2-6,3,-99,9999
139.288782,35.730703,13228,3,99999,03003,あきる野市中央図書館,秋川1-16-2,3,-99,2007
139.315699,35.725231,13228,3,99999,03003,あきる野市東部図書館エル,野辺39-27,3,-99,2005
139.488484,35.645704,13225,3,99999,03003,稲城市立中央図書館,向陽台4-6-18,3,-99,9999
139.472165,35.621072,13225,3,99999,03003,稲城市立iプラザ図書館,若葉台2-5-2,3,-99,9999
139.285085,35.785394,13205,3,99999,03003,青梅市中央図書館,河辺町10-8-1,3,-99,9999
139.41335,35.615397,13224,3,99999,03003,多摩市立唐木田図書館,鶴牧6-14,3,-99,9999
139.567579,35.747925,13229,3,99999,03003,西東京市保谷駅前図書館,東町3-14-30（ステア4階）,3,-99,9999
139.447206,35.740807,13220,3,99999,03003,東大和市清原図書館,清原4-1,3,-99,9999
139.47868,35.668846,13206,3,99999,03003,府中市立宮町図書館,宮町3-1,3,-99,9999
139.543709,35.701127,13203,3,99999,03003,武蔵野市立ひと・まち情報創造館・武蔵野プレイス,境南町2-3-18,3,-99,2011
139.744247,35.67843,13101,3,99999,03003,国会図書館,永田町1-10-1,1,6,9999
139.711176,35.710083,13104,3,99999,03003,社会福祉法人日本盲人会連合点字図書館,西早稲田2-18-2,4,-99,9999
139.81385,35.687524,13108,3,99999,03003,青年文化協会友愛点字図書館（休館中）,住吉2-1-14（芙蓉ビル103）,4,-99,9999
139.708398,35.707869,13104,3,99999,03003,東京ヘレン・ケラー協会点字図書館,大久保3-14-20,4,-99,1974
139.704712,35.71089,13104,3,99999,03003,日本点字図書館,高田馬場1-23-4,4,-99,9999
139.81673,35.656635,13108,3,99999,03003,ロゴス点字図書館,潮見2-10-10（日本カトリック会館内）,4,-99,9999
139.819282,35.71719,13107,3,99999,03003,墨田区立ひきふね図書館,京島1-36-5,3,-99,2013
139.773793,35.719613,13106,3,99999,03003,国会図書館国際子ども図書館,上野公園12-49,1,3,2002
139.568847,35.675093,13204,3,99999,03003,アジア・アフリカ図書館,新川5-14-16,4,-99,9999
139.534372,35.688012,13204,3,99999,03003,東京神学大学図書館,大沢3-10-30,4,-99,1949
139.565665,35.676844,13204,3,99999,03003,杏林大学医学図書館,新川6-20-2,4,4,9999
139.534997,35.688649,13204,3,99999,03003,ルーテル学院大学図書館,大沢3-10-20,4,-99,9999
139.63632,35.614488,13112,3,99999,03003,多摩美術大学上野毛図書館,上野毛3-15-34,4,-99,9999
139.59049,35.676479,13112,3,99999,03003,日本女子体育大学附属図書館,北烏山8-19-1,4,-99,9999
139.65105,35.613912,13112,3,99999,03003,東京都市大学等々力キャンパス図書館,等々力8-9-18,4,2,9999
139.600435,35.642007,13112,3,99999,03003,成城大学図書館,成城6-1-20,4,-99,9999
139.649008,35.621777,13112,3,99999,03003,日本体育大学・日本体育大学女子短期大学部世田谷キャンパス図書館,深沢7-1-1,4,-99,9999
139.653532,35.647497,13112,3,99999,03003,国士舘大学中央図書館,世田谷4-28-1,4,-99,1998
139.650418,35.598291,13112,3,99999,03003,東京都市大学世田谷キャンパス図書館,玉堤1-28-1,4,4,9999
139.635657,35.663267,13112,3,99999,03003,日本大学文理学部図書館,桜上水3-25-40,4,-99,9999
139.661593,35.613727,13112,3,99999,03003,自由が丘産能短期大学図書館,等々力6-39-15,4,-99,9999
139.657123,35.628806,13112,3,99999,03003,駒澤大学図書館,駒沢1-23-1,4,-99,9999
139.633353,35.641435,13112,3,99999,03003,東京農業大学世田谷学術情報センター図書館,桜丘1-1-1,4,-99,9999
139.76494,35.663394,13102,3,99999,03003,建設産業図書館,築地5-5-12（浜離宮建設プラザ1階）,4,-99,2002
139.779361,35.680661,13102,3,99999,03003,証券図書館（東京）,日本橋茅場町1-5-8（東京証券会館3階）,4,-99,9999
139.775387,35.667857,13102,3,99999,03003,聖路加看護大学図書館,明石町10-1,4,-99,9999
139.679679,35.693481,13114,3,99999,03003,東京工芸大学中野図書館,本町2-9-5,4,-99,9999
139.659673,35.707078,13114,3,99999,03003,明治大学中野図書館,中野4-21-1,4,-99,9999
139.305713,35.711041,13201,3,99999,03003,杏林大学人文・社会科学図書館,宮下町476,4,-99,9999
139.305992,35.709709,13201,3,99999,03003,杏林大学保健学図書館,宮下町476,4,-99,9999
139.340966,35.625465,13201,3,99999,03003,東京工科大学メディアセンター図書館,片倉町1404-1,4,-99,9999
139.289632,35.661262,13201,3,99999,03003,共立女子大学・共立女子短期大学八王子図書館,元八王子町1-710,4,-99,9999
139.334766,35.693794,13201,3,99999,03003,東京純心女子大学図書館,滝山町2-600,4,-99,9999
139.342352,35.621236,13201,3,99999,03003,山野美容芸術短期大学図書館,鑓水530,4,-99,9999
139.404817,35.642218,13201,3,99999,03003,中央大学中央図書館,東中野742-1,4,-99,9999
139.328805,35.688813,13201,3,99999,03003,創価大学中央図書館,丹木町1-236,4,-99,9999
139.329566,35.688197,13201,3,99999,03003,創価大学工学部図書館「フレイザー図書館」,丹木町1-236,4,-99,9999
139.298893,35.639624,13201,3,99999,03003,東京工業高等専門学校図書館,椚田町1220-2,0,-99,9999
139.351153,35.611528,13201,3,99999,03003,多摩美術大学八王子図書館,鑓水2-1723,4,-99,9999
139.380088,35.618358,13201,3,99999,03003,首都大学東京図書館本館,南大沢1-1,0,-99,9999
139.768176,35.698074,13101,3,99999,03003,損害保険事業総合研究所図書館,神田淡路町2-9,4,-99,9999
139.75161,35.673832,13101,3,99999,03003,農林水産省図書館,霞が関1-2-1,1,-99,9999
139.753072,35.673231,13101,3,99999,03003,厚生労働省図書館,霞が関1-2-2（中央合同庁舎第5号館19階）,1,-99,9999
139.753072,35.673303,13101,3,99999,03003,環境省図書館,霞が関1-2-2（中央合同庁舎5号館19階）,1,-99,9999
139.73879,35.681136,13101,3,99999,03003,防災専門図書館,平河町2-4-1（日本都市センター会館8階）,4,-99,9999
139.753583,35.676676,13101,3,99999,03003,国会図書館支部法務図書館,霞が関1-1-1（法務省内中央合同庁舎6号館赤れんが棟2階）,1,-99,9999
139.748664,35.671386,13101,3,99999,03003,教育政策研究所教育研究情報センター教育図書館,霞ヶ関3-2-2,1,-99,9999
139.756222,35.694275,13101,3,99999,03003,教育図書館,一ツ橋2-6-2（日本教育会館内）,4,-99,9999
139.763245,35.697866,13101,3,99999,03003,日本大学歯学部図書館,神田駿河台1-8-13,4,-99,9999
139.757985,35.699996,13101,3,99999,03003,日本大学経済学部図書館（休館中）,西神田1-2-5,4,-99,9999
139.745756,35.692305,13101,3,99999,03003,二松學舍大学附属九段図書館,三番町6-16,4,-99,9999
139.742929,35.690883,13101,3,99999,03003,大妻女子大学図書館千代田校本館,三番町12,4,-99,9999
139.764663,35.69757,13101,3,99999,03003,日本大学理工学部駿河台図書館,神田駿河台1-8-14,4,3,9999
139.74224,35.6915,13101,3,99999,03003,東京家政学院大学附属図書館大江記念三番町図書館,三番町22,4,-99,9999
139.754818,35.701392,13101,3,99999,03003,東京歯科大学水道橋図書館,三崎町2-9-18,4,-99,9999
139.754654,35.699236,13101,3,99999,03003,日本大学法学部図書館,三崎町2-3-1,4,-99,2004
139.756521,35.693512,13101,3,99999,03003,共立女子大学・共立女子短期大学中央図書館,一ツ橋2-2-1,4,-99,9999
139.74581,35.697728,13101,3,99999,03003,日本歯科大学生命歯学部図書館,富士見1-9-20,4,-99,9999
139.761409,35.697355,13101,3,99999,03003,明治大学中央図書館,神田駿河台1-1,4,-99,9999
139.714114,35.820886,13106,3,99999,03003,台東区立東浅草なかよし図書館,東浅草2-27-19（台東区立東浅草小学校内）,3,-99,9999
139.789702,35.703826,13106,3,99999,03003,台東区立くらまえオレンジ図書館,蔵前4-14-6（環境ふれあい館ひまわり6階）,3,-99,2012
139.772307,35.718736,13106,3,99999,03003,東京芸術大学附属図書館上野本館,上野公園12-8,0,-99,9999
139.716211,35.630362,13109,3,99999,03003,杉野服飾大学附属図書館,上大崎4-6-9,4,-99,9999
139.722976,35.621433,13109,3,99999,03003,立正大学情報メディアセンター大崎図書館,大崎4-2-16,4,-99,9999
139.728141,35.627417,13109,3,99999,03003,清泉女子大学附属図書館,東五反田3-16-21,4,-99,9999
139.490246,35.698698,13214,3,99999,03003,東京経済大学図書館,南町1-7-34,4,-99,9999
139.42704,35.688368,13215,3,99999,03003,東京女子体育大学・東京女子体育短期大学図書館,富士見台4-30-1,4,-99,9999
139.443984,35.694336,13215,3,99999,03003,一橋大学附属図書館,中2-1,0,-99,9999
139.44877,35.61239,13224,3,99999,03003,国士舘大学多摩図書館,永山7-3-1,4,-99,9999
139.464483,35.631008,13224,3,99999,03003,多摩大学多摩キャンパス図書館,聖ヶ丘4-1-1,4,-99,9999
139.436533,35.608724,13224,3,99999,03003,恵泉女学園大学図書館,南野2-10-1,4,-99,9999
139.46547,35.722478,13211,3,99999,03003,津田塾大学図書館,津田町2-1-1,4,-99,1954
139.522412,35.709385,13210,3,99999,03003,法政大学小金井図書館,梶野町3-7-2,4,-99,9999
139.518704,35.699737,13210,3,99999,03003,東京農工大学小金井図書館,中町2-24-16,0,-99,9999
139.491735,35.705156,13210,3,99999,03003,東京学芸大学附属図書館,貫井北町4-1-1,0,-99,9999
139.481958,35.683448,13206,3,99999,03003,東京農工大学府中図書館,幸町3-5-8,0,-99,9999
139.520272,35.675665,13206,3,99999,03003,東京外国語大学附属図書館,朝日町3-11-1,0,-99,9999
139.76335,35.7099,13105,3,99999,03003,東京大学薬学図書館,本郷7-3-1,0,-99,9999
139.757398,35.718145,13105,3,99999,03003,文京学院大学本郷図書館,向丘1-19-1,4,-99,9999
139.740795,35.711148,13105,3,99999,03003,国際仏教学大学院大学附属図書館,春日2-8-9,4,-99,9999
139.760041,35.714386,13105,3,99999,03003,東京大学工学・情報理工学図書館,本郷7-3-1,0,-99,9999
139.757612,35.704727,13105,3,99999,03003,東洋学園大学本郷キャンパス図書館,本郷1-26-3,4,-99,9999
139.720886,35.716805,13105,3,99999,03003,日本女子大学目白図書館,目白台2-8-1,4,-99,9999
139.761223,35.710566,13105,3,99999,03003,東京大学経済学図書館,本郷7-3-1,0,-99,9999
139.763486,35.701953,13105,3,99999,03003,東京医科歯科大学図書館,湯島1-5-45,0,-99,9999
139.761451,35.716081,13105,3,99999,03003,東京大学農学生命科学図書館,弥生1-1-1,0,-99,9999
139.763338,35.710808,13105,3,99999,03003,東京大学医学図書館,本郷7-3-1,0,-99,9999
139.750083,35.723327,13105,3,99999,03003,東洋大学附属図書館白山図書館,白山5-28-20,4,-99,9999
139.731746,35.718036,13105,3,99999,03003,お茶の水女子大学附属図書館,大塚2-1-1,0,-99,9999
139.737283,35.719584,13105,3,99999,03003,筑波大学附属大塚図書館,大塚3-29-1,0,-99,9999
139.760742,35.711874,13105,3,99999,03003,東京大学総合図書館,本郷7-3-1,0,-99,9999
139.714344,35.678668,13104,3,99999,03003,秩父宮記念スポーツ図書館（休館中）,霞ヶ丘町10-2,0,-99,9999
139.716573,35.70262,13104,3,99999,03003,国際医療研究センター図書館,戸山1-21-1,0,-99,9999
139.731317,35.694406,13104,3,99999,03003,JICA図書館,市谷本村町10-5（国際協力機構・JICA市ヶ谷ビル1階）,0,-99,9999
139.692345,35.69406,13104,3,99999,03003,東京医科大学図書館,西新宿6-7-1,4,-99,9999
139.695465,35.690408,13104,3,99999,03003,工学院大学新宿図書館,西新宿1-24-2,4,-99,9999
139.741368,35.699467,13104,3,99999,03003,東京理科大学神楽坂図書館,神楽坂1-3,4,-99,9999
139.712735,35.706934,13104,3,99999,03003,学習院女子大学図書館,戸山3-20-1,4,-99,9999
139.396426,35.671606,13212,3,99999,03003,実践女子短期大学図書館,神明1-13-1,4,-99,9999
139.367589,35.661463,13212,3,99999,03003,首都大学東京図書館日野館,旭が丘6-6,0,-99,9999
139.390205,35.671623,13212,3,99999,03003,実践女子大学図書館,大坂上4-1-1,4,-99,9999
139.637544,35.682963,13115,3,99999,03003,高千穂大学図書館,大宮2-19-1,4,-99,9999
139.588672,35.693099,13115,3,99999,03003,立教女学院短期大学図書館,久我山4-29-23,4,-99,9999
139.649298,35.670684,13115,3,99999,03003,明治大学和泉図書館,永福1-9-1,4,-99,9999
139.720285,35.755611,13119,3,99999,03003,東京家政大学図書館,加賀1-18-1,4,-99,9999
139.668002,35.782078,13119,3,99999,03003,大東文化大学板橋図書館,高島平1-9-1,4,-99,9999
139.547426,35.70178,13203,3,99999,03003,日本獣医生命科学大学付属図書館,境南町1-7-1,4,-99,9999
139.548787,35.695476,13203,3,99999,03003,日本赤十字看護大学武蔵野図書館,境南町1-26-33,4,-99,9999
139.535192,35.705029,13203,3,99999,03003,亜細亜大学図書館,境5-24-10,4,-99,9999
139.572379,35.711416,13203,3,99999,03003,成蹊大学図書館,吉祥寺北町3-3-1,4,-99,9999
139.796664,35.641814,13108,3,99999,03003,東京有明医療大学附属図書館,有明2-9-1,4,-99,9999
139.786741,35.631188,13108,3,99999,03003,武蔵野大学有明図書館,有明3-3-3,4,-99,9999
139.794832,35.660935,13108,3,99999,03003,芝浦工業大学豊洲図書館,豊洲3-7-5,4,-99,9999
139.505617,35.781347,13221,3,99999,03003,明治薬科大学図書館,野塩2-522-1,4,-99,9999
139.508452,35.774141,13221,3,99999,03003,看護大学校図書館,梅園1-2-1,0,-99,9999
139.506193,35.765566,13221,3,99999,03003,日本社会事業大学附属図書館,竹丘3-1-30,4,-99,9999
139.71884,35.653214,13113,3,99999,03003,日本赤十字看護大学広尾図書館,広尾4-1-3,4,-99,9999
139.702121,35.655788,13113,3,99999,03003,日本経済大学東京渋谷図書館,桜丘町8-24,4,-99,9999
139.744991,35.66756,13103,3,99999,03003,金属資源情報センター図書館,虎ノ門2-10-1（虎ノ門ツインビルディング西棟15F）,0,-99,9999
139.727445,35.664096,13103,3,99999,03003,政策研究大学院大学図書館,六本木7-22-1,0,-99,9999
139.73455,35.65876,13103,3,99999,03003,東洋英和女学院大学大学院図書館,六本木5-14-40（大学院棟B1F）,4,-99,9999
139.749671,35.651028,13103,3,99999,03003,戸板女子短期大学図書館,芝2-21-17,4,-99,9999
139.725527,35.671652,13103,3,99999,03003,国際医療福祉大学大学院図書館,南青山1-3-3（青山1タワー4階）,4,-99,9999
139.748209,35.627201,13103,3,99999,03003,東京海洋大学附属図書館品川本館,港南4-5-7,0,-99,9999
139.749688,35.643397,13103,3,99999,03003,芝浦工業大学芝浦図書館,芝浦3-9-14,4,-99,9999
139.478887,35.582827,13209,3,99999,03003,町田市立鶴川駅前図書館,能ヶ谷1-2-1（和光大学ポプリホール鶴川2階）,3,-99,2012
139.465608,35.594349,13209,3,99999,03003,国士舘大学鶴川図書館,広袴1-1-1,4,-99,9999
139.310554,35.609748,13209,3,99999,03003,東京家政学院大学附属図書館,相原町2600,4,-99,9999
139.406396,35.581843,13209,3,99999,03003,桜美林大学図書館,常盤町3758,4,-99,9999
139.468094,35.566963,13209,3,99999,03003,玉川大学図書館,玉川学園6-1-1,4,-99,9999
139.298168,35.615296,13209,3,99999,03003,法政大学多摩図書館,相原町4342,4,-99,9999
139.684007,35.606472,13110,3,99999,03003,東京工業大学附属図書館,大岡山2-12-1,0,-99,9999
139.686812,35.659448,13110,3,99999,03003,東京大学駒場図書館,駒場3-8-1,0,-99,9999
139.408876,35.712278,13202,3,99999,03003,国文学研究資料館図書館,緑町10-3,0,-99,9999
139.589408,35.730803,13120,3,99999,03003,労働政策研究・研修機構労働図書館,上石神井4-8-23,0,-99,9999
139.667661,35.736958,13120,3,99999,03003,武蔵大学図書館,豊玉上1-26-1,4,-99,9999
139.785674,35.734216,13118,3,99999,03003,中央医療学園専門学校図書館,荒川1-41-10,4,-99,9999
139.771871,35.750077,13118,3,99999,03003,首都大学東京図書館荒川館,東尾久7-2-10,0,-99,9999
139.58479,35.659522,13208,3,99999,03003,桐朋学園芸術短期大学図書館,若葉町1-41-1,4,-99,9999
139.543556,35.657784,13208,3,99999,03003,電気通信大学附属図書館,調布ケ丘1-5-1,0,-99,9999
139.744946,35.739145,13116,3,99999,03003,女子栄養大学短期大学部図書館,駒込3-24-3,4,-99,9999
139.726993,35.742202,13116,3,99999,03003,大正大学附属図書館,西巣鴨3-20-1,4,-99,9999
139.789567,35.753623,13121,3,99999,03003,帝京科学大学千住図書館,千住桜木2-2-1,4,-99,9999
139.419037,35.643051,13201,3,99999,03003,帝京大学メディアライブラリーセンター,大塚359,4,-99,9999
139.742582,35.68608,13101,3,99999,03003,日本カメラ博物館JCIIライブラリー,一番町25,4,-99,9999
139.741332,35.708832,13105,3,99999,03003,印刷博物館ライブラリー,水道1-3-3（トッパン小石川ビル）,4,-99,9999
139.717759,35.687438,13104,3,99999,03003,国際交流基金情報センターライブラリー,四谷4-4-1,0,-99,9999
139.719302,35.682349,13104,3,99999,03003,民音音楽博物館音楽ライブラリー,信濃町8（民音文化センター地下1階）,4,-99,9999
139.753149,35.653894,13103,3,99999,03003,人権教育啓発推進センター人権ライブラリー,芝大門2-10-12（KDX芝大門ビル4F）,4,-99,9999
139.750244,35.669596,13103,3,99999,03003,通信社ライブラリー,虎ノ門1-5-16（晩翠ビル4階）,4,-99,9999
139.740013,35.667079,13103,3,99999,03003,ジェトロ・ビジネスライブラリー東京,赤坂1-12-32（アーク森ビル6階）,0,-99,9999
139.726273,35.665162,13103,3,99999,03003,新美術館アートライブラリー,六本木7-22-2,0,-99,9999
139.767564,35.689226,13101,3,99999,03109,千代田区立スポーツセンター,神田2-1-8,4,-99,9999
139.767564,35.689262,13101,3,99999,03129,千代田区立スポーツセンター,神田2-1-8,3,-99,9999
139.767564,35.689151,13101,3,99999,03120,千代田区立スポーツセンター,神田2-1-8,3,-99,9999
139.767564,35.689115,13101,3,99999,03111,千代田区立スポーツセンター,神田2-1-8,3,-99,9999
139.767564,35.689081,13101,3,99999,03113,千代田区立スポーツセンター,神田2-1-8,3,-99,9999
139.767564,35.689045,13101,3,99999,03110,千代田区立スポーツセンター,神田2-1-8,3,-99,9999
139.767564,35.689009,13101,3,99999,03121,千代田区立スポーツセンター,神田2-1-8,3,-99,9999
139.767564,35.689299,13101,3,99999,03119,千代田区立スポーツセンター,神田2-1-8,3,-99,9999
139.767564,35.689335,13101,3,99999,03105,千代田区立スポーツセンター,神田2-1-8,3,-99,9999
139.767564,35.68919,13101,3,99999,03132,千代田区立スポーツセンター,神田2-1-8,3,-99,9999
139.789371,35.687805,13102,3,99999,03109,総合スポーツセンター,日本橋浜町2-59-1浜町公園内,3,5,9999
139.789374,35.687843,13102,3,99999,03110,総合スポーツセンター,日本橋浜町2-59-1浜町公園内,3,5,9999
139.789371,35.687879,13102,3,99999,03111,総合スポーツセンター,日本橋浜町2-59-1浜町公園内,3,5,9999
139.789371,35.687918,13102,3,99999,03120,総合スポーツセンター,日本橋浜町2-59-1浜町公園内,3,5,9999
139.789368,35.687954,13102,3,99999,03129,総合スポーツセンター,日本橋浜町2-59-1浜町公園内,3,5,9999
139.789371,35.68773,13102,3,99999,03121,総合スポーツセンター,日本橋浜町2-59-1浜町公園内,3,5,9999
139.789371,35.687691,13102,3,99999,03122,総合スポーツセンター,日本橋浜町2-59-1浜町公園内,3,5,9999
139.789374,35.687766,13102,3,99999,03105,総合スポーツセンター,日本橋浜町2-59-1浜町公園内,3,5,9999
139.788248,35.688915,13102,3,99999,03104,浜町運動場,日本橋浜町2-59-1浜町公園内,3,-99,9999
139.787271,35.659528,13102,3,99999,03102,月島運動場,晴海1-3-29新月島公園内,3,-99,9999
139.772191,35.648871,13102,3,99999,03104,晴海運動場,晴海5-9,3,-99,9999
139.783021,35.665002,13102,3,99999,03105,月島スポーツプラザ,月島1-9-2,3,-99,9999
139.783021,35.664925,13102,3,99999,03110,月島スポーツプラザ,月島1-9-2,3,-99,9999
139.783021,35.664857,13102,3,99999,03113,月島スポーツプラザ,月島1-9-2,3,-99,9999
139.779555,35.673669,13102,3,99999,03138,桜川ゲートボール場,湊1-1-2桜川屋上公園内,3,-99,9999
139.768213,35.666425,13102,3,99999,03109,築地社会教育会館,築地4-15-1,3,-99,9999
139.768216,35.666389,13102,3,99999,03113,築地社会教育会館,築地4-15-1,3,-99,9999
139.768216,35.666352,13102,3,99999,03132,築地社会教育会館,築地4-15-1,3,-99,9999
139.768216,35.666316,13102,3,99999,03120,築地社会教育会館,築地4-15-1,3,-99,9999
139.768213,35.66628,13102,3,99999,03129,築地社会教育会館,築地4-15-1,3,-99,9999
139.772508,35.653298,13102,3,99999,03115,豊海テニス場,豊海3-19豊海運動公園内,3,-99,9999
139.75969,35.637235,13103,3,99999,03104,芝浦南ふ頭公園運動広場（かいがんぱ～く）,海岸3-33-20,3,-99,9999
139.746404,35.63466,13103,3,99999,03115,芝浦中央公園運動場,港南1-4-1,3,-99,9999
139.746514,35.634957,13103,3,99999,03103,芝浦中央公園運動場,港南1-4-1,3,-99,9999
139.75062,35.654546,13103,3,99999,03105,芝公園多目的運動場（アクアフィールド芝公園）,芝公園2-7-2,3,-99,9999
139.750555,35.65479,13103,3,99999,03104,芝公園多目的運動場（アクアフィールド芝公園）,芝公園2-7-2,3,-99,9999
139.744757,35.660892,13103,3,99999,03104,芝給水所公園運動場,芝公園3-6-7,3,-99,9999
139.744751,35.660964,13103,3,99999,03103,芝給水所公園運動場,芝公園3-6-7,3,-99,9999
139.748699,35.653577,13103,3,99999,03104,芝公園,芝公園4-10-17,3,-99,9999
139.748699,35.65349,13103,3,99999,03102,芝公園,芝公園4-10-17,3,-99,9999
139.747398,35.653872,13103,3,99999,03115,芝公園,芝公園4-10-17,3,-99,9999
139.748693,35.653408,13103,3,99999,03138,芝公園,芝公園4-10-17,3,-99,9999
139.749735,35.645875,13103,3,99999,03109,港区スポーツセンター,芝浦3-1-19,3,-99,9999
139.750231,35.645161,13103,3,99999,03132,港区スポーツセンター,芝浦3-1-19,3,-99,9999
139.750044,35.645511,13103,3,99999,03120,港区スポーツセンター,芝浦3-1-19,3,-99,9999
139.750228,35.645124,13103,3,99999,03121,港区スポーツセンター,芝浦3-1-19,3,-99,9999
139.750228,35.645088,13103,3,99999,03122,港区スポーツセンター,芝浦3-1-19,3,-99,9999
139.750044,35.645472,13103,3,99999,03110,港区スポーツセンター,芝浦3-1-19,3,-99,9999
139.750044,35.645549,13103,3,99999,03113,港区スポーツセンター,芝浦3-1-19,3,-99,9999
139.750044,35.645588,13103,3,99999,03111,港区スポーツセンター,芝浦3-1-19,3,-99,9999
139.750228,35.645052,13103,3,99999,03119,港区スポーツセンター,芝浦3-1-19,3,-99,9999
139.750228,35.645197,13103,3,99999,03105,港区スポーツセンター,芝浦3-1-19,3,-99,9999
139.750231,35.645231,13103,3,99999,03129,港区スポーツセンター,芝浦3-1-19,3,-99,9999
139.73501,35.676446,13103,3,99999,03121,赤坂弓道場,赤坂4-1-26,3,-99,9999
139.73775,35.669623,13103,3,99999,03112,氷川武道場,赤坂6-6-14,3,-99,9999
139.705432,35.707155,13104,3,99999,03122,新宿スポーツセンター,大久保3-5-1,4,5,9999
139.705429,35.707117,13104,3,99999,03127,新宿スポーツセンター,大久保3-5-1,4,5,9999
139.705429,35.707076,13104,3,99999,03111,新宿スポーツセンター,大久保3-5-1,4,5,9999
139.705432,35.707037,13104,3,99999,03110,新宿スポーツセンター,大久保3-5-1,4,5,9999
139.705429,35.706994,13104,3,99999,03109,新宿スポーツセンター,大久保3-5-1,4,5,9999
139.705432,35.706953,13104,3,99999,03120,新宿スポーツセンター,大久保3-5-1,4,5,9999
139.705429,35.706912,13104,3,99999,03129,新宿スポーツセンター,大久保3-5-1,4,5,9999
139.705426,35.706868,13104,3,99999,03105,新宿スポーツセンター,大久保3-5-1,4,5,9999
139.702107,35.706363,13104,3,99999,03132,大久保スポーツプラザ,大久保3-7-42,4,-99,9999
139.702113,35.70645,13104,3,99999,03120,大久保スポーツプラザ,大久保3-7-42,4,-99,9999
139.70216,35.706633,13104,3,99999,03115,大久保スポーツプラザ,大久保3-7-42,4,-99,9999
139.700662,35.707548,13104,3,99999,03102,西戸山公園野球場,百人町4-1,4,-99,9999
139.700665,35.707469,13104,3,99999,03103,西戸山公園野球場,百人町4-1,4,-99,9999
139.715452,35.711955,13104,3,99999,03115,甘泉園公園庭球場,西早稲田3-5,4,-99,9999
139.676064,35.720314,13104,3,99999,03102,西落合公園少年野球場,西落合2-19,4,-99,9999
139.676599,35.719994,13104,3,99999,03115,西落合公園少年野球場,西落合2-19,4,-99,9999
139.676599,35.719953,13104,3,99999,03115,西落合公園庭球場,西落合2-19,4,-99,9999
139.714974,35.678107,13104,3,99999,03101,競技場,霞ヶ丘町10-2,0,5,1958
139.714029,35.677726,13104,3,99999,03109,競技場,霞ヶ丘町10-2,0,5,1958
139.714041,35.67789,13104,3,99999,03120,競技場,霞ヶ丘町10-2,0,5,1958
139.714041,35.678035,13104,3,99999,03129,競技場,霞ヶ丘町10-2,0,5,1958
139.714576,35.677137,13104,3,99999,03105,競技場,霞ヶ丘町10-2,0,5,1958
139.736405,35.720702,13105,3,99999,03105,文京スポーツセンター,大塚3-29-2,3,4,9999
139.736405,35.720666,13105,3,99999,03120,文京スポーツセンター,大塚3-29-2,3,4,9999
139.736402,35.720627,13105,3,99999,03109,文京スポーツセンター,大塚3-29-2,3,4,9999
139.736402,35.720591,13105,3,99999,03111,文京スポーツセンター,大塚3-29-2,3,4,9999
139.736405,35.720552,13105,3,99999,03113,文京スポーツセンター,大塚3-29-2,3,4,9999
139.736405,35.720514,13105,3,99999,03119,文京スポーツセンター,大塚3-29-2,3,4,9999
139.736405,35.720475,13105,3,99999,03132,文京スポーツセンター,大塚3-29-2,3,4,9999
139.736405,35.720437,13105,3,99999,03110,文京スポーツセンター,大塚3-29-2,3,4,9999
139.736402,35.720401,13105,3,99999,03121,文京スポーツセンター,大塚3-29-2,3,4,9999
139.736405,35.720364,13105,3,99999,03129,文京スポーツセンター,大塚3-29-2,3,4,9999
139.765605,35.709067,13105,3,99999,03105,文京総合体育館,湯島4-7-13,3,3,9999
139.765605,35.709029,13105,3,99999,03120,文京総合体育館,湯島4-7-13,3,3,9999
139.765605,35.70899,13105,3,99999,03109,文京総合体育館,湯島4-7-13,3,3,9999
139.765605,35.708951,13105,3,99999,03111,文京総合体育館,湯島4-7-13,3,3,9999
139.765605,35.708915,13105,3,99999,03113,文京総合体育館,湯島4-7-13,3,3,9999
139.765605,35.708877,13105,3,99999,03119,文京総合体育館,湯島4-7-13,3,3,9999
139.765605,35.708838,13105,3,99999,03132,文京総合体育館,湯島4-7-13,3,3,9999
139.765605,35.708802,13105,3,99999,03110,文京総合体育館,湯島4-7-13,3,3,9999
139.765605,35.708766,13105,3,99999,03122,文京総合体育館,湯島4-7-13,3,3,9999
139.765605,35.70873,13105,3,99999,03129,文京総合体育館,湯島4-7-13,3,3,9999
139.739352,35.71721,13105,3,99999,03115,竹早テニスコート,小石川5-9-1,3,-99,9999
139.748391,35.706539,13105,3,99999,03102,後楽公園少年野球場,後楽1-6-25,3,-99,9999
139.746967,35.704663,13105,3,99999,03104,小石川運動場,後楽1-8-23,3,-99,9999
139.746373,35.704181,13105,3,99999,03127,小石川運動場,後楽1-8-23,3,-99,9999
139.765602,35.708691,13105,3,99999,03121,文京総合体育館,湯島4-7-13,3,3,9999
139.721181,35.714819,13105,3,99999,03115,目白台運動公園,目白台1-20-2,4,-99,9999
139.722197,35.714908,13105,3,99999,03103,目白台運動公園,目白台1-20-2,4,-99,9999
139.722194,35.714952,13105,3,99999,03104,目白台運動公園,目白台1-20-2,4,-99,9999
139.804507,35.717755,13106,3,99999,03109,台東リバーサイドスポーツセンター,今戸1-1-10,4,-99,9999
139.80451,35.717714,13106,3,99999,03121,台東リバーサイドスポーツセンター,今戸1-1-10,4,-99,9999
139.80451,35.717673,13106,3,99999,03110,台東リバーサイドスポーツセンター,今戸1-1-10,4,-99,9999
139.80451,35.717634,13106,3,99999,03111,台東リバーサイドスポーツセンター,今戸1-1-10,4,-99,9999
139.80451,35.717598,13106,3,99999,03122,台東リバーサイドスポーツセンター,今戸1-1-10,4,-99,9999
139.80451,35.717562,13106,3,99999,03119,台東リバーサイドスポーツセンター,今戸1-1-10,4,-99,9999
139.80451,35.717525,13106,3,99999,03120,台東リバーサイドスポーツセンター,今戸1-1-10,4,-99,9999
139.80451,35.717487,13106,3,99999,03129,台東リバーサイドスポーツセンター,今戸1-1-10,4,-99,9999
139.805734,35.718741,13106,3,99999,03115,台東リバーサイドスポーツセンター,今戸1-1-10,4,-99,9999
139.806435,35.719571,13106,3,99999,03102,台東リバーサイドスポーツセンター,今戸1-1-10,4,-99,9999
139.80486,35.717246,13106,3,99999,03106,台東リバーサイドスポーツセンター,今戸1-1-10,4,-99,9999
139.804507,35.717443,13106,3,99999,03133,台東リバーサイドスポーツセンター,今戸1-1-10,4,-99,9999
139.783292,35.713607,13106,3,99999,03105,清島温水プール,東上野6-16-8,4,-99,9999
139.782501,35.699288,13106,3,99999,03115,柳北スポーツプラザ,浅草橋5-1-8,3,4,9999
139.782168,35.699433,13106,3,99999,03109,柳北スポーツプラザ,浅草橋5-1-8,3,4,9999
139.782168,35.699394,13106,3,99999,03105,柳北スポーツプラザ,浅草橋5-1-8,3,4,9999
139.782165,35.699353,13106,3,99999,03120,柳北スポーツプラザ,浅草橋5-1-8,3,4,9999
139.782168,35.699314,13106,3,99999,03110,柳北スポーツプラザ,浅草橋5-1-8,3,4,9999
139.782165,35.699276,13106,3,99999,03111,柳北スポーツプラザ,浅草橋5-1-8,3,4,9999
139.782162,35.699237,13106,3,99999,03113,柳北スポーツプラザ,浅草橋5-1-8,3,4,9999
139.782162,35.699196,13106,3,99999,03132,柳北スポーツプラザ,浅草橋5-1-8,3,4,9999
139.789901,35.71724,13106,3,99999,03129,生涯学習センター・トレーニングルーム,西浅草3-25-16,3,-99,9999
139.789901,35.717163,13106,3,99999,03132,生涯学習センター・トレーニングルーム,西浅草3-25-16,3,-99,9999
139.826865,35.731697,13107,3,99999,03102,荒川河川敷運動場,八広6-35先,3,-99,9999
139.824137,35.734591,13107,3,99999,03103,荒川河川敷運動場,八広6-35先,3,-99,9999
139.816437,35.699521,13107,3,99999,03115,錦糸公園テニスコート,錦糸4-15-1,3,-99,9999
139.809344,35.718891,13107,3,99999,03102,隅田公園少年野球場,向島5-6-13,3,-99,9999
139.810797,35.723917,13107,3,99999,03115,堤通公園テニスコート,堤通1-8-1,3,-99,9999
139.813562,35.732299,13107,3,99999,03115,東白鬚公園,堤通2-2-1,4,-99,9999
139.814284,35.733003,13107,3,99999,03102,東白鬚公園,堤通2-2-1,4,-99,9999
139.815852,35.729196,13107,3,99999,03109,スポーツプラザ梅若,墨田1-4-4,4,2,9999
139.815855,35.729126,13107,3,99999,03129,スポーツプラザ梅若,墨田1-4-4,4,2,9999
139.815843,35.729051,13107,3,99999,03132,スポーツプラザ梅若,墨田1-4-4,4,2,9999
139.815849,35.728974,13107,3,99999,03120,スポーツプラザ梅若,墨田1-4-4,4,2,9999
139.823755,35.709952,13107,3,99999,03115,文花テニスコート,文花1-19-12,3,-99,9999
139.830536,35.716512,13107,3,99999,03105,すみだスポーツ健康センター,東墨田1-6-1,4,-99,9999
139.830536,35.71643,13107,3,99999,03129,すみだスポーツ健康センター,東墨田1-6-1,4,-99,9999
139.830524,35.716353,13107,3,99999,03107,すみだスポーツ健康センター,東墨田1-6-1,4,-99,9999
139.837235,35.718605,13107,3,99999,03115,東墨田テニスコート,東墨田3-19-6,3,-99,9999
139.834815,35.719748,13107,3,99999,03102,東墨田公園少年野球場,東墨田3-4-14,3,-99,9999
139.796257,35.697823,13107,3,99999,03105,両国屋内プール,横網1-8-1,4,5,9999
139.819329,35.693537,13107,3,99999,03121,墨田区弓道場,江東橋4-2-3,3,-99,9999
139.808917,35.694357,13107,3,99999,03115,大横川親水公園テニスコート,江東橋1-8,3,-99,9999
139.832008,35.705253,13107,3,99999,03109,立花体育館,立花1-25-10,3,-99,9999
139.83202,35.705176,13107,3,99999,03120,立花体育館,立花1-25-10,3,-99,9999
139.817102,35.698636,13107,3,99999,03102,錦糸公園野球場,錦糸4-15-1,3,-99,9999
139.817175,35.699759,13107,3,99999,03109,墨田区総合体育館,錦糸4-17-1錦糸公園内,3,5,9999
139.817175,35.699716,13107,3,99999,03120,墨田区総合体育館,錦糸4-17-1錦糸公園内,3,5,9999
139.817172,35.699672,13107,3,99999,03110,墨田区総合体育館,錦糸4-17-1錦糸公園内,3,5,9999
139.817172,35.699629,13107,3,99999,03111,墨田区総合体育館,錦糸4-17-1錦糸公園内,3,5,9999
139.817172,35.699583,13107,3,99999,03113,墨田区総合体育館,錦糸4-17-1錦糸公園内,3,5,9999
139.817172,35.699535,13107,3,99999,03132,墨田区総合体育館,錦糸4-17-1錦糸公園内,3,5,9999
139.817175,35.699494,13107,3,99999,03105,墨田区総合体育館,錦糸4-17-1錦糸公園内,3,5,9999
139.817172,35.699448,13107,3,99999,03122,墨田区総合体育館,錦糸4-17-1錦糸公園内,3,5,9999
139.817172,35.699404,13107,3,99999,03104,墨田区総合体育館,錦糸4-17-1錦糸公園内,3,5,9999
139.817175,35.699356,13107,3,99999,03129,墨田区総合体育館,錦糸4-17-1錦糸公園内,3,5,9999
139.837235,35.649085,13108,3,99999,03102,夢の島東少年野球場,夢の島3-3-28,4,-99,9999
139.814228,35.665841,13108,3,99999,03132,江東区健康センター,東陽2-1-1,4,4,9999
139.814228,35.665769,13108,3,99999,03129,江東区健康センター,東陽2-1-1,4,4,9999
139.82143,35.684691,13108,3,99999,03110,江東区スポーツ会館,北砂1-2-9,4,3,9999
139.821435,35.684614,13108,3,99999,03111,江東区スポーツ会館,北砂1-2-9,4,3,9999
139.82143,35.684546,13108,3,99999,03129,江東区スポーツ会館,北砂1-2-9,4,3,9999
139.82115,35.68417,13108,3,99999,03105,江東区スポーツ会館,北砂1-2-9,4,3,9999
139.821435,35.684474,13108,3,99999,03121,江東区スポーツ会館,北砂1-2-9,4,3,9999
139.82143,35.684406,13108,3,99999,03113,江東区スポーツ会館,北砂1-2-9,4,3,9999
139.82143,35.684329,13108,3,99999,03132,江東区スポーツ会館,北砂1-2-9,4,3,9999
139.822774,35.65147,13108,3,99999,03102,江東区夢の島運動場,夢の島1-1-1,4,-99,9999
139.823622,35.64854,13108,3,99999,03101,江東区夢の島競技場,夢の島1-1-2,4,-99,9999
139.826504,35.649576,13108,3,99999,03101,夢の島公園,夢の島2-1-2,4,-99,9999
139.828548,35.649952,13108,3,99999,03104,夢の島公園,夢の島2-1-2,4,-99,9999
139.830533,35.650095,13108,3,99999,03109,東京スポーツ文化館,夢の島2-1-3,4,4,9999
139.830533,35.650018,13108,3,99999,03120,東京スポーツ文化館,夢の島2-1-3,4,4,9999
139.829627,35.650619,13108,3,99999,03111,東京スポーツ文化館,夢の島2-1-3,4,4,9999
139.829629,35.650547,13108,3,99999,03113,東京スポーツ文化館,夢の島2-1-3,4,4,9999
139.829796,35.649654,13108,3,99999,03132,東京スポーツ文化館,夢の島2-1-3,4,4,9999
139.830631,35.649441,13108,3,99999,03105,東京スポーツ文化館,夢の島2-1-3,4,4,9999
139.829802,35.649731,13108,3,99999,03129,東京スポーツ文化館,夢の島2-1-3,4,4,9999
139.829632,35.650474,13108,3,99999,03110,東京スポーツ文化館,夢の島2-1-3,4,4,9999
139.830206,35.650602,13108,3,99999,03122,東京スポーツ文化館,夢の島2-1-3,4,4,9999
139.83042,35.649033,13108,3,99999,03103,東京スポーツ文化館,夢の島2-1-3,4,4,9999
139.846691,35.691863,13108,3,99999,03102,大島小松川公園,大島9-9,4,-99,1997
139.846875,35.693694,13108,3,99999,03103,大島小松川公園,大島9-9,4,-99,1997
139.847256,35.691527,13108,3,99999,03115,大島小松川公園,大島9-9,4,-99,1997
139.79878,35.672491,13108,3,99999,03115,江東区深川庭球場,富岡1-17-9,4,-99,9999
139.805109,35.677011,13108,3,99999,03105,江東区深川北スポーツセンター,平野3-2-20,4,2,9999
139.805109,35.676934,13108,3,99999,03129,江東区深川北スポーツセンター,平野3-2-20,4,2,9999
139.805109,35.676857,13108,3,99999,03132,江東区深川北スポーツセンター,平野3-2-20,4,2,9999
139.805109,35.67678,13108,3,99999,03120,江東区深川北スポーツセンター,平野3-2-20,4,2,9999
139.807659,35.677419,13108,3,99999,03115,木場公園,平野4-6-1,4,-99,9999
139.833939,35.657617,13108,3,99999,03104,江東区新砂運動場,新砂3-9-1,4,-99,9999
139.833855,35.656405,13108,3,99999,03115,江東区新砂運動場,新砂3-9-1,4,-99,9999
139.834919,35.657458,13108,3,99999,03103,江東区新砂運動場,新砂3-9-1,4,-99,9999
139.783591,35.633675,13108,3,99999,03105,江東区有明スポーツセンター,有明2-3-5,4,7,9999
139.78382,35.633337,13108,3,99999,03109,江東区有明スポーツセンター,有明2-3-5,4,7,9999
139.78382,35.633257,13108,3,99999,03120,江東区有明スポーツセンター,有明2-3-5,4,7,9999
139.783814,35.633103,13108,3,99999,03113,江東区有明スポーツセンター,有明2-3-5,4,7,9999
139.7836,35.633591,13108,3,99999,03132,江東区有明スポーツセンター,有明2-3-5,4,7,9999
139.78382,35.63318,13108,3,99999,03103,江東区有明スポーツセンター,有明2-3-5,4,7,9999
139.787657,35.63462,13108,3,99999,03115,有明テニスの森公園,有明2-2-22,4,4,1983
139.790064,35.636528,13108,3,99999,03116,有明テニスの森公園（テニス屋内コート）／コロシアム,有明2-2-22,4,4,1983
139.790052,35.636417,13108,3,99999,03109,有明テニスの森公園（テニス屋内コート）／コロシアム,有明2-2-22,4,4,1983
139.839982,35.683719,13108,3,99999,03115,江東区東砂庭球場,東砂1-2-13,4,-99,9999
139.845957,35.680109,13108,3,99999,03115,江東区荒川・砂町庭球場,東砂3-28先,4,-99,9999
139.839492,35.679291,13108,3,99999,03105,江東区東砂スポーツセンター,東砂4-24-1,4,3,9999
139.839492,35.679247,13108,3,99999,03109,江東区東砂スポーツセンター,東砂4-24-1,4,3,9999
139.839492,35.679201,13108,3,99999,03129,江東区東砂スポーツセンター,東砂4-24-1,4,3,9999
139.839492,35.679156,13108,3,99999,03120,江東区東砂スポーツセンター,東砂4-24-1,4,3,9999
139.839492,35.67911,13108,3,99999,03103,江東区東砂スポーツセンター,東砂4-24-1,4,3,9999
139.81149,35.674391,13108,3,99999,03115,江東区豊住庭球場,東陽6-1-13,4,-99,9999
139.810702,35.674147,13108,3,99999,03138,江東区豊住ゲートボール場,東陽6-1-13,4,-99,9999
139.818269,35.68843,13108,3,99999,03102,猿江恩賜公園,毛利2-13-7,4,-99,9999
139.819262,35.691374,13108,3,99999,03115,猿江恩賜公園,毛利2-13-7,4,-99,9999
139.809845,35.655238,13108,3,99999,03102,江東区潮見野球場・庭球場,潮見1-1-1,4,-99,9999
139.809824,35.656235,13108,3,99999,03115,江東区潮見野球場・庭球場,潮見1-1-1,4,-99,9999
139.837674,35.630687,13108,3,99999,03140,若洲ヨット訓練所,若洲3-1-2,4,-99,1991
139.837894,35.627004,13108,3,99999,03134,若洲海浜公園,若洲3-1-2,4,2,9999
139.836076,35.628796,13108,3,99999,03135,若洲海浜公園,若洲3-1-2,4,2,9999
139.833752,35.615276,13108,3,99999,03144,若洲海浜公園,若洲3-1-2,4,2,9999
139.832629,35.617614,13108,3,99999,03142,若洲海浜公園,若洲3-1-2,4,2,9999
139.791695,35.670676,13108,3,99999,03120,江東区深川スポーツセンター,越中島1-2-18,4,4,9999
139.791698,35.670635,13108,3,99999,03109,江東区深川スポーツセンター,越中島1-2-18,4,4,9999
139.791698,35.670594,13108,3,99999,03110,江東区深川スポーツセンター,越中島1-2-18,4,4,9999
139.791698,35.670556,13108,3,99999,03111,江東区深川スポーツセンター,越中島1-2-18,4,4,9999
139.791695,35.670517,13108,3,99999,03113,江東区深川スポーツセンター,越中島1-2-18,4,4,9999
139.791695,35.670478,13108,3,99999,03132,江東区深川スポーツセンター,越中島1-2-18,4,4,9999
139.791698,35.67044,13108,3,99999,03129,江東区深川スポーツセンター,越中島1-2-18,4,4,9999
139.791698,35.670401,13108,3,99999,03119,江東区深川スポーツセンター,越中島1-2-18,4,4,9999
139.791704,35.670358,13108,3,99999,03121,江東区深川スポーツセンター,越中島1-2-18,4,4,9999
139.789676,35.668732,13108,3,99999,03106,江東区越中島プール,越中島1-3-23,4,-99,9999
139.813607,35.651516,13108,3,99999,03103,辰巳の森海浜公園,辰巳2-1-35,4,-99,9999
139.818938,35.647678,13108,3,99999,03105,東京辰巳国際水泳場,辰巳2-8-10,4,-99,9999
139.818944,35.647581,13108,3,99999,03108,東京辰巳国際水泳場,辰巳2-8-10,4,-99,9999
139.728258,35.624361,13109,3,99999,03120,総合体育館,東五反田2-11-2,4,-99,9999
139.728258,35.624325,13109,3,99999,03129,総合体育館,東五反田2-11-2,4,-99,9999
139.728255,35.624289,13109,3,99999,03109,総合体育館,東五反田2-11-2,4,-99,9999
139.728255,35.62425,13109,3,99999,03110,総合体育館,東五反田2-11-2,4,-99,9999
139.728255,35.624211,13109,3,99999,03111,総合体育館,東五反田2-11-2,4,-99,9999
139.728252,35.62417,13109,3,99999,03113,総合体育館,東五反田2-11-2,4,-99,9999
139.728252,35.624129,13109,3,99999,03105,総合体育館,東五反田2-11-2,4,-99,9999
139.728249,35.624091,13109,3,99999,03116,総合体育館,東五反田2-11-2,4,-99,9999
139.728249,35.624047,13109,3,99999,03132,総合体育館,東五反田2-11-2,4,-99,9999
139.740129,35.594595,13109,3,99999,03102,しながわ区民公園,勝島3-2-2,3,-99,1987
139.739737,35.593392,13109,3,99999,03106,しながわ区民公園,勝島3-2-2,3,-99,1987
139.739351,35.593725,13109,3,99999,03115,しながわ区民公園,勝島3-2-2,3,-99,1987
139.752043,35.594984,13109,3,99999,03115,大井ふ頭中央海浜公園,八潮4-1-19,4,-99,9999
139.753856,35.594182,13109,3,99999,03101,大井ふ頭中央海浜公園,八潮4-1-19,4,-99,9999
139.75363,35.592858,13109,3,99999,03103,大井ふ頭中央海浜公園,八潮4-1-19,4,-99,9999
139.753769,35.592085,13109,3,99999,03138,大井ふ頭中央海浜公園,八潮4-1-19,4,-99,9999
139.751249,35.600211,13109,3,99999,03120,八潮地域センター,八潮5-10-27,4,-99,9999
139.751249,35.600139,13109,3,99999,03109,八潮地域センター,八潮5-10-27,4,-99,9999
139.752843,35.600648,13109,3,99999,03102,八潮公園多目的広場,八潮5-11,4,-99,9999
139.752837,35.600561,13109,3,99999,03103,八潮公園多目的広場,八潮5-11,4,-99,9999
139.737535,35.616259,13109,3,99999,03102,子供の森公園,北品川3-10-3,4,-99,9999
139.740654,35.61666,13109,3,99999,03129,品川健康センター,北品川3-11-22,4,-99,9999
139.740654,35.616588,13109,3,99999,03139,品川健康センター,北品川3-11-22,4,-99,9999
139.740654,35.61652,13109,3,99999,03135,品川健康センター,北品川3-11-22,4,-99,9999
139.740654,35.616448,13109,3,99999,03132,品川健康センター,北品川3-11-22,4,-99,9999
139.737565,35.596349,13109,3,99999,03120,南大井文化センター,南大井1-12-6,4,-99,9999
139.737565,35.596263,13109,3,99999,03109,南大井文化センター,南大井1-12-6,4,-99,9999
139.700495,35.603891,13109,3,99999,03120,旗の台文化センター,旗の台5-19-5,4,-99,9999
139.700489,35.603809,13109,3,99999,03109,旗の台文化センター,旗の台5-19-5,4,-99,9999
139.749492,35.619215,13109,3,99999,03102,天王洲公園,東品川2-6-23,4,-99,9999
139.75008,35.620171,13109,3,99999,03103,天王洲公園,東品川2-6-23,4,-99,9999
139.746184,35.614342,13109,3,99999,03115,東品川公園,東品川3-14-9,3,-99,9999
139.745999,35.614021,13109,3,99999,03121,東品川公園,東品川3-14-9,3,-99,9999
139.750591,35.612995,13109,3,99999,03120,東品川文化センター,東品川3-32-10,3,-99,9999
139.750591,35.612954,13109,3,99999,03109,東品川文化センター,東品川3-32-10,3,-99,9999
139.750591,35.612915,13109,3,99999,03113,東品川文化センター,東品川3-32-10,3,-99,9999
139.750588,35.612872,13109,3,99999,03132,東品川文化センター,東品川3-32-10,3,-99,9999
139.711163,35.617048,13109,3,99999,03129,荏原健康センター,荏原2-9-6,4,-99,9999
139.754782,35.622386,13109,3,99999,03102,南ふ頭公園,東品川5-8-4,4,-99,9999
139.754776,35.622478,13109,3,99999,03103,南ふ頭公園,東品川5-8-4,4,-99,9999
139.74463,35.60565,13109,3,99999,03102,鮫洲運動公園,東大井1-4-11,4,-99,9999
139.74463,35.605565,13109,3,99999,03103,鮫洲運動公園,東大井1-4-11,4,-99,9999
139.728401,35.609526,13109,3,99999,03103,しながわ中央公園,西品川1-27,4,-99,9999
139.728401,35.609598,13109,3,99999,03101,しながわ中央公園,西品川1-27,4,-99,9999
139.727806,35.609772,13109,3,99999,03115,しながわ中央公園,西品川1-27,4,-99,9999
139.723418,35.602226,13109,3,99999,03138,西大井広場,西大井1-4-10,3,-99,9999
139.723415,35.602141,13109,3,99999,03104,西大井広場,西大井1-4-10,3,-99,9999
139.720608,35.610956,13109,3,99999,03120,戸越体育館,豊町2-1-17,4,-99,9999
139.720611,35.610886,13109,3,99999,03132,戸越体育館,豊町2-1-17,4,-99,9999
139.720611,35.610806,13109,3,99999,03109,戸越体育館,豊町2-1-17,4,-99,9999
139.720614,35.610734,13109,3,99999,03112,戸越体育館,豊町2-1-17,4,-99,9999
139.720608,35.610659,13109,3,99999,03113,戸越体育館,豊町2-1-17,4,-99,9999
139.680168,35.658167,13110,3,99999,03120,駒場体育館,駒場2-19-39,3,3,9999
139.680165,35.658131,13110,3,99999,03132,駒場体育館,駒場2-19-39,3,3,9999
139.680162,35.658092,13110,3,99999,03109,駒場体育館,駒場2-19-39,3,3,9999
139.680162,35.658056,13110,3,99999,03110,駒場体育館,駒場2-19-39,3,3,9999
139.680156,35.658022,13110,3,99999,03111,駒場体育館,駒場2-19-39,3,3,9999
139.680159,35.657988,13110,3,99999,03113,駒場体育館,駒場2-19-39,3,3,9999
139.680153,35.657954,13110,3,99999,03105,駒場体育館,駒場2-19-39,3,3,9999
139.680153,35.657921,13110,3,99999,03129,駒場体育館,駒場2-19-39,3,3,9999
139.680638,35.657988,13110,3,99999,03115,駒場体育館,駒場2-19-39,3,3,9999
139.680611,35.658244,13110,3,99999,03138,駒場体育館,駒場2-19-39,3,3,9999
139.70837,35.635675,13110,3,99999,03120,目黒区民センター体育館,目黒2-4-36,3,-99,9999
139.70837,35.635637,13110,3,99999,03132,目黒区民センター体育館,目黒2-4-36,3,-99,9999
139.708373,35.635598,13110,3,99999,03109,目黒区民センター体育館,目黒2-4-36,3,-99,9999
139.70837,35.635559,13110,3,99999,03110,目黒区民センター体育館,目黒2-4-36,3,-99,9999
139.70837,35.635523,13110,3,99999,03111,目黒区民センター体育館,目黒2-4-36,3,-99,9999
139.70837,35.635484,13110,3,99999,03113,目黒区民センター体育館,目黒2-4-36,3,-99,9999
139.708373,35.635448,13110,3,99999,03129,目黒区民センター体育館,目黒2-4-36,3,-99,9999
139.708373,35.635711,13110,3,99999,03105,目黒区民センター体育館,目黒2-4-36,3,-99,9999
139.708771,35.635156,13110,3,99999,03106,目黒区民センター体育館,目黒2-4-36,3,-99,9999
139.709223,35.634746,13110,3,99999,03115,目黒区民センター体育館,目黒2-4-36,3,-99,9999
139.708088,35.635941,13110,3,99999,03120,勤労福祉会館,目黒2-4-36,4,-99,9999
139.708094,35.635863,13110,3,99999,03122,勤労福祉会館,目黒2-4-36,4,-99,9999
139.682109,35.627288,13110,3,99999,03120,碑文谷体育館,碑文谷6-12-43,3,-99,9999
139.682109,35.627249,13110,3,99999,03132,碑文谷体育館,碑文谷6-12-43,3,-99,9999
139.682109,35.627211,13110,3,99999,03109,碑文谷体育館,碑文谷6-12-43,3,-99,9999
139.682103,35.627169,13110,3,99999,03110,碑文谷体育館,碑文谷6-12-43,3,-99,9999
139.682106,35.627131,13110,3,99999,03111,碑文谷体育館,碑文谷6-12-43,3,-99,9999
139.682106,35.627087,13110,3,99999,03113,碑文谷体育館,碑文谷6-12-43,3,-99,9999
139.681277,35.627172,13110,3,99999,03102,碑文谷体育館,碑文谷6-12-43,3,-99,9999
139.680481,35.627384,13110,3,99999,03115,碑文谷体育館,碑文谷6-12-43,3,-99,9999
139.742096,35.58285,13111,3,99999,03102,平和島公園,平和島4-2-2,3,-99,9999
139.742244,35.581758,13111,3,99999,03105,平和島公園,平和島4-2-2,3,-99,9999
139.742019,35.581135,13111,3,99999,03106,平和島公園,平和島4-2-2,3,-99,9999
139.711118,35.539401,13111,3,99999,03102,多摩川六郷橋緑地,東六郷3,3,-99,9999
139.709448,35.53854,13111,3,99999,03115,多摩川六郷橋緑地,東六郷3,3,-99,9999
139.70933,35.539265,13111,3,99999,03138,多摩川六郷橋緑地,東六郷3,3,-99,9999
139.721647,35.543259,13111,3,99999,03127,多摩川六郷橋緑地,東六郷3,3,-99,9999
139.682228,35.562905,13111,3,99999,03102,多摩川ガス橋緑地,下丸子2･3･4地先,3,-99,9999
139.689272,35.588922,13111,3,99999,03102,東調布公園,南雪谷5-13-1,3,-99,9999
139.689391,35.588146,13111,3,99999,03105,東調布公園,南雪谷5-13-1,3,-99,9999
139.689988,35.588339,13111,3,99999,03106,東調布公園,南雪谷5-13-1,3,-99,9999
139.749615,35.563939,13111,3,99999,03115,森ヶ崎公園,大森南5-2-111,3,-99,9999
139.750245,35.564084,13111,3,99999,03104,森ヶ崎公園,大森南5-2-111,3,-99,9999
139.73734,35.581154,13111,3,99999,03120,大森スポーツセンター,大森本町2-2-5,4,-99,9999
139.73734,35.581077,13111,3,99999,03132,大森スポーツセンター,大森本町2-2-5,4,-99,9999
139.737345,35.581009,13111,3,99999,03109,大森スポーツセンター,大森本町2-2-5,4,-99,9999
139.737351,35.580932,13111,3,99999,03110,大森スポーツセンター,大森本町2-2-5,4,-99,9999
139.737357,35.580859,13111,3,99999,03111,大森スポーツセンター,大森本町2-2-5,4,-99,9999
139.737357,35.580787,13111,3,99999,03113,大森スポーツセンター,大森本町2-2-5,4,-99,9999
139.737357,35.58071,13111,3,99999,03129,大森スポーツセンター,大森本町2-2-5,4,-99,9999
139.742287,35.577943,13111,3,99999,03115,平和の森公園,平和の森公園2-1,3,-99,9999
139.741758,35.57776,13111,3,99999,03121,平和の森公園,平和の森公園2-1,3,-99,9999
139.741764,35.577687,13111,3,99999,03122,平和の森公園,平和の森公園2-1,3,-99,9999
139.741313,35.578905,13111,3,99999,03147,平和の森公園,平和の森公園2-1,3,-99,9999
139.747557,35.57093,13111,3,99999,03102,昭和島運動場,昭和島1-7-1,3,-99,9999
139.730817,35.544768,13111,3,99999,03102,多摩川大師橋緑地,本羽田1～3地先,3,-99,9999
139.73399,35.544903,13111,3,99999,03104,多摩川大師橋緑地,本羽田1～3地先,3,-99,9999
139.737237,35.54595,13111,3,99999,03115,本羽田公園,本羽田3-23-10,3,-99,9999
139.753569,35.588001,13111,3,99999,03102,大田スタジアム,東海1-2-10,3,-99,9999
139.727928,35.564752,13111,3,99999,03120,大田区総合体育館,東蒲田1-11-1,4,2,9999
139.727928,35.564706,13111,3,99999,03132,大田区総合体育館,東蒲田1-11-1,4,2,9999
139.727928,35.564656,13111,3,99999,03109,大田区総合体育館,東蒲田1-11-1,4,2,9999
139.727922,35.564605,13111,3,99999,03111,大田区総合体育館,東蒲田1-11-1,4,2,9999
139.727922,35.564554,13111,3,99999,03113,大田区総合体育館,東蒲田1-11-1,4,2,9999
139.727919,35.564501,13111,3,99999,03121,大田区総合体育館,東蒲田1-11-1,4,2,9999
139.727919,35.564453,13111,3,99999,03110,大田区総合体育館,東蒲田1-11-1,4,2,9999
139.727919,35.564395,13111,3,99999,03116,大田区総合体育館,東蒲田1-11-1,4,2,9999
139.70783,35.579046,13111,3,99999,03138,本門寺公園,池上1-11-1,3,-99,9999
139.707836,35.579128,13111,3,99999,03104,本門寺公園,池上1-11-1,3,-99,9999
139.657725,35.591538,13111,3,99999,03102,多摩川田園調布緑地,田園調布5地先,4,-99,9999
139.659104,35.591654,13111,3,99999,03104,多摩川田園調布緑地,田園調布5地先,4,-99,9999
139.659537,35.591012,13111,3,99999,03103,多摩川田園調布緑地,田園調布5地先,4,-99,9999
139.655461,35.592437,13111,3,99999,03115,多摩川田園調布緑地,田園調布5地先,4,-99,9999
139.671506,35.582067,13111,3,99999,03102,多摩川丸子橋緑地,田園調布本町31-32地先,3,-99,9999
139.690316,35.562225,13111,3,99999,03120,矢口区民センター,矢口2-21-14,3,-99,9999
139.690322,35.562179,13111,3,99999,03132,矢口区民センター,矢口2-21-14,3,-99,9999
139.690319,35.562136,13111,3,99999,03109,矢口区民センター,矢口2-21-14,3,-99,9999
139.690325,35.562097,13111,3,99999,03111,矢口区民センター,矢口2-21-14,3,-99,9999
139.690322,35.562061,13111,3,99999,03113,矢口区民センター,矢口2-21-14,3,-99,9999
139.690328,35.562027,13111,3,99999,03116,矢口区民センター,矢口2-21-14,3,-99,9999
139.690331,35.561986,13111,3,99999,03105,矢口区民センター,矢口2-21-14,3,-99,9999
139.7367,35.549586,13111,3,99999,03106,萩中公園水泳場,萩中3-26-46,4,2,9999
139.736929,35.550076,13111,3,99999,03105,萩中公園水泳場,萩中3-26-46,4,2,9999
139.73716,35.549627,13111,3,99999,03107,萩中公園水泳場,萩中3-26-46,4,2,9999
139.701062,35.540952,13111,3,99999,03102,多摩川緑地,西六郷3･4地先,4,-99,9999
139.701525,35.545173,13111,3,99999,03103,多摩川緑地,西六郷3･4地先,4,-99,9999
139.700391,35.539352,13111,3,99999,03146,多摩川緑地,西六郷3･4地先,4,-99,9999
139.703348,35.541689,13111,3,99999,03144,多摩川緑地,西六郷3･4地先,4,-99,9999
139.597283,35.618645,13112,3,99999,03102,砧野球場・サッカー場,喜多見1-12-2,3,-99,9999
139.595494,35.619259,13112,3,99999,03103,砧野球場・サッカー場,喜多見1-12-2,3,-99,9999
139.612299,35.630424,13112,3,99999,03120,総合運動場,大蔵4-6-1,4,-99,9999
139.612293,35.630373,13112,3,99999,03132,総合運動場,大蔵4-6-1,4,-99,9999
139.612296,35.630532,13112,3,99999,03109,総合運動場,大蔵4-6-1,4,-99,9999
139.61289,35.630346,13112,3,99999,03111,総合運動場,大蔵4-6-1,4,-99,9999
139.612293,35.630315,13112,3,99999,03113,総合運動場,大蔵4-6-1,4,-99,9999
139.611092,35.629801,13112,3,99999,03101,総合運動場,大蔵4-6-1,4,-99,9999
139.612673,35.629134,13112,3,99999,03102,総合運動場,大蔵4-6-1,4,-99,9999
139.611502,35.631018,13112,3,99999,03115,総合運動場,大蔵4-6-1,4,-99,9999
139.612037,35.630593,13112,3,99999,03121,総合運動場,大蔵4-6-1,4,-99,9999
139.612575,35.629977,13112,3,99999,03110,総合運動場,大蔵4-6-1,4,-99,9999
139.612575,35.630025,13112,3,99999,03133,総合運動場,大蔵4-6-1,4,-99,9999
139.611788,35.629989,13112,3,99999,03122,総合運動場,大蔵4-6-1,4,-99,9999
139.612305,35.630481,13112,3,99999,03129,総合運動場,大蔵4-6-1,4,-99,9999
139.61253,35.631409,13112,3,99999,03105,総合運動場,大蔵4-6-1,4,-99,9999
139.614761,35.63179,13112,3,99999,03120,大蔵第二運動場,大蔵4-7-1,4,2,9999
139.614767,35.631715,13112,3,99999,03132,大蔵第二運動場,大蔵4-7-1,4,2,9999
139.614764,35.631645,13112,3,99999,03109,大蔵第二運動場,大蔵4-7-1,4,2,9999
139.614761,35.63156,13112,3,99999,03111,大蔵第二運動場,大蔵4-7-1,4,2,9999
139.614761,35.631478,13112,3,99999,03113,大蔵第二運動場,大蔵4-7-1,4,2,9999
139.613341,35.631101,13112,3,99999,03115,大蔵第二運動場,大蔵4-7-1,4,2,9999
139.614226,35.630754,13112,3,99999,03135,大蔵第二運動場,大蔵4-7-1,4,2,9999
139.615427,35.632381,13112,3,99999,03107,大蔵第二運動場,大蔵4-7-1,4,2,9999
139.614758,35.631403,13112,3,99999,03129,大蔵第二運動場,大蔵4-7-1,4,2,9999
139.654151,35.605086,13112,3,99999,03120,尾山台地域体育館,尾山台3-19-3,4,-99,9999
139.654154,35.605048,13112,3,99999,03132,尾山台地域体育館,尾山台3-19-3,4,-99,9999
139.654154,35.605011,13112,3,99999,03109,尾山台地域体育館,尾山台3-19-3,4,-99,9999
139.654154,35.604975,13112,3,99999,03111,尾山台地域体育館,尾山台3-19-3,4,-99,9999
139.654157,35.604939,13112,3,99999,03113,尾山台地域体育館,尾山台3-19-3,4,-99,9999
139.65416,35.604903,13112,3,99999,03129,尾山台地域体育館,尾山台3-19-3,4,-99,9999
139.681023,35.644948,13112,3,99999,03102,世田谷公園,池尻1-5-27,3,-99,1974
139.681695,35.644533,13112,3,99999,03115,世田谷公園,池尻1-5-27,3,-99,1974
139.680518,35.643881,13112,3,99999,03122,世田谷公園,池尻1-5-27,3,-99,1974
139.680869,35.644137,13112,3,99999,03106,世田谷公園,池尻1-5-27,3,-99,1974
139.681023,35.64504,13112,3,99999,03103,世田谷公園,池尻1-5-27,3,-99,1974
139.654835,35.592235,13112,3,99999,03102,多摩川緑地広場,玉堤1-5-1,4,-99,9999
139.655471,35.592544,13112,3,99999,03115,多摩川緑地広場,玉堤1-5-1,4,-99,9999
139.654086,35.592762,13112,3,99999,03103,多摩川緑地広場,玉堤1-5-1,4,-99,9999
139.624762,35.628452,13112,3,99999,03102,砧公園,砧公園1-1,4,-99,1957
139.622308,35.629142,13112,3,99999,03103,砧公園,砧公園1-1,4,-99,1957
139.61753,35.631195,13112,3,99999,03144,砧公園,砧公園1-1,4,-99,1957
139.624762,35.628365,13112,3,99999,03101,砧公園,砧公園1-1,4,-99,1957
139.616734,35.659204,13112,3,99999,03105,千歳温水プール,船橋7-9-1,4,4,9999
139.616734,35.659166,13112,3,99999,03107,千歳温水プール,船橋7-9-1,4,4,9999
139.616734,35.659122,13112,3,99999,03129,千歳温水プール,船橋7-9-1,4,4,9999
139.616734,35.659081,13112,3,99999,03111,千歳温水プール,船橋7-9-1,4,4,9999
139.616737,35.659042,13112,3,99999,03113,千歳温水プール,船橋7-9-1,4,4,9999
139.616737,35.658999,13112,3,99999,03132,千歳温水プール,船橋7-9-1,4,4,9999
139.642532,35.605603,13112,3,99999,03102,玉川野毛町公園,野毛1-25-1,3,-99,9999
139.641632,35.605801,13112,3,99999,03106,玉川野毛町公園,野毛1-25-1,3,-99,9999
139.643263,35.605371,13112,3,99999,03115,玉川野毛町公園,野毛1-25-1,3,-99,9999
139.620073,35.613069,13112,3,99999,03102,渋谷区二子玉川区民運動施設,鎌田1-1-2先（多摩川河川敷）,4,-99,9999
139.617577,35.613349,13112,3,99999,03104,渋谷区二子玉川区民運動施設,鎌田1-1-2先（多摩川河川敷）,4,-99,9999
139.618011,35.614262,13112,3,99999,03115,渋谷区二子玉川区民運動施設,鎌田1-1-2先（多摩川河川敷）,4,-99,9999
139.616316,35.614628,13112,3,99999,03103,二子玉川緑地運動場,鎌田1-3-5,4,-99,9999
139.618277,35.614927,13112,3,99999,03102,二子玉川緑地運動場,鎌田1-3-5,4,-99,9999
139.663662,35.625595,13112,3,99999,03101,駒沢オリンピック公園総合運動場,駒沢公園1-1,4,-99,1949
139.659943,35.626561,13112,3,99999,03103,駒沢オリンピック公園総合運動場,駒沢公園1-1,4,-99,1949
139.663175,35.622369,13112,3,99999,03138,駒沢オリンピック公園総合運動場,駒沢公園1-1,4,-99,1949
139.657459,35.625818,13112,3,99999,03102,駒沢オリンピック公園総合運動場,駒沢公園1-1,4,-99,1949
139.66393,35.622789,13112,3,99999,03115,駒沢オリンピック公園総合運動場,駒沢公園1-1,4,-99,1949
139.660774,35.625001,13112,3,99999,03109,駒沢オリンピック公園総合運動場,駒沢公園1-1,4,-99,1949
139.66078,35.624905,13112,3,99999,03120,駒沢オリンピック公園総合運動場,駒沢公園1-1,4,-99,1949
139.660786,35.624813,13112,3,99999,03132,駒沢オリンピック公園総合運動場,駒沢公園1-1,4,-99,1949
139.659782,35.623524,13112,3,99999,03122,駒沢オリンピック公園総合運動場,駒沢公園1-1,4,-99,1949
139.659788,35.623446,13112,3,99999,03121,駒沢オリンピック公園総合運動場,駒沢公園1-1,4,-99,1949
139.664387,35.625755,13112,3,99999,03129,駒沢オリンピック公園総合運動場,駒沢公園1-1,4,-99,1949
139.664286,35.626431,13112,3,99999,03146,駒沢オリンピック公園総合運動場,駒沢公園1-1,4,-99,1949
139.664346,35.626339,13112,3,99999,03144,駒沢オリンピック公園総合運動場,駒沢公園1-1,4,-99,1949
139.662878,35.623094,13112,3,99999,03116,駒沢オリンピック公園総合運動場,駒沢公園1-1,4,-99,1949
139.661458,35.623992,13112,3,99999,03106,駒沢オリンピック公園総合運動場,駒沢公園1-1,4,-99,1949
139.711175,35.679083,13113,3,99999,03105,東京体育館,千駄ヶ谷1-17-1,4,3,1956
139.712232,35.678605,13113,3,99999,03101,東京体育館,千駄ヶ谷1-17-1,4,3,1956
139.711175,35.679165,13113,3,99999,03129,東京体育館,千駄ヶ谷1-17-1,4,3,1956
139.712553,35.679778,13113,3,99999,03109,東京体育館,千駄ヶ谷1-17-1,4,3,1956
139.709711,35.650724,13113,3,99999,03120,渋谷区ひがし健康プラザアリーナ・多目的ルーム・プール,東3-14-13,4,3,9999
139.7097,35.651004,13113,3,99999,03109,渋谷区ひがし健康プラザアリーナ・多目的ルーム・プール,東3-14-13,4,3,9999
139.709706,35.650971,13113,3,99999,03111,渋谷区ひがし健康プラザアリーナ・多目的ルーム・プール,東3-14-13,4,3,9999
139.709703,35.650937,13113,3,99999,03113,渋谷区ひがし健康プラザアリーナ・多目的ルーム・プール,東3-14-13,4,3,9999
139.709703,35.650898,13113,3,99999,03110,渋谷区ひがし健康プラザアリーナ・多目的ルーム・プール,東3-14-13,4,3,9999
139.709706,35.650862,13113,3,99999,03129,渋谷区ひがし健康プラザアリーナ・多目的ルーム・プール,東3-14-13,4,3,9999
139.709711,35.650828,13113,3,99999,03105,渋谷区ひがし健康プラザアリーナ・多目的ルーム・プール,東3-14-13,4,3,9999
139.709714,35.650794,13113,3,99999,03132,渋谷区ひがし健康プラザアリーナ・多目的ルーム・プール,東3-14-13,4,3,9999
139.709711,35.650758,13113,3,99999,03107,渋谷区ひがし健康プラザアリーナ・多目的ルーム・プール,東3-14-13,4,3,9999
139.701732,35.650488,13113,3,99999,03129,渋谷区猿楽トレーニングジム,猿楽町12-35,4,-99,9999
139.700162,35.667961,13113,3,99999,03109,代々木競技場,神南2-1-1,0,2,9999
139.700162,35.667864,13113,3,99999,03113,代々木競技場,神南2-1-1,0,2,9999
139.700162,35.667773,13113,3,99999,03110,代々木競技場,神南2-1-1,0,2,9999
139.70015,35.667691,13113,3,99999,03132,代々木競技場,神南2-1-1,0,2,9999
139.700156,35.667604,13113,3,99999,03105,代々木競技場,神南2-1-1,0,2,9999
139.701839,35.662371,13113,3,99999,03103,みやしたこうえんフットサル場,神宮前6-20-10,3,-99,9999
139.680725,35.676039,13113,3,99999,03111,渋谷区スポーツセンター,西原1-40-18,3,-99,9999
139.680725,35.676001,13113,3,99999,03113,渋谷区スポーツセンター,西原1-40-18,3,-99,9999
139.680725,35.675962,13113,3,99999,03132,渋谷区スポーツセンター,西原1-40-18,3,-99,9999
139.680722,35.675924,13113,3,99999,03110,渋谷区スポーツセンター,西原1-40-18,3,-99,9999
139.680728,35.675885,13113,3,99999,03121,渋谷区スポーツセンター,西原1-40-18,3,-99,9999
139.680722,35.675846,13113,3,99999,03122,渋谷区スポーツセンター,西原1-40-18,3,-99,9999
139.680722,35.675805,13113,3,99999,03120,渋谷区スポーツセンター,西原1-40-18,3,-99,9999
139.680725,35.675769,13113,3,99999,03109,渋谷区スポーツセンター,西原1-40-18,3,-99,9999
139.680728,35.675726,13113,3,99999,03105,渋谷区スポーツセンター,西原1-40-18,3,-99,9999
139.680722,35.675687,13113,3,99999,03129,渋谷区スポーツセンター,西原1-40-18,3,-99,9999
139.681602,35.676423,13113,3,99999,03104,渋谷区スポーツセンター,西原1-40-18,3,-99,9999
139.68163,35.677058,13113,3,99999,03138,渋谷区スポーツセンター,西原1-40-18,3,-99,9999
139.681572,35.676915,13113,3,99999,03103,渋谷区スポーツセンター,西原1-40-18,3,-99,9999
139.681043,35.676592,13113,3,99999,03115,渋谷区スポーツセンター,西原1-40-18,3,-99,9999
139.681519,35.67721,13113,3,99999,03118,渋谷区スポーツセンター,西原1-40-18,3,-99,9999
139.68442,35.673796,13113,3,99999,03115,渋谷区代々木西原公園庭球場,西原1-47-8,3,-99,9999
139.675409,35.671942,13113,3,99999,03102,渋谷区代々木大山公園運動場,西原2-53-1,3,-99,9999
139.673391,35.720948,13114,3,99999,03104,妙正寺川公園運動広場,松が丘1-33,4,-99,9999
139.662821,35.709327,13114,3,99999,03120,中野体育館,中野4-11-14,4,-99,9999
139.662821,35.709284,13114,3,99999,03109,中野体育館,中野4-11-14,4,-99,9999
139.662821,35.709236,13114,3,99999,03111,中野体育館,中野4-11-14,4,-99,9999
139.662824,35.709192,13114,3,99999,03113,中野体育館,中野4-11-14,4,-99,9999
139.662824,35.709146,13114,3,99999,03110,中野体育館,中野4-11-14,4,-99,9999
139.662824,35.709105,13114,3,99999,03129,中野体育館,中野4-11-14,4,-99,9999
139.662824,35.709055,13114,3,99999,03116,中野体育館,中野4-11-14,4,-99,9999
139.662824,35.709006,13114,3,99999,03132,中野体育館,中野4-11-14,4,-99,9999
139.636477,35.722571,13114,3,99999,03120,鷺宮体育館,白鷺3-1-13,4,-99,9999
139.636477,35.722523,13114,3,99999,03109,鷺宮体育館,白鷺3-1-13,4,-99,9999
139.636474,35.722477,13114,3,99999,03132,鷺宮体育館,白鷺3-1-13,4,-99,9999
139.636477,35.722431,13114,3,99999,03105,鷺宮体育館,白鷺3-1-13,4,-99,9999
139.674163,35.723397,13114,3,99999,03121,哲学堂運動施設,松が丘1-34-28,4,-99,1947
139.674721,35.723074,13114,3,99999,03102,哲学堂運動施設,松が丘1-34-28,4,-99,1947
139.673574,35.722497,13114,3,99999,03115,哲学堂運動施設,松が丘1-34-28,4,-99,1947
139.65423,35.699822,13115,3,99999,03120,高円寺体育館,高円寺南2-36-31,4,-99,9999
139.654233,35.699779,13115,3,99999,03109,高円寺体育館,高円寺南2-36-31,4,-99,9999
139.65423,35.699738,13115,3,99999,03132,高円寺体育館,高円寺南2-36-31,4,-99,9999
139.654233,35.699699,13115,3,99999,03111,高円寺体育館,高円寺南2-36-31,4,-99,9999
139.653799,35.700034,13115,3,99999,03115,高円寺体育館,高円寺南2-36-31,4,-99,9999
139.61031,35.692844,13115,3,99999,03120,大宮前体育館,宮前2-11-11,4,-99,9999
139.61031,35.692798,13115,3,99999,03109,大宮前体育館,宮前2-11-11,4,-99,9999
139.610307,35.692749,13115,3,99999,03132,大宮前体育館,宮前2-11-11,4,-99,9999
139.61031,35.692701,13115,3,99999,03111,大宮前体育館,宮前2-11-11,4,-99,9999
139.637988,35.678566,13115,3,99999,03120,永福体育館,永福3-51-17,4,-99,9999
139.637988,35.678494,13115,3,99999,03109,永福体育館,永福3-51-17,4,-99,9999
139.637994,35.678422,13115,3,99999,03132,永福体育館,永福3-51-17,4,-99,9999
139.637994,35.678354,13115,3,99999,03113,永福体育館,永福3-51-17,4,-99,9999
139.635472,35.672839,13115,3,99999,03102,下高井戸運動場,下高井戸3-26-1,4,-99,9999
139.635469,35.672793,13115,3,99999,03104,下高井戸運動場,下高井戸3-26-1,4,-99,9999
139.635475,35.672885,13115,3,99999,03103,下高井戸運動場,下高井戸3-26-1,4,-99,9999
139.635469,35.672747,13115,3,99999,03138,下高井戸運動場,下高井戸3-26-1,4,-99,9999
139.624771,35.675875,13115,3,99999,03102,塚山公園運動場,下高井戸5-23-12,3,-99,9999
139.60255,35.684283,13115,3,99999,03102,（暫定）久我山運動場,久我山2-18,0,-99,9999
139.602384,35.6852,13115,3,99999,03115,（暫定）久我山運動場,久我山2-18,0,-99,9999
139.603759,35.681417,13115,3,99999,03115,（暫定）富士見ヶ丘運動場,久我山2-2-1,4,-99,9999
139.60496,35.681417,13115,3,99999,03102,（暫定）富士見ヶ丘運動場,久我山2-2-1,4,-99,9999
139.610952,35.72693,13115,3,99999,03103,井草森公園運動場,井草4-12-1,4,-99,1996
139.656767,35.697094,13115,3,99999,03104,蚕糸の森公園運動場,和田3-55-49,3,-99,9999
139.657444,35.697314,13115,3,99999,03105,杉並第十小学校温水プール,和田3-55-49,3,-99,9999
139.646282,35.688694,13115,3,99999,03115,和田堀調整池庭球場,大宮1-22,4,-99,9999
139.64317,35.684158,13115,3,99999,03102,和田堀公園野球場,大宮1-6,4,-99,9999
139.641482,35.682121,13115,3,99999,03106,和田堀公園プール,大宮2-2-10,4,-99,9999
139.631854,35.689888,13115,3,99999,03102,善福寺川緑地,成田西1-30-27,4,-99,9999
139.632466,35.691061,13115,3,99999,03115,善福寺川緑地,成田西1-30-27,4,-99,9999
139.641932,35.684288,13115,3,99999,03101,和田堀公園,成田西1-30-27,4,-99,9999
139.641932,35.684201,13115,3,99999,03103,和田堀公園,成田西1-30-27,4,-99,9999
139.641972,35.685421,13115,3,99999,03115,松ノ木運動場,松ノ木1-3-22,4,-99,9999
139.641307,35.685498,13115,3,99999,03102,松ノ木運動場,松ノ木1-3-22,4,-99,9999
139.625207,35.679052,13115,3,99999,03115,柏の宮公園庭球場,浜田山2-5-1,4,-99,9999
139.617628,35.718538,13115,3,99999,03120,妙正寺体育館,清水3-20-12,4,-99,9999
139.617631,35.718495,13115,3,99999,03109,妙正寺体育館,清水3-20-12,4,-99,9999
139.617631,35.718451,13115,3,99999,03111,妙正寺体育館,清水3-20-12,4,-99,9999
139.617631,35.718406,13115,3,99999,03113,妙正寺体育館,清水3-20-12,4,-99,9999
139.617696,35.718133,13115,3,99999,03115,妙正寺体育館,清水3-20-12,4,-99,9999
139.617631,35.718362,13115,3,99999,03132,妙正寺体育館,清水3-20-12,4,-99,9999
139.626939,35.702806,13115,3,99999,03120,荻窪体育館,荻窪3-47-2,4,-99,9999
139.626939,35.702768,13115,3,99999,03109,荻窪体育館,荻窪3-47-2,4,-99,9999
139.626936,35.702727,13115,3,99999,03112,荻窪体育館,荻窪3-47-2,4,-99,9999
139.626933,35.702691,13115,3,99999,03113,荻窪体育館,荻窪3-47-2,4,-99,9999
139.626933,35.70265,13115,3,99999,03132,荻窪体育館,荻窪3-47-2,4,-99,9999
139.641309,35.7054,13115,3,99999,03106,阿佐谷けやき公園プール,阿佐谷北1-1-22,4,-99,9999
139.616487,35.683564,13115,3,99999,03105,高井戸温水プール,高井戸東3-7-5,4,-99,9999
139.64382,35.70947,13115,3,99999,03102,馬橋公園運動広場,高円寺北4-35-5,4,-99,9999
139.643825,35.709429,13115,3,99999,03103,馬橋公園運動広場,高円寺北4-35-5,4,-99,9999
139.643304,35.709107,13115,3,99999,03138,馬橋公園運動広場,高円寺北4-35-5,4,-99,9999
139.643825,35.709389,13115,3,99999,03104,馬橋公園運動広場,高円寺北4-35-5,4,-99,9999
139.65423,35.699656,13115,3,99999,03113,高円寺体育館,高円寺南2-36-31,4,-99,9999
139.689539,35.740131,13116,3,99999,03120,豊島体育館,要町3-47-8,4,-99,9999
139.689545,35.740087,13116,3,99999,03109,豊島体育館,要町3-47-8,4,-99,9999
139.689545,35.740046,13116,3,99999,03111,豊島体育館,要町3-47-8,4,-99,9999
139.689545,35.740003,13116,3,99999,03113,豊島体育館,要町3-47-8,4,-99,9999
139.689542,35.73996,13116,3,99999,03132,豊島体育館,要町3-47-8,4,-99,9999
139.689542,35.739906,13116,3,99999,03129,豊島体育館,要町3-47-8,4,-99,9999
139.733344,35.734239,13116,3,99999,03120,巣鴨体育館,巣鴨3-8-7,4,-99,9999
139.733347,35.7342,13116,3,99999,03109,巣鴨体育館,巣鴨3-8-7,4,-99,9999
139.733347,35.734162,13116,3,99999,03111,巣鴨体育館,巣鴨3-8-7,4,-99,9999
139.733344,35.734125,13116,3,99999,03113,巣鴨体育館,巣鴨3-8-7,4,-99,9999
139.733344,35.734089,13116,3,99999,03129,巣鴨体育館,巣鴨3-8-7,4,-99,9999
139.733344,35.734055,13116,3,99999,03105,巣鴨体育館,巣鴨3-8-7,4,-99,9999
139.722534,35.729003,13116,3,99999,03102,総合体育場,東池袋4-41-30,4,-99,9999
139.722754,35.729669,13116,3,99999,03115,総合体育場,東池袋4-41-30,4,-99,9999
139.723039,35.729398,13116,3,99999,03121,総合体育場,東池袋4-41-30,4,-99,9999
139.723039,35.72936,13116,3,99999,03120,総合体育場,東池袋4-41-30,4,-99,9999
139.723036,35.729319,13116,3,99999,03132,総合体育場,東池袋4-41-30,4,-99,9999
139.731004,35.744666,13116,3,99999,03115,西巣鴨体育場,西巣鴨4-22-19,4,-99,9999
139.731247,35.744575,13116,3,99999,03122,西巣鴨体育場,西巣鴨4-22-19,4,-99,9999
139.731438,35.744618,13116,3,99999,03138,西巣鴨体育場,西巣鴨4-22-19,4,-99,9999
139.71359,35.719782,13116,3,99999,03120,雑司が谷体育館,雑司が谷3-1-7,4,-99,9999
139.713596,35.719741,13116,3,99999,03109,雑司が谷体育館,雑司が谷3-1-7,4,-99,9999
139.713596,35.719703,13116,3,99999,03111,雑司が谷体育館,雑司が谷3-1-7,4,-99,9999
139.713596,35.719664,13116,3,99999,03113,雑司が谷体育館,雑司が谷3-1-7,4,-99,9999
139.713599,35.719628,13116,3,99999,03110,雑司が谷体育館,雑司が谷3-1-7,4,-99,9999
139.713599,35.71959,13116,3,99999,03132,雑司が谷体育館,雑司が谷3-1-7,4,-99,9999
139.713602,35.719546,13116,3,99999,03105,雑司が谷体育館,雑司が谷3-1-7,4,-99,9999
139.745087,35.745695,13117,3,99999,03120,滝野川体育館,西ヶ原2-1-6,4,-99,9999
139.745087,35.745647,13117,3,99999,03109,滝野川体育館,西ヶ原2-1-6,4,-99,9999
139.745087,35.745604,13117,3,99999,03129,滝野川体育館,西ヶ原2-1-6,4,-99,9999
139.745093,35.745563,13117,3,99999,03132,滝野川体育館,西ヶ原2-1-6,4,-99,9999
139.74509,35.745522,13117,3,99999,03121,滝野川体育館,西ヶ原2-1-6,4,-99,9999
139.745087,35.745476,13117,3,99999,03111,滝野川体育館,西ヶ原2-1-6,4,-99,9999
139.74509,35.745435,13117,3,99999,03113,滝野川体育館,西ヶ原2-1-6,4,-99,9999
139.74509,35.745389,13117,3,99999,03110,滝野川体育館,西ヶ原2-1-6,4,-99,9999
139.744493,35.74692,13117,3,99999,03115,滝野川体育館,西ヶ原2-1-6,4,-99,9999
139.728858,35.774337,13117,3,99999,03101,北運動場,神谷2-47-6,4,-99,9999
139.728861,35.774251,13117,3,99999,03138,北運動場,神谷2-47-6,4,-99,9999
139.718279,35.78932,13117,3,99999,03102,新荒川大橋野球場,赤羽3-29先,3,-99,9999
139.716203,35.789281,13117,3,99999,03103,新荒川大橋サッカー場,赤羽1-22-22先,3,-99,9999
139.711571,35.779474,13117,3,99999,03120,桐ヶ丘体育館,赤羽台3-17-57,3,2,9999
139.711574,35.779433,13117,3,99999,03109,桐ヶ丘体育館,赤羽台3-17-57,3,2,9999
139.711574,35.77939,13117,3,99999,03111,桐ヶ丘体育館,赤羽台3-17-57,3,2,9999
139.711574,35.779351,13117,3,99999,03110,桐ヶ丘体育館,赤羽台3-17-57,3,2,9999
139.710662,35.779187,13117,3,99999,03121,桐ヶ丘体育館,赤羽台3-17-57,3,2,9999
139.710665,35.779146,13117,3,99999,03122,桐ヶ丘体育館,赤羽台3-17-57,3,2,9999
139.711574,35.779312,13117,3,99999,03129,桐ヶ丘体育館,赤羽台3-17-57,3,2,9999
139.711571,35.779271,13117,3,99999,03132,桐ヶ丘体育館,赤羽台3-17-57,3,2,9999
139.710971,35.779209,13117,3,99999,03115,桐ヶ丘体育館,赤羽台3-17-57,3,2,9999
139.711571,35.779228,13117,3,99999,03113,桐ヶ丘体育館,赤羽台3-17-57,3,2,9999
139.723989,35.753917,13117,3,99999,03120,東京都障害者総合スポーツセンター,十条台1-2-2,4,3,1986
139.72464,35.753732,13117,3,99999,03101,東京都障害者総合スポーツセンター,十条台1-2-2,4,3,1986
139.724503,35.754306,13117,3,99999,03122,東京都障害者総合スポーツセンター,十条台1-2-2,4,3,1986
139.723891,35.754769,13117,3,99999,03115,東京都障害者総合スポーツセンター,十条台1-2-2,4,3,1986
139.7239,35.754513,13117,3,99999,03138,東京都障害者総合スポーツセンター,十条台1-2-2,4,3,1986
139.723995,35.753835,13117,3,99999,03109,東京都障害者総合スポーツセンター,十条台1-2-2,4,3,1986
139.724001,35.753763,13117,3,99999,03129,東京都障害者総合スポーツセンター,十条台1-2-2,4,3,1986
139.723995,35.753681,13117,3,99999,03105,東京都障害者総合スポーツセンター,十条台1-2-2,4,3,1986
139.72464,35.753681,13117,3,99999,03103,東京都障害者総合スポーツセンター,十条台1-2-2,4,3,1986
139.7239,35.754472,13117,3,99999,03104,東京都障害者総合スポーツセンター,十条台1-2-2,4,3,1986
139.721082,35.787103,13117,3,99999,03115,新河岸川庭球場,岩淵町41,4,-99,9999
139.731244,35.775851,13117,3,99999,03105,元気ぷらざ,志茂1-2-22,4,-99,9999
139.731244,35.775765,13117,3,99999,03107,元気ぷらざ,志茂1-2-22,4,-99,9999
139.734752,35.786948,13117,3,99999,03102,岩淵水門野球場,志茂5-41先,4,-99,9999
139.70841,35.777562,13117,3,99999,03106,桐ヶ丘プール,桐ヶ丘1-8-1,3,-99,9999
139.692216,35.78918,13117,3,99999,03102,浮間子どもスポーツ広場,浮間4-27-1,4,-99,9999
139.693096,35.789108,13117,3,99999,03103,浮間子どもスポーツ広場,浮間4-27-1,4,-99,9999
139.723741,35.742362,13117,3,99999,03115,谷端プール多目的広場,滝野川7-42-1,4,-99,9999
139.723741,35.742318,13117,3,99999,03106,谷端プール多目的広場,滝野川7-42-1,4,-99,9999
139.738526,35.762957,13117,3,99999,03106,王子プール,王子3-24-1,4,-99,9999
139.729085,35.772765,13117,3,99999,03120,神谷体育館,神谷2-33-6,4,-99,9999
139.729088,35.772726,13117,3,99999,03109,神谷体育館,神谷2-33-6,4,-99,9999
139.729088,35.772685,13117,3,99999,03111,神谷体育館,神谷2-33-6,4,-99,9999
139.729088,35.772644,13117,3,99999,03113,神谷体育館,神谷2-33-6,4,-99,9999
139.709333,35.772269,13117,3,99999,03103,赤羽スポーツの森公園競技場,赤羽西5-2-27,4,-99,9999
139.70933,35.772223,13117,3,99999,03138,赤羽スポーツの森公園競技場,赤羽西5-2-27,4,-99,9999
139.708754,35.772201,13117,3,99999,03120,赤羽スポーツの森公園競技場,赤羽西5-2-27,4,-99,9999
139.775245,35.750106,13118,3,99999,03104,東尾久運動場,東尾久7-1-1,4,-99,9999
139.775396,35.752356,13118,3,99999,03115,東尾久運動場,東尾久7-1-1,4,-99,9999
139.774826,35.752206,13118,3,99999,03138,東尾久運動場,東尾久7-1-1,4,-99,9999
139.757015,35.751349,13118,3,99999,03104,あらかわ遊園運動場,西尾久8-3-1,3,-99,9999
139.792176,35.736383,13118,3,99999,03102,南千住野球場,南千住6-45-5,3,-99,9999
139.787427,35.741432,13118,3,99999,03102,荒川自然公園運動場,荒川8-25-3,4,-99,9999
139.787576,35.742194,13118,3,99999,03115,荒川自然公園運動場,荒川8-25-3,4,-99,9999
139.791196,35.736103,13118,3,99999,03120,荒川総合スポーツセンター,南千住6-45-5,4,4,9999
139.791196,35.736055,13118,3,99999,03109,荒川総合スポーツセンター,南千住6-45-5,4,4,9999
139.791199,35.736007,13118,3,99999,03111,荒川総合スポーツセンター,南千住6-45-5,4,4,9999
139.791196,35.735956,13118,3,99999,03113,荒川総合スポーツセンター,南千住6-45-5,4,4,9999
139.791199,35.735911,13118,3,99999,03132,荒川総合スポーツセンター,南千住6-45-5,4,4,9999
139.791196,35.735865,13118,3,99999,03121,荒川総合スポーツセンター,南千住6-45-5,4,4,9999
139.791196,35.735819,13118,3,99999,03110,荒川総合スポーツセンター,南千住6-45-5,4,4,9999
139.791196,35.735763,13118,3,99999,03133,荒川総合スポーツセンター,南千住6-45-5,4,4,9999
139.791199,35.735708,13118,3,99999,03129,荒川総合スポーツセンター,南千住6-45-5,4,4,9999
139.791199,35.735652,13118,3,99999,03105,荒川総合スポーツセンター,南千住6-45-5,4,4,9999
139.809291,35.736255,13118,3,99999,03115,汐入公園,南千住8-13-1,4,-99,9999
139.81045,35.736394,13118,3,99999,03104,汐入公園,南千住8-13-1,4,-99,9999
139.809232,35.736592,13118,3,99999,03138,汐入公園,南千住8-13-1,4,-99,9999
139.757211,35.751979,13118,3,99999,03120,あらかわ遊園スポーツハウス,西尾久8-3-1,4,-99,9999
139.757214,35.75194,13118,3,99999,03109,あらかわ遊園スポーツハウス,西尾久8-3-1,4,-99,9999
139.757214,35.751902,13118,3,99999,03111,あらかわ遊園スポーツハウス,西尾久8-3-1,4,-99,9999
139.757214,35.751863,13118,3,99999,03113,あらかわ遊園スポーツハウス,西尾久8-3-1,4,-99,9999
139.757211,35.751827,13118,3,99999,03132,あらかわ遊園スポーツハウス,西尾久8-3-1,4,-99,9999
139.757214,35.751791,13118,3,99999,03105,あらかわ遊園スポーツハウス,西尾久8-3-1,4,-99,9999
139.757217,35.751754,13118,3,99999,03129,あらかわ遊園スポーツハウス,西尾久8-3-1,4,-99,9999
139.653139,35.797992,13119,3,99999,03102,荒川野球場,新河岸3荒川河川敷内,4,-99,9999
139.69828,35.778626,13119,3,99999,03120,小豆沢体育館,小豆沢3-1-1,4,-99,9999
139.69828,35.778578,13119,3,99999,03109,小豆沢体育館,小豆沢3-1-1,4,-99,9999
139.69828,35.778532,13119,3,99999,03132,小豆沢体育館,小豆沢3-1-1,4,-99,9999
139.698277,35.778484,13119,3,99999,03129,小豆沢体育館,小豆沢3-1-1,4,-99,9999
139.696851,35.779093,13119,3,99999,03110,小豆沢体育館,小豆沢3-1-1,4,-99,9999
139.696848,35.77905,13119,3,99999,03113,小豆沢体育館,小豆沢3-1-1,4,-99,9999
139.696851,35.778995,13119,3,99999,03111,小豆沢体育館,小豆沢3-1-1,4,-99,9999
139.697217,35.778402,13119,3,99999,03118,小豆沢体育館,小豆沢3-1-1,4,-99,9999
139.694905,35.778382,13119,3,99999,03121,和弓場,小豆沢3-1-1,4,-99,9999
139.69722,35.778366,13119,3,99999,03118,相撲場,小豆沢3-1-1,4,-99,9999
139.641777,35.77805,13119,3,99999,03120,赤塚体育館,赤塚5-6-1,4,-99,9999
139.641777,35.777976,13119,3,99999,03109,赤塚体育館,赤塚5-6-1,4,-99,9999
139.64178,35.777901,13119,3,99999,03132,赤塚体育館,赤塚5-6-1,4,-99,9999
139.64178,35.777824,13119,3,99999,03129,赤塚体育館,赤塚5-6-1,4,-99,9999
139.642199,35.778197,13119,3,99999,03104,赤塚体育館,赤塚5-6-1,4,-99,9999
139.641777,35.777754,13119,3,99999,03105,赤塚体育館,赤塚5-6-1,4,-99,9999
139.695791,35.778691,13119,3,99999,03102,小豆沢野球場,小豆沢3-1-1,4,-99,9999
139.635895,35.789548,13119,3,99999,03127,成増北第一公園,成増5-19,3,-99,9999
139.657855,35.795815,13119,3,99999,03103,新河岸陸上競技場,新河岸3-1-3,4,-99,9999
139.657855,35.795733,13119,3,99999,03138,新河岸陸上競技場,新河岸3-1-3,4,-99,9999
139.65789,35.794336,13119,3,99999,03115,新河岸庭球場,新河岸3-1-3,4,-99,9999
139.662623,35.798897,13119,3,99999,03102,荒川戸田橋野球場,新河岸1-25先,3,-99,9999
139.685997,35.788653,13119,3,99999,03122,洋弓場,東坂下2-21,4,-99,9999
139.713018,35.75396,13119,3,99999,03115,東板橋庭球場,板橋3-50-1,4,-99,9999
139.713413,35.754351,13119,3,99999,03104,東板橋公園運動場,板橋3-50-1,4,-99,9999
139.675618,35.757416,13119,3,99999,03120,上板橋体育館,桜川1-3-1,4,-99,9999
139.675618,35.757334,13119,3,99999,03109,上板橋体育館,桜川1-3-1,4,-99,9999
139.675618,35.757257,13119,3,99999,03132,上板橋体育館,桜川1-3-1,4,-99,9999
139.675618,35.757185,13119,3,99999,03129,上板橋体育館,桜川1-3-1,4,-99,9999
139.675618,35.757108,13119,3,99999,03105,上板橋体育館,桜川1-3-1,4,-99,9999
139.675624,35.757021,13119,3,99999,03110,上板橋体育館,桜川1-3-1,4,-99,9999
139.675618,35.756934,13119,3,99999,03113,上板橋体育館,桜川1-3-1,4,-99,9999
139.675618,35.756847,13119,3,99999,03111,上板橋体育館,桜川1-3-1,4,-99,9999
139.687051,35.798073,13119,3,99999,03103,荒川戸田橋サッカー場,舟渡2-26先,4,-99,9999
139.671378,35.798186,13119,3,99999,03101,荒川戸田橋陸上競技場,舟渡4-7先,4,-99,9999
139.671378,35.798003,13119,3,99999,03104,荒川戸田橋陸上競技場,舟渡4-7先,4,-99,9999
139.693043,35.795646,13119,3,99999,03102,浮間公園,舟渡2-15-1,4,-99,9999
139.692675,35.794547,13119,3,99999,03115,浮間公園,舟渡2-15-1,4,-99,9999
139.659892,35.784379,13119,3,99999,03103,高島平少年サッカー場,高島平2-24-1,4,-99,9999
139.661174,35.792015,13119,3,99999,03102,徳丸ヶ原野球場,高島平8-24-1,4,-99,9999
139.661153,35.791172,13119,3,99999,03115,徳丸ヶ原庭球場,高島平8-24-1,4,-99,9999
139.655692,35.785503,13119,3,99999,03102,赤塚公園,高島平3-1,2,-99,1974
139.655668,35.784524,13119,3,99999,03101,赤塚公園,高島平3-1,2,-99,1974
139.657802,35.784948,13119,3,99999,03115,赤塚公園,高島平3-1,2,-99,1974
139.664404,35.791585,13119,3,99999,03105,高島平温水プール,高島平8-28-1,4,-99,9999
139.664404,35.791513,13119,3,99999,03129,高島平温水プール,高島平8-28-1,4,-99,9999
139.664404,35.791436,13119,3,99999,03120,高島平温水プール,高島平8-28-1,4,-99,9999
139.664404,35.791359,13119,3,99999,03132,高島平温水プール,高島平8-28-1,4,-99,9999
139.621383,35.749597,13120,3,99999,03109,総合体育館,谷原1-7-5,3,2,9999
139.621383,35.749549,13120,3,99999,03120,総合体育館,谷原1-7-5,3,2,9999
139.62138,35.749499,13120,3,99999,03129,総合体育館,谷原1-7-5,3,2,9999
139.621377,35.749455,13120,3,99999,03110,総合体育館,谷原1-7-5,3,2,9999
139.621383,35.749412,13120,3,99999,03111,総合体育館,谷原1-7-5,3,2,9999
139.62138,35.749366,13120,3,99999,03121,総合体育館,谷原1-7-5,3,2,9999
139.621638,35.749778,13120,3,99999,03118,総合体育館,谷原1-7-5,3,2,9999
139.621909,35.749424,13120,3,99999,03133,総合体育館,谷原1-7-5,3,2,9999
139.622283,35.74947,13120,3,99999,03127,総合体育館,谷原1-7-5,3,2,9999
139.621374,35.74932,13120,3,99999,03113,総合体育館,谷原1-7-5,3,2,9999
139.648691,35.729452,13120,3,99999,03109,中村南スポーツ交流センター,中村南1-2-32,4,-99,9999
139.648703,35.729366,13120,3,99999,03105,中村南スポーツ交流センター,中村南1-2-32,4,-99,9999
139.648703,35.729284,13120,3,99999,03129,中村南スポーツ交流センター,中村南1-2-32,4,-99,9999
139.648708,35.729197,13120,3,99999,03111,中村南スポーツ交流センター,中村南1-2-32,4,-99,9999
139.648714,35.72912,13120,3,99999,03110,中村南スポーツ交流センター,中村南1-2-32,4,-99,9999
139.648703,35.729033,13120,3,99999,03113,中村南スポーツ交流センター,中村南1-2-32,4,-99,9999
139.631769,35.756137,13120,3,99999,03115,夏の雲公園庭球場,光が丘3-5-1,4,-99,9999
139.631079,35.75644,13120,3,99999,03138,夏の雲公園多目的広場,光が丘3-5-1,4,-99,9999
139.631225,35.766382,13120,3,99999,03102,光が丘公園,光が丘4-1-1,4,-99,9999
139.63107,35.765139,13120,3,99999,03115,光が丘公園,光が丘4-1-1,4,-99,9999
139.633316,35.766942,13120,3,99999,03101,光が丘公園,光が丘4-1-1,4,-99,9999
139.634962,35.766587,13120,3,99999,03121,光が丘公園,光が丘4-1-1,4,-99,9999
139.634701,35.766607,13120,3,99999,03122,光が丘公園,光が丘4-1-1,4,-99,9999
139.634454,35.76832,13120,3,99999,03138,光が丘公園,光が丘4-1-1,4,-99,9999
139.630108,35.764096,13120,3,99999,03120,光が丘体育館,光が丘4-1-4,4,-99,9999
139.630105,35.764048,13120,3,99999,03109,光が丘体育館,光が丘4-1-4,4,-99,9999
139.630105,35.763997,13120,3,99999,03113,光が丘体育館,光が丘4-1-4,4,-99,9999
139.630102,35.763944,13120,3,99999,03119,光が丘体育館,光が丘4-1-4,4,-99,9999
139.630105,35.763889,13120,3,99999,03132,光が丘体育館,光が丘4-1-4,4,-99,9999
139.630108,35.763838,13120,3,99999,03129,光が丘体育館,光が丘4-1-4,4,-99,9999
139.630105,35.763793,13120,3,99999,03105,光が丘体育館,光が丘4-1-4,4,-99,9999
139.574868,35.74348,13120,3,99999,03120,南大泉青少年館,南大泉1-44-7,3,-99,9999
139.574865,35.743442,13120,3,99999,03109,南大泉青少年館,南大泉1-44-7,3,-99,9999
139.574865,35.743403,13120,3,99999,03132,南大泉青少年館,南大泉1-44-7,3,-99,9999
139.615149,35.769192,13120,3,99999,03115,土支田庭球場,土支田4-31-24,4,-99,9999
139.584238,35.765472,13120,3,99999,03120,大泉学園町体育館,大泉学園町5-14-24,4,-99,9999
139.584235,35.765434,13120,3,99999,03109,大泉学園町体育館,大泉学園町5-14-24,4,-99,9999
139.584235,35.765398,13120,3,99999,03110,大泉学園町体育館,大泉学園町5-14-24,4,-99,9999
139.584232,35.765357,13120,3,99999,03113,大泉学園町体育館,大泉学園町5-14-24,4,-99,9999
139.584232,35.765318,13120,3,99999,03111,大泉学園町体育館,大泉学園町5-14-24,4,-99,9999
139.584232,35.765282,13120,3,99999,03132,大泉学園町体育館,大泉学園町5-14-24,4,-99,9999
139.584229,35.765246,13120,3,99999,03129,大泉学園町体育館,大泉学園町5-14-24,4,-99,9999
139.584788,35.765349,13120,3,99999,03105,大泉学園町体育館,大泉学園町5-14-24,4,-99,9999
139.590252,35.778095,13120,3,99999,03115,大泉学園町希望が丘公園運動場,大泉学園町9-1-2,3,-99,9999
139.589925,35.777618,13120,3,99999,03104,大泉学園町希望が丘公園運動場,大泉学園町9-1-2,3,-99,9999
139.598875,35.774639,13120,3,99999,03102,大泉中央公園,大泉学園町9-4-3,3,-99,1990
139.598809,35.775656,13120,3,99999,03101,大泉中央公園,大泉学園町9-4-3,3,-99,1990
139.600831,35.774851,13120,3,99999,03104,大泉さくら運動公園多目的運動場,大泉学園町9-4-5,4,-99,9999
139.59624,35.767078,13120,3,99999,03102,北大泉野球場,大泉町3-31-44,4,-99,9999
139.661465,35.759481,13120,3,99999,03120,平和台体育館,平和台2-12-5,4,-99,9999
139.661465,35.75944,13120,3,99999,03109,平和台体育館,平和台2-12-5,4,-99,9999
139.661462,35.759399,13120,3,99999,03132,平和台体育館,平和台2-12-5,4,-99,9999
139.661462,35.75936,13120,3,99999,03110,平和台体育館,平和台2-12-5,4,-99,9999
139.661465,35.759322,13120,3,99999,03111,平和台体育館,平和台2-12-5,4,-99,9999
139.661465,35.759278,13120,3,99999,03113,平和台体育館,平和台2-12-5,4,-99,9999
139.661462,35.75924,13120,3,99999,03129,平和台体育館,平和台2-12-5,4,-99,9999
139.661828,35.759483,13120,3,99999,03105,平和台体育館,平和台2-12-5,4,-99,9999
139.639239,35.752639,13120,3,99999,03120,春日町青少年館,春日町4-16-9,3,-99,9999
139.639239,35.752593,13120,3,99999,03109,春日町青少年館,春日町4-16-9,3,-99,9999
139.639239,35.752545,13120,3,99999,03111,春日町青少年館,春日町4-16-9,3,-99,9999
139.639239,35.752501,13120,3,99999,03113,春日町青少年館,春日町4-16-9,3,-99,9999
139.597753,35.756431,13120,3,99999,03115,びくに公園庭球場,東大泉2-28-31,4,-99,9999
139.59769,35.755964,13120,3,99999,03104,びくに公園庭球場,東大泉2-28-31,4,-99,9999
139.587669,35.748164,13120,3,99999,03129,勤労福祉会館,東大泉5-40-36,4,2,1985
139.666217,35.745682,13120,3,99999,03120,桜台体育館,桜台3-28-1,4,-99,9999
139.666222,35.745641,13120,3,99999,03109,桜台体育館,桜台3-28-1,4,-99,9999
139.666222,35.745602,13120,3,99999,03110,桜台体育館,桜台3-28-1,4,-99,9999
139.666225,35.745561,13120,3,99999,03111,桜台体育館,桜台3-28-1,4,-99,9999
139.666222,35.745522,13120,3,99999,03113,桜台体育館,桜台3-28-1,4,-99,9999
139.674057,35.756947,13120,3,99999,03102,城北中央公園,氷川台1-3-1,4,-99,9999
139.672875,35.755606,13120,3,99999,03101,城北中央公園,氷川台1-3-1,4,-99,9999
139.674937,35.756537,13120,3,99999,03115,城北中央公園,氷川台1-3-1,4,-99,9999
139.674485,35.758233,13120,3,99999,03138,城北中央公園,氷川台1-3-1,4,-99,9999
139.612469,35.741411,13120,3,99999,03102,東台野球場,石神井町1-11-32,4,-99,9999
139.597054,35.739582,13120,3,99999,03102,石神井公園,石神井台1-26-1,4,-99,9999
139.602645,35.737359,13120,3,99999,03115,石神井公園,石神井台1-26-1,4,-99,9999
139.593987,35.740307,13120,3,99999,03115,日本銀行石神井運動場（休場中）,石神井台1-33-44,3,-99,9999
139.592746,35.740013,13120,3,99999,03104,日本銀行石神井運動場（休場中）,石神井台1-33-44,3,-99,9999
139.599806,35.73718,13120,3,99999,03106,石神井プール,石神井町5-12-16,4,-99,9999
139.653995,35.745741,13120,3,99999,03101,練馬総合運動場,練馬2-29-10,4,-99,1938
139.653989,35.745649,13120,3,99999,03103,練馬総合運動場,練馬2-29-10,4,-99,1938
139.655094,35.746074,13120,3,99999,03138,練馬総合運動場,練馬2-29-10,4,-99,1938
139.62228,35.749429,13120,3,99999,03138,総合体育館東側多目的広場,谷原1-7-5,4,-99,9999
139.622286,35.749388,13120,3,99999,03104,総合体育館東側多目的広場,谷原1-7-5,4,-99,9999
139.652077,35.733329,13120,3,99999,03115,豊玉中公園庭球場,豊玉中4-1-17,4,-99,9999
139.64934,35.730074,13120,3,99999,03102,学田公園野球場,豊玉南3-32-27,4,-99,9999
139.635998,35.737546,13120,3,99999,03109,サンライフ練馬,貫井1-36-18,4,3,9999
139.635998,35.737474,13120,3,99999,03120,サンライフ練馬,貫井1-36-18,4,3,9999
139.636004,35.737401,13120,3,99999,03132,サンライフ練馬,貫井1-36-18,4,3,9999
139.636004,35.737329,13120,3,99999,03129,サンライフ練馬,貫井1-36-18,4,3,9999
139.625023,35.762637,13120,3,99999,03105,旭町南地区区民館,高松5-23-15,3,2,9999
139.625035,35.763023,13120,3,99999,03120,旭町南地区区民館,高松5-23-15,3,2,9999
139.625029,35.762946,13120,3,99999,03109,旭町南地区区民館,高松5-23-15,3,2,9999
139.625023,35.762869,13120,3,99999,03113,旭町南地区区民館,高松5-23-15,3,2,9999
139.625023,35.762796,13120,3,99999,03132,旭町南地区区民館,高松5-23-15,3,2,9999
139.625023,35.762719,13120,3,99999,03129,旭町南地区区民館,高松5-23-15,3,2,9999
139.612712,35.743954,13120,3,99999,03102,高野台運動場,高野台3-8-8,4,3,9999
139.612451,35.743424,13120,3,99999,03115,高野台運動場,高野台3-8-8,4,3,9999
139.80016,35.758231,13121,3,99999,03104,荒川河川敷運動公園運動場,千住大川町12-1,3,-99,9999
139.792035,35.757631,13121,3,99999,03102,西新井橋野球場（休場中）,千住元町36-7先,3,-99,9999
139.773787,35.755859,13121,3,99999,03102,少年運動場,小台1-22先,3,-99,9999
139.77589,35.755787,13121,3,99999,03103,少年運動場,小台1-22先,3,-99,9999
139.813645,35.792332,13121,3,99999,03120,総合スポーツセンター,東保木間2-27-1,4,-99,9999
139.813645,35.792291,13121,3,99999,03109,総合スポーツセンター,東保木間2-27-1,4,-99,9999
139.813642,35.792252,13121,3,99999,03111,総合スポーツセンター,東保木間2-27-1,4,-99,9999
139.813642,35.792214,13121,3,99999,03113,総合スポーツセンター,東保木間2-27-1,4,-99,9999
139.813645,35.792175,13121,3,99999,03116,総合スポーツセンター,東保木間2-27-1,4,-99,9999
139.813645,35.792137,13121,3,99999,03132,総合スポーツセンター,東保木間2-27-1,4,-99,9999
139.813645,35.792098,13121,3,99999,03129,総合スポーツセンター,東保木間2-27-1,4,-99,9999
139.813645,35.79206,13121,3,99999,03110,総合スポーツセンター,東保木間2-27-1,4,-99,9999
139.813648,35.792023,13121,3,99999,03133,総合スポーツセンター,東保木間2-27-1,4,-99,9999
139.813648,35.791987,13121,3,99999,03122,総合スポーツセンター,東保木間2-27-1,4,-99,9999
139.813188,35.791435,13121,3,99999,03106,総合スポーツセンター,東保木間2-27-1,4,-99,9999
139.815051,35.791893,13121,3,99999,03104,総合スポーツセンター,東保木間2-27-1,4,-99,9999
139.81598,35.793701,13121,3,99999,03115,総合スポーツセンター,東保木間2-27-1,4,-99,9999
139.814525,35.791746,13121,3,99999,03146,総合スポーツセンター,東保木間2-27-1,4,-99,9999
139.813651,35.791949,13121,3,99999,03121,総合スポーツセンター,東保木間2-27-1,4,-99,9999
139.813099,35.792379,13121,3,99999,03127,総合スポーツセンター,東保木間2-27-1,4,-99,9999
139.786051,35.754683,13121,3,99999,03115,尾竹橋公園,千住桜木町2-16-1,3,-99,9999
139.795635,35.745223,13121,3,99999,03121,千住スポーツ公園,千住緑町2-1-1,3,-99,9999
139.79564,35.745177,13121,3,99999,03119,千住スポーツ公園,千住緑町2-1-1,3,-99,9999
139.79564,35.745134,13121,3,99999,03132,千住スポーツ公園,千住緑町2-1-1,3,-99,9999
139.795326,35.744917,13121,3,99999,03115,千住スポーツ公園,千住緑町2-1-1,3,-99,9999
139.794812,35.744181,13121,3,99999,03103,千住スポーツ公園,千住緑町2-1-1,3,-99,9999
139.794815,35.744239,13121,3,99999,03138,千住スポーツ公園,千住緑町2-1-1,3,-99,9999
139.761613,35.760072,13121,3,99999,03102,荒川江北橋緑地（右岸）,宮城･小台1･2地先,3,-99,9999
139.76052,35.761191,13121,3,99999,03103,荒川江北橋緑地（右岸）,宮城･小台1･2地先,3,-99,9999
139.763022,35.759219,13121,3,99999,03138,荒川江北橋緑地（右岸）,宮城･小台1･2地先,3,-99,9999
139.80509,35.78453,13121,3,99999,03102,平野運動場,平野2-12-1,4,-99,9999
139.805563,35.783728,13121,3,99999,03115,平野運動場,平野2-12-1,4,-99,9999
139.805251,35.783366,13121,3,99999,03138,平野運動場,平野2-12-1,4,-99,9999
139.762922,35.763242,13121,3,99999,03102,荒川江北橋緑地（左岸）,扇2先,3,-99,9999
139.764295,35.761815,13121,3,99999,03103,荒川江北橋緑地（左岸）,扇2先,3,-99,9999
139.765447,35.760974,13121,3,99999,03102,荒川扇野球場,扇2先,3,-99,9999
139.837784,35.769967,13121,3,99999,03115,宮元公園,東和3-8-5,3,-99,9999
139.839521,35.771266,13121,3,99999,03120,東和地域体育館,東和3-12-9,3,-99,9999
139.839524,35.77123,13121,3,99999,03109,東和地域体育館,東和3-12-9,3,-99,9999
139.839521,35.771192,13121,3,99999,03113,東和地域体育館,東和3-12-9,3,-99,9999
139.839521,35.771153,13121,3,99999,03132,東和地域体育館,東和3-12-9,3,-99,9999
139.839524,35.771117,13121,3,99999,03129,東和地域体育館,東和3-12-9,3,-99,9999
139.802022,35.789863,13121,3,99999,03102,保木間公園,竹の塚3-8-1,3,-99,9999
139.83137,35.770276,13121,3,99999,03105,東綾瀬公園温水プール,東綾瀬3-4-1,4,-99,9999
139.833403,35.770025,13121,3,99999,03102,東綾瀬公園,東綾瀬3-4,4,-99,9999
139.832954,35.771233,13121,3,99999,03115,東綾瀬公園,東綾瀬3-4,4,-99,9999
139.833777,35.771026,13121,3,99999,03104,東綾瀬公園,東綾瀬3-4,4,-99,9999
139.814597,35.749808,13121,3,99999,03102,日の出町緑地,柳原1千住曙町地先,3,-99,9999
139.812446,35.752185,13121,3,99999,03103,日の出町緑地,柳原1千住曙町地先,3,-99,9999
139.815755,35.748231,13121,3,99999,03138,日の出町緑地,柳原1千住曙町地先,3,-99,9999
139.797647,35.761134,13121,3,99999,03102,西新井緑地運動場,梅田3・4先,3,-99,9999
139.792049,35.760536,13121,3,99999,03103,西新井緑地運動場,梅田3・4先,3,-99,9999
139.792073,35.760449,13121,3,99999,03138,西新井緑地運動場,梅田3・4先,3,-99,9999
139.798315,35.770709,13121,3,99999,03120,梅田地域体育館,梅田7-33-1,4,-99,9999
139.798321,35.770637,13121,3,99999,03109,梅田地域体育館,梅田7-33-1,4,-99,9999
139.798327,35.770564,13121,3,99999,03113,梅田地域体育館,梅田7-33-1,4,-99,9999
139.798321,35.770487,13121,3,99999,03132,梅田地域体育館,梅田7-33-1,4,-99,9999
139.768722,35.780047,13121,3,99999,03102,上沼田東公園,江北6-10-1,3,-99,9999
139.769738,35.779729,13121,3,99999,03115,上沼田東公園,江北6-10-1,3,-99,9999
139.760069,35.775968,13121,3,99999,03120,江北地域体育館,江北3-39-4,4,-99,9999
139.760069,35.775927,13121,3,99999,03109,江北地域体育館,江北3-39-4,4,-99,9999
139.760072,35.775838,13121,3,99999,03113,江北地域体育館,江北3-39-4,4,-99,9999
139.760066,35.775795,13121,3,99999,03132,江北地域体育館,江北3-39-4,4,-99,9999
139.760072,35.775754,13121,3,99999,03129,江北地域体育館,江北3-39-4,4,-99,9999
139.795193,35.792265,13121,3,99999,03115,竹の塚６号公園,竹の塚2-25-3,3,-99,9999
139.825838,35.765948,13121,3,99999,03120,東京武道館,綾瀬3-20-1,4,-99,1988
139.825838,35.765866,13121,3,99999,03109,東京武道館,綾瀬3-20-1,4,-99,1988
139.825844,35.765779,13121,3,99999,03113,東京武道館,綾瀬3-20-1,4,-99,1988
139.82585,35.765692,13121,3,99999,03110,東京武道館,綾瀬3-20-1,4,-99,1988
139.825832,35.765601,13121,3,99999,03111,東京武道館,綾瀬3-20-1,4,-99,1988
139.825292,35.765644,13121,3,99999,03121,東京武道館,綾瀬3-20-1,4,-99,1988
139.825298,35.765567,13121,3,99999,03122,東京武道館,綾瀬3-20-1,4,-99,1988
139.82585,35.765504,13121,3,99999,03129,東京武道館,綾瀬3-20-1,4,-99,1988
139.825862,35.765408,13121,3,99999,03132,東京武道館,綾瀬3-20-1,4,-99,1988
139.783254,35.768702,13121,3,99999,03120,興本地域体育館,興野1-18-38,4,-99,9999
139.783254,35.76863,13121,3,99999,03109,興本地域体育館,興野1-18-38,4,-99,9999
139.78326,35.768553,13121,3,99999,03113,興本地域体育館,興野1-18-38,4,-99,9999
139.783254,35.768475,13121,3,99999,03132,興本地域体育館,興野1-18-38,4,-99,9999
139.783254,35.768403,13121,3,99999,03129,興本地域体育館,興野1-18-38,4,-99,9999
139.769034,35.800672,13121,3,99999,03101,舎人公園,舎人公園1-1,4,-99,9999
139.768535,35.794976,13121,3,99999,03102,舎人公園,舎人公園1-1,4,-99,9999
139.768487,35.79833,13121,3,99999,03115,舎人公園,舎人公園1-1,4,-99,9999
139.766312,35.796474,13121,3,99999,03104,舎人公園,舎人公園1-1,4,-99,9999
139.774613,35.798749,13121,3,99999,03142,舎人公園,舎人公園1-1,4,-99,9999
139.807492,35.802916,13121,3,99999,03120,花畑地域体育館,花畑4-16-8,4,-99,9999
139.807495,35.80287,13121,3,99999,03109,花畑地域体育館,花畑4-16-8,4,-99,9999
139.807495,35.802784,13121,3,99999,03113,花畑地域体育館,花畑4-16-8,4,-99,9999
139.807492,35.802735,13121,3,99999,03132,花畑地域体育館,花畑4-16-8,4,-99,9999
139.807495,35.802685,13121,3,99999,03129,花畑地域体育館,花畑4-16-8,4,-99,9999
139.797228,35.803758,13121,3,99999,03120,スイムスポーツセンター,西保木間4-10-1,4,-99,9999
139.797222,35.803898,13121,3,99999,03109,スイムスポーツセンター,西保木間4-10-1,4,-99,9999
139.797228,35.803825,13121,3,99999,03113,スイムスポーツセンター,西保木間4-10-1,4,-99,9999
139.797341,35.803425,13121,3,99999,03132,スイムスポーツセンター,西保木間4-10-1,4,-99,9999
139.797341,35.803339,13121,3,99999,03129,スイムスポーツセンター,西保木間4-10-1,4,-99,9999
139.797091,35.803498,13121,3,99999,03105,スイムスポーツセンター,西保木間4-10-1,4,-99,9999
139.835719,35.776356,13121,3,99999,03102,谷中公園,谷中2-23-36,3,-99,9999
139.804076,35.760361,13121,3,99999,03102,学童低学年用高砂,足立1-4先,3,-99,9999
139.812416,35.756511,13121,3,99999,03102,五反野野球場（荒川左岸）,足立2-51先,3,-99,9999
139.743097,35.776289,13121,3,99999,03102,荒川鹿浜橋緑地,鹿浜1,3,-99,9999
139.744006,35.77518,13121,3,99999,03103,荒川鹿浜橋緑地,鹿浜1,3,-99,9999
139.748665,35.785206,13121,3,99999,03115,江北公園,鹿浜5-8-1,3,-99,9999
139.758123,35.784184,13121,3,99999,03120,鹿浜地域体育館,鹿浜6-8-1,4,-99,9999
139.758126,35.784136,13121,3,99999,03109,鹿浜地域体育館,鹿浜6-8-1,4,-99,9999
139.758126,35.784083,13121,3,99999,03113,鹿浜地域体育館,鹿浜6-8-1,4,-99,9999
139.758135,35.784022,13121,3,99999,03132,鹿浜地域体育館,鹿浜6-8-1,4,-99,9999
139.758135,35.783969,13121,3,99999,03129,鹿浜地域体育館,鹿浜6-8-1,4,-99,9999
139.862462,35.738011,13122,3,99999,03120,総合スポーツセンター（体育館・陸上競技場）,奥戸7-17-1,4,-99,9999
139.862462,35.737929,13122,3,99999,03109,総合スポーツセンター（体育館・陸上競技場）,奥戸7-17-1,4,-99,9999
139.862462,35.737847,13122,3,99999,03113,総合スポーツセンター（体育館・陸上競技場）,奥戸7-17-1,4,-99,9999
139.862462,35.737765,13122,3,99999,03110,総合スポーツセンター（体育館・陸上競技場）,奥戸7-17-1,4,-99,9999
139.862468,35.737683,13122,3,99999,03111,総合スポーツセンター（体育館・陸上競技場）,奥戸7-17-1,4,-99,9999
139.862468,35.737596,13122,3,99999,03121,総合スポーツセンター（体育館・陸上競技場）,奥戸7-17-1,4,-99,9999
139.862468,35.737514,13122,3,99999,03122,総合スポーツセンター（体育館・陸上競技場）,奥戸7-17-1,4,-99,9999
139.862468,35.737427,13122,3,99999,03133,総合スポーツセンター（体育館・陸上競技場）,奥戸7-17-1,4,-99,9999
139.862474,35.737336,13122,3,99999,03129,総合スポーツセンター（体育館・陸上競技場）,奥戸7-17-1,4,-99,9999
139.863778,35.740982,13122,3,99999,03105,総合スポーツセンター（温水プール・エイトホール）,高砂1-2-1,4,-99,9999
139.863944,35.740721,13122,3,99999,03107,総合スポーツセンター（温水プール・エイトホール）,高砂1-2-1,4,-99,9999
139.863017,35.740658,13122,3,99999,03119,総合スポーツセンター（温水プール・エイトホール）,高砂1-2-1,4,-99,9999
139.86297,35.741618,13122,3,99999,03102,総合スポーツセンター（温水プール・エイトホール）,高砂1-2-1,4,-99,9999
139.863956,35.741507,13122,3,99999,03115,総合スポーツセンター（温水プール・エイトホール）,高砂1-2-1,4,-99,9999
139.861472,35.73612,13122,3,99999,03101,総合スポーツセンター（温水プール・エイトホール）,奥戸7-17-1,4,-99,9999
139.819135,35.749033,13122,3,99999,03102,堀切橋野球場,小菅1-1-1先,4,-99,9999
139.819634,35.748278,13122,3,99999,03103,堀切橋フットサル場,小菅1-1-1先,4,-99,9999
139.815757,35.753394,13122,3,99999,03102,荒川小菅野球場,小菅1-15-1先,4,-99,9999
139.814993,35.7543,13122,3,99999,03102,荒川小菅少年野球場,小菅1-15-1先,4,-99,9999
139.814437,35.754962,13122,3,99999,03103,荒川小菅球技場,小菅1-33-1先,4,-99,9999
139.814449,35.754871,13122,3,99999,03138,荒川小菅球技場,小菅1-33-1先,4,-99,9999
139.822399,35.754296,13122,3,99999,03115,小菅東スポーツ公園,小菅3-1-1,4,-99,9999
139.837885,35.725827,13122,3,99999,03102,木根川橋少年野球場,東四つ木1-6-1先,4,-99,9999
139.837185,35.726516,13122,3,99999,03103,木根川橋球技場,東四つ木3-2-11先,4,-99,9999
139.837194,35.726422,13122,3,99999,03138,木根川橋球技場,東四つ木3-2-11先,4,-99,9999
139.83487,35.728429,13122,3,99999,03102,木根川橋野球場,東四つ木3-23-1先,4,-99,9999
139.839118,35.754655,13122,3,99999,03104,上千葉公園運動場,東堀切3-25-1,4,-99,9999
139.842377,35.735855,13122,3,99999,03115,渋江公園,東立石3-3-1,4,-99,9999
139.888343,35.781435,13122,3,99999,03115,東金町運動場,東金町8-27-1,4,-99,9999
139.887451,35.781512,13122,3,99999,03102,東金町運動場,東金町8-27-1,4,-99,9999
139.888515,35.782635,13122,3,99999,03103,東金町運動場,東金町8-27-1,4,-99,9999
139.887392,35.782341,13122,3,99999,03138,東金町運動場,東金町8-27-1,4,-99,9999
139.873291,35.761267,13122,3,99999,03106,金町公園プール,柴又3-24-1,4,-99,9999
139.883622,35.755279,13122,3,99999,03102,柴又少年野球場,柴又5-40-13先,4,-99,9999
139.886118,35.75241,13122,3,99999,03104,第２柴又野球場,柴又5-40-13先,4,-99,9999
139.882948,35.756234,13122,3,99999,03103,柴又球技場,柴又6-35-8先,4,-99,9999
139.882954,35.756161,13122,3,99999,03138,柴又球技場,柴又6-35-8先,4,-99,9999
139.881213,35.761227,13122,3,99999,03102,柴又野球場,柴又7-17-13先,4,-99,9999
139.857785,35.782282,13122,3,99999,03120,水元体育館,水元1-19-1,4,2,9999
139.857785,35.782236,13122,3,99999,03109,水元体育館,水元1-19-1,4,2,9999
139.857788,35.782195,13122,3,99999,03113,水元体育館,水元1-19-1,4,2,9999
139.857788,35.782154,13122,3,99999,03110,水元体育館,水元1-19-1,4,2,9999
139.857791,35.782118,13122,3,99999,03111,水元体育館,水元1-19-1,4,2,9999
139.857791,35.782079,13122,3,99999,03129,水元体育館,水元1-19-1,4,2,9999
139.857791,35.78204,13122,3,99999,03105,水元体育館,水元1-19-1,4,2,9999
139.857791,35.782,13122,3,99999,03132,水元体育館,水元1-19-1,4,2,9999
139.880529,35.762942,13122,3,99999,03102,柴又ソフトボール場,金町浄水場1-1先,4,-99,9999
139.876498,35.748751,13122,3,99999,03106,鎌倉公園プール,鎌倉3-22-1,4,-99,9999
139.887363,35.746381,13123,3,99999,03115,小岩テニスコート,北小岩6-43-1,3,-99,9999
139.898829,35.701246,13123,3,99999,03115,谷河内テニスコート,谷河内2-9-19,3,-99,9999
139.86641,35.688091,13123,3,99999,03115,松江テニスコート,松江5-5-1,3,-99,9999
139.897799,35.742369,13123,3,99999,03102,京成鉄橋上流野球場,北小岩4先,3,-99,9999
139.898268,35.73582,13123,3,99999,03102,市川橋上流野球場,北小岩3先,3,-99,9999
139.897128,35.734251,13123,3,99999,03102,北小岩少年野球場,北小岩1先,3,-99,9999
139.895156,35.728934,13123,3,99999,03102,江戸川病院前野球場,東小岩3先,3,-99,9999
139.895352,35.730366,13123,3,99999,03102,東小岩少年野球場,東小岩3先,3,-99,9999
139.912605,35.7083,13123,3,99999,03102,ポニーランド前野球場,篠崎町3,3,-99,9999
139.8985,35.736843,13123,3,99999,03102,江戸川ソフトボール場,北小岩3先,3,-99,9999
139.895246,35.745529,13123,3,99999,03103,江戸川運動場兼ラグビー場,北小岩7先,3,-99,9999
139.864264,35.67048,13123,3,99999,03102,宇喜田中央公園,北葛西4-15-1,3,-99,9999
139.86834,35.651078,13123,3,99999,03102,南葛西少年野球場,南葛西3-11,4,-99,9999
139.87154,35.650858,13123,3,99999,03118,ファミリースポーツ広場,南葛西3-23,4,-99,9999
139.870313,35.65085,13123,3,99999,03104,ファミリースポーツ広場,南葛西3-23,4,-99,9999
139.881575,35.648149,13123,3,99999,03102,なぎさ公園,南葛西7-3,4,-99,9999
139.880354,35.648357,13123,3,99999,03103,なぎさ公園,南葛西7-3,4,-99,9999
139.882327,35.648198,13123,3,99999,03138,なぎさ公園,南葛西7-3,4,-99,9999
139.848897,35.696663,13123,3,99999,03105,小松川さくらホール,小松川3-6-3,3,-99,9999
139.851496,35.706728,13123,3,99999,03102,小松川少年野球場,平井1,3,-99,9999
139.85366,35.703005,13123,3,99999,03102,小松川橋上流野球場,平井1先,3,-99,9999
139.844717,35.702907,13123,3,99999,03106,平井プール,平井2-16-8,3,-99,9999
139.850708,35.707889,13123,3,99999,03102,小松川ソフトボール場,平井4先,3,-99,9999
139.849546,35.709233,13123,3,99999,03138,みんなの広場,平井4先,3,-99,9999
139.842793,35.715993,13123,3,99999,03102,平井少年野球場,平井7先,3,-99,9999
139.843886,35.714955,13123,3,99999,03103,平井少年サッカー場,平井7先,3,-99,9999
139.89066,35.705945,13123,3,99999,03102,高田公園,新堀2-20-1,3,-99,9999
139.896337,35.724631,13123,3,99999,03103,江戸川ラグビー場,東小岩2先,3,-99,9999
139.916942,35.698456,13123,3,99999,03124,江戸川区スポーツランド,東篠崎1-8-1,4,-99,9999
139.916701,35.698992,13123,3,99999,03103,江戸川区スポーツランド,東篠崎1-8-1,4,-99,9999
139.916698,35.699064,13123,3,99999,03115,江戸川区スポーツランド,東篠崎1-8-1,4,-99,9999
139.916942,35.698297,13123,3,99999,03129,江戸川区スポーツランド,東篠崎1-8-1,4,-99,9999
139.916948,35.69822,13123,3,99999,03105,江戸川区スポーツランド,東篠崎1-8-1,4,-99,9999
139.916942,35.698379,13123,3,99999,03132,江戸川区スポーツランド,東篠崎1-8-1,4,-99,9999
139.914885,35.693825,13123,3,99999,03102,水辺のスポーツガーデン,東篠崎2-4,4,-99,9999
139.913476,35.692156,13123,3,99999,03104,水辺のスポーツガーデン,東篠崎2-4,4,-99,9999
139.913007,35.691552,13123,3,99999,03115,水辺のスポーツガーデン,東篠崎2-4,4,-99,9999
139.912716,35.69121,13123,3,99999,03103,水辺のスポーツガーデン,東篠崎2-4,4,-99,9999
139.91216,35.690479,13123,3,99999,03127,水辺のスポーツガーデン,東篠崎2-4,4,-99,9999
139.912787,35.691671,13123,3,99999,03146,水辺のスポーツガーデン,東篠崎2-4,4,-99,9999
139.876626,35.717887,13123,3,99999,03120,総合体育館,松本1-35-1,4,3,9999
139.876284,35.717356,13123,3,99999,03109,総合体育館,松本1-35-1,4,3,9999
139.876498,35.718003,13123,3,99999,03132,総合体育館,松本1-35-1,4,3,9999
139.876626,35.717773,13123,3,99999,03129,総合体育館,松本1-35-1,4,3,9999
139.875865,35.717151,13123,3,99999,03122,総合体育館,松本1-35-1,4,3,9999
139.876626,35.717851,13123,3,99999,03110,総合体育館,松本1-35-1,4,3,9999
139.876626,35.717812,13123,3,99999,03111,総合体育館,松本1-35-1,4,3,9999
139.876578,35.717438,13123,3,99999,03121,総合体育館,松本1-35-1,4,3,9999
139.876896,35.717359,13123,3,99999,03105,総合体育館,松本1-35-1,4,3,9999
139.876287,35.717306,13123,3,99999,03133,総合体育館,松本1-35-1,4,3,9999
139.852508,35.655168,13123,3,99999,03101,江戸川区陸上競技場,清新町2-1-1,4,-99,9999
139.904802,35.701595,13123,3,99999,03102,篠崎町スポーツ広場,篠崎町6-9,3,-99,9999
139.897174,35.706322,13123,3,99999,03102,鹿骨スポーツ広場,篠崎町8-5,3,-99,9999
139.854464,35.648317,13123,3,99999,03102,臨海球技場第一,臨海町1-1-2,4,-99,9999
139.854589,35.649504,13123,3,99999,03103,臨海球技場第一,臨海町1-1-2,4,-99,9999
139.851022,35.643514,13123,3,99999,03102,臨海球技場第二,臨海町6-1-1,4,-99,9999
139.865269,35.685269,13123,3,99999,03122,勤労福祉会館,船堀4-2-5,3,3,9999
139.865269,35.685194,13123,3,99999,03120,勤労福祉会館,船堀4-2-5,3,3,9999
139.862555,35.668138,13123,3,99999,03105,江戸川区スポーツセンター,西葛西4-2-20,4,4,9999
139.862558,35.668088,13123,3,99999,03129,江戸川区スポーツセンター,西葛西4-2-20,4,4,9999
139.862558,35.668039,13123,3,99999,03132,江戸川区スポーツセンター,西葛西4-2-20,4,4,9999
139.862558,35.667994,13123,3,99999,03111,江戸川区スポーツセンター,西葛西4-2-20,4,4,9999
139.862558,35.667948,13123,3,99999,03110,江戸川区スポーツセンター,西葛西4-2-20,4,4,9999
139.862555,35.667899,13123,3,99999,03113,江戸川区スポーツセンター,西葛西4-2-20,4,4,9999
139.862552,35.667851,13123,3,99999,03120,江戸川区スポーツセンター,西葛西4-2-20,4,4,9999
139.862552,35.6678,13123,3,99999,03109,江戸川区スポーツセンター,西葛西4-2-20,4,4,9999
139.857961,35.659733,13123,3,99999,03102,西葛西少年野球場,西葛西7-2,3,-99,9999
139.857577,35.661831,13123,3,99999,03102,江戸川区球場,西葛西7-2-1,4,-99,9999
139.86271,35.655496,13123,3,99999,03115,西葛西テニスコート,西葛西8-17-1,4,-99,9999
139.899806,35.699725,13123,3,99999,03102,谷河内広場,谷河内2-7-1,3,-99,9999
139.333558,35.702748,13201,3,99999,03102,滝ガ原運動場,高月町2401先,3,-99,9999
139.332387,35.701986,13201,3,99999,03103,滝ガ原運動場,高月町2401先,3,-99,9999
139.331383,35.703009,13201,3,99999,03115,滝ガ原運動場,高月町2401先,3,-99,9999
139.273836,35.673589,13201,3,99999,03102,川町運動場,川町128,3,-99,9999
139.274686,35.673236,13201,3,99999,03103,川町運動場,川町128,3,-99,9999
139.314033,35.636067,13201,3,99999,03102,椚田運動場,椚田町517-1,3,-99,9999
139.313822,35.635464,13201,3,99999,03103,椚田運動場,椚田町517-1,3,-99,9999
139.314452,35.635478,13201,3,99999,03115,椚田運動場,椚田町517-1,3,-99,9999
139.314006,35.635015,13201,3,99999,03138,椚田運動場,椚田町517-1,3,-99,9999
139.31446,35.63639,13201,3,99999,03146,椚田運動場,椚田町517-1,3,-99,9999
139.318266,35.681265,13201,3,99999,03105,甲の原体育館,中野町2726-8,4,-99,9999
139.318266,35.681308,13201,3,99999,03109,甲の原体育館,中野町2726-8,4,-99,9999
139.318263,35.681183,13201,3,99999,03120,甲の原体育館,中野町2726-8,4,-99,9999
139.318266,35.681224,13201,3,99999,03132,甲の原体育館,中野町2726-8,4,-99,9999
139.356212,35.684394,13201,3,99999,03115,久保山公園テニスコート,久保山町2-48,4,-99,9999
139.390357,35.612353,13201,3,99999,03115,松木公園テニスコート,別所1-56-2,4,-99,9999
139.398953,35.61777,13201,3,99999,03115,別所公園テニスコート,別所2-33-2,4,-99,9999
139.359676,35.649867,13201,3,99999,03102,北野公園野球場,北野町585-1,4,-99,9999
139.380206,35.606807,13201,3,99999,03115,大平公園テニスコート,南大沢3-11,4,-99,9999
139.369786,35.609547,13201,3,99999,03115,内裏谷戸公園テニスコート,南大沢5-24,4,-99,9999
139.370101,35.609086,13201,3,99999,03138,内裏谷戸公園テニスコート,南大沢5-24,4,-99,9999
139.368954,35.608789,13201,3,99999,03104,内裏谷戸公園テニスコート,南大沢5-24,4,-99,9999
139.324471,35.652303,13201,3,99999,03101,富士森公園内運動施設,台町2-2,3,-99,9999
139.321559,35.651588,13201,3,99999,03102,富士森公園内運動施設,台町2-2,3,-99,9999
139.322712,35.652467,13201,3,99999,03115,富士森公園内運動施設,台町2-2,3,-99,9999
139.322603,35.650419,13201,3,99999,03109,八王子市民体育館,台町2-3-7,3,-99,9999
139.322603,35.65046,13201,3,99999,03120,八王子市民体育館,台町2-3-7,3,-99,9999
139.322603,35.650501,13201,3,99999,03111,八王子市民体育館,台町2-3-7,3,-99,9999
139.322603,35.650547,13201,3,99999,03113,八王子市民体育館,台町2-3-7,3,-99,9999
139.3226,35.650335,13201,3,99999,03110,八王子市民体育館,台町2-3-7,3,-99,9999
139.322594,35.650289,13201,3,99999,03121,八王子市民体育館,台町2-3-7,3,-99,9999
139.322597,35.650245,13201,3,99999,03122,八王子市民体育館,台町2-3-7,3,-99,9999
139.322594,35.650202,13201,3,99999,03132,八王子市民体育館,台町2-3-7,3,-99,9999
139.3226,35.650376,13201,3,99999,03129,八王子市民体育館,台町2-3-7,3,-99,9999
139.276348,35.673304,13201,3,99999,03109,高尾の森わくわくビレッジ,川町55,4,4,2005
139.276354,35.673217,13201,3,99999,03120,高尾の森わくわくビレッジ,川町55,4,4,2005
139.276348,35.673131,13201,3,99999,03111,高尾の森わくわくビレッジ,川町55,4,4,2005
139.276354,35.673044,13201,3,99999,03132,高尾の森わくわくビレッジ,川町55,4,4,2005
139.276378,35.672952,13201,3,99999,03110,高尾の森わくわくビレッジ,川町55,4,4,2005
139.276372,35.672855,13201,3,99999,03113,高尾の森わくわくビレッジ,川町55,4,4,2005
139.277376,35.672933,13201,3,99999,03147,高尾の森わくわくビレッジ,川町55,4,4,2005
139.291553,35.70089,13201,3,99999,03103,戸吹スポーツ公園,戸吹町2401,4,-99,9999
139.289954,35.700499,13201,3,99999,03115,戸吹スポーツ公園,戸吹町2401,4,-99,9999
139.288362,35.700668,13201,3,99999,03127,戸吹スポーツ公園,戸吹町2401,4,-99,9999
139.292842,35.648777,13201,3,99999,03106,陵南プール,東浅川町31,3,-99,9999
139.416661,35.633027,13201,3,99999,03102,大塚公園内運動施設,松が谷66,4,-99,9999
139.413113,35.632206,13201,3,99999,03115,大塚公園内運動施設,松が谷66,4,-99,9999
139.414551,35.631264,13201,3,99999,03106,大塚公園内運動施設,松が谷66,4,-99,9999
139.291757,35.640083,13201,3,99999,03104,狭間スポーツ広場,狭間町1453-3,3,-99,9999
139.273509,35.681342,13201,3,99999,03102,西寺方グラウンド,西寺方町713,3,-99,9999
139.288762,35.64924,13201,3,99999,03102,陵南公園,長房町1369,4,-99,9999
139.295997,35.625718,13201,3,99999,03115,殿入中央公園テニスコート,館町2428,4,-99,9999
139.365304,35.669045,13201,3,99999,03102,高倉公園野球場,高倉町10,3,-99,9999
139.411122,35.688432,13202,3,99999,03120,立川市柴崎市民体育館,柴崎町6-15-9,4,1,9999
139.411122,35.68835,13202,3,99999,03109,立川市柴崎市民体育館,柴崎町6-15-9,4,1,9999
139.411128,35.688268,13202,3,99999,03132,立川市柴崎市民体育館,柴崎町6-15-9,4,1,9999
139.410733,35.688657,13202,3,99999,03105,立川市柴崎市民体育館,柴崎町6-15-9,4,1,9999
139.411122,35.688186,13202,3,99999,03129,立川市柴崎市民体育館,柴崎町6-15-9,4,1,9999
139.4188,35.719078,13202,3,99999,03120,立川市泉市民体育館,泉町86-11,3,2,9999
139.4188,35.718981,13202,3,99999,03109,立川市泉市民体育館,泉町86-11,3,2,9999
139.4188,35.718889,13202,3,99999,03129,立川市泉市民体育館,泉町86-11,3,2,9999
139.418794,35.718798,13202,3,99999,03132,立川市泉市民体育館,泉町86-11,3,2,9999
139.418794,35.718696,13202,3,99999,03116,立川市泉市民体育館,泉町86-11,3,2,9999
139.417803,35.718957,13202,3,99999,03102,泉町野球場,泉町786-13,3,-99,9999
139.418738,35.717123,13202,3,99999,03115,泉町庭球場,泉町786-7,3,-99,9999
139.418934,35.716877,13202,3,99999,03138,泉町ゲートボール場,泉町786-7,3,-99,9999
139.406278,35.721431,13202,3,99999,03102,砂川中央地区支所東野球場,砂川町1-27-1,3,-99,9999
139.404023,35.722655,13202,3,99999,03115,砂川中央地区支所前庭球場,砂川町1-41-5,3,-99,9999
139.403465,35.722412,13202,3,99999,03138,砂川中央地区支所前ゲートボール場,砂川町1-42-6,3,-99,9999
139.404139,35.723132,13202,3,99999,03104,砂川中央地区支所前多目的運動広場,砂川町1-54-1,3,-99,9999
139.407154,35.723059,13202,3,99999,03138,砂川中央地区支所東ゲートボール場,砂川町1-61-4,3,-99,9999
139.395775,35.727764,13202,3,99999,03101,見影橋公園野球場,砂川町3-12-1,3,-99,9999
139.395775,35.727668,13202,3,99999,03102,見影橋公園野球場,砂川町3-12-1,3,-99,9999
139.405472,35.724191,13202,3,99999,03104,砂川中央地区北多目的運動広場,砂川町5-12-1,3,-99,9999
139.405645,35.725146,13202,3,99999,03102,砂川中央地区北多目的運動広場,砂川町5-12-1,3,-99,9999
139.412796,35.705816,13202,3,99999,03127,たちかわ中央公園スケートパーク,緑町3173-17,3,-99,9999
139.354101,35.730086,13202,3,99999,03102,中里野球場,西砂町3-47,3,-99,9999
139.353857,35.73079,13202,3,99999,03104,中里多目的運動広場,西砂町3-47,3,-99,9999
139.353863,35.730704,13202,3,99999,03138,中里多目的運動広場,西砂町3-47,3,-99,9999
139.357113,35.730648,13202,3,99999,03115,西砂庭球場,西砂町3-68,3,-99,9999
139.411596,35.68511,13202,3,99999,03104,立川公園新堤防運動広場,錦町5-20,3,-99,9999
139.410693,35.685568,13202,3,99999,03115,錦町庭球場,錦町5-20,3,-99,9999
139.41468,35.684353,13202,3,99999,03102,立川公園野球場,錦町6-29-62,3,-99,9999
139.416611,35.683818,13202,3,99999,03101,立川公園陸上競技場,錦町6-29-62,3,-99,9999
139.567402,35.718272,13203,3,99999,03109,武蔵野総合体育館,吉祥寺北町5-11-20,4,4,1989
139.567402,35.718185,13203,3,99999,03120,武蔵野総合体育館,吉祥寺北町5-11-20,4,4,1989
139.567402,35.718103,13203,3,99999,03132,武蔵野総合体育館,吉祥寺北町5-11-20,4,4,1989
139.567396,35.718021,13203,3,99999,03110,武蔵野総合体育館,吉祥寺北町5-11-20,4,4,1989
139.567402,35.717939,13203,3,99999,03113,武蔵野総合体育館,吉祥寺北町5-11-20,4,4,1989
139.567402,35.717857,13203,3,99999,03111,武蔵野総合体育館,吉祥寺北町5-11-20,4,4,1989
139.567396,35.71777,13203,3,99999,03121,武蔵野総合体育館,吉祥寺北町5-11-20,4,4,1989
139.567384,35.717683,13203,3,99999,03122,武蔵野総合体育館,吉祥寺北町5-11-20,4,4,1989
139.56739,35.717597,13203,3,99999,03129,武蔵野総合体育館,吉祥寺北町5-11-20,4,4,1989
139.568103,35.719392,13203,3,99999,03106,武蔵野プール,吉祥寺北町5-11-33,4,-99,9999
139.567663,35.718862,13203,3,99999,03105,武蔵野温水プール,吉祥寺北町5-11-33,4,2,9999
139.568427,35.718837,13203,3,99999,03127,ストリートスポーツ広場,吉祥寺北町5-11-33,4,-99,9999
139.591838,35.70373,13203,3,99999,03104,東部スポーツ広場,吉祥寺南町5-99-2,3,-99,9999
139.571478,35.697207,13203,3,99999,03101,井の頭恩賜公園,御殿山1-18-31,4,-99,9999
139.570503,35.697202,13203,3,99999,03115,井の頭恩賜公園,御殿山1-18-31,4,-99,9999
139.56527,35.717726,13203,3,99999,03104,緑町スポーツ広場,緑町2-2-29,4,-99,9999
139.565264,35.717639,13203,3,99999,03138,緑町スポーツ広場,緑町2-2-29,4,-99,9999
139.567063,35.719495,13203,3,99999,03102,武蔵野軟式野球場,緑町3-1-34,4,-99,9999
139.566047,35.719755,13203,3,99999,03115,武蔵野庭球場,緑町3-1-34,4,-99,9999
139.560182,35.682538,13204,3,99999,03109,三鷹市市民総合体育館,野崎1-1-1,3,-99,9999
139.560179,35.68248,13204,3,99999,03120,三鷹市市民総合体育館,野崎1-1-1,3,-99,9999
139.559035,35.682652,13204,3,99999,03110,三鷹市市民総合体育館,野崎1-1-1,3,-99,9999
139.559035,35.682629,13204,3,99999,03113,三鷹市市民総合体育館,野崎1-1-1,3,-99,9999
139.559033,35.682606,13204,3,99999,03111,三鷹市市民総合体育館,野崎1-1-1,3,-99,9999
139.559033,35.682581,13204,3,99999,03105,三鷹市市民総合体育館,野崎1-1-1,3,-99,9999
139.559032,35.682556,13204,3,99999,03121,三鷹市市民総合体育館,野崎1-1-1,3,-99,9999
139.559032,35.682531,13204,3,99999,03122,三鷹市市民総合体育館,野崎1-1-1,3,-99,9999
139.55903,35.682506,13204,3,99999,03129,三鷹市市民総合体育館,野崎1-1-1,3,-99,9999
139.55903,35.682482,13204,3,99999,03119,三鷹市市民総合体育館,野崎1-1-1,3,-99,9999
139.532433,35.668732,13204,3,99999,03103,大沢総合グラウンド,大沢5-7-1,3,-99,9999
139.531191,35.66793,13204,3,99999,03115,大沢総合グラウンド,大沢5-7-1,3,-99,9999
139.534085,35.668968,13204,3,99999,03102,大沢総合グラウンド,大沢5-7-1,3,-99,9999
139.531101,35.672728,13204,3,99999,03103,大沢野川グラウンド,大沢5-21-12,3,-99,9999
139.531837,35.672713,13204,3,99999,03138,大沢野川グラウンド,大沢5-21-12,3,-99,9999
139.532099,35.672028,13204,3,99999,03102,大沢野川グラウンド,大沢5-21-12,3,-99,9999
139.522988,35.680432,13204,3,99999,03115,野川公園,大沢6-4-1,4,-99,9999
139.526945,35.681281,13204,3,99999,03138,野川公園,大沢6-4-1,4,-99,9999
139.566518,35.680452,13204,3,99999,03115,新川テニスコート,新川6-23-13,3,-99,9999
139.284309,35.780807,13205,3,99999,03109,青梅市総合体育館,河辺町4-16-1,3,-99,9999
139.284311,35.780759,13205,3,99999,03120,青梅市総合体育館,河辺町4-16-1,3,-99,9999
139.284311,35.780716,13205,3,99999,03116,青梅市総合体育館,河辺町4-16-1,3,-99,9999
139.284311,35.780672,13205,3,99999,03132,青梅市総合体育館,河辺町4-16-1,3,-99,9999
139.284311,35.780627,13205,3,99999,03110,青梅市総合体育館,河辺町4-16-1,3,-99,9999
139.284309,35.780581,13205,3,99999,03113,青梅市総合体育館,河辺町4-16-1,3,-99,9999
139.284311,35.780533,13205,3,99999,03111,青梅市総合体育館,河辺町4-16-1,3,-99,9999
139.284311,35.780487,13205,3,99999,03129,青梅市総合体育館,河辺町4-16-1,3,-99,9999
139.259924,35.792098,13205,3,99999,03101,永山公園総合運動場,本町217,3,-99,9999
139.26075,35.792026,13205,3,99999,03102,永山公園総合運動場,本町217,3,-99,9999
139.262045,35.791303,13205,3,99999,03115,永山公園総合運動場,本町217,3,-99,9999
139.257559,35.79258,13205,3,99999,03121,永山公園総合運動場,本町217,3,-99,9999
139.261466,35.791088,13205,3,99999,03110,永山公園総合運動場,本町217,3,-99,9999
139.261466,35.791047,13205,3,99999,03113,永山公園総合運動場,本町217,3,-99,9999
139.261469,35.791007,13205,3,99999,03111,永山公園総合運動場,本町217,3,-99,9999
139.261469,35.790966,13205,3,99999,03132,永山公園総合運動場,本町217,3,-99,9999
139.253542,35.78503,13205,3,99999,03106,釜の淵公園水泳場,大柳町1392,3,-99,9999
139.276311,35.82763,13205,3,99999,03102,ちがむら球技場,小曾木3-2166,3,-99,9999
139.275432,35.82764,13205,3,99999,03115,ちがむら球技場,小曾木3-2166,3,-99,9999
139.195768,35.804117,13205,3,99999,03106,沢井市民センタープール,沢井2-727-1,3,-99,9999
139.291165,35.777085,13205,3,99999,03102,市民球技場,河辺町1-872-1,3,-99,9999
139.289798,35.777278,13205,3,99999,03115,市民球技場,河辺町1-872-1,3,-99,9999
139.292424,35.77668,13205,3,99999,03103,市民球技場,河辺町1-872-1,3,-99,9999
139.29591,35.784251,13205,3,99999,03102,わかぐさ公園野球場,河辺町8-14-3,3,-99,9999
139.297526,35.783899,13205,3,99999,03107,わかぐさ公園こどもプール,河辺町8-14-3,3,-99,9999
139.277188,35.780072,13205,3,99999,03106,長淵水泳場,長淵3-333-1,3,-99,9999
139.477452,35.655964,13206,3,99999,03120,総合体育館,矢崎町5-5,3,2,9999
139.477455,35.655918,13206,3,99999,03109,総合体育館,矢崎町5-5,3,2,9999
139.477449,35.655872,13206,3,99999,03111,総合体育館,矢崎町5-5,3,2,9999
139.477449,35.655831,13206,3,99999,03113,総合体育館,矢崎町5-5,3,2,9999
139.477449,35.655785,13206,3,99999,03132,総合体育館,矢崎町5-5,3,2,9999
139.477449,35.655742,13206,3,99999,03129,総合体育館,矢崎町5-5,3,2,9999
139.477449,35.655696,13206,3,99999,03119,総合体育館,矢崎町5-5,3,2,9999
139.477449,35.655652,13206,3,99999,03133,総合体育館,矢崎町5-5,3,2,9999
139.477449,35.655606,13206,3,99999,03121,総合体育館,矢崎町5-5,3,2,9999
139.477449,35.655561,13206,3,99999,03122,総合体育館,矢崎町5-5,3,2,9999
139.477449,35.655512,13206,3,99999,03110,総合体育館,矢崎町5-5,3,2,9999
139.476515,35.674737,13206,3,99999,03115,寿町庭球場,寿町2-7,3,-99,9999
139.505729,35.656597,13206,3,99999,03115,小柳庭球場,小柳町6-10,3,-99,9999
139.506202,35.654723,13206,3,99999,03106,小柳プール,小柳町6-10,3,-99,9999
139.507318,35.655016,13206,3,99999,03138,小柳町運動広場,小柳町6-6,3,-99,9999
139.511666,35.660325,13206,3,99999,03115,押立庭球場,押立町1-27,3,-99,9999
139.511623,35.659604,13206,3,99999,03109,押立体育館,押立町1-37,3,-99,9999
139.511629,35.659512,13206,3,99999,03132,押立体育館,押立町1-37,3,-99,9999
139.493471,35.687109,13206,3,99999,03138,新町ゲートボール場,新町2-45,3,-99,9999
139.494678,35.686275,13206,3,99999,03106,新町プール,新町2-57,3,-99,9999
139.451263,35.670741,13206,3,99999,03115,日新第二庭球場,日新町2-14,3,-99,9999
139.445486,35.668095,13206,3,99999,03115,日新庭球場,日新町5-26,3,-99,9999
139.489412,35.654665,13206,3,99999,03104,是政地区一般野球場,是政4,3,-99,9999
139.491165,35.654742,13206,3,99999,03103,是政運動広場,是政4,3,-99,9999
139.476088,35.654463,13206,3,99999,03102,郷土の森第一野球場,是政6-2365,3,-99,9999
139.477467,35.654501,13206,3,99999,03115,郷土の森庭球場,是政6-2365,3,-99,9999
139.481799,35.654265,13206,3,99999,03102,郷土の森第二野球場,是政6-27,3,-99,9999
139.479981,35.65412,13206,3,99999,03103,郷土の森サッカー場,是政6-27,3,-99,9999
139.515975,35.674003,13206,3,99999,03109,朝日体育館,朝日町2-10,3,-99,9999
139.515975,35.67396,13206,3,99999,03132,朝日体育館,朝日町2-10,3,-99,9999
139.515972,35.673916,13206,3,99999,03120,朝日体育館,朝日町2-10,3,-99,9999
139.524372,35.672864,13206,3,99999,03103,調布基地跡地暫定少年サッカー場,朝日町3地内,3,-99,9999
139.52373,35.67186,13206,3,99999,03102,調布基地跡地暫定少年野球場,朝日町3地内,3,-99,9999
139.523844,35.67513,13206,3,99999,03103,朝日サッカー場,朝日町3-7,3,-99,9999
139.459937,35.679683,13206,3,99999,03109,本宿体育館,本宿4-23,3,-99,9999
139.459934,35.679603,13206,3,99999,03132,本宿体育館,本宿4-23,3,-99,9999
139.459934,35.679521,13206,3,99999,03120,本宿体育館,本宿4-23,3,-99,9999
139.480665,35.688338,13206,3,99999,03109,栄町体育館,栄町1-1,3,-99,9999
139.480665,35.688252,13206,3,99999,03132,栄町体育館,栄町1-1,3,-99,9999
139.480665,35.68817,13206,3,99999,03120,栄町体育館,栄町1-1,3,-99,9999
139.480303,35.688244,13206,3,99999,03115,栄町庭球場,栄町1-1,3,-99,9999
139.463178,35.689445,13206,3,99999,03115,武蔵台庭球場,武蔵台2-2,3,-99,9999
139.460866,35.689093,13206,3,99999,03106,武蔵台プール,武蔵台2-2,3,-99,9999
139.496405,35.679392,13206,3,99999,03129,府中市生涯学習センター,浅間町1-7,3,-99,9999
139.496411,35.679305,13206,3,99999,03109,府中市生涯学習センター,浅間町1-7,3,-99,9999
139.496423,35.679223,13206,3,99999,03130,府中市生涯学習センター,浅間町1-7,3,-99,9999
139.496429,35.679137,13206,3,99999,03113,府中市生涯学習センター,浅間町1-7,3,-99,9999
139.496429,35.679055,13206,3,99999,03132,府中市生涯学習センター,浅間町1-7,3,-99,9999
139.496435,35.678968,13206,3,99999,03105,府中市生涯学習センター,浅間町1-7,3,-99,9999
139.492978,35.678605,13206,3,99999,03102,府中の森公園,浅間町1-3-1,4,-99,9999
139.492217,35.67778,13206,3,99999,03115,府中の森公園,浅間町1-3-1,4,-99,9999
139.493756,35.677828,13206,3,99999,03103,府中の森公園,浅間町1-3-1,4,-99,9999
139.495801,35.679277,13206,3,99999,03115,平和の森庭球場,浅間町1-8,3,-99,9999
139.508791,35.671235,13206,3,99999,03109,白糸台体育館,白糸台1-50,3,-99,9999
139.508788,35.671163,13206,3,99999,03132,白糸台体育館,白糸台1-50,3,-99,9999
139.508788,35.671086,13206,3,99999,03120,白糸台体育館,白糸台1-50,3,-99,9999
139.508322,35.671431,13206,3,99999,03138,白糸台北公園ゲートボール場,白糸台1-50,3,-99,9999
139.508476,35.670943,13206,3,99999,03106,白糸台プール,白糸台1-51,3,-99,9999
139.51743,35.660204,13206,3,99999,03138,南白糸台ゲートボール場,白糸台6-49,3,-99,9999
139.476831,35.656683,13206,3,99999,03106,総合プール,矢崎町5-5,3,-99,9999
139.476165,35.65676,13206,3,99999,03107,総合プール,矢崎町5-5,3,-99,9999
139.517303,35.68098,13206,3,99999,03115,紅葉丘第二庭球場,紅葉丘2-24,3,-99,9999
139.512491,35.672456,13206,3,99999,03115,紅葉丘庭球場,紅葉丘3-14,3,-99,9999
139.505171,35.673195,13206,3,99999,03115,若松庭球場,若松町3-28,3,-99,9999
139.456586,35.670643,13206,3,99999,03106,西府プール,西府町1-9,3,-99,9999
139.456799,35.678852,13206,3,99999,03138,西府ゲートボール場,西府町3-29,3,-99,9999
139.384577,35.702924,13207,3,99999,03109,総合スポーツセンター,東町5-13-1,4,2,9999
139.384582,35.702851,13207,3,99999,03120,総合スポーツセンター,東町5-13-1,4,2,9999
139.384386,35.703662,13207,3,99999,03110,総合スポーツセンター,東町5-13-1,4,2,9999
139.384374,35.70358,13207,3,99999,03111,総合スポーツセンター,東町5-13-1,4,2,9999
139.384764,35.703776,13207,3,99999,03121,総合スポーツセンター,東町5-13-1,4,2,9999
139.384374,35.703503,13207,3,99999,03105,総合スポーツセンター,東町5-13-1,4,2,9999
139.384374,35.703426,13207,3,99999,03129,総合スポーツセンター,東町5-13-1,4,2,9999
139.384577,35.702769,13207,3,99999,03132,総合スポーツセンター,東町5-13-1,4,2,9999
139.384363,35.703348,13207,3,99999,03113,総合スポーツセンター,東町5-13-1,4,2,9999
139.353237,35.71649,13207,3,99999,03109,みほり体育館,美堀町4-20-1,3,-99,9999
139.353237,35.716449,13207,3,99999,03120,みほり体育館,美堀町4-20-1,3,-99,9999
139.353234,35.716405,13207,3,99999,03132,みほり体育館,美堀町4-20-1,3,-99,9999
139.385893,35.703105,13207,3,99999,03102,昭和公園,東町5,3,-99,9999
139.384301,35.701701,13207,3,99999,03115,昭和公園,東町5,3,-99,9999
139.387331,35.702044,13207,3,99999,03101,昭和公園,東町5,3,-99,9999
139.551876,35.672593,13208,3,99999,03109,総合体育館,深大寺北町2-1-65,4,1,1985
139.551879,35.672552,13208,3,99999,03120,総合体育館,深大寺北町2-1-65,4,1,1985
139.551879,35.672511,13208,3,99999,03132,総合体育館,深大寺北町2-1-65,4,1,1985
139.551876,35.672465,13208,3,99999,03129,総合体育館,深大寺北町2-1-65,4,1,1985
139.551882,35.672419,13208,3,99999,03105,総合体育館,深大寺北町2-1-65,4,1,1985
139.551888,35.672375,13208,3,99999,03132,総合体育館,深大寺北町2-1-65,4,1,1985
139.527486,35.657571,13208,3,99999,03120,西調布体育館,上石原2-4-1,3,-99,9999
139.527483,35.657499,13208,3,99999,03110,西調布体育館,上石原2-4-1,3,-99,9999
139.527483,35.65746,13208,3,99999,03111,西調布体育館,上石原2-4-1,3,-99,9999
139.527489,35.657419,13208,3,99999,03113,西調布体育館,上石原2-4-1,3,-99,9999
139.527486,35.657535,13208,3,99999,03132,西調布体育館,上石原2-4-1,3,-99,9999
139.553405,35.677662,13208,3,99999,03115,市民深大寺テニスコート,深大寺北町4-4-3,3,-99,9999
139.534068,35.641459,13208,3,99999,03102,多摩川児童公園内運動施設,多摩川3-75先,3,-99,9999
139.535509,35.641211,13208,3,99999,03103,多摩川児童公園内運動施設,多摩川3-75先,3,-99,9999
139.538284,35.662236,13208,3,99999,03138,富士見町ゲートボール場,富士見町3-4,3,-99,9999
139.577679,35.6553,13208,3,99999,03138,つつじケ丘ゲートボール場,東つつじケ丘2-33-5,3,-99,9999
139.547448,35.640028,13208,3,99999,03138,南部ゲートボール場,染地2-43-1,3,-99,9999
139.55994,35.641473,13208,3,99999,03138,染地ゲートボール場,染地3-1-816,3,-99,9999
139.553102,35.677652,13208,3,99999,03138,北部ゲートボール場,深大寺北町4-4-3,3,-99,9999
139.588606,35.667832,13208,3,99999,03115,市民緑ケ丘テニスコート,緑ケ丘2-63-1,3,-99,9999
139.588774,35.668465,13208,3,99999,03138,緑ケ丘ゲートボール場,緑ケ丘2-64-1,3,-99,9999
139.572121,35.652729,13208,3,99999,03104,市民大町スポーツ施設,菊野台3-27-40,3,-99,9999
139.572118,35.652156,13208,3,99999,03115,市民大町スポーツ施設,菊野台3-27-40,3,-99,9999
139.57254,35.65261,13208,3,99999,03120,市民大町スポーツ施設,菊野台3-27-40,3,-99,9999
139.572537,35.65256,13208,3,99999,03109,市民大町スポーツ施設,菊野台3-27-40,3,-99,9999
139.532411,35.667341,13208,3,99999,03102,市民西町野球場,西町290-3,3,-99,9999
139.534039,35.667341,13208,3,99999,03102,市民西町少年野球場,西町290-3,3,-99,9999
139.527293,35.667889,13208,3,99999,03102,調布基地跡地運動広場,西町290-3他,3,-99,9999
139.526437,35.670399,13208,3,99999,03103,調布基地跡地運動広場,西町290-3他,3,-99,9999
139.531084,35.665282,13208,3,99999,03103,市民西町サッカー場,西町290-3他,3,-99,9999
139.527147,35.664366,13208,3,99999,03101,味の素スタジアム（球技場／味の素スタジアム）,西町376-3,4,5,9999
139.527147,35.664222,13208,3,99999,03103,味の素スタジアム（球技場／味の素スタジアム）,西町376-3,4,5,9999
139.529512,35.662735,13208,3,99999,03103,味の素スタジアム（球技場／アミノバイタルフィールド）,西町376-3,4,-99,2005
139.526012,35.666148,13208,3,99999,03103,味の素スタジアム（球技場／ミズノフットサルプラザ調布）,西町376-3,4,-99,9999
139.525371,35.664135,13208,3,99999,03103,味の素スタジアム（球技場／ミズノフットサルプラザ味の素スタジアム）,西町376-3,4,-99,9999
139.523214,35.665293,13208,3,99999,03101,味の素スタジアム（陸上競技場／味の素スタジアム西競技場）,西町376-3,4,-99,9999
139.523202,35.66512,13208,3,99999,03103,味の素スタジアム（陸上競技場／味の素スタジアム西競技場）,西町376-3,4,-99,9999
139.479293,35.536335,13209,3,99999,03120,町田市立総合体育館,南成瀬5-12,4,-99,1990
139.479296,35.536287,13209,3,99999,03109,町田市立総合体育館,南成瀬5-12,4,-99,1990
139.47929,35.536238,13209,3,99999,03132,町田市立総合体育館,南成瀬5-12,4,-99,1990
139.47929,35.536192,13209,3,99999,03111,町田市立総合体育館,南成瀬5-12,4,-99,1990
139.479287,35.536142,13209,3,99999,03110,町田市立総合体育館,南成瀬5-12,4,-99,1990
139.479284,35.536088,13209,3,99999,03121,町田市立総合体育館,南成瀬5-12,4,-99,1990
139.479287,35.536033,13209,3,99999,03122,町田市立総合体育館,南成瀬5-12,4,-99,1990
139.479281,35.53598,13209,3,99999,03129,町田市立総合体育館,南成瀬5-12,4,-99,1990
139.479281,35.535931,13209,3,99999,03113,町田市立総合体育館,南成瀬5-12,4,-99,1990
139.44707,35.556921,13209,3,99999,03120,サン町田旭体育館,旭町3-20-60,4,2,9999
139.44707,35.556879,13209,3,99999,03109,サン町田旭体育館,旭町3-20-60,4,2,9999
139.44707,35.556834,13209,3,99999,03129,サン町田旭体育館,旭町3-20-60,4,2,9999
139.447073,35.556785,13209,3,99999,03132,サン町田旭体育館,旭町3-20-60,4,2,9999
139.44707,35.556737,13209,3,99999,03111,サン町田旭体育館,旭町3-20-60,4,2,9999
139.44707,35.556689,13209,3,99999,03113,サン町田旭体育館,旭町3-20-60,4,2,9999
139.484761,35.535516,13209,3,99999,03115,成瀬クリーンセンターテニスコート,南成瀬8-1-1,4,-99,9999
139.413861,35.586365,13209,3,99999,03105,町田市立室内プール,図師町199-1,4,-99,9999
139.413861,35.586278,13209,3,99999,03129,町田市立室内プール,図師町199-1,4,-99,9999
139.454629,35.598468,13209,3,99999,03102,小野路球場,小野路町2023-1,4,-99,9999
139.453381,35.597618,13209,3,99999,03104,小野路グラウンド,小野路町2023-1,4,-99,9999
139.422261,35.572974,13209,3,99999,03102,忠生公園ソフトボール場,忠生1-3-1,4,-99,9999
139.422255,35.572926,13209,3,99999,03104,忠生公園ソフトボール場,忠生1-3-1,4,-99,9999
139.445903,35.55695,13209,3,99999,03102,町田市民球場,旭町3-20-60,4,-99,9999
139.446785,35.557535,13209,3,99999,03115,町田中央公園テニスコート,旭町3-20-60,4,-99,9999
139.435321,35.564466,13209,3,99999,03102,木曽山崎グラウンド,本町田2533,4,-99,9999
139.43533,35.564381,13209,3,99999,03103,木曽山崎グラウンド,本町田2533,4,-99,9999
139.4344,35.56484,13209,3,99999,03138,木曽山崎グラウンド,本町田2533,4,-99,9999
139.447734,35.568267,13209,3,99999,03102,藤の台球場,本町田3486,4,-99,9999
139.318424,35.609611,13209,3,99999,03115,相原中央テニスコート,相原町2248,4,-99,9999
139.317681,35.610446,13209,3,99999,03102,相原中央グラウンド,相原町2248,4,-99,9999
139.438908,35.592508,13209,3,99999,03101,町田市立陸上競技場,野津田町2035,4,-99,9999
139.446015,35.59302,13209,3,99999,03102,野津田球場,野津田町2035,4,-99,2007
139.442093,35.593209,13209,3,99999,03115,野津田公園テニスコート,野津田町2035,4,-99,9999
139.445331,35.590967,13209,3,99999,03104,上の原グラウンド,野津田町2035,4,-99,9999
139.437155,35.591677,13209,3,99999,03103,野津田公園多目的広場,野津田町2035,3,-99,9999
139.437161,35.591595,13209,3,99999,03138,野津田公園多目的広場,野津田町2035,3,-99,9999
139.466205,35.590133,13209,3,99999,03115,鶴川第二テニスコート,鶴川3-2-2,4,-99,9999
139.471664,35.59136,13209,3,99999,03102,鶴川球場,鶴川6-6,4,-99,9999
139.471509,35.590698,13209,3,99999,03115,鶴川中央公園テニスコート,鶴川6-6,4,-99,9999
139.467117,35.508874,13209,3,99999,03104,鶴間公園運動広場,鶴間3-1-1,4,-99,9999
139.467129,35.508773,13209,3,99999,03138,鶴間公園運動広場,鶴間3-1-1,4,-99,9999
139.468401,35.508774,13209,3,99999,03115,鶴間公園テニスコート,鶴間3-1-3,4,-99,9999
139.519854,35.714797,13210,3,99999,03105,小金井市総合体育館,関野町1-13-1,4,2,9999
139.519854,35.714711,13210,3,99999,03129,小金井市総合体育館,関野町1-13-1,4,2,9999
139.519854,35.714629,13210,3,99999,03109,小金井市総合体育館,関野町1-13-1,4,2,9999
139.519854,35.714547,13210,3,99999,03110,小金井市総合体育館,関野町1-13-1,4,2,9999
139.519854,35.714465,13210,3,99999,03111,小金井市総合体育館,関野町1-13-1,4,2,9999
139.519854,35.714387,13210,3,99999,03120,小金井市総合体育館,関野町1-13-1,4,2,9999
139.519854,35.71431,13210,3,99999,03132,小金井市総合体育館,関野町1-13-1,4,2,9999
139.519848,35.714228,13210,3,99999,03113,小金井市総合体育館,関野町1-13-1,4,2,9999
139.521294,35.697926,13210,3,99999,03129,小金井市栗山公園健康運動センター,中町2-21-1,4,4,9999
139.521295,35.697889,13210,3,99999,03105,小金井市栗山公園健康運動センター,中町2-21-1,4,4,9999
139.521295,35.69785,13210,3,99999,03132,小金井市栗山公園健康運動センター,中町2-21-1,4,4,9999
139.521295,35.697814,13210,3,99999,03120,小金井市栗山公園健康運動センター,中町2-21-1,4,4,9999
139.521295,35.697778,13210,3,99999,03113,小金井市栗山公園健康運動センター,中町2-21-1,4,4,9999
139.527842,35.716114,13210,3,99999,03102,小金井公園,関野町1-31-1,4,-99,9999
139.527877,35.71486,13210,3,99999,03115,小金井公園,関野町1-31-1,4,-99,9999
139.521124,35.714025,13210,3,99999,03121,小金井公園,関野町1-31-1,4,-99,9999
139.521124,35.713989,13210,3,99999,03122,小金井公園,関野町1-31-1,4,-99,9999
139.5225,35.715907,13210,3,99999,03138,小金井公園,関野町1-31-1,4,-99,9999
139.520377,35.716498,13210,3,99999,03144,小金井公園,関野町1-31-1,4,-99,9999
139.522547,35.71473,13210,3,99999,03103,小金井公園,関野町1-31-1,4,-99,9999
139.519128,35.720439,13211,3,99999,03102,花小金井運動施設,花小金井南町3-2-7,3,-99,9999
139.492257,35.711643,13211,3,99999,03115,上水公園運動施設,上水南町3-12-32,3,-99,9999
139.462616,35.722819,13211,3,99999,03109,小平市民総合体育館,津田町1-1-1,3,-99,1985
139.462613,35.722775,13211,3,99999,03120,小平市民総合体育館,津田町1-1-1,3,-99,1985
139.462616,35.722737,13211,3,99999,03113,小平市民総合体育館,津田町1-1-1,3,-99,1985
139.46261,35.722696,13211,3,99999,03111,小平市民総合体育館,津田町1-1-1,3,-99,1985
139.46261,35.722657,13211,3,99999,03110,小平市民総合体育館,津田町1-1-1,3,-99,1985
139.462613,35.722619,13211,3,99999,03132,小平市民総合体育館,津田町1-1-1,3,-99,1985
139.462616,35.722578,13211,3,99999,03129,小平市民総合体育館,津田町1-1-1,3,-99,1985
139.462616,35.722542,13211,3,99999,03121,小平市民総合体育館,津田町1-1-1,3,-99,1985
139.462613,35.722503,13211,3,99999,03122,小平市民総合体育館,津田町1-1-1,3,-99,1985
139.462613,35.722462,13211,3,99999,03105,小平市民総合体育館,津田町1-1-1,3,-99,1985
139.477049,35.73922,13211,3,99999,03104,萩山公園グラウンド,小川東町4-4-1,3,-99,1968
139.477334,35.738205,13211,3,99999,03106,萩山公園プール,小川東町4-4-1,3,-99,1971
139.477328,35.738557,13211,3,99999,03120,萩山公園卓球教室,小川東町4-4-1,3,-99,9999
139.456228,35.73386,13211,3,99999,03104,小川西グラウンド,小川西町5-8-1,3,-99,2003
139.462866,35.724302,13211,3,99999,03115,中央公園テニスコート,津田町1-1-1,3,-99,1982
139.461992,35.723388,13211,3,99999,03104,中央公園グラウンド,津田町1-1-1,3,-99,1982
139.461995,35.723492,13211,3,99999,03101,中央公園陸上競技場,津田町1-1-1,3,-99,9999
139.505354,35.730872,13211,3,99999,03120,花小金井武道館,花小金井8-26-15,3,-99,1975
139.505354,35.730833,13211,3,99999,03113,花小金井武道館,花小金井8-26-15,3,-99,1975
139.505354,35.730797,13211,3,99999,03111,花小金井武道館,花小金井8-26-15,3,-99,1975
139.505354,35.730763,13211,3,99999,03110,花小金井武道館,花小金井8-26-15,3,-99,1975
139.505536,35.730911,13211,3,99999,03121,花小金井武道館,花小金井8-26-15,3,-99,1975
139.508548,35.728603,13211,3,99999,03106,東部公園プール,花小金井6-13-1,3,-99,1985
139.508014,35.728813,13211,3,99999,03107,東部公園プール,花小金井6-13-1,3,-99,1985
139.402286,35.680145,13212,3,99999,03101,市民陸上競技場,日野本町7-12-1,3,-99,9999
139.402612,35.680621,13212,3,99999,03122,市民陸上競技場,日野本町7-12-1,3,-99,9999
139.403242,35.680363,13212,3,99999,03138,市民陸上競技場,日野本町7-12-1,3,-99,9999
139.402618,35.68058,13212,3,99999,03132,市民陸上競技場,日野本町7-12-1,3,-99,9999
139.397846,35.659627,13212,3,99999,03109,南平体育館,南平4-23-1,4,-99,9999
139.397849,35.659586,13212,3,99999,03120,南平体育館,南平4-23-1,4,-99,9999
139.397852,35.659545,13212,3,99999,03132,南平体育館,南平4-23-1,4,-99,9999
139.397849,35.659506,13212,3,99999,03110,南平体育館,南平4-23-1,4,-99,9999
139.397849,35.659467,13212,3,99999,03113,南平体育館,南平4-23-1,4,-99,9999
139.397846,35.659429,13212,3,99999,03111,南平体育館,南平4-23-1,4,-99,9999
139.398048,35.659342,13212,3,99999,03121,南平体育館,南平4-23-1,4,-99,9999
139.398051,35.659303,13212,3,99999,03122,南平体育館,南平4-23-1,4,-99,9999
139.397843,35.65939,13212,3,99999,03129,南平体育館,南平4-23-1,4,-99,9999
139.399913,35.664787,13212,3,99999,03106,日野市民プール,川辺堀之内190先,4,-99,9999
139.379704,35.667171,13212,3,99999,03103,多摩平第一公園グラウンド,多摩平4-2,4,-99,9999
139.379448,35.666159,13212,3,99999,03115,多摩平第一公園テニスコート,多摩平4-2,4,-99,9999
139.391587,35.679689,13212,3,99999,03120,新町交流センター,新町1-13（都営日野新町1ｱﾊﾟｰﾄ11号棟内）,4,-99,9999
139.402897,35.681344,13212,3,99999,03120,市民の森ふれあいホール,日野本町6-1-3,3,2,2012
139.402894,35.681387,13212,3,99999,03109,市民の森ふれあいホール,日野本町6-1-3,3,2,2012
139.402897,35.681255,13212,3,99999,03110,市民の森ふれあいホール,日野本町6-1-3,3,2,2012
139.402891,35.681209,13212,3,99999,03113,市民の森ふれあいホール,日野本町6-1-3,3,2,2012
139.402894,35.681163,13212,3,99999,03111,市民の森ふれあいホール,日野本町6-1-3,3,2,2012
139.402897,35.6813,13212,3,99999,03132,市民の森ふれあいホール,日野本町6-1-3,3,2,2012
139.367415,35.657901,13212,3,99999,03104,旭が丘中央公園グラウンド,旭が丘5-1-1,4,-99,9999
139.366253,35.657812,13212,3,99999,03115,旭が丘中央公園テニスコート,旭が丘5-1-1,4,-99,9999
139.38278,35.686707,13212,3,99999,03102,東光寺グラウンド,栄町3-15先,4,-99,9999
139.383627,35.686465,13212,3,99999,03104,東光寺グラウンド,栄町3-15先,4,-99,9999
139.420643,35.668147,13212,3,99999,03105,東部会館,石田1-11-1,4,-99,9999
139.420646,35.668062,13212,3,99999,03120,東部会館,石田1-11-1,4,-99,9999
139.42064,35.668106,13212,3,99999,03132,東部会館,石田1-11-1,4,-99,9999
139.424928,35.669994,13212,3,99999,03103,北川原公園グラウンド,石田1-236,4,-99,9999
139.430486,35.661963,13212,3,99999,03115,七生自然学園テニスコート,落川1400,4,-99,9999
139.479666,35.760918,13213,3,99999,03120,東村山市民スポーツセンター,久米川町3-30-5,4,-99,9999
139.479675,35.761311,13213,3,99999,03109,東村山市民スポーツセンター,久米川町3-30-5,4,-99,9999
139.479675,35.761267,13213,3,99999,03116,東村山市民スポーツセンター,久米川町3-30-5,4,-99,9999
139.479672,35.761221,13213,3,99999,03121,東村山市民スポーツセンター,久米川町3-30-5,4,-99,9999
139.479675,35.761173,13213,3,99999,03110,東村山市民スポーツセンター,久米川町3-30-5,4,-99,9999
139.479672,35.76113,13213,3,99999,03111,東村山市民スポーツセンター,久米川町3-30-5,4,-99,9999
139.479669,35.761089,13213,3,99999,03132,東村山市民スポーツセンター,久米川町3-30-5,4,-99,9999
139.479669,35.761048,13213,3,99999,03129,東村山市民スポーツセンター,久米川町3-30-5,4,-99,9999
139.479666,35.761004,13213,3,99999,03113,東村山市民スポーツセンター,久米川町3-30-5,4,-99,9999
139.479669,35.760963,13213,3,99999,03122,東村山市民スポーツセンター,久米川町3-30-5,4,-99,9999
139.480376,35.76111,13213,3,99999,03105,東村山市民スポーツセンター,久米川町3-30-5,4,-99,9999
139.468776,35.766113,13213,3,99999,03102,東村山市久米川少年野球場,久米川町4-43-9,4,-99,9999
139.490893,35.754837,13213,3,99999,03101,東村山市運動公園,恩多町1-51-1,4,-99,9999
139.490964,35.75517,13213,3,99999,03102,東村山市運動公園,恩多町1-51-1,4,-99,9999
139.489316,35.755092,13213,3,99999,03115,東村山市運動公園,恩多町1-51-1,4,-99,9999
139.489503,35.754577,13213,3,99999,03106,東村山市運動公園,恩多町1-51-1,4,-99,9999
139.484428,35.753369,13213,3,99999,03138,東村山市恩多ゲートボール場,恩多町3-23-30,3,-99,9999
139.480675,35.774931,13213,3,99999,03138,東村山市秋津ゲートボール場,秋津町3-44-42,3,-99,9999
139.475776,35.742217,13213,3,99999,03138,東村山市萩山ゲートボール場,萩山町2-3-2内,3,-99,9999
139.470427,35.773005,13213,3,99999,03138,東村山市北川ゲートボール場,諏訪町1-39-32,3,-99,9999
139.452455,35.755813,13213,3,99999,03138,東村山市ゲートボール場公園,廻田町1-26-1,3,-99,9999
139.489077,35.76545,13213,3,99999,03138,東村山市青葉ゲートボール場,青葉町2-35-11内,3,-99,9999
139.444627,35.702723,13214,3,99999,03109,国分寺市民ひかりスポーツセンター,光町1-46-8,4,1,9999
139.44463,35.702679,13214,3,99999,03132,国分寺市民ひかりスポーツセンター,光町1-46-8,4,1,9999
139.44463,35.702636,13214,3,99999,03120,国分寺市民ひかりスポーツセンター,光町1-46-8,4,1,9999
139.44463,35.702595,13214,3,99999,03111,国分寺市民ひかりスポーツセンター,光町1-46-8,4,1,9999
139.444633,35.702549,13214,3,99999,03113,国分寺市民ひかりスポーツセンター,光町1-46-8,4,1,9999
139.44463,35.702501,13214,3,99999,03129,国分寺市民ひかりスポーツセンター,光町1-46-8,4,1,9999
139.465324,35.705751,13214,3,99999,03105,国分寺市民室内プール,西恋ヶ窪3-32-6,4,-99,9999
139.465324,35.705708,13214,3,99999,03132,国分寺市民室内プール,西恋ヶ窪3-32-6,4,-99,9999
139.459114,35.713961,13214,3,99999,03104,戸倉野球場,戸倉1-31-1,4,-99,9999
139.45912,35.714052,13214,3,99999,03102,戸倉野球場,戸倉1-31-1,4,-99,9999
139.459167,35.713375,13214,3,99999,03115,戸倉第一テニスコート,戸倉1-28-14,4,-99,9999
139.460602,35.70872,13214,3,99999,03115,戸倉第二テニスコート,戸倉2-5-2,4,-99,9999
139.481217,35.704593,13214,3,99999,03111,本多武道館,本多2-1-18,4,-99,9999
139.481215,35.704554,13214,3,99999,03113,本多武道館,本多2-1-18,4,-99,9999
139.481215,35.704518,13214,3,99999,03120,本多武道館,本多2-1-18,4,-99,9999
139.481218,35.704479,13214,3,99999,03132,本多武道館,本多2-1-18,4,-99,9999
139.440419,35.685233,13215,3,99999,03109,くにたち市民総合体育館,富士見台2-48-1,4,3,9999
139.440419,35.685185,13215,3,99999,03132,くにたち市民総合体育館,富士見台2-48-1,4,3,9999
139.440419,35.685134,13215,3,99999,03113,くにたち市民総合体育館,富士見台2-48-1,4,3,9999
139.440419,35.685088,13215,3,99999,03120,くにたち市民総合体育館,富士見台2-48-1,4,3,9999
139.440419,35.68504,13215,3,99999,03110,くにたち市民総合体育館,富士見台2-48-1,4,3,9999
139.440422,35.684994,13215,3,99999,03105,くにたち市民総合体育館,富士見台2-48-1,4,3,9999
139.440416,35.684946,13215,3,99999,03129,くにたち市民総合体育館,富士見台2-48-1,4,3,9999
139.440416,35.684893,13215,3,99999,03111,くにたち市民総合体育館,富士見台2-48-1,4,3,9999
139.432157,35.688418,13215,3,99999,03115,矢川上公園,富士見台4-4,3,-99,9999
139.443485,35.685664,13215,3,99999,03102,谷保第三公園,富士見台2-34,3,-99,9999
139.443479,35.685604,13215,3,99999,03138,谷保第三公園,富士見台2-34,3,-99,9999
139.421543,35.680103,13215,3,99999,03102,河川敷公園,谷保9544,3,-99,9999
139.43064,35.674597,13215,3,99999,03129,南プラザ,泉2-3-2,3,-99,9999
139.43064,35.67452,13215,3,99999,03103,南プラザ,泉2-3-2,3,-99,9999
139.429914,35.672153,13215,3,99999,03144,歩行者自転車専用道路,谷保9546-14先,3,-99,9999
139.446532,35.686888,13215,3,99999,03109,東京都多摩障害者スポーツセンター,富士見台2-1-1,4,2,1984
139.446526,35.686811,13215,3,99999,03120,東京都多摩障害者スポーツセンター,富士見台2-1-1,4,2,1984
139.44652,35.686738,13215,3,99999,03138,東京都多摩障害者スポーツセンター,富士見台2-1-1,4,2,1984
139.44652,35.686656,13215,3,99999,03122,東京都多摩障害者スポーツセンター,富士見台2-1-1,4,2,1984
139.446526,35.686589,13215,3,99999,03132,東京都多摩障害者スポーツセンター,富士見台2-1-1,4,2,1984
139.44652,35.686516,13215,3,99999,03129,東京都多摩障害者スポーツセンター,富士見台2-1-1,4,2,1984
139.44652,35.686444,13215,3,99999,03105,東京都多摩障害者スポーツセンター,富士見台2-1-1,4,2,1984
139.322374,35.734691,13218,3,99999,03109,中央体育館,北田園2-9-1,3,-99,9999
139.322374,35.73465,13218,3,99999,03120,中央体育館,北田園2-9-1,3,-99,9999
139.322377,35.734614,13218,3,99999,03110,中央体育館,北田園2-9-1,3,-99,9999
139.322374,35.734575,13218,3,99999,03111,中央体育館,北田園2-9-1,3,-99,9999
139.322371,35.734537,13218,3,99999,03113,中央体育館,北田園2-9-1,3,-99,9999
139.322371,35.734503,13218,3,99999,03132,中央体育館,北田園2-9-1,3,-99,9999
139.322368,35.734467,13218,3,99999,03121,中央体育館,北田園2-9-1,3,-99,9999
139.322371,35.734426,13218,3,99999,03129,中央体育館,北田園2-9-1,3,-99,9999
139.337008,35.720773,13218,3,99999,03109,熊川地域体育館,熊川380-7,4,-99,9999
139.33701,35.72073,13218,3,99999,03120,熊川地域体育館,熊川380-7,4,-99,9999
139.33701,35.720684,13218,3,99999,03132,熊川地域体育館,熊川380-7,4,-99,9999
139.337013,35.720641,13218,3,99999,03129,熊川地域体育館,熊川380-7,4,-99,9999
139.33701,35.720593,13218,3,99999,03111,熊川地域体育館,熊川380-7,4,-99,9999
139.33701,35.720544,13218,3,99999,03113,熊川地域体育館,熊川380-7,4,-99,9999
139.331786,35.715543,13218,3,99999,03115,南公園,南田園1-1-1,3,-99,9999
139.331934,35.714742,13218,3,99999,03102,南公園,南田園1-1-1,3,-99,9999
139.331292,35.752727,13218,3,99999,03115,武蔵野台テニスコート,武蔵野台1-30,3,-99,9999
139.334121,35.746311,13218,3,99999,03109,福生地域体育館,武蔵野台1-8-7,4,-99,9999
139.334121,35.74627,13218,3,99999,03120,福生地域体育館,武蔵野台1-8-7,4,-99,9999
139.334121,35.746229,13218,3,99999,03129,福生地域体育館,武蔵野台1-8-7,4,-99,9999
139.334121,35.746188,13218,3,99999,03132,福生地域体育館,武蔵野台1-8-7,4,-99,9999
139.334124,35.746147,13218,3,99999,03122,福生地域体育館,武蔵野台1-8-7,4,-99,9999
139.35129,35.723914,13218,3,99999,03102,福東総合グランド,熊川1608,3,-99,9999
139.349986,35.72263,13218,3,99999,03103,福東総合グランド,熊川1608,3,-99,9999
139.351311,35.722802,13218,3,99999,03115,福東総合グランド,熊川1608,3,-99,9999
139.336211,35.735176,13218,3,99999,03102,福生野球場,牛浜162,3,-99,9999
139.336208,35.735248,13218,3,99999,03103,福生野球場,牛浜162,3,-99,9999
139.316974,35.747907,13218,3,99999,03101,市営競技場,福生3232,3,-99,9999
139.315993,35.747521,13218,3,99999,03115,市営競技場,福生3232,3,-99,9999
139.573028,35.642285,13219,3,99999,03109,狛江市民総合体育館,和泉本町3-25-1,4,2,9999
139.573022,35.642208,13219,3,99999,03120,狛江市民総合体育館,和泉本町3-25-1,4,2,9999
139.573028,35.642131,13219,3,99999,03111,狛江市民総合体育館,和泉本町3-25-1,4,2,9999
139.573028,35.642049,13219,3,99999,03113,狛江市民総合体育館,和泉本町3-25-1,4,2,9999
139.573028,35.641971,13219,3,99999,03132,狛江市民総合体育館,和泉本町3-25-1,4,2,9999
139.573028,35.641894,13219,3,99999,03110,狛江市民総合体育館,和泉本町3-25-1,4,2,9999
139.573034,35.641812,13219,3,99999,03129,狛江市民総合体育館,和泉本町3-25-1,4,2,9999
139.565135,35.640297,13219,3,99999,03109,西和泉体育館,西和泉1-16-1,4,-99,9999
139.565138,35.640249,13219,3,99999,03120,西和泉体育館,西和泉1-16-1,4,-99,9999
139.571745,35.630404,13219,3,99999,03115,元和泉市民テニスコート,元和泉2-8-1,4,-99,9999
139.582305,35.647068,13219,3,99999,03115,東野川市民テニスコート,東野川3-14-10,4,-99,9999
139.572437,35.642039,13219,3,99999,03106,狛江市民プール,和泉本町3-25-1,3,-99,9999
139.57332,35.624101,13219,3,99999,03102,狛江市多摩川緑地公園グランド,猪方4-1,4,-99,9999
139.444296,35.741689,13220,3,99999,03115,上仲原公園運動施設,向原1-1,4,-99,9999
139.443951,35.740782,13220,3,99999,03102,上仲原公園運動施設,向原1-1,4,-99,9999
139.425954,35.73556,13220,3,99999,03102,桜が丘市民広場,桜が丘2-142-2,4,-99,9999
139.421578,35.735975,13220,3,99999,03109,市民体育館,桜が丘2-167-13,4,-99,9999
139.421578,35.735934,13220,3,99999,03111,市民体育館,桜が丘2-167-13,4,-99,9999
139.421575,35.735895,13220,3,99999,03113,市民体育館,桜が丘2-167-13,4,-99,9999
139.421575,35.735854,13220,3,99999,03110,市民体育館,桜が丘2-167-13,4,-99,9999
139.421575,35.735816,13220,3,99999,03132,市民体育館,桜が丘2-167-13,4,-99,9999
139.421575,35.735772,13220,3,99999,03129,市民体育館,桜が丘2-167-13,4,-99,9999
139.424739,35.734096,13220,3,99999,03115,東大和南公園,桜ヶ丘2-106-2,4,-99,9999
139.423657,35.734009,13220,3,99999,03102,東大和南公園,桜ヶ丘2-106-2,4,-99,9999
139.444813,35.75235,13220,3,99999,03138,清水ゲートボール場,清水2-928-1,3,-99,9999
139.533271,35.797762,13221,3,99999,03109,清瀬市立市民体育館,下宿2-524-1,4,-99,9999
139.533271,35.797718,13221,3,99999,03120,清瀬市立市民体育館,下宿2-524-1,4,-99,9999
139.533268,35.797675,13221,3,99999,03111,清瀬市立市民体育館,下宿2-524-1,4,-99,9999
139.533265,35.797629,13221,3,99999,03113,清瀬市立市民体育館,下宿2-524-1,4,-99,9999
139.533262,35.797586,13221,3,99999,03110,清瀬市立市民体育館,下宿2-524-1,4,-99,9999
139.533262,35.797487,13221,3,99999,03132,清瀬市立市民体育館,下宿2-524-1,4,-99,9999
139.533265,35.797439,13221,3,99999,03116,清瀬市立市民体育館,下宿2-524-1,4,-99,9999
139.533818,35.798053,13221,3,99999,03104,下宿運動公園,下宿2-524-1,4,-99,9999
139.536324,35.801625,13221,3,99999,03102,下宿第二運動公園,下宿2-579-4,4,-99,9999
139.538141,35.802383,13221,3,99999,03102,下宿第三運動公園,下宿3-681-1,3,-99,9999
139.537737,35.803048,13221,3,99999,03115,下宿第三運動公園,下宿3-681-1,3,-99,9999
139.538937,35.801877,13221,3,99999,03103,下宿第三運動公園,下宿3-681-1,3,-99,9999
139.541088,35.804094,13221,3,99999,03102,内山運動公園,下宿3-1375,3,-99,9999
139.540066,35.803198,13221,3,99999,03103,内山運動公園,下宿3-1375,3,-99,9999
139.538663,35.781032,13221,3,99999,03138,下清戸ゲートボール場,下清戸1-187,3,-99,9999
139.538682,35.778663,13221,3,99999,03120,コミュニティプラザひまわり,下清戸1-212-4,3,-99,9999
139.538679,35.778615,13221,3,99999,03109,コミュニティプラザひまわり,下清戸1-212-4,3,-99,9999
139.538679,35.778567,13221,3,99999,03110,コミュニティプラザひまわり,下清戸1-212-4,3,-99,9999
139.538685,35.778516,13221,3,99999,03111,コミュニティプラザひまわり,下清戸1-212-4,3,-99,9999
139.538685,35.778468,13221,3,99999,03113,コミュニティプラザひまわり,下清戸1-212-4,3,-99,9999
139.53943,35.778574,13221,3,99999,03115,コミュニティプラザひまわり,下清戸1-212-4,3,-99,9999
139.538298,35.77909,13221,3,99999,03104,コミュニティプラザひまわり,下清戸1-212-4,3,-99,9999
139.541957,35.779546,13221,3,99999,03115,下清戸運動公園,下清戸3-68-1,4,-99,9999
139.527672,35.780546,13221,3,99999,03138,中清戸中央ゲートボール場,中清戸2-694,3,-99,9999
139.517173,35.78709,13221,3,99999,03138,畑川原ゲートボール場,中里4-794-1,3,-99,9999
139.526056,35.786079,13221,3,99999,03129,健康センター,中里5-842,3,3,9999
139.51564,35.777881,13221,3,99999,03138,元町ゲートボール場,元町2-25,3,-99,9999
139.509585,35.774553,13221,3,99999,03138,中央公園ゲートボール場,梅園1中央公園内,3,-99,9999
139.510972,35.773568,13221,3,99999,03115,中央公園,梅園1-2-7,4,-99,9999
139.50805,35.782312,13221,3,99999,03144,空堀川サイクリングロード,野塩1～中里2,3,-99,9999
139.544372,35.762534,13222,3,99999,03120,東久留米市スポーツセンター,大門町2-14-37,4,-99,9999
139.544372,35.762486,13222,3,99999,03109,東久留米市スポーツセンター,大門町2-14-37,4,-99,9999
139.544372,35.762443,13222,3,99999,03105,東久留米市スポーツセンター,大門町2-14-37,4,-99,9999
139.544372,35.762399,13222,3,99999,03111,東久留米市スポーツセンター,大門町2-14-37,4,-99,9999
139.544369,35.762354,13222,3,99999,03110,東久留米市スポーツセンター,大門町2-14-37,4,-99,9999
139.544369,35.76231,13222,3,99999,03113,東久留米市スポーツセンター,大門町2-14-37,4,-99,9999
139.544372,35.762267,13222,3,99999,03121,東久留米市スポーツセンター,大門町2-14-37,4,-99,9999
139.544372,35.762223,13222,3,99999,03122,東久留米市スポーツセンター,大門町2-14-37,4,-99,9999
139.544369,35.762178,13222,3,99999,03129,東久留米市スポーツセンター,大門町2-14-37,4,-99,9999
139.544369,35.762134,13222,3,99999,03132,東久留米市スポーツセンター,大門町2-14-37,4,-99,9999
139.525881,35.764922,13222,3,99999,03115,小山テニスコート,小山3-2,3,-99,9999
139.49407,35.751148,13222,3,99999,03115,柳窪テニスコート,柳窪5-9,3,-99,9999
139.507625,35.745932,13222,3,99999,03115,テニスコート,滝山2-3,3,-99,9999
139.509962,35.745276,13222,3,99999,03102,滝山球場,滝山2-4,3,-99,9999
139.510505,35.74603,13222,3,99999,03115,滝山テニスコート,滝山2-4,3,-99,9999
139.502243,35.744729,13222,3,99999,03104,西部運動広場,滝山5-5,3,-99,9999
139.502247,35.750413,13222,3,99999,03102,白山球場,滝山7-24,3,-99,9999
139.545966,35.769503,13222,3,99999,03115,堂阪テニスコート,神宝町2-10,3,-99,9999
139.538631,35.768743,13222,3,99999,03104,東部運動広場,金山町1-19,3,-99,9999
139.371985,35.765042,13223,3,99999,03109,武蔵村山市総合体育館,岸3-45-6,4,2,2003
139.371985,35.76497,13223,3,99999,03120,武蔵村山市総合体育館,岸3-45-6,4,2,2003
139.371985,35.764897,13223,3,99999,03129,武蔵村山市総合体育館,岸3-45-6,4,2,2003
139.371985,35.76482,13223,3,99999,03111,武蔵村山市総合体育館,岸3-45-6,4,2,2003
139.371985,35.764743,13223,3,99999,03110,武蔵村山市総合体育館,岸3-45-6,4,2,2003
139.371985,35.764671,13223,3,99999,03113,武蔵村山市総合体育館,岸3-45-6,4,2,2003
139.371979,35.764598,13223,3,99999,03132,武蔵村山市総合体育館,岸3-45-6,4,2,2003
139.374665,35.765956,13223,3,99999,03102,総合運動公園運動場（第１運動場）,岸5-31-7,4,2,2003
139.373958,35.766843,13223,3,99999,03103,総合運動公園運動場（第２運動場）,岸5-31-7,4,2,2003
139.373935,35.766742,13223,3,99999,03101,総合運動公園運動場（第２運動場）,岸5-31-7,4,2,2003
139.383997,35.763792,13223,3,99999,03106,野山北公園プール,本町5-31-1,3,-99,9999
139.385129,35.763635,13223,3,99999,03104,野山北公園運動場,本町5-31-1,3,-99,9999
139.36915,35.747998,13223,3,99999,03104,残堀・伊奈平地域運動場,残堀4-21-1,3,-99,9999
139.407126,35.738968,13223,3,99999,03115,大南公園庭球場,緑が丘2542,3,-99,9999
139.407649,35.73856,13223,3,99999,03106,大南公園プール,緑が丘2542,3,-99,9999
139.409627,35.738227,13223,3,99999,03102,大南公園野球場,緑が丘2542,3,-99,9999
139.436124,35.643899,13224,3,99999,03120,多摩市立総合体育館,東寺方588-1,3,-99,9999
139.436124,35.643821,13224,3,99999,03116,多摩市立総合体育館,東寺方588-1,3,-99,9999
139.436124,35.643744,13224,3,99999,03109,多摩市立総合体育館,東寺方588-1,3,-99,9999
139.436118,35.643662,13224,3,99999,03132,多摩市立総合体育館,東寺方588-1,3,-99,9999
139.436118,35.64359,13224,3,99999,03129,多摩市立総合体育館,東寺方588-1,3,-99,9999
139.436118,35.643517,13224,3,99999,03111,多摩市立総合体育館,東寺方588-1,3,-99,9999
139.436118,35.643445,13224,3,99999,03110,多摩市立総合体育館,東寺方588-1,3,-99,9999
139.436112,35.643367,13224,3,99999,03113,多摩市立総合体育館,東寺方588-1,3,-99,9999
139.436106,35.64329,13224,3,99999,03121,多摩市立総合体育館,東寺方588-1,3,-99,9999
139.436106,35.643213,13224,3,99999,03122,多摩市立総合体育館,東寺方588-1,3,-99,9999
139.458913,35.625535,13224,3,99999,03111,多摩市立武道館,諏訪4-9,3,-99,9999
139.458907,35.625443,13224,3,99999,03110,多摩市立武道館,諏訪4-9,3,-99,9999
139.458907,35.625356,13224,3,99999,03113,多摩市立武道館,諏訪4-9,3,-99,9999
139.460306,35.624982,13224,3,99999,03101,多摩市立陸上競技場,諏訪4-9,3,-99,9999
139.413637,35.612408,13224,3,99999,03105,多摩市立温水プール（アクアブルー多摩）,南野3-15-2,4,-99,9999
139.413637,35.612331,13224,3,99999,03107,多摩市立温水プール（アクアブルー多摩）,南野3-15-2,4,-99,9999
139.413637,35.612254,13224,3,99999,03129,多摩市立温水プール（アクアブルー多摩）,南野3-15-2,4,-99,9999
139.413637,35.612176,13224,3,99999,03132,多摩市立温水プール（アクアブルー多摩）,南野3-15-2,4,-99,9999
139.448995,35.622029,13224,3,99999,03115,永山南公園庭球場,永山4-7-12,3,-99,9999
139.424163,35.61544,13224,3,99999,03103,宝野公園球技場,落合5-5,3,-99,9999
139.452806,35.628032,13224,3,99999,03102,諏訪北公園野球場,諏訪3-11,3,-99,9999
139.45237,35.628833,13224,3,99999,03115,諏訪北公園庭球場,諏訪3-11,3,-99,9999
139.459923,35.623613,13224,3,99999,03115,多摩東公園庭球場,諏訪4-9,3,-99,9999
139.453471,35.619696,13224,3,99999,03102,諏訪南公園野球場（球技場）,諏訪5-14-1,3,-99,9999
139.453575,35.620114,13224,3,99999,03103,諏訪南公園野球場（球技場）,諏訪5-14-1,3,-99,9999
139.441305,35.623464,13224,3,99999,03115,貝取北公園庭球場,貝取2-1-1,3,-99,9999
139.463625,35.635397,13224,3,99999,03115,連光寺公園庭球場,連光寺5-8-6,3,-99,9999
139.458969,35.650113,13224,3,99999,03102,関戸公園野球場,関戸3-2-23先,3,-99,9999
139.420976,35.61308,13224,3,99999,03115,奈良原公園庭球場,鶴牧4-4,3,-99,9999
139.43657,35.633723,13224,3,99999,03115,愛宕東公園庭球場,愛宕1-66,3,-99,9999
139.486211,35.631982,13225,3,99999,03120,稲城中央公園総合体育館,長峰1-1,4,-99,9999
139.486211,35.631905,13225,3,99999,03116,稲城中央公園総合体育館,長峰1-1,4,-99,9999
139.486211,35.631832,13225,3,99999,03109,稲城中央公園総合体育館,長峰1-1,4,-99,9999
139.486211,35.631755,13225,3,99999,03110,稲城中央公園総合体育館,長峰1-1,4,-99,9999
139.486211,35.631678,13225,3,99999,03111,稲城中央公園総合体育館,長峰1-1,4,-99,9999
139.486199,35.6316,13225,3,99999,03113,稲城中央公園総合体育館,長峰1-1,4,-99,9999
139.486199,35.631528,13225,3,99999,03132,稲城中央公園総合体育館,長峰1-1,4,-99,9999
139.486211,35.632059,13225,3,99999,03121,稲城中央公園総合体育館,長峰1-1,4,-99,9999
139.486199,35.631456,13225,3,99999,03129,稲城中央公園総合体育館,長峰1-1,4,-99,9999
139.487251,35.63316,13225,3,99999,03101,稲城中央公園総合グラウンド,長峰1-1,4,-99,9999
139.522731,35.64392,13225,3,99999,03102,多摩川緑地公園,矢野口3750先,4,-99,9999
139.520955,35.645774,13225,3,99999,03104,多摩川緑地公園,矢野口3750先,4,-99,9999
139.520533,35.646185,13225,3,99999,03138,多摩川緑地公園,矢野口3750先,4,-99,9999
139.473644,35.624678,13225,3,99999,03115,若葉台公園テニスコート,若葉台1-19,4,-99,9999
139.473054,35.627897,13225,3,99999,03104,若葉台公園多目的広場,若葉台1-24-11,4,-99,9999
139.307592,35.768574,13227,3,99999,03120,羽村市スポーツセンター,羽加美1-29-5,3,-99,9999
139.307592,35.768492,13227,3,99999,03116,羽村市スポーツセンター,羽加美1-29-5,3,-99,9999
139.307592,35.76841,13227,3,99999,03109,羽村市スポーツセンター,羽加美1-29-5,3,-99,9999
139.307592,35.768328,13227,3,99999,03111,羽村市スポーツセンター,羽加美1-29-5,3,-99,9999
139.307592,35.768241,13227,3,99999,03113,羽村市スポーツセンター,羽加美1-29-5,3,-99,9999
139.307592,35.768159,13227,3,99999,03132,羽村市スポーツセンター,羽加美1-29-5,3,-99,9999
139.307592,35.768073,13227,3,99999,03129,羽村市スポーツセンター,羽加美1-29-5,3,-99,9999
139.32907,35.768417,13227,3,99999,03105,羽村市スイミングセンター,五ノ神319-3,4,-99,9999
139.32907,35.768326,13227,3,99999,03129,羽村市スイミングセンター,五ノ神319-3,4,-99,9999
139.316308,35.768523,13227,3,99999,03104,富士見公園,緑ヶ丘4-11,3,-99,9999
139.316896,35.767675,13227,3,99999,03115,富士見公園,緑ヶ丘4-11,3,-99,9999
139.309326,35.751632,13227,3,99999,03142,羽村市堰下レクリエーション広場,羽740先,3,-99,9999
139.305712,35.757762,13227,3,99999,03107,羽村市水上公園,羽中4-9-1,4,-99,9999
139.302234,35.757917,13227,3,99999,03102,宮の下運動公園,羽加美4-875,3,-99,9999
139.301081,35.758428,13227,3,99999,03103,宮の下運動公園,羽加美4-875,3,-99,9999
139.3023,35.730483,13228,3,99999,03120,秋川体育館,二宮683,4,2,9999
139.3023,35.730401,13228,3,99999,03109,秋川体育館,二宮683,4,2,9999
139.3023,35.730319,13228,3,99999,03132,秋川体育館,二宮683,4,2,9999
139.3023,35.730237,13228,3,99999,03129,秋川体育館,二宮683,4,2,9999
139.3023,35.73015,13228,3,99999,03121,秋川体育館,二宮683,4,2,9999
139.302306,35.730068,13228,3,99999,03110,秋川体育館,二宮683,4,2,9999
139.302306,35.729986,13228,3,99999,03111,秋川体育館,二宮683,4,2,9999
139.3023,35.729904,13228,3,99999,03113,秋川体育館,二宮683,4,2,9999
139.255423,35.729443,13228,3,99999,03105,五日市ファインプラザ,伊奈859-3,4,-99,9999
139.255423,35.729402,13228,3,99999,03120,五日市ファインプラザ,伊奈859-3,4,-99,9999
139.255423,35.729361,13228,3,99999,03109,五日市ファインプラザ,伊奈859-3,4,-99,9999
139.255421,35.72932,13228,3,99999,03110,五日市ファインプラザ,伊奈859-3,4,-99,9999
139.255418,35.729277,13228,3,99999,03111,五日市ファインプラザ,伊奈859-3,4,-99,9999
139.255415,35.729236,13228,3,99999,03113,五日市ファインプラザ,伊奈859-3,4,-99,9999
139.255415,35.729195,13228,3,99999,03129,五日市ファインプラザ,伊奈859-3,4,-99,9999
139.255412,35.729151,13228,3,99999,03132,五日市ファインプラザ,伊奈859-3,4,-99,9999
139.255412,35.729113,13228,3,99999,03121,五日市ファインプラザ,伊奈859-3,4,-99,9999
139.302806,35.731168,13228,3,99999,03104,市民運動広場,二宮702-1,3,-99,9999
139.302988,35.729282,13228,3,99999,03118,市民運動広場,二宮702-1,3,-99,9999
139.298967,35.737371,13228,3,99999,03105,市民プール,原小宮353,4,-99,9999
139.299882,35.73788,13228,3,99999,03106,市民プール,原小宮353,4,-99,9999
139.299499,35.73781,13228,3,99999,03107,市民プール,原小宮353,4,-99,9999
139.30047,35.737149,13228,3,99999,03102,あきる野市民球場,原小宮353,3,-99,9999
139.227569,35.72305,13228,3,99999,03102,小和田グラウンド,小和田8先,3,-99,9999
139.257767,35.722072,13228,3,99999,03104,山田グラウンド,山田1-1,3,-99,9999
139.256979,35.722258,13228,3,99999,03115,山田グラウンド,山田1-1,3,-99,9999
139.291501,35.716639,13228,3,99999,03129,いきいきセンター,雨間1946,3,2,9999
139.292642,35.716055,13228,3,99999,03115,秋川グリーンスポーツ公園,雨間1946,3,-99,9999
139.301074,35.716574,13228,3,99999,03102,秋川グリーンスポーツ公園,切欠1857地先,3,-99,9999
139.559046,35.742277,13229,3,99999,03120,西東京市スポーツセンター,中町1-5-1,4,2,9999
139.559046,35.742239,13229,3,99999,03109,西東京市スポーツセンター,中町1-5-1,4,2,9999
139.559046,35.742203,13229,3,99999,03132,西東京市スポーツセンター,中町1-5-1,4,2,9999
139.559046,35.742164,13229,3,99999,03113,西東京市スポーツセンター,中町1-5-1,4,2,9999
139.559046,35.742128,13229,3,99999,03111,西東京市スポーツセンター,中町1-5-1,4,2,9999
139.559046,35.742092,13229,3,99999,03129,西東京市スポーツセンター,中町1-5-1,4,2,9999
139.559046,35.742056,13229,3,99999,03105,西東京市スポーツセンター,中町1-5-1,4,2,9999
139.53755,35.725702,13229,3,99999,03120,西東京市南町スポーツ・文化交流センター,南町5-6-5,4,2,9999
139.53755,35.725661,13229,3,99999,03109,西東京市南町スポーツ・文化交流センター,南町5-6-5,4,2,9999
139.537553,35.72562,13229,3,99999,03132,西東京市南町スポーツ・文化交流センター,南町5-6-5,4,2,9999
139.53755,35.725576,13229,3,99999,03110,西東京市南町スポーツ・文化交流センター,南町5-6-5,4,2,9999
139.53755,35.725535,13229,3,99999,03111,西東京市南町スポーツ・文化交流センター,南町5-6-5,4,2,9999
139.537553,35.725494,13229,3,99999,03113,西東京市南町スポーツ・文化交流センター,南町5-6-5,4,2,9999
139.53025,35.720919,13229,3,99999,03104,市民公園グラウンド,向台町5-4,4,-99,9999
139.530342,35.721768,13229,3,99999,03102,西東京市向台運動場,向台町5-4,4,-99,9999
139.529421,35.721787,13229,3,99999,03103,西東京市向台運動場,向台町5-4,4,-99,9999
139.529907,35.720166,13229,3,99999,03120,西東京市総合体育館,向台町5-4-20,4,2,9999
139.529907,35.720125,13229,3,99999,03109,西東京市総合体育館,向台町5-4-20,4,2,9999
139.529904,35.720084,13229,3,99999,03132,西東京市総合体育館,向台町5-4-20,4,2,9999
139.529904,35.720043,13229,3,99999,03111,西東京市総合体育館,向台町5-4-20,4,2,9999
139.529901,35.719999,13229,3,99999,03113,西東京市総合体育館,向台町5-4-20,4,2,9999
139.529901,35.719956,13229,3,99999,03129,西東京市総合体育館,向台町5-4-20,4,2,9999
139.560874,35.74661,13229,3,99999,03111,西東京市武道場,東町2-4-13,4,2,9999
139.560874,35.746571,13229,3,99999,03110,西東京市武道場,東町2-4-13,4,2,9999
139.560874,35.746535,13229,3,99999,03121,西東京市武道場,東町2-4-13,4,2,9999
139.560874,35.746496,13229,3,99999,03122,西東京市武道場,東町2-4-13,4,2,9999
139.562881,35.742246,13229,3,99999,03115,西東京市東町テニスコート,東町6-1,4,-99,9999
139.555288,35.74908,13229,3,99999,03104,西東京市健康広場,栄町1-12,4,-99,9999
139.524714,35.723113,13229,3,99999,03104,西東京市芝久保運動場,芝久保町1-18,4,-99,9999
139.525149,35.733281,13229,3,99999,03115,西東京市芝久保第二運動場,芝久保町5-6,4,-99,9999
139.525315,35.733529,13229,3,99999,03138,西東京市芝久保第二運動場,芝久保町5-6,4,-99,9999
139.357054,35.772805,13303,3,99999,03120,瑞穂中央体育館,大字石畑1989,3,2,1975
139.357054,35.772718,13303,3,99999,03109,瑞穂中央体育館,大字石畑1989,3,2,1975
139.347696,35.77554,13303,3,99999,03111,瑞穂武道館,大字箱根ケ崎519,3,1,9999
139.347696,35.775499,13303,3,99999,03113,瑞穂武道館,大字箱根ケ崎519,3,1,9999
139.347696,35.775454,13303,3,99999,03110,瑞穂武道館,大字箱根ケ崎519,3,1,9999
139.34861,35.766938,13303,3,99999,03104,町営グランド,大字箱根ケ崎2189,3,-99,9999
139.34861,35.766842,13303,3,99999,03102,町営グランド,大字箱根ケ崎2189,3,-99,9999
139.34861,35.766736,13303,3,99999,03138,町営グランド,大字箱根ケ崎2189,3,-99,9999
139.349174,35.767266,13303,3,99999,03115,町営グランド（庭球場）,大字箱根ケ崎2189,3,-99,9999
139.335625,35.767795,13303,3,99999,03102,町営第２グランド,箱根ケ崎西松原3-1,3,-99,9999
139.335108,35.767125,13303,3,99999,03138,町営第２グランド,箱根ケ崎西松原3-1,3,-99,9999
139.332825,35.772097,13303,3,99999,03115,町営第２庭球場,箱根ケ崎西松原57-6,3,-99,9999
139.35705,35.774062,13303,3,99999,03106,町営プール,大字石畑1970,3,-99,9999
139.351511,35.780729,13303,3,99999,03104,町営少年サッカー場,大字駒形富士山320,3,-99,9999
139.260372,35.740219,13305,3,99999,03104,日の出町民グランド,平井2777,3,-99,9999
139.256775,35.754826,13305,3,99999,03104,スポーツと文化の森・谷戸沢グランド,平井3141,3,-99,9999
139.248822,35.742129,13305,3,99999,03115,スポーツパーク・やすらぎの丘テニスコート,大久野239,3,-99,9999
139.255498,35.743754,13305,3,99999,03115,日の出町塩田テニス・ゲートボール場,平井2662,3,-99,9999
139.255305,35.74351,13305,3,99999,03138,日の出町塩田テニス・ゲートボール場,平井2662,3,-99,9999
139.099016,35.808562,13308,3,99999,03110,奥多摩町スポーツ・コミュニティ会館,氷川147-1,3,-99,9999
139.099016,35.808543,13308,3,99999,03111,奥多摩町スポーツ・コミュニティ会館,氷川147-1,3,-99,9999
139.099014,35.808525,13308,3,99999,03113,奥多摩町スポーツ・コミュニティ会館,氷川147-1,3,-99,9999
139.099014,35.808507,13308,3,99999,03109,奥多摩町スポーツ・コミュニティ会館,氷川147-1,3,-99,9999
139.014511,35.786539,13308,3,99999,03104,旧小河内小・中学校,留浦1237,3,-99,9999
139.014942,35.786652,13308,3,99999,03109,旧小河内小・中学校,留浦1237,3,-99,9999
139.093662,35.803166,13308,3,99999,03102,奥多摩町登計原山村広場運動公園,氷川940,3,-99,9999
139.095242,35.803156,13308,3,99999,03115,奥多摩町登計原山村広場運動公園,氷川940,3,-99,9999
139.092919,35.802737,13308,3,99999,03138,奥多摩町登計原山村広場運動公園,氷川940,3,-99,9999
139.144657,35.730628,13307,3,99999,03104,総合運動場,585,3,-99,9999
139.836431,35.128175,12463,3,03001,03001,鋸南町歴史民俗資料館（菱川師宣記念館）,吉浜516,3,1,1985
139.912085,35.759091,12203,3,03002,03002,市川考古博物館,堀之内2-26-1,3,2,1972
139.966358,35.764592,12203,3,03002,03002,市川自然博物館,大町284,3,2,1989
139.911557,35.759869,12203,3,03002,03002,市川歴史博物館,堀之内2-27-1,3,2,1982
139.932862,35.714932,12203,3,03002,03002,千葉県立現代産業科学館,鬼高1-1-3,2,2,1994
139.90428,35.742705,12203,3,03002,03002,和洋女子大学文化資料館,国府台2-3-1,4,-99,2001
139.946928,35.715448,12204,3,03002,03002,吉澤野球博物館,本中山1-6-10,4,2,1979
139.97462,35.710748,12204,3,03002,03002,船橋市飛ノ台史跡公園博物館,海神4-27-2,3,-99,2000
139.943305,35.768312,12207,3,03002,03002,下総史料館,紙敷911,4,-99,9999
139.899669,35.778005,12207,3,03002,03002,戸定歴史館,松戸714-1,3,2,1991
139.93947,35.800921,12207,3,03002,03002,松戸市立博物館,千駄堀671,3,2,1993
139.912878,35.826364,12207,3,03002,03002,新松戸郷土資料館,新松戸3-27（新松戸支所3階）,4,3,1983
139.857304,35.939732,12208,3,03002,03002,上花輪歴史館,上花輪507,4,1,1994
139.865331,35.945454,12208,3,03002,03002,野田市郷土博物館,野田370,3,2,1959
139.902498,35.858662,12220,3,03002,03002,流山市立博物館,加1-1225-6,3,-99,1978
139.999961,35.77294,12224,3,03002,03002,鎌ケ谷市郷土資料館,中央1-8-31,3,2,1987
139.866192,35.341043,12225,3,03002,03002,君津市漁業資料館,人見1294-14,3,2,1988
139.963197,35.254763,12225,3,03002,03002,鹿野山神野寺宝物拝観所,鹿野山324-1,4,3,1994
139.829289,35.319583,12226,3,03002,03002,富津埋立記念館,新井932-3,3,1,1993
139.901136,35.655169,12227,3,03002,03002,浦安市郷土博物館,猫実1-2-7,3,-99,2001
139.994642,35.420968,12229,3,03002,03002,袖ケ浦市郷土博物館,下新田1133,3,2,1982
139.989024,35.105117,12234,3,03002,03002,千葉県酪農のさと,大井686,2,-99,1995
139.916731,35.685269,12203,3,03003,03003,市川市行徳図書館,末広1-1-31,3,5,1989
139.941762,35.701732,12203,3,03003,03003,市川市信篤図書館,高谷1-8-1,3,-99,1974
139.931932,35.715533,12203,3,03003,03003,市川市中央図書館,鬼高1-1-4,3,-99,1994
139.899904,35.680872,12203,3,03003,03003,市川市南行徳図書館,相ノ川1-2-4,3,-99,1983
139.959974,35.709965,12204,3,03003,03003,船橋市西図書館,西船5-26-25,3,-99,9999
139.987591,35.698356,12204,3,03003,03003,船橋市中央図書館,本町4-38-28,3,-99,9999
139.928215,35.376851,12206,3,03003,03003,木更津市立図書館,文京2-6-51,3,2,1974
139.896305,35.785748,12207,3,03003,03003,松戸市立図書館,松戸2060,3,-99,9999
139.900873,35.803483,12207,3,03003,03003,松戸市立図書館古ケ崎分館,古ヶ崎4-3490,3,-99,9999
139.972302,35.795621,12207,3,03003,03003,松戸市立図書館五香分館,五香2-35-5,3,-99,9999
139.944352,35.819029,12207,3,03003,03003,松戸市立図書館小金原分館,小金原6-6-2,3,-99,9999
139.933796,35.828488,12207,3,03003,03003,松戸市立図書館小金分館,小金きよしヶ丘3-1-1,3,-99,9999
139.926505,35.839812,12207,3,03003,03003,松戸市立図書館小金北分館,中金杉2-159-2,3,-99,9999
139.964737,35.784823,12207,3,03003,03003,松戸市立図書館松飛台分館（休館中）,松飛台210-2,3,-99,9999
139.952821,35.798797,12207,3,03003,03003,松戸市立図書館常盤平分館,常盤平3-30,3,-99,9999
139.912878,35.826364,12207,3,03003,03003,松戸市立図書館新松戸分館,新松戸3-27,3,-99,9999
139.937629,35.764107,12207,3,03003,03003,松戸市立図書館東部分館,高塚新田427,3,-99,9999
139.908364,35.771517,12207,3,03003,03003,松戸市立図書館二十世紀が丘分館,二十世紀が丘中松町2,3,-99,9999
139.919539,35.80841,12207,3,03003,03003,松戸市立図書館馬橋東分館,馬橋1854-3,3,-99,9999
139.912509,35.813839,12207,3,03003,03003,松戸市立図書館馬橋分館,西馬橋蔵元町177,3,-99,9999
139.934747,35.808706,12207,3,03003,03003,松戸市立図書館八ケ崎分館,八ヶ崎5-15-1,3,-99,9999
139.946238,35.790228,12207,3,03003,03003,松戸市立図書館八柱分館,牧の原1-193-6,3,-99,9999
139.929423,35.788251,12207,3,03003,03003,松戸市立図書館稔台分館,稔台7-1-5,3,-99,9999
139.916007,35.790148,12207,3,03003,03003,松戸市立図書館明分館,上本郷2676-6,3,-99,9999
139.89747,35.76908,12207,3,03003,03003,松戸市立図書館矢切分館,上矢切299-1,3,-99,9999
139.990355,35.796346,12207,3,03003,03003,松戸市立図書館六実分館,六高台3-71,3,-99,9999
139.919032,35.777131,12207,3,03003,03003,松戸市立図書館和名ケ谷分館,和名ヶ谷1360,3,-99,9999
139.940748,35.798865,12207,3,03003,03003,千葉県立西部図書館,千駄堀657-7,2,-99,9999
139.858791,35.946356,12208,3,03003,03003,野田市立興風図書館,中野台168-1,3,-99,9999
139.896735,35.930829,12208,3,03003,03003,野田市立南図書館,山崎2008,3,-99,9999
139.841022,35.978832,12208,3,03003,03003,野田市立北図書館,春日町16-1,3,-99,9999
139.976645,35.86687,12217,3,03003,03003,柏市立図書館,柏5-8-12,3,-99,1976
139.971654,35.842872,12217,3,03003,03003,柏市立図書館永楽台分館,永楽台2-11-25,3,-99,1980
139.956533,35.830898,12217,3,03003,03003,柏市立図書館光ケ丘分館,光が丘団地200-5,3,-99,1982
139.960379,35.874558,12217,3,03003,03003,柏市立図書館高田分館,高田693-2,3,-99,1983
139.998187,35.811257,12217,3,03003,03003,柏市立図書館高柳分館,高柳1652-10,3,-99,1995
139.988501,35.884643,12217,3,03003,03003,柏市立図書館根戸分館,根戸467,3,-99,1982
139.969333,35.88961,12217,3,03003,03003,柏市立図書館松葉分館,松葉町4-11,3,-99,1987
139.985795,35.849954,12217,3,03003,03003,柏市立図書館新田原分館,東柏2-2-15,3,-99,1984
139.94881,35.857802,12217,3,03003,03003,柏市立図書館新富分館,豊四季945-1,3,-99,1982
139.919929,35.896862,12217,3,03003,03003,柏市立図書館西原分館,西原3-2-48,3,-99,1979
139.979586,35.834446,12217,3,03003,03003,柏市立図書館増尾分館,増尾3-1-1,3,-99,1982
139.958673,35.903904,12217,3,03003,03003,柏市立図書館田中分館,大室249-1,3,-99,1979
139.988924,35.822945,12217,3,03003,03003,柏市立図書館藤心分館,藤心4-1-11,3,-99,1987
139.972357,35.809583,12217,3,03003,03003,柏市立図書館南部分館,新逆井2-5-13,3,-99,1979
139.997798,35.891872,12217,3,03003,03003,柏市立図書館布施分館,布施1196-5,3,-99,1980
139.957147,35.865277,12217,3,03003,03003,柏市立図書館豊四季台分館,豊四季台1-1-111,3,-99,1974
139.902467,35.858636,12220,3,03003,03003,流山市立中央図書館（休館中）,加1-1225-6,3,-99,9999
139.917744,35.880543,12220,3,03003,03003,流山市立中央図書館初石分館,西初石4-381-2,3,-99,9999
139.941371,35.842053,12220,3,03003,03003,流山市立中央図書館東部分館,名都借756-4,3,-99,9999
139.901708,35.838767,12220,3,03003,03003,流山市立中央図書館南流山分館,南流山3-3-1,3,-99,9999
139.904187,35.897661,12220,3,03003,03003,流山市立中央図書館北部分館,美原1-158-2,3,-99,9999
139.917184,35.911536,12220,3,03003,03003,流山市立森の図書館,東深井991,4,-99,9999
139.901369,35.330639,12225,3,03003,03003,君津市立中央図書館,久保2-13-3,3,-99,9999
139.901702,35.641503,12227,3,03003,03003,浦安市立図書館富岡分館,富岡3-1-7,3,-99,9999
139.890706,35.653536,12227,3,03003,03003,浦安市立図書館堀江分館,富士見2-2-1,3,-99,9999
139.901957,35.655541,12227,3,03003,03003,浦安市立中央図書館,猫実1-2-1,3,-99,9999
139.953505,35.426493,12229,3,03003,03003,袖ケ浦市立中央図書館,坂戸市場1393-2,3,-99,9999
139.957594,35.187835,12226,3,03005,03005,高宕山自然動物園,豊岡1799,3,-99,9999
139.938158,35.379458,12206,3,99999,03002,木更津市郷土博物館金のすず,太田2-16-2,3,3,2008
139.86507,35.942805,12208,3,99999,03001,茂木本家美術館,野田242,4,-99,2006
139.906742,35.728832,12203,3,99999,03003,市川市立市川駅南口図書館,市川南1-10-1,3,-99,2009
139.955962,35.832866,12217,3,99999,03003,麗澤大学図書館,光ケ丘2-1-1,4,4,9999
139.988469,35.861797,12217,3,99999,03003,日本橋学館大学図書館,柏1225-6,4,-99,9999
139.935684,35.90004,12217,3,99999,03003,東京大学柏図書館,柏の葉5-1-5,0,-99,9999
139.939436,35.875572,12220,3,99999,03003,江戸川大学総合情報図書館,駒木474,4,-99,9999
139.9167,35.843765,12220,3,99999,03003,東洋学園大学流山キャンパス図書館,鰭ヶ崎1660,4,-99,9999
139.908432,35.743688,12203,3,99999,03101,市川市スポーツセンター陸上競技場,国府台1-6-4,3,-99,9999
139.906524,35.743684,12203,3,99999,03102,市川市スポーツセンター野球場,国府台1-6-4,3,-99,9999
139.899693,35.724351,12203,3,99999,03102,江戸川河川敷緑地公園野球場１号・２号,市川南3･4･5地先,3,-99,9999
139.909563,35.715085,12203,3,99999,03102,江戸川河川敷緑地公園野球場３号・４号・５号,大洲2・大和田5地先,3,-99,9999
139.924579,35.704128,12203,3,99999,03102,江戸川河川敷緑地公園少年野球場６号・７号・９号・１０号,稲荷木地先,3,-99,9999
139.91989,35.702903,12203,3,99999,03102,江戸川河川敷緑地公園野球場１２号・１３号,河原地先,3,-99,9999
139.935437,35.687379,12203,3,99999,03102,妙典少年野球場,下妙典933-3,3,-99,9999
139.972078,35.748951,12203,3,99999,03102,柏井少年野球場,柏井4-343,3,-99,9999
139.951531,35.687375,12203,3,99999,03102,原木公園ソフトボール場,原木2486-3,3,-99,9999
139.955559,35.692813,12203,3,99999,03102,原木東浜公園ソフトボール場,原木2526-8,3,-99,9999
139.960217,35.735848,12203,3,99999,03102,北方少年広場,北方4-2132,3,-99,9999
139.921222,35.74323,12203,3,99999,03102,東国分少年広場,東国分1-1600-2,3,-99,9999
139.961196,35.759111,12203,3,99999,03102,大野４丁目少年広場,大野町4-2819,3,-99,9999
139.91368,35.660422,12203,3,99999,03102,塩浜公園野球場,塩浜4-9-1,3,-99,9999
139.911954,35.667216,12203,3,99999,03102,市川市福栄スポーツ広場野球場,福栄4-32-4,3,-99,9999
139.899038,35.725825,12203,3,99999,03103,江戸川河川敷緑地公園サッカー場（休止中）,市川南3地先,3,-99,9999
139.94995,35.702839,12203,3,99999,03102,原木運動広場,原木3-836,3,-99,9999
139.915276,35.673433,12203,3,99999,03102,青葉少年スポーツ広場,新浜1-26,3,-99,9999
139.914685,35.673259,12203,3,99999,03103,青葉少年スポーツ広場,新浜1-26,3,-99,9999
139.954042,35.735878,12203,3,99999,03103,多目的運動場,北方4-2282,3,-99,9999
139.95403,35.73583,12203,3,99999,03138,多目的運動場,北方4-2282,3,-99,9999
139.95403,35.735777,12203,3,99999,03104,多目的運動場,北方4-2282,3,-99,9999
139.908455,35.750235,12203,3,99999,03103,中国分スポーツ広場,中国分4-25,3,-99,9999
139.908455,35.750186,12203,3,99999,03138,中国分スポーツ広場,中国分4-25,3,-99,9999
139.908455,35.750138,12203,3,99999,03104,中国分スポーツ広場,中国分4-25,3,-99,9999
139.954742,35.721388,12203,3,99999,03138,若宮軽スポーツ広場,若宮2-338-1,3,-99,9999
139.93603,35.703347,12203,3,99999,03104,田尻第２少年広場,田尻4-934-1,3,-99,9999
139.954044,35.734673,12203,3,99999,03106,市川市市民プール,北方町4-2270-3,3,-99,9999
139.953705,35.734123,12203,3,99999,03107,市川市市民プール,北方町4-2270-3,3,-99,9999
139.914044,35.679489,12203,3,99999,03106,駅前公園プール,湊新田2-4,3,-99,9999
139.902163,35.675798,12203,3,99999,03106,南行徳公園プール,相之川4-1,3,-99,9999
139.908836,35.742753,12203,3,99999,03115,市川市スポーツセンターテニスコート,国府台1-6-4,3,-99,9999
139.913888,35.661064,12203,3,99999,03115,塩浜市民体育館テニスコート,塩浜4-9-1,3,-99,9999
139.911404,35.666298,12203,3,99999,03115,市川市福栄スポーツ広場テニスコート,福栄4-32-4,3,-99,9999
139.927897,35.7356,12203,3,99999,03115,終末処理場テニスコート,東菅野2-23-1,3,-99,9999
139.921896,35.686827,12203,3,99999,03115,行徳中央公園テニスコート,富浜3-10,3,-99,9999
139.929195,35.685516,12203,3,99999,03115,塩焼中央公園テニスコート,塩焼5-6,3,-99,9999
139.907392,35.743119,12203,3,99999,03110,国府台市民体育館柔道場,国府台1-6-4,3,-99,9999
139.907392,35.743066,12203,3,99999,03111,国府台市民体育館剣道場,国府台1-6-4,3,-99,9999
139.914494,35.660982,12203,3,99999,03110,塩浜体育館第２武道場,塩浜4-9-1,3,-99,9999
139.914494,35.660938,12203,3,99999,03111,塩浜体育館第１武道場,塩浜4-9-1,3,-99,9999
139.927308,35.713734,12203,3,99999,03109,南八幡体育館,南八幡2-20-1,3,4,1969
139.907398,35.743225,12203,3,99999,03109,市川市国府台市民体育館,国府台1-6-4,3,-99,9999
139.907398,35.743177,12203,3,99999,03120,市川市国府台市民体育館,国府台1-6-4,3,-99,9999
139.9145,35.661127,12203,3,99999,03109,市川市塩浜市民体育館,塩浜4-9-1,3,-99,9999
139.9145,35.661078,12203,3,99999,03120,市川市塩浜市民体育館,塩浜4-9-1,3,-99,9999
139.942218,35.701745,12203,3,99999,03109,信篤市民体育館,高谷1-8-2,3,-99,9999
139.942218,35.70172,12203,3,99999,03120,信篤市民体育館,高谷1-8-2,3,-99,9999
139.907683,35.743727,12203,3,99999,03129,国府台市民体育館トレーニング場,国府台1-6-4,3,-99,9999
139.9145,35.660885,12203,3,99999,03129,塩浜市民体育館トレーニング場,塩浜4-9-1,3,-99,9999
139.942218,35.701701,12203,3,99999,03129,信篤市民体育館トレーニング場,高谷1-8-2,3,-99,9999
139.907999,35.730423,12203,3,99999,03146,江戸川堤ジョギングコース,江戸川堤,3,-99,9999
139.89199,35.680666,12203,3,99999,03146,旧江戸川堤ジョギングコース,旧江戸川堤,3,-99,9999
139.973499,35.745128,12203,3,99999,03142,いちかわ市民キャンプ場,柏井2-992-1,3,-99,9999
139.914494,35.66103,12203,3,99999,03119,塩浜体育館相撲場,塩浜4-9-1,3,-99,9999
139.912178,35.666765,12203,3,99999,03138,市川市福栄スポーツ広場ゲートボール場,福栄4-32-4,3,-99,9999
139.918084,35.654724,12227,3,99999,03102,美浜運動公園少年野球場,入船5-46,3,-99,9999
139.892111,35.635154,12227,3,99999,03102,大三角公園少年野球場,舞浜3-7,3,-99,9999
139.914378,35.636239,12227,3,99999,03102,高洲中央公園少年野球場,高洲4-1-1,3,-99,9999
139.89915,35.643882,12227,3,99999,03102,中央公園野球場,富岡4-25,3,-99,9999
139.893342,35.628387,12227,3,99999,03102,浦安市運動公園野球場,舞浜2-27,3,-99,9999
139.905771,35.639678,12227,3,99999,03102,今川球技場,今川3-12,3,-99,9999
139.916392,35.633142,12227,3,99999,03103,高洲球技場,高洲7-3,3,-99,9999
139.914896,35.643385,12227,3,99999,03103,明海球技場,明海2-1,3,-99,9999
139.894329,35.628638,12227,3,99999,03103,浦安市運動公園球技場,舞浜2-27,3,-99,9999
139.893841,35.629193,12227,3,99999,03103,浦安市運動公園スポーツコート,舞浜2-27,3,-99,9999
139.893841,35.629145,12227,3,99999,03117,浦安市運動公園スポーツコート,舞浜2-27,3,-99,9999
139.891987,35.630053,12227,3,99999,03105,浦安市運動公園屋内水泳プール,舞浜2-27,4,-99,9999
139.895782,35.648907,12227,3,99999,03106,浦安市営東野プール,東野2-18-1,4,-99,9999
139.895105,35.648757,12227,3,99999,03107,浦安市営東野プール,東野2-18-1,4,-99,9999
139.899738,35.644389,12227,3,99999,03115,中央公園テニスコート,富岡4-25,3,-99,9999
139.914097,35.654492,12227,3,99999,03115,美浜テニスコート,美浜5-14-4,3,-99,9999
139.917734,35.654135,12227,3,99999,03115,美浜運動公園テニスコート,入船5-46,3,-99,9999
139.884931,35.642477,12227,3,99999,03115,舞浜テニスコート,舞浜2-1,3,-99,9999
139.915192,35.63581,12227,3,99999,03115,高洲中央公園テニスコート,高洲4-1-1,3,-99,9999
139.90885,35.638334,12227,3,99999,03115,高洲テニスコート,高洲2-7-1,3,-99,9999
139.892611,35.629405,12227,3,99999,03115,浦安市運動公園テニスコート,舞浜2-27,3,-99,9999
139.891049,35.630915,12227,3,99999,03110,浦安市運動公園総合体育館第一武道場,舞浜2-27,4,5,9999
139.891049,35.630864,12227,3,99999,03113,浦安市運動公園総合体育館第一武道場,舞浜2-27,4,5,9999
139.891043,35.630813,12227,3,99999,03111,浦安市運動公園総合体育館第二武道場,舞浜2-27,4,5,9999
139.891043,35.630758,12227,3,99999,03132,浦安市運動公園総合体育館第二武道場,舞浜2-27,4,5,9999
139.902968,35.657611,12227,3,99999,03112,浦安市中央武道館,猫実1-18-15,4,2,9999
139.902962,35.657568,12227,3,99999,03113,浦安市中央武道館,猫実1-18-15,4,2,9999
139.902956,35.657525,12227,3,99999,03132,浦安市中央武道館,猫実1-18-15,4,2,9999
139.90295,35.657481,12227,3,99999,03120,浦安市中央武道館,猫実1-18-15,4,2,9999
139.89175,35.630347,12227,3,99999,03121,浦安市運動公園総合体育館弓道場,舞浜2-27,4,5,9999
139.89172,35.630314,12227,3,99999,03122,浦安市運動公園総合体育館弓道場,舞浜2-27,4,5,9999
139.891245,35.630757,12227,3,99999,03109,浦安市運動公園総合体育館,舞浜2-27,4,5,9999
139.891245,35.630709,12227,3,99999,03120,浦安市運動公園総合体育館,舞浜2-27,4,5,9999
139.891239,35.630666,12227,3,99999,03129,浦安市運動公園総合体育館トレーニング室,舞浜2-27,4,5,9999
139.902956,35.657438,12227,3,99999,03129,浦安市中央武道館トレーニング室,猫実1-18-15,4,2,9999
139.891239,35.630622,12227,3,99999,03120,浦安市運動公園総合体育館卓球室,舞浜2-27,4,5,9999
139.936262,35.89775,12217,3,99999,03101,柏の葉公園総合競技場,柏の葉,4,-99,9999
139.939043,35.898289,12217,3,99999,03102,柏の葉公園野球場,柏の葉,4,-99,9999
139.981904,35.809733,12217,3,99999,03102,柏市宮田島運動場,逆井335-2,4,-99,9999
139.980532,35.808741,12217,3,99999,03138,柏市宮田島運動場,逆井335-2,4,-99,9999
139.980846,35.809001,12217,3,99999,03103,柏市宮田島運動場,逆井335-2,4,-99,9999
139.949534,35.906073,12217,3,99999,03102,新十余二第一公園野球場,新十余二4-1,4,-99,9999
139.971442,35.888804,12217,3,99999,03102,松葉第一近隣公園野球場,松葉町4-6,4,-99,9999
139.937616,35.896268,12217,3,99999,03104,柏の葉公園運動広場,柏の葉4-1,4,-99,9999
139.975686,35.839613,12217,3,99999,03102,名戸ケ谷運動広場,名戸ケ谷1304他,3,-99,9999
139.976506,35.839916,12217,3,99999,03104,名戸ケ谷運動広場,名戸ケ谷1304他,3,-99,9999
139.934682,35.920878,12217,3,99999,03102,山高野運動広場,船戸山高野182-1,3,-99,9999
139.934677,35.920825,12217,3,99999,03104,山高野運動広場,船戸山高野182-1,3,-99,9999
139.980676,35.818646,12217,3,99999,03104,逆井運動広場,逆井5-7,3,-99,9999
139.948232,35.916378,12217,3,99999,03102,船戸運動広場,船戸1807-1,3,-99,9999
139.948232,35.916351,12217,3,99999,03104,船戸運動広場,船戸1807-1,3,-99,9999
139.953806,35.874923,12217,3,99999,03102,高田運動広場,高田431,3,-99,9999
139.953467,35.875318,12217,3,99999,03138,高田運動広場,高田431,3,-99,9999
139.966012,35.903286,12217,3,99999,03103,柏ビレジ運動広場,大室1311-63,3,-99,9999
139.966006,35.903243,12217,3,99999,03102,柏ビレジ運動広場,大室1311-63,3,-99,9999
139.966006,35.90319,12217,3,99999,03104,柏ビレジ運動広場,大室1311-63,3,-99,9999
139.993085,35.885762,12217,3,99999,03102,柏市富勢運動場,根戸507,4,-99,9999
139.994149,35.884953,12217,3,99999,03115,柏市富勢運動場,根戸507,4,-99,9999
139.995397,35.884472,12217,3,99999,03104,柏市富勢運動場,根戸507,4,-99,9999
139.990052,35.819233,12217,3,99999,03104,逆井運動場,逆井145,3,-99,9999
139.99051,35.820572,12217,3,99999,03115,逆井運動場,逆井145,3,-99,9999
139.989054,35.819546,12217,3,99999,03138,逆井運動場,逆井145,3,-99,9999
139.97124,35.848885,12217,3,99999,03106,柏市ひばりが丘市民プール,ひばり丘18-2,4,-99,9999
139.965443,35.866341,12217,3,99999,03106,柏西口第一公園市民プール,明原3-1-10,4,-99,9999
139.9913,35.820211,12217,3,99999,03106,柏市逆井市民プール,逆井145,4,-99,9999
139.93585,35.920811,12217,3,99999,03107,柏市船戸市民プール,船戸山高野170-1,4,-99,9999
139.997418,35.844745,12217,3,99999,03115,中の橋運動広場庭球場,大津ケ丘3-22,3,-99,9999
139.936113,35.896027,12217,3,99999,03115,柏の葉公園庭球場,柏の葉,4,-99,9999
139.9681,35.901364,12217,3,99999,03115,柏ビレジ近隣センターテニスコート,大室1285-1,3,-99,9999
139.943702,35.898489,12217,3,99999,03115,柏の葉庭球場,柏の葉6-7,4,-99,9999
139.943326,35.909812,12217,3,99999,03115,新十余二第二公園庭球場,新十余二11-4,4,-99,9999
139.969348,35.890473,12217,3,99999,03115,松葉第二近隣公園庭球場,松葉町4-13,4,-99,9999
139.984,35.803936,12217,3,99999,03115,しいの木台公園庭球場,しいの木台2-11-1,4,-99,9999
139.985104,35.867931,12217,3,99999,03110,柏市中央体育館柔道場,柏下73,4,-99,9999
139.985104,35.867878,12217,3,99999,03111,柏市中央体育館剣道場,柏下73,4,-99,9999
139.985586,35.868092,12217,3,99999,03121,柏市中央体育館弓道場,柏下73,4,-99,9999
139.940852,35.893692,12217,3,99999,03109,柏の葉公園コミュニティ体育館,柏の葉,4,-99,9999
139.940848,35.893637,12217,3,99999,03120,柏の葉公園コミュニティ体育館,柏の葉,4,-99,9999
139.958625,35.904086,12217,3,99999,03109,田中近隣センター体育室,大室249-1,3,-99,9999
139.941958,35.913497,12217,3,99999,03109,北部近隣センター体育室,大青田1541-2,3,-99,9999
139.920352,35.89808,12217,3,99999,03109,西原近隣センター体育館,西原2-10-62,3,-99,9999
139.986642,35.885552,12217,3,99999,03109,根戸近隣センター体育室,根戸467-178,3,-99,9999
139.96969,35.88959,12217,3,99999,03109,松葉近隣センター体育室,松葉町4-11,3,-99,9999
139.960327,35.874583,12217,3,99999,03109,高田近隣センター体育室,高田693-2,3,-99,9999
139.953733,35.866032,12217,3,99999,03109,豊四季台近隣センター体育館,かやの町2-65,3,-99,9999
139.961576,35.856088,12217,3,99999,03109,旭町近隣センター体育室,旭町5-3-32,3,-99,9999
139.98579,35.850001,12217,3,99999,03109,新田原近隣センター体育室,東柏2-2-15,3,-99,9999
139.979585,35.834389,12217,3,99999,03109,増尾近隣センター体育室,増尾3-1-1,3,-99,9999
139.972231,35.806713,12217,3,99999,03109,南部近隣センター体育館,南逆井1-20-1,3,-99,9999
139.957055,35.818076,12217,3,99999,03109,酒井根近隣センター体育室,酒井根653-4,3,-99,9999
139.940846,35.893586,12217,3,99999,03129,柏の葉公園コミュニティ体育館トレーニングルーム,柏の葉,4,-99,9999
139.98511,35.867825,12217,3,99999,03129,柏市中央体育館トレーニング室,柏下73,4,-99,9999
139.985764,35.868571,12217,3,99999,03120,柏市中央体育館小体育館,柏下73,4,-99,9999
139.985639,35.868677,12217,3,99999,03118,柏市中央体育館相撲場,柏下73,4,-99,9999
139.999275,35.750525,12224,3,99999,03129,鎌ヶ谷市トレーニングセンター,東道野辺5-15-41,4,-99,9999
139.914008,35.381169,12206,3,99999,03106,鳥居崎海浜公園内水泳プール,富士見3-5,4,-99,9999
139.911088,35.379955,12206,3,99999,03115,潮浜公園庭球場,潮浜1-12,4,-99,9999
139.926622,35.325124,12225,3,99999,03101,内みのわ運動公園陸上競技場,内箕輪1-1-1,4,-99,9999
139.882813,35.343848,12225,3,99999,03102,君津緩衝緑地野球場,坂田613,3,-99,9999
139.926093,35.325516,12225,3,99999,03102,内みのわ運動公園野球場,内箕輪1-1-1,4,-99,9999
139.926877,35.323223,12225,3,99999,03106,内みのわ運動公園市民プール,内箕輪1-1-1,4,-99,9999
139.927228,35.323262,12225,3,99999,03107,内みのわ運動公園市民プール,内箕輪1-1-1,4,-99,9999
139.927662,35.325861,12225,3,99999,03115,内みのわ運動公園庭球場,内箕輪1-1-1,4,-99,9999
139.927852,35.324173,12225,3,99999,03121,君津市民体育館弓道場,内箕輪1-1-1,4,-99,9999
139.927775,35.324542,12225,3,99999,03109,君津市民体育館（内みのわ運動公園体育館）,内箕輪1-1-1,4,-99,9999
139.927775,35.324498,12225,3,99999,03120,内みのわ運動公園卓球場,内箕輪1-1-1,4,-99,9999
139.951862,35.422716,12229,3,99999,03101,袖ケ浦市総合運動場陸上競技場,坂戸市場1566,4,-99,9999
139.953371,35.421878,12229,3,99999,03102,袖ケ浦市総合運動場野球場,坂戸市場1566,4,-99,9999
139.986006,35.449957,12229,3,99999,03102,袖ケ浦市今井野球場,長浦580-76,4,-99,9999
139.986273,35.453673,12229,3,99999,03103,クリーンセンター運動広場,長浦580-5,3,-99,9999
139.985394,35.453726,12229,3,99999,03104,クリーンセンター運動広場,長浦580-5,3,-99,9999
139.998477,35.418513,12229,3,99999,03104,根形運動広場,下新田982,3,-99,9999
139.998905,35.418755,12229,3,99999,03115,根形運動広場,下新田982,3,-99,9999
139.999425,35.418811,12229,3,99999,03138,根形運動広場,下新田982,3,-99,9999
139.998482,35.418452,12229,3,99999,03102,根形運動広場,下新田982,3,-99,9999
139.994329,35.451524,12229,3,99999,03105,袖ヶ浦市臨海スポーツセンタープール,長浦1-57,4,-99,9999
139.951963,35.421385,12229,3,99999,03115,袖ケ浦市総合運動場庭球場,坂戸市場1566,4,-99,9999
139.993177,35.451112,12229,3,99999,03110,袖ヶ浦市臨海スポーツセンター柔道場,長浦1-57,4,-99,9999
139.993171,35.451156,12229,3,99999,03111,袖ヶ浦市臨海スポーツセンター剣道場,長浦1-57,4,-99,9999
139.993165,35.451258,12229,3,99999,03109,袖ヶ浦市臨海スポーツセンター体育館,長浦1-57,4,-99,9999
139.993171,35.451204,12229,3,99999,03120,袖ヶ浦市臨海スポーツセンター体育館,長浦1-57,4,-99,9999
139.99906,35.419156,12229,3,99999,03104,根形公民館多目的ホール,下新田1277,3,-99,9999
139.993171,35.451059,12229,3,99999,03129,袖ヶ浦市臨海スポーツセンタートレーニング室,長浦1-57,4,-99,9999
139.858969,35.011698,12205,3,99999,03102,館山市営市民運動場野球場,正木4304-2,3,-99,9999
139.859284,35.012832,12205,3,99999,03104,館山市営市民運動場多目的グラウンド,正木4304-2,3,-99,9999
139.859284,35.012784,12205,3,99999,03102,館山市営市民運動場多目的グラウンド,正木4304-2,3,-99,9999
139.867715,35.01162,12205,3,99999,03105,館山市営２５メートルプール,湊288-89,3,-99,9999
139.858274,35.012657,12205,3,99999,03115,館山市営市民運動場庭球場,正木4304-2,3,-99,9999
139.856939,35.022075,12205,3,99999,03112,館山市営第一柔剣道場,那古848-1,3,-99,9999
139.84248,35.024933,12205,3,99999,03148,船形海水浴場,船形,3,-99,9999
139.854559,35.02042,12205,3,99999,03148,那古海水浴場,那古,3,-99,9999
139.90964,35.877576,12220,3,99999,03105,流山市勤労者体育施設（屋内プール）,大畔64-1,4,-99,9999
139.908803,35.877403,12220,3,99999,03115,流山市勤労者体育施設（屋外テニスコート）,大畔64-1,4,-99,9999
139.909646,35.877514,12220,3,99999,03116,流山市勤労者体育施設（屋内テニスコート）,大畔64-2,4,-99,9999
139.909332,35.878334,12220,3,99999,03109,流山市勤労者総合福祉センター（多目的ホール兼体育室）,大畔25-17,4,-99,9999
139.909332,35.878271,12220,3,99999,03120,流山市勤労者総合福祉センター（多目的ホール兼体育室）,大畔25-17,4,-99,9999
139.909338,35.878214,12220,3,99999,03110,流山市勤労者総合福祉センター（多目的ホール兼体育室）,大畔25-17,4,-99,9999
139.853828,35.961143,12208,3,99999,03101,野田市総合公園陸上競技場,清水958,3,-99,9999
139.851927,35.962566,12208,3,99999,03102,野田市総合公園野球場,清水958,3,-99,9999
139.854907,35.963009,12208,3,99999,03102,座生川１号調整池スポーツ広場,清水字貝塚尻地先,3,-99,9999
139.921106,35.943875,12208,3,99999,03102,野田市営福田運動場野球場,瀬戸970-1,3,-99,9999
139.848308,35.962653,12208,3,99999,03103,野田市総合公園自由大広場,清水958,3,-99,9999
139.828745,35.97219,12208,3,99999,03102,江戸川河川敷運動広場,岩名地先河川敷,3,-99,9999
139.82745,35.973484,12208,3,99999,03103,江戸川河川敷運動広場,岩名地先河川敷,3,-99,9999
139.850329,35.963793,12208,3,99999,03106,野田市総合公園水泳場,清水958,3,-99,9999
139.850436,35.964735,12208,3,99999,03107,野田市総合公園水泳場,清水958,3,-99,9999
139.851648,35.963754,12208,3,99999,03115,野田市総合公園庭球場,清水958,3,-99,9999
139.921688,35.944284,12208,3,99999,03115,野田市営福田運動場庭球場,瀬戸970-1,3,-99,9999
139.850483,35.962374,12208,3,99999,03110,野田市総合公園体育館柔道場,清水958,3,-99,9999
139.850495,35.962278,12208,3,99999,03111,野田市総合公園体育館剣道場,清水958,3,-99,9999
139.850317,35.962374,12208,3,99999,03109,野田市総合公園体育館,清水958,3,-99,9999
139.850329,35.962259,12208,3,99999,03120,野田市総合公園体育館,清水958,3,-99,9999
139.839954,35.992308,12208,3,99999,03109,野田市営川間体育館,中里135,3,-99,9999
139.921083,35.944684,12208,3,99999,03109,野田市営福田体育館,瀬戸970-4,3,-99,9999
139.850335,35.962172,12208,3,99999,03129,野田市総合公園体育館トレーニングルーム,清水958,3,-99,9999
139.916625,35.949768,12208,3,99999,03134,野田市パブリックゴルフ場けやきコース,三ツ堀1350-1,3,-99,9999
139.924961,35.950628,12208,3,99999,03134,野田市パブリックゴルフ場ひばりコース,瀬戸1111,3,-99,9999
139.842797,35.327955,12226,3,99999,03101,富津臨海陸上競技場,新富146-2,4,-99,9999
139.844413,35.328653,12226,3,99999,03102,富津臨海野球場,新富146-2,4,-99,9999
139.890025,35.235758,12226,3,99999,03102,浅間山運動公園野球場,湊1247,4,-99,9999
139.822202,35.308427,12226,3,99999,03102,富津運動広場,富津680,4,-99,9999
139.845575,35.333958,12226,3,99999,03103,市民ふれあい公園球技広場,新富146-2,4,-99,9999
139.841352,35.325933,12226,3,99999,03103,市民ふれあい公園少年サッカー場,新富146-2,4,-99,9999
139.831047,35.322478,12226,3,99999,03103,新富運動広場,新富80-5,4,-99,9999
139.839826,35.324872,12226,3,99999,03104,市民ふれあい公園運動場広場,新富146-2,4,-99,9999
139.805156,35.313856,12226,3,99999,03104,富津公園（多目的運動広場）,富津大字元洲,4,-99,9999
139.821227,35.167073,12226,3,99999,03106,金谷海浜公園プール,金谷2204-1,3,-99,9999
139.803391,35.313754,12226,3,99999,03105,富津公園／水泳場屋内温水プール（休止中）,富津大字元洲,4,-99,9999
139.802084,35.312983,12226,3,99999,03106,富津公園（ジャンボプール）,富津大字元洲,4,-99,9999
139.842862,35.330869,12226,3,99999,03115,市民ふれあい公園テニスコート,新富146-2,4,-99,9999
139.889158,35.234826,12226,3,99999,03115,浅間山運動公園テニスコート,湊1247,4,-99,9999
139.828848,35.321537,12226,3,99999,03109,富津市総合社会体育館,新富80-4,4,2,9999
139.828854,35.321474,12226,3,99999,03129,富津市総合社会体育館,新富80-4,4,2,9999
139.797371,35.310107,12226,3,99999,03148,富津海水浴場,下洲海岸,3,-99,9999
139.852717,35.28108,12226,3,99999,03148,大貫中央海水浴場,大貫・岩瀬海岸,3,-99,9999
139.866761,35.249431,12226,3,99999,03148,新舞子海水浴場,佐貫・新舞子海岸,3,-99,9999
139.869599,35.225319,12226,3,99999,03148,上総湊海水浴場,湊・上総湊海岸,3,-99,9999
139.835261,35.204587,12226,3,99999,03148,津浜海水浴場,竹岡・津浜海岸,3,-99,9999
139.960611,35.17722,12226,3,99999,03142,市民の森キャンプ場,豊岡2948-16,3,-99,9999
139.856107,35.343746,12226,3,99999,03138,市民ふれあい公園ゲートボール場,新富146-2,4,-99,9999
139.996626,35.730625,12204,3,99999,03101,船橋市運動公園陸上競技場,夏見台6-4-1,3,-99,9999
139.995147,35.730013,12204,3,99999,03102,船橋市運動公園野球場,夏見台6-4-1,3,-99,9999
139.991888,35.675982,12204,3,99999,03102,若松公園野球場,若松3-4-1,3,-99,9999
139.978844,35.742039,12204,3,99999,03103,法典公園球技場,藤原5-9-10,3,-99,9999
139.995132,35.720301,12204,3,99999,03104,夏見台近隣公園多目的広場,夏見台2-80,3,-99,9999
139.997185,35.732627,12204,3,99999,03104,船橋市運動公園自由運動広場,夏見台6-4-1,3,-99,9999
139.997185,35.732511,12204,3,99999,03102,船橋市運動公園自由運動広場,夏見台6-4-1,3,-99,9999
139.997173,35.732405,12204,3,99999,03103,船橋市運動公園自由運動広場,夏見台6-4-1,3,-99,9999
139.99624,35.6704,12204,3,99999,03104,高瀬町運動広場,高瀬町56,3,-99,9999
139.996246,35.671853,12204,3,99999,03102,高瀬町運動広場,高瀬町56,3,-99,9999
139.99706,35.669584,12204,3,99999,03103,高瀬町運動広場,高瀬町56,3,-99,9999
139.986505,35.741596,12204,3,99999,03104,藤原運動広場,藤原7-410-1,3,-99,9999
139.977786,35.743288,12204,3,99999,03104,法典公園多目的広場,藤原5-9-10,3,-99,9999
139.977792,35.74322,12204,3,99999,03102,法典公園多目的広場,藤原5-9-10,3,-99,9999
139.985799,35.726313,12204,3,99999,03104,旭町まちかどスポーツ広場,旭町1-711-1,3,-99,9999
139.992899,35.712664,12204,3,99999,03104,夏見台東公園まちかどスポーツ広場,夏見4-822-2,3,-99,9999
139.996249,35.719283,12204,3,99999,03104,北谷津川まちかどスポーツ広場,夏見台2-542-1,3,-99,9999
139.99208,35.725531,12204,3,99999,03104,夏見台まちかどスポーツ広場,夏見台5-97,3,-99,9999
139.972553,35.697751,12204,3,99999,03104,海神川左岸まちかどスポーツ広場,海神町2-6,3,-99,9999
139.972418,35.698709,12204,3,99999,03104,海神川右岸まちかどスポーツ広場,海神町南1-1577-1,3,-99,9999
139.995172,35.697956,12204,3,99999,03104,宮本公民館まちかどスポーツ広場,宮本6-498-2,3,-99,9999
139.958104,35.721276,12204,3,99999,03104,中山競馬場駐車場まちかどスポーツ広場,古作2-188,3,-99,9999
139.987134,35.740915,12204,3,99999,03104,法典まちかどスポーツ広場,藤原町7-33,3,-99,9999
139.994719,35.728677,12204,3,99999,03106,船橋市運動公園市民プール,夏見台6-4-1,3,-99,9999
139.992968,35.721923,12204,3,99999,03115,夏見町１丁目公園庭球場,夏見台2-5,3,-99,9999
139.996353,35.729227,12204,3,99999,03115,船橋市運動公園庭球場,夏見台6-4-1,3,-99,9999
139.991697,35.676774,12204,3,99999,03115,若松公園庭球場,若松3-4-1,3,-99,9999
139.979284,35.74133,12204,3,99999,03115,法典公園庭球場,藤原5-9-10,3,-99,9999
139.997088,35.729512,12204,3,99999,03121,船橋市運動公園弓道場,夏見台6-4-1,3,-99,9999
139.995711,35.728011,12204,3,99999,03109,船橋市運動公園体育館（Ｈ２５．１０月からＨ２６年６月まで休館）,夏見台6-4-1,3,-99,9999
139.987863,35.698841,12204,3,99999,03129,勤労市民センタートレーニングルーム,本町4-19-6,3,-99,9999
139.995711,35.727958,12204,3,99999,03129,船橋市運動公園体育館トレーニング室,夏見台6-4-1,3,-99,9999
139.995574,35.730987,12204,3,99999,03146,船橋市運動公園内ジョギングコース,夏見台6-4-1,3,-99,9999
139.952418,35.70953,12204,3,99999,03138,本郷ゲートボール場,本郷町499,3,-99,9999
139.926474,35.797055,12207,3,99999,03101,松戸運動公園陸上競技場,上本郷4434,3,-99,9999
139.924846,35.795773,12207,3,99999,03102,松戸運動公園野球場,上本郷4434,3,-99,9999
139.892365,35.80377,12207,3,99999,03104,古ケ崎河川敷スポーツ広場,古ケ崎地先,3,-99,9999
139.893042,35.801346,12207,3,99999,03102,古ケ崎河川敷スポーツ広場,古ケ崎地先,3,-99,9999
139.891325,35.804931,12207,3,99999,03103,古ケ崎河川敷スポーツ広場,古ケ崎地先,3,-99,9999
139.947795,35.819375,12207,3,99999,03104,小金原公園（運動広場）,小金原6-10,3,-99,9999
139.943378,35.759088,12207,3,99999,03104,梨香台スポーツ広場,高塚新田小浜屋敷101,3,-99,9999
139.953804,35.775626,12207,3,99999,03104,紙敷スポーツ広場,紙敷209-1,3,-99,9999
139.985292,35.795628,12207,3,99999,03104,六高台スポーツ広場,六高台1,3,-99,9999
139.954537,35.799597,12207,3,99999,03104,金ケ作公園運動公園,常盤平3-27-1,3,-99,9999
139.98686,35.805138,12207,3,99999,03105,クリーンセンター温水プール,高柳新田37,3,-99,9999
139.923509,35.796505,12207,3,99999,03106,松戸運動公園プール,上本郷4434,3,-99,9999
139.986218,35.803943,12207,3,99999,03115,クリーンセンターテニスコート,高柳新田37,3,-99,9999
139.902826,35.783185,12207,3,99999,03115,松戸中央公園庭球場,岩瀬487-1,3,-99,9999
139.953644,35.774869,12207,3,99999,03115,紙敷庭球場,紙敷209-1,3,-99,9999
139.896284,35.818461,12207,3,99999,03115,新松戸（庭球場）,主水新田477-3,3,-99,9999
139.94435,35.813298,12207,3,99999,03115,栗ヶ沢公園（庭球場）,小金原8-26,3,-99,9999
139.954846,35.798855,12207,3,99999,03115,金ケ作公園庭球場,常盤平3-27-1,3,-99,9999
139.925393,35.796626,12207,3,99999,03112,松戸運動公園武道館,上本郷4434,3,-99,9999
139.926029,35.795999,12207,3,99999,03121,松戸運動公園弓道場,上本郷4434,3,-99,9999
139.98686,35.805095,12207,3,99999,03109,クリーンセンター体育室,高柳新田37,3,-99,9999
139.926034,35.79611,12207,3,99999,03109,松戸運動公園体育館,上本郷4434,3,-99,9999
139.926029,35.796052,12207,3,99999,03129,松戸運動公園体育館トレーニング室,上本郷4434,3,-99,9999
139.942757,35.79492,12207,3,99999,03138,中央ゲートボール場,常盤平西窪町26,3,-99,9999
139.926029,35.795951,12207,3,99999,03120,松戸運動公園体育館卓球場,上本郷4434,3,-99,9999
139.925987,35.798187,12207,3,99999,03118,松戸運動公園相撲場,上本郷4434,3,-99,9999
139.946134,35.81913,12207,3,99999,03109,小金原体育館,小金原6-4-1,3,-99,9999
139.916818,35.100511,12234,3,99999,03104,平群運動場,平久里中228-1,3,-99,9999
139.916028,35.100044,12234,3,99999,03102,平群運動場,平久里中228-1,3,-99,9999
139.845886,35.098489,12234,3,99999,03104,富山多目的運動場,久枝327,3,-99,9999
139.845886,35.098441,12234,3,99999,03102,富山多目的運動場,久枝327,3,-99,9999
139.960971,35.020518,12234,3,99999,03104,丸山運動広場,岩糸2530,3,-99,9999
139.960977,35.020415,12234,3,99999,03103,丸山運動広場,岩糸2530,3,-99,9999
139.989743,35.027289,12234,3,99999,03104,和田コミュニティ運動広場,下三原364,3,-99,9999
139.839732,35.041533,12234,3,99999,03115,富浦テニスコート,青木70,3,-99,9999
139.896638,35.02431,12234,3,99999,03115,三芳テニスコート,本織60-4,3,-99,9999
139.984552,35.057525,12234,3,99999,03115,北三原農村広場テニスコート,黒岩1457,3,-99,9999
139.862391,35.09561,12234,3,99999,03112,富山武道館,合戸22,3,-99,9999
139.896129,35.025702,12234,3,99999,03112,三芳柔剣道場,谷向83,3,-99,9999
139.895484,35.025433,12234,3,99999,03121,三芳弓道場,谷向93-1,3,-99,9999
139.845779,35.097422,12234,3,99999,03109,富山ふれあいスポーツセンター,久枝1024,3,-99,9999
139.845779,35.097315,12234,3,99999,03120,富山ふれあいスポーツセンター,久枝1024,3,-99,9999
139.840509,35.04171,12234,3,99999,03109,富浦体育館,青木71,3,-99,9999
139.840509,35.041583,12234,3,99999,03120,富浦体育館,青木71,3,-99,9999
139.96063,35.022078,12234,3,99999,03109,丸山体育館,岩糸2504,3,-99,9999
139.960642,35.021961,12234,3,99999,03120,丸山体育館,岩糸2504,3,-99,9999
139.960642,35.021864,12234,3,99999,03113,丸山体育館,岩糸2504,3,-99,9999
139.899495,35.025842,12234,3,99999,03109,三芳国民体育館,谷向50,3,-99,9999
139.833855,35.102108,12463,3,99999,03102,岩井袋運動場野球場,岩井袋207,3,-99,9999
139.833,35.105288,12463,3,99999,03121,鋸南町営弓道場,竜島1111-6,3,-99,9999
139.83267,35.10476,12463,3,99999,03109,鋸南町Ｂ＆Ｇ海洋センター,竜島1111-6,4,2,9999
139.83267,35.104662,12463,3,99999,03112,鋸南町Ｂ＆Ｇ海洋センター,竜島1111-6,4,2,9999
139.832658,35.104585,12463,3,99999,03129,鋸南町Ｂ＆Ｇ海洋センター,竜島1111-6,4,2,9999
139.833015,35.104896,12463,3,99999,03105,鋸南町Ｂ＆Ｇ海洋センター,竜島1111-6,4,2,9999
139.829371,35.149775,12463,3,99999,03148,元名海水浴場,元名440地先,3,-99,9999
139.83734,35.137029,12463,3,99999,03148,保田海水浴場,保田15-1地先,3,-99,9999
139.83182,35.119868,12463,3,99999,03148,大六海水浴場,大六82地先,3,-99,9999
139.828427,35.11703,12463,3,99999,03148,勝山海水浴場,竜島165地先,3,-99,9999
139.83951,35.130535,12463,3,99999,03148,鱚ヶ浦海水浴場,大六1091地先,3,-99,9999
139.859399,35.143956,12463,3,99999,03138,大帷子運動場,大帷子961,4,-99,9999
139.63181,35.925637,11102,3,03001,03001,さいたま市立漫画会館,盆栽町150,3,2,1966
139.65262,35.860635,11107,3,03001,03001,うらわ美術館,仲町2-5-1（浦和センチュリーシティ3階）,3,-99,2000
139.643019,35.869598,11107,3,03001,03001,埼玉県立近代美術館,常盤9-30-1,2,-99,1982
139.483087,35.92159,11201,3,03001,03001,山崎美術館,仲町4-13,4,-99,1982
139.490795,35.9257,11201,3,03001,03001,川越市立美術館,郭町2-30-1,3,-99,2002
139.482949,35.924805,11201,3,03001,03001,蘭山記念美術館,元町2-2-1,4,-99,2003
139.092627,35.990762,11207,3,03001,03001,やまとーあーとみゅーじあむ,大字大宮坂氷6175-1（羊山公園内）,4,1,1992
139.182825,35.879651,11209,3,03001,03001,白雲山鳥居文庫,大字上名栗3198,4,-99,9999
139.693195,35.815851,11223,3,03001,03001,河鍋暁斎記念美術館,南町4-36-4,4,-99,1977
139.542531,35.817077,11230,3,03001,03001,跡見学園女子大学花蹊記念資料館,中野1-9-6,4,7,1995
139.324991,35.93066,11326,3,03001,03001,武者小路実篤記念・新しき村美術館,葛貫423,4,-99,1980
139.493391,35.987913,11346,3,03001,03001,遠山記念館,大字白井沼675,4,2,1970
139.631644,35.9113,11103,3,03002,03002,さいたま市立博物館,高鼻町2-1-2,3,-99,1980
139.630055,35.921271,11103,3,03002,03002,埼玉県立歴史と民俗の博物館,高鼻町4-219,2,3,2006
139.690761,35.906227,11104,3,03002,03002,旧坂東家住宅見沼くらしっく館,片柳1266-2,3,1,1996
139.664578,35.872345,11107,3,03002,03002,さいたま市青少年宇宙科学館,駒場2-3-45,3,5,1988
139.677573,35.890459,11109,3,03002,03002,さいたま市立浦和博物館,三室2458,3,2,1971
139.710617,35.878354,11109,3,03002,03002,浦和くらしの博物館民家園,下山口新田1179-1,3,-99,9999
139.482472,35.924361,11201,3,03002,03002,川越まつり会館,元町2-1-10,3,-99,2003
139.482755,35.923758,11201,3,03002,03002,川越市蔵造り資料館,幸町7-9,3,-99,1977
139.491531,35.925867,11201,3,03002,03002,川越市立博物館,郭町2-30-1,3,3,1990
139.491342,35.92481,11201,3,03002,03002,川越城本丸御殿,郭町2-13-1,3,-99,9999
139.489512,35.919295,11201,3,03002,03002,川越歴史博物館,久保町11-8（喜多院北参道入り口）,4,-99,1988
139.719699,35.82798,11203,3,03002,03002,川口市立科学館,上青木3-12-18,3,-99,2003
139.085229,35.997287,11207,3,03002,03002,秩父まつり会館,番場町2-8,3,3,1984
139.055272,35.986391,11207,3,03002,03002,秩父錦酒づくりの森・酒蔵資料館,別所字久保ノ入1432,4,-99,1994
139.023843,35.954989,11207,3,03002,03002,秩父市立荒川歴史民俗資料館,荒川日野76,3,2,1979
139.091992,35.990923,11207,3,03002,03002,武甲山資料館,大宮6176,3,1,1979
139.469138,35.798457,11208,3,03002,03002,所沢航空発祥記念館,並木1-13（県営所沢航空記念公園内）,2,-99,1993
139.31069,35.857196,11209,3,03002,03002,飯能市郷土館,大字飯能258-1,3,2,1990
139.3656,35.99852,11212,3,03002,03002,埼玉県平和資料館,大字岩殿241-113（東松山市立物見山公園内）,2,1,1993
139.759038,35.979394,11214,3,03002,03002,春日部市郷土資料館,粕壁東3-2-15（教育センター内）,3,4,1990
139.395086,35.845311,11215,3,03002,03002,狭山市立博物館,稲荷山1-23-1（狭山稲荷山公園内）,3,-99,1991
139.823127,35.847857,11221,3,03002,03002,草創庵博物館,青柳2-16-17,4,-99,1973
139.678523,35.824737,11223,3,03002,03002,蕨市立歴史民俗資料館,中央5-17-22,3,2,1990
139.663382,35.819106,11224,3,03002,03002,戸田市立郷土博物館,大字新曽1707,3,4,1984
139.366768,35.801408,11225,3,03002,03002,入間市博物館ＡＬＩＴ（アリット）,大字二本木100,3,-99,1994
139.740451,35.833528,11203,3,03002,03002,鳩ケ谷市立郷土資料館,本町2-1-22,3,-99,1981
139.597387,35.812689,11227,3,03002,03002,朝霞市博物館,岡2-7-22,3,-99,1997
139.589273,35.839258,11228,3,03002,03002,志木市立郷土資料館,中宗岡3-1-2,3,1,1979
139.607558,35.77552,11229,3,03002,03002,税務大学校税務情報センター租税史料室,南2-3-7,1,-99,1968
139.562331,35.769203,11230,3,03002,03002,新座市立歴史民俗資料館,片山1-21-25,3,1,1981
139.560588,35.996112,11231,3,03002,03002,さいたま文学館,若宮1-5-9,2,-99,1997
139.526644,35.994111,11231,3,03002,03002,桶川市歴史民俗資料館,大字川田谷4405-4（川田谷生涯学習センター内）,3,2,1992
139.820914,35.826432,11234,3,03002,03002,八潮市立資料館,南後谷763-50,3,-99,1989
139.562142,35.845554,11235,3,03002,03002,富士見市立水子貝塚資料館,水子2003-1,3,-99,1998
139.566939,35.857673,11235,3,03002,03002,富士見市立難波田城資料館,下南畑568-1,3,-99,2000
139.6631,35.993424,11238,3,03002,03002,蓮田市文化財展示館,大字黒浜2801-1,3,-99,9999
139.419428,35.976522,11239,3,03002,03002,坂戸市立歴史民俗資料館,大字石井1800-6,3,2,1980
139.528261,35.875723,11245,3,03002,03002,ふじみ野市立上福岡歴史民俗資料館,長宮1-2-11,3,2,1983
139.504766,35.857527,11245,3,03002,03002,ふじみ野市立大井郷土資料館,大井中央2-19-5,3,2,1988
139.522855,35.885291,11245,3,03002,03002,ふじみ野市立福岡河岸記念館,福岡3-4-2,3,-99,1996
139.547607,35.82344,11324,3,03002,03002,三芳町立歴史民俗資料館,竹間沢877,3,-99,1986
139.346492,35.955857,11326,3,03002,03002,毛呂山町歴史民俗資料館,大字大類535,3,2,1993
139.274752,35.971997,11327,3,03002,03002,笛畝人形記念美術館,大字小杉5,4,-99,9999
139.103066,35.987103,11361,3,03002,03002,横瀬町歴史民俗資料館,大字横瀬2000,3,2,1982
139.592005,35.917582,11101,3,03003,03003,さいたま市立大宮西部図書館三橋分館,三橋6-642-4,3,-99,9999
139.572666,35.905093,11101,3,03003,03003,さいたま市立馬宮図書館,大字西遊馬533-1,3,-99,9999
139.600977,35.958564,11102,3,03003,03003,さいたま市立宮原図書館,吉野町2-195-1,3,-99,9999
139.610078,35.920113,11102,3,03003,03003,さいたま市立大宮西部図書館,櫛引町2-499-1,3,2,9999
139.618773,35.90543,11103,3,03003,03003,さいたま市立桜木図書館,桜木町1-10-18（シーノ大宮センタープラザ4F）,3,-99,9999
139.631223,35.911272,11103,3,03003,03003,さいたま市立大宮図書館,高鼻町2-1-1,3,3,9999
139.67442,35.921056,11104,3,03003,03003,さいたま市立七里図書館,大字大谷1210,3,-99,9999
139.660772,35.959061,11104,3,03003,03003,さいたま市立春野図書館,春野2-12-1,3,-99,9999
139.656777,35.93477,11104,3,03003,03003,さいたま市立大宮東図書館,堀崎町48-1,3,-99,9999
139.627068,35.885243,11105,3,03003,03003,さいたま市立与野図書館,下落合5-11-11,3,-99,9999
139.614906,35.882134,11105,3,03003,03003,さいたま市立与野図書館西分館,桜丘2-6-28,3,-99,9999
139.634042,35.866815,11105,3,03003,03003,さいたま市立与野南図書館,大戸6-28-16,3,-99,9999
139.646421,35.87483,11107,3,03003,03003,さいたま市立北浦和図書館,北浦和1-4-2,3,4,9999
139.659375,35.857623,11107,3,03003,03003,さいたま市立北浦和図書館東高砂分館,東高砂町9-1,3,-99,9999
139.652139,35.858083,11107,3,03003,03003,埼玉県立浦和図書館,高砂3-1-22,2,3,9999
139.663067,35.84353,11108,3,03003,03003,さいたま市立南浦和図書館,根岸1-7-1,3,2,9999
139.685883,35.871756,11109,3,03003,03003,さいたま市立東浦和図書館,中尾1440-8,3,-99,9999
139.6939,35.950517,11110,3,03003,03003,さいたま市立岩槻駅東口図書館,本町3-1-1,3,-99,9999
139.697632,35.949171,11110,3,03003,03003,さいたま市立岩槻図書館,本町4-2-25,3,-99,9999
139.716291,35.962287,11110,3,03003,03003,さいたま市立岩槻東部図書館,東岩槻6-6,3,-99,9999
139.427988,35.920039,11201,3,03003,03003,川越市立西図書館,伊勢原町5-1-1,3,-99,9999
139.485115,35.908863,11201,3,03003,03003,川越市立川越駅東口図書館,菅原町23-10,3,6,9999
139.486976,35.92159,11201,3,03003,03003,川越市立中央図書館,三久保町2-9,3,-99,9999
139.705323,35.807553,11203,3,03003,03003,川口市立横曽根図書館,仲町10-16,3,3,9999
139.75413,35.867401,11203,3,03003,03003,川口市立戸塚図書館,戸塚東3-7-1,3,4,9999
139.758812,35.831511,11203,3,03003,03003,川口市立新郷図書館,大字東本郷1688,3,2,9999
139.707577,35.835286,11203,3,03003,03003,川口市立前川図書館,前川1-3-18,3,4,9999
139.718542,35.801002,11203,3,03003,03003,川口市立中央図書館,川口1-1-1,3,-99,9999
139.024376,35.954808,11207,3,03003,03003,秩父市立荒川図書館,荒川日野66-2,3,-99,9999
139.077097,35.988305,11207,3,03003,03003,秩父市立秩父図書館,上町3-6-27,3,3,9999
139.469138,35.798457,11208,3,03003,03003,所沢市立所沢図書館,並木1-13,3,-99,9999
139.416761,35.80753,11208,3,03003,03003,所沢市立所沢図書館狭山ケ丘分館（休館中）,若狭4-2478-4,3,-99,9999
139.455804,35.779212,11208,3,03003,03003,所沢市立所沢図書館吾妻分館（休館中）,大字久米2229-1,3,-99,9999
139.464531,35.792015,11208,3,03003,03003,所沢市立所沢図書館所沢分館,元町27-1,3,-99,9999
139.431243,35.781369,11208,3,03003,03003,所沢市立所沢図書館椿峰分館,大字山口5267,3,-99,9999
139.449838,35.823844,11208,3,03003,03003,所沢市立所沢図書館富岡分館,大字北岩岡117-1,3,-99,9999
139.522757,35.803446,11208,3,03003,03003,所沢市立所沢図書館柳瀬分館,大字城964-8,3,-99,9999
139.311546,35.854072,11209,3,03003,03003,飯能市立こども図書館,稲荷町25-8,3,-99,9999
139.314049,35.859699,11209,3,03003,03003,飯能市立図書館,山手町19-5,3,2,2013
139.760225,35.981904,11214,3,03003,03003,春日部市立中央図書館,粕壁東2-8-61,3,-99,9999
139.771192,35.943646,11214,3,03003,03003,春日部市立武里図書館,大字大枝89-2街区1棟,3,-99,9999
139.435988,35.863491,11215,3,03003,03003,狭山市立狭山台図書館,狭山台1-29-2,3,-99,9999
139.411164,35.858426,11215,3,03003,03003,狭山市立中央図書館,入間川2-2-25,3,-99,9999
139.5888,35.977054,11219,3,03003,03003,上尾市図書館,上町1-7-1,3,-99,9999
139.639506,35.958798,11219,3,03003,03003,上尾市図書館瓦葺分館,大字瓦葺2528-3,3,-99,9999
139.563934,35.953896,11219,3,03003,03003,上尾市図書館平方分館,大字平方4354-2,3,-99,9999
139.799663,35.842383,11221,3,03003,03003,草加市立中央図書館,松原1-1-9,3,-99,9999
139.796471,35.898179,11222,3,03003,03003,越谷市立図書館,東越谷4-9-1,3,-99,9999
139.694434,35.821106,11223,3,03003,03003,蕨市立図書館,南町1-12-1,3,-99,9999
139.673586,35.827983,11223,3,03003,03003,蕨市立図書館錦町分館,錦町3-3-41（錦町コミュニティセンター内）,3,-99,9999
139.701295,35.824959,11223,3,03003,03003,蕨市立図書館塚越分館,塚越3-19-13（塚越コミュニティセンター内）,3,-99,9999
139.680634,35.830756,11223,3,03003,03003,蕨市立図書館北町分館,北町1-27-15（北町コミュニティセンター内）,3,-99,9999
139.663104,35.819106,11224,3,03003,03003,戸田市立図書館,大字新曽1707,3,-99,9999
139.686599,35.805694,11224,3,03003,03003,戸田市立図書館下戸田南分室,川岸2-4-8,3,-99,9999
139.687247,35.810762,11224,3,03003,03003,戸田市立図書館下戸田分室,下前1-2-20,3,-99,9999
139.680634,35.81406,11224,3,03003,03003,戸田市立図書館上戸田分室,上戸田2-18-13,3,-99,9999
139.642512,35.820896,11224,3,03003,03003,戸田市立図書館美笹分室,美女木5-2-16,3,-99,9999
139.395891,35.835791,11225,3,03003,03003,入間市立図書館,向陽台1-1-7,3,-99,1985
139.333681,35.81223,11225,3,03003,03003,入間市立図書館金子分館,大字寺竹535-1,3,2,1994
139.36134,35.839852,11225,3,03003,03003,入間市立図書館西武分館,大字仏子1084-12,3,2,1993
139.403272,35.817778,11225,3,03003,03003,入間市立図書館藤沢分館,大字下藤沢846-1,3,2,2001
139.74377,35.828634,11203,3,03003,03003,川口市立鳩ケ谷図書館,坂下町3-16-6,3,4,9999
139.596153,35.793584,11227,3,03003,03003,朝霞市立図書館,青葉台1-7-26,3,-99,9999
139.590364,35.813307,11227,3,03003,03003,朝霞市立図書館北朝霞分館,大字浜崎669-1,3,-99,9999
139.576414,35.830937,11228,3,03003,03003,志木市立いろは遊学図書館,本町1-10-1,3,-99,9999
139.563168,35.829079,11228,3,03003,03003,志木市立柳瀬川図書館,館2-6-14,3,-99,9999
139.60759,35.787446,11229,3,03003,03003,和光市図書館,本町31-1,3,-99,9999
139.566159,35.793108,11230,3,03003,03003,新座市立中央図書館,野火止1-1-2,3,-99,9999
139.583007,35.77873,11230,3,03003,03003,福祉の里図書館,新塚1-4-5,3,-99,9999
139.562915,35.998152,11231,3,03003,03003,桶川市立駅西口図書館,若宮1-5-2,3,-99,9999
139.830071,35.818024,11234,3,03003,03003,八潮市立八幡図書館,中央3-32-11,3,-99,9999
139.834762,35.837194,11234,3,03003,03003,八潮市立八條図書館,大字八條2753-46,3,-99,9999
139.529189,35.86466,11235,3,03003,03003,富士見市立図書館ふじみ野分館,ふじみ野東3-7-1,3,-99,9999
139.533134,35.847895,11235,3,03003,03003,富士見市立図書館鶴瀬西分館,鶴瀬西2-9-1,3,-99,9999
139.550316,35.855471,11235,3,03003,03003,富士見市立中央図書館,鶴馬1873-1,3,-99,9999
139.872596,35.826617,11237,3,03003,03003,三郷市立図書館,谷口544,3,-99,9999
139.883862,35.854392,11237,3,03003,03003,三郷市立早稲田図書館,早稲田5-6-15,3,-99,9999
139.858025,35.854485,11237,3,03003,03003,三郷市立北部図書館,彦成3-364,3,-99,9999
139.654456,35.987247,11238,3,03003,03003,蓮田市図書館,上2-11-7,3,-99,9999
139.414561,35.978187,11239,3,03003,03003,坂戸市立図書館勝呂分館,大字石井1526,3,-99,9999
139.364349,35.938203,11239,3,03003,03003,坂戸市立図書館大家分館,大字森戸445,3,-99,9999
139.395654,35.962302,11239,3,03003,03003,坂戸市立中央図書館,仲町1-23,3,-99,9999
139.368986,35.932697,11241,3,03003,03003,鶴ケ島市立図書館西分室,新町4-17-8,3,-99,9999
139.407288,35.926977,11241,3,03003,03003,鶴ケ島市立図書館大橋分室,大字太田ヶ谷883,3,-99,9999
139.421332,35.945607,11241,3,03003,03003,鶴ケ島市立図書館東分室,大字五味ヶ谷202,3,-99,9999
139.415827,35.937725,11241,3,03003,03003,鶴ケ島市立図書館南分室,大字鶴ヶ丘375-1,3,-99,9999
139.420191,35.951003,11241,3,03003,03003,鶴ケ島市立図書館富士見分室,富士見5-11-1,3,-99,9999
139.383867,35.945019,11241,3,03003,03003,鶴ケ島市立図書館北分室,大字脚折2171-1,3,-99,9999
139.386042,35.929779,11241,3,03003,03003,鶴ケ島市立中央図書館,大字高倉1247-1,3,-99,9999
139.341684,35.897422,11242,3,03003,03003,日高市立図書館,大字鹿山370-20,3,-99,9999
139.855016,35.896025,11243,3,03003,03003,吉川市立図書館,きよみ野1-1,3,-99,9999
139.521989,35.875083,11245,3,03003,03003,ふじみ野市立上福岡図書館,上野台3-3-1,3,-99,9999
139.50481,35.857322,11245,3,03003,03003,ふじみ野市立大井図書館,大井中央2-19-5,3,-99,9999
139.630997,35.997091,11301,3,03003,03003,伊奈町立図書館,本町2-186-1,3,-99,9999
139.54345,35.827728,11324,3,03003,03003,三芳町立図書館竹間沢分館,大字竹間沢555-1,3,-99,9999
139.529642,35.840088,11324,3,03003,03003,三芳町立中央図書館,大字藤久保185-1,3,-99,9999
139.309962,35.939914,11326,3,03003,03003,毛呂山町立図書館,岩井西4-18-1,3,2,9999
139.29344,35.965077,11327,3,03003,03003,越生町立図書館,越生925-1,3,2,9999
139.484503,35.99194,11346,3,03003,03003,川島町立図書館,下八ツ林901,3,2,9999
139.352629,35.992409,11348,3,03003,03003,鳩山町立図書館,松ヶ丘3-19-1,3,2,9999
139.103066,35.987103,11361,3,03003,03003,横瀬町立図書館,大字横瀬2000,3,-99,9999
139.631708,35.918265,11103,3,03005,03005,埼玉県大宮公園小動物園,高鼻町4,2,-99,1953
139.725899,35.845538,11203,3,03005,03005,川口市立グリーンセンター,大字新井宿700,3,-99,1967
139.715703,35.807082,11203,3,99999,03001,川口市立アートギャラリー・アトリア,並木元町1-76,3,2,2006
139.633128,35.928826,11102,3,99999,03001,さいたま市大宮盆栽美術館,土呂町2-24-3,3,2,2010
139.410413,35.952445,11239,3,99999,03002,女子栄養大学・香川昇三・綾記念展示室,千代田3-9-21,4,-99,2001
139.618171,35.920902,11103,3,99999,03002,鉄道博物館,大成町3-47,4,-99,2007
139.621518,35.908079,11103,3,99999,03002,さいたま市宇宙劇場,錦町682-2,3,-99,1987
139.802714,35.991984,11214,3,99999,03003,春日部市立庄和図書館,金崎839-1,3,-99,9999
139.496558,35.886147,11201,3,99999,03003,川越市立高階図書館,大字藤間27-1,3,-99,9999
139.659135,35.858733,11107,3,99999,03003,さいたま市立中央図書館,東高砂町11-1,3,-99,2007
139.610437,35.85603,11106,3,99999,03003,さいたま市立桜図書館,道場4-3-1,3,-99,9999
139.684462,35.909394,11104,3,99999,03003,さいたま市立片柳図書館,染谷3-147-1,3,-99,9999
139.620343,35.931463,11102,3,99999,03003,さいたま市立北図書館,宮原町1-852-1,3,-99,9999
139.612544,35.909439,11103,3,99999,03003,社会福祉法人埼玉県視覚障害者福祉センター埼玉点字図書館,大成町1-465,4,-99,1990
139.645365,35.845291,11108,3,99999,03003,さいたま市立武蔵浦和図書館,別所7-20-1（サウスピア2・3階）,3,-99,2013
139.641724,35.874569,11107,3,99999,03003,国際交流基金・日本語国際センター図書館,北浦和5-6-36,0,-99,9999
139.633196,35.890586,11105,3,99999,03003,埼玉県男女共同参画推進センター「WithYouさいたま」情報ライブラリー,新都心2-2（ホテルブリランテ武蔵野3・4F）,3,-99,9999
139.618029,35.903748,11103,3,99999,03003,大宮法科大学院大学図書館,桜木町4-333-13,4,-99,9999
139.658294,35.970824,11110,3,99999,03003,人間総合科学大学蓮田キャンパス図書館,馬込1288,4,-99,9999
139.698908,35.960153,11110,3,99999,03003,人間総合科学大学岩槻キャンパス図書館,太田字新正寺曲輪354-3,4,-99,9999
139.654173,35.952965,11104,3,99999,03003,芝浦工業大学大宮図書館,深作307,4,-99,9999
139.606283,35.863664,11106,3,99999,03003,埼玉大学図書館,下大久保255,0,-99,9999
139.530338,35.825906,11324,3,99999,03003,淑徳大学附属図書館みずほ台図書館,藤久保1150-1,4,3,1996
139.596539,35.938209,11219,3,99999,03003,聖学院大学総合図書館,戸崎1-1,4,-99,9999
139.609353,35.77477,11229,3,99999,03003,保健医療科学院研究情報センター図書館,南2-3-6,1,-99,9999
139.34099,35.931527,11239,3,99999,03003,城西大学水田記念図書館,けやき台1-1,4,-99,1978
139.410419,35.952368,11239,3,99999,03003,女子栄養大学図書館,千代田3-9-21,4,-99,9999
139.714066,35.857407,11203,3,99999,03003,埼玉学園大学・川口短期大学情報メディアセンター,木曽呂1510,4,-99,9999
139.438818,35.925749,11201,3,99999,03003,東京国際大学金子泰蔵記念図書館,的場北1-13-1,4,3,1987
139.433482,35.935304,11201,3,99999,03003,東洋大学附属図書館川越図書館,鯨井中野台2100,4,-99,2001
139.46036,35.907584,11201,3,99999,03003,尚美学園大学メディアセンター,豊田町1-1-1,4,-99,9999
139.4446,35.919126,11201,3,99999,03003,東京国際大学第2キャンパス図書館,的場2509,4,-99,9999
139.552131,35.799671,11230,3,99999,03003,十文字学園女子大学図書館,菅沢2-1-28,4,-99,9999
139.358882,35.895515,11242,3,99999,03003,埼玉女子短期大学図書館,女影1616,4,-99,9999
139.723787,35.996892,11214,3,99999,03003,共栄大学・共栄学園短期大学図書館,内牧4158,4,-99,9999
139.596013,35.81338,11227,3,99999,03003,東洋大学附属図書館朝霞図書館,岡48-1,4,-99,9999
139.387414,35.866426,11215,3,99999,03003,武蔵野学院大学図書館,広瀬台3-26-1,4,6,9999
139.756248,35.930116,11222,3,99999,03003,埼玉県立大学情報センター,三宮820,1,-99,9999
139.780225,35.869893,11222,3,99999,03003,埼玉東萌短期大学附属図書館,七左町3-85-1,4,-99,9999
139.771456,35.904868,11222,3,99999,03003,文教大学越谷図書館,南荻島3337,4,-99,9999
139.334387,35.831456,11209,3,99999,03003,駿河台大学メディアセンター,阿須698,4,-99,9999
139.658339,35.869319,11107,3,99999,03102,浦和総合運動場,元町1-29-10,3,-99,9999
139.656004,35.869343,11107,3,99999,03115,浦和総合運動場,元町1-29-10,3,-99,9999
139.665968,35.871562,11107,3,99999,03101,駒場運動公園,駒場2-1-1,3,-99,1967
139.664756,35.870382,11107,3,99999,03103,駒場運動公園,駒場2-1-1,3,-99,1967
139.665918,35.872761,11107,3,99999,03118,駒場運動公園,駒場2-1-1,3,-99,1967
139.581069,35.874433,11106,3,99999,03102,荒川総合運動公園,大字在家591,3,-99,9999
139.581295,35.87634,11106,3,99999,03103,荒川総合運動公園,大字在家591,3,-99,9999
139.584777,35.87401,11106,3,99999,03115,荒川総合運動公園,大字在家591,3,-99,9999
139.640637,35.922367,11103,3,99999,03102,大和田公園,寿能町2-591,3,-99,9999
139.640364,35.921179,11103,3,99999,03115,大和田公園,寿能町2-591,3,-99,9999
139.559614,35.905015,11101,3,99999,03102,西遊馬公園,西遊馬3433-1,3,-99,9999
139.561646,35.903889,11101,3,99999,03103,西遊馬公園,西遊馬3433-1,3,-99,9999
139.559929,35.904005,11101,3,99999,03115,西遊馬公園,西遊馬3433-1,3,-99,9999
139.595895,35.913212,11101,3,99999,03109,三橋総合公園,三橋5-190,3,1,9999
139.595895,35.913126,11101,3,99999,03120,三橋総合公園,三橋5-190,3,1,9999
139.597101,35.910099,11101,3,99999,03115,三橋総合公園,三橋5-190,3,1,9999
139.653748,35.935967,11104,3,99999,03104,堀崎公園,堀崎町12-1,3,-99,9999
139.652583,35.936943,11104,3,99999,03115,堀崎公園,堀崎町12-1,3,-99,9999
139.645485,35.909906,11103,3,99999,03115,天沼テニス公園,天沼町1-676-1,3,-99,9999
139.631778,35.877504,11105,3,99999,03115,与野中央公園,新中里4-7-2,3,-99,9999
139.644443,35.949415,11104,3,99999,03104,東大宮中央公園,東大宮5-42-1,3,-99,1977
139.630989,35.934768,11102,3,99999,03104,土呂公園,土呂町1-42,3,-99,1979
139.565438,35.935071,11101,3,99999,03103,秋葉の森総合公園,大字中釘1241,3,-99,2004
139.567179,35.934349,11101,3,99999,03104,秋葉の森総合公園,大字中釘1241,3,-99,2004
139.613147,35.834968,11106,3,99999,03102,さくら草公園,大字西堀3151,3,-99,1984
139.635986,35.858734,11106,3,99999,03104,西堀高沼公園,西掘8-2031,3,-99,2003
139.704798,35.968658,11110,3,99999,03104,岩槻諏訪公園,諏訪4-4,3,-99,9999
139.728252,35.951616,11110,3,99999,03102,川通公園,大字長宮825-5,3,-99,9999
139.710834,35.864953,11109,3,99999,03102,大間木公園,大間木地内,3,-99,9999
139.70983,35.864943,11109,3,99999,03103,大間木公園,大間木地内,3,-99,9999
139.709881,35.864059,11109,3,99999,03138,大間木公園,大間木地内,3,-99,9999
139.608295,35.87923,11105,3,99999,03115,八王子公園,八王子4-2,3,-99,9999
139.608313,35.880862,11105,3,99999,03102,八王子公園,八王子4-2,3,-99,9999
139.550639,35.932686,11101,3,99999,03102,宝来運動公園,宝来地内（西部環境センターそば）,3,-99,9999
139.55014,35.933985,11101,3,99999,03103,宝来運動公園,宝来地内（西部環境センターそば）,3,-99,9999
139.662138,35.872679,11107,3,99999,03109,浦和駒場体育館,駒場2-5-6,3,-99,1974
139.662138,35.872592,11107,3,99999,03110,浦和駒場体育館,駒場2-5-6,3,-99,1974
139.662138,35.872511,11107,3,99999,03111,浦和駒場体育館,駒場2-5-6,3,-99,1974
139.662132,35.872424,11107,3,99999,03121,浦和駒場体育館,駒場2-5-6,3,-99,1974
139.662138,35.872342,11107,3,99999,03120,浦和駒場体育館,駒場2-5-6,3,-99,1974
139.662138,35.872255,11107,3,99999,03129,浦和駒場体育館,駒場2-5-6,3,-99,1974
139.662405,35.873069,11107,3,99999,03115,浦和駒場体育館,駒場2-5-6,3,-99,1974
139.601529,35.858898,11106,3,99999,03109,浦和西体育館,大字下大久保1676-1,3,2,9999
139.601523,35.858811,11106,3,99999,03120,浦和西体育館,大字下大久保1676-1,3,2,9999
139.601523,35.858729,11106,3,99999,03129,浦和西体育館,大字下大久保1676-1,3,2,9999
139.601523,35.858643,11106,3,99999,03146,浦和西体育館,大字下大久保1676-1,3,2,9999
139.644746,35.923171,11104,3,99999,03109,大宮体育館,大和田町1-305,3,3,1978
139.644746,35.923094,11104,3,99999,03110,大宮体育館,大和田町1-305,3,3,1978
139.644746,35.923017,11104,3,99999,03120,大宮体育館,大和田町1-305,3,3,1978
139.644746,35.92294,11104,3,99999,03111,大宮体育館,大和田町1-305,3,3,1978
139.64474,35.922858,11104,3,99999,03121,大宮体育館,大和田町1-305,3,3,1978
139.64474,35.922776,11104,3,99999,03129,大宮体育館,大和田町1-305,3,3,1978
139.642892,35.9237,11104,3,99999,03104,大宮体育館,大和田町1-305,3,3,1978
139.644149,35.922079,11104,3,99999,03138,大宮体育館,大和田町1-305,3,3,1978
139.609148,35.855558,11106,3,99999,03109,記念総合体育館,道場4-3-1,3,-99,9999
139.609136,35.855471,11106,3,99999,03116,記念総合体育館,道場4-3-1,3,-99,9999
139.609136,35.85539,11106,3,99999,03120,記念総合体育館,道場4-3-1,3,-99,9999
139.609136,35.855308,11106,3,99999,03112,記念総合体育館,道場4-3-1,3,-99,9999
139.608631,35.856285,11106,3,99999,03105,記念総合体育館,道場4-3-1,3,-99,9999
139.609124,35.855226,11106,3,99999,03129,記念総合体育館,道場4-3-1,3,-99,9999
139.6085,35.855987,11106,3,99999,03121,記念総合体育館,道場4-3-1,3,-99,9999
139.609124,35.855139,11106,3,99999,03146,記念総合体育館,道場4-3-1,3,-99,9999
139.625817,35.884385,11105,3,99999,03109,与野体育館,下落合5-8-10,3,3,9999
139.625814,35.884308,11105,3,99999,03120,与野体育館,下落合5-8-10,3,3,9999
139.655457,35.935159,11104,3,99999,03109,大宮武道館,堀崎町12-36,3,2,1991
139.65546,35.935061,11104,3,99999,03120,大宮武道館,堀崎町12-36,3,2,1991
139.656084,35.93508,11104,3,99999,03110,大宮武道館,堀崎町12-36,3,2,1991
139.656084,35.934988,11104,3,99999,03111,大宮武道館,堀崎町12-36,3,2,1991
139.656101,35.934762,11104,3,99999,03121,大宮武道館,堀崎町12-36,3,2,1991
139.605339,35.909133,11103,3,99999,03104,大平公園,三橋1-55,3,-99,1966
139.668142,35.952289,11104,3,99999,03104,観音寺下公園,深作2-7,3,-99,1988
139.66444,35.897768,11109,3,99999,03103,三浦運動公園,大字三浦6836,3,-99,9999
139.651566,35.889941,11107,3,99999,03115,大原テニス公園,大原2-1,3,-99,2003
139.621742,35.835857,11106,3,99999,03102,荒川彩湖公園,大字田島,3,-99,1999
139.710005,35.950407,11110,3,99999,03102,岩槻城址公園,太田3-4,3,-99,9999
139.710189,35.951465,11110,3,99999,03115,岩槻城址公園,太田3-4,3,-99,9999
139.70811,35.95022,11110,3,99999,03104,岩槻城址公園,太田3-4,3,-99,9999
139.72466,35.942745,11110,3,99999,03115,岩槻文化公園,大字村国229,3,-99,1988
139.720275,35.945194,11110,3,99999,03101,岩槻文化公園,大字村国229,3,-99,1988
139.721653,35.944718,11110,3,99999,03109,岩槻文化公園,大字村国229,3,-99,1988
139.721659,35.944631,11110,3,99999,03129,岩槻文化公園,大字村国229,3,-99,1988
139.721659,35.944544,11110,3,99999,03112,岩槻文化公園,大字村国229,3,-99,1988
139.721665,35.944458,11110,3,99999,03121,岩槻文化公園,大字村国229,3,-99,1988
139.721659,35.944371,11110,3,99999,03120,岩槻文化公園,大字村国229,3,-99,1988
139.691817,35.977916,11110,3,99999,03104,北部工業団地記念公園,古ヶ場1-2-1,3,-99,9999
139.67948,35.892889,11109,3,99999,03102,見沼臨時グラウンド,新宿地内,3,-99,9999
139.633549,35.917472,11103,3,99999,03102,大宮公園,高鼻町,2,-99,1885
139.633858,35.919137,11103,3,99999,03101,大宮公園,高鼻町,2,-99,1885
139.628528,35.921702,11103,3,99999,03106,大宮公園,高鼻町,2,-99,1885
139.628177,35.921403,11103,3,99999,03107,大宮公園,高鼻町,2,-99,1885
139.627666,35.920792,11103,3,99999,03109,大宮公園,高鼻町,2,-99,1885
139.628985,35.921572,11103,3,99999,03121,大宮公園,高鼻町,2,-99,1885
139.641461,35.917849,11103,3,99999,03115,大宮第二公園,寿能町,2,-99,1980
139.640386,35.916703,11103,3,99999,03102,大宮第二公園,寿能町,2,-99,1980
139.608583,35.85169,11106,3,99999,03115,秋ヶ瀬公園,大字栄和,2,-99,9999
139.61027,35.849985,11106,3,99999,03102,秋ヶ瀬公園,大字栄和,2,-99,9999
139.60907,35.849773,11106,3,99999,03103,秋ヶ瀬公園,大字栄和,2,-99,9999
139.642636,35.869157,11107,3,99999,03115,浦和北公園,常盤9-30,3,-99,9999
139.7176,35.903125,11109,3,99999,03103,埼玉スタジアム２００２公園,中野田500,2,-99,9999
139.649309,35.894524,11107,3,99999,03105,埼玉県障害者交流センター,大原3-10-1,2,2,9999
139.649309,35.894616,11107,3,99999,03109,埼玉県障害者交流センター,大原3-10-1,2,2,9999
139.649304,35.894433,11107,3,99999,03129,埼玉県障害者交流センター,大原3-10-1,2,2,9999
139.52683,35.928001,11201,3,99999,03109,川越運動公園,大字下老袋388-1,3,-99,9999
139.529849,35.929118,11201,3,99999,03101,川越運動公園,大字下老袋388-1,3,-99,9999
139.52787,35.927828,11201,3,99999,03115,川越運動公園,大字下老袋388-1,3,-99,9999
139.49557,35.926085,11201,3,99999,03115,城下公園テニスコート,城下町47-1,3,-99,9999
139.521851,35.945491,11201,3,99999,03115,芳野台南公園テニスコート,芳野台1-3015-1,3,-99,9999
139.447461,35.910683,11201,3,99999,03115,川越水上公園,大字池辺880,2,-99,9999
139.446582,35.910919,11201,3,99999,03103,川越水上公園,大字池辺880,2,-99,9999
139.4496,35.912511,11201,3,99999,03106,川越水上公園,大字池辺880,2,-99,9999
139.448186,35.912126,11201,3,99999,03107,川越水上公園,大字池辺880,2,-99,9999
139.523699,35.947866,11201,3,99999,03109,サンライフ川越・芳野台体育館,芳野台1-103-57,3,2,9999
139.524151,35.947927,11201,3,99999,03129,サンライフ川越・芳野台体育館,芳野台1-103-57,3,2,9999
139.486802,35.931708,11201,3,99999,03102,市民グランド,宮元町23-22,3,-99,9999
139.520207,35.949165,11201,3,99999,03102,芳野台野球場,芳野台1-103-28,3,-99,9999
139.536921,35.937277,11201,3,99999,03102,入間大橋緑地,大字中老袋150,3,-99,9999
139.467087,35.939934,11201,3,99999,03102,寺山緑地,大字上寺山587-1,3,-99,9999
139.462954,35.935825,11201,3,99999,03103,雁見緑地,大字鯨井,3,-99,9999
139.424737,35.901112,11201,3,99999,03101,安比奈親水公園,大字安比奈新田字下屋舗附140-1,3,-99,9999
139.423186,35.898922,11201,3,99999,03102,安比奈親水公園,大字安比奈新田字下屋舗附140-1,3,-99,9999
139.425735,35.902161,11201,3,99999,03115,安比奈親水公園,大字安比奈新田字下屋舗附140-1,3,-99,9999
139.432297,35.905528,11201,3,99999,03102,的場緑地,大字的場3510,3,-99,9999
139.434121,35.906529,11201,3,99999,03104,的場緑地,大字的場3510,3,-99,9999
139.411735,35.92232,11201,3,99999,03102,笠幡公園,川鶴2-7,3,-99,9999
139.45231,35.921796,11201,3,99999,03103,霞ヶ関東緑地,的場,3,-99,9999
139.446693,35.927078,11201,3,99999,03115,山王久保緑地,上戸70-2,3,-99,9999
139.45253,35.926188,11201,3,99999,03102,上戸緑地,上戸186,3,-99,9999
139.452649,35.927463,11201,3,99999,03103,上戸緑地,上戸186,3,-99,9999
139.426127,35.92417,11201,3,99999,03115,御伊勢塚公園,伊勢原町3-3,3,-99,9999
139.426195,35.92297,11201,3,99999,03138,御伊勢塚公園,伊勢原町3-3,3,-99,9999
139.5009,35.896079,11201,3,99999,03102,高階運動広場,大字砂字卯ノ木451-1,3,-99,9999
139.501331,35.895674,11201,3,99999,03104,高階運動広場,大字砂字卯ノ木451-1,3,-99,9999
139.485526,35.883697,11201,3,99999,03104,南部地域公共広場,砂久保68-1,3,-99,9999
139.499189,35.870209,11201,3,99999,03104,高階南公共広場,大字砂新田465-1,3,-99,9999
139.433602,35.903934,11201,3,99999,03102,八瀬大橋緑地,的場八瀬大橋付近入間川右岸（東側）,3,-99,9999
139.466911,35.945263,11201,3,99999,03102,平塚緑地,平塚30,3,-99,9999
139.475641,35.873823,11201,3,99999,03104,スポーツパーク福原,今福,3,-99,9999
139.712963,35.822205,11203,3,99999,03101,青木町公園総合運動場,西青木4-8-1,3,-99,9999
139.710419,35.821482,11203,3,99999,03102,青木町公園総合運動場,西青木4-8-1,3,-99,9999
139.710538,35.822735,11203,3,99999,03115,青木町公園総合運動場,西青木4-8-1,3,-99,9999
139.712802,35.823222,11203,3,99999,03121,青木町公園総合運動場,西青木4-8-1,3,-99,9999
139.711382,35.823376,11203,3,99999,03106,青木町公園総合運動場,西青木4-8-1,3,-99,9999
139.713438,35.823178,11203,3,99999,03118,青木町公園総合運動場,西青木4-8-1,3,-99,9999
139.712208,35.822928,11203,3,99999,03146,青木町公園総合運動場,西青木4-8-1,3,-99,9999
139.750645,35.797897,11203,3,99999,03109,東スポーツセンター,東領家2-27-1,3,-99,9999
139.750645,35.797815,11203,3,99999,03120,東スポーツセンター,東領家2-27-1,3,-99,9999
139.750645,35.797733,11203,3,99999,03105,東スポーツセンター,東領家2-27-1,3,-99,9999
139.750645,35.797651,11203,3,99999,03129,東スポーツセンター,東領家2-27-1,3,-99,9999
139.750645,35.797569,11203,3,99999,03132,東スポーツセンター,東領家2-27-1,3,-99,9999
139.751694,35.796993,11203,3,99999,03102,東スポーツセンター,東領家2-27-1,3,-99,9999
139.749861,35.797921,11203,3,99999,03115,東スポーツセンター,東領家2-27-1,3,-99,9999
139.741697,35.783919,11203,3,99999,03103,東スポーツセンター,東領家2-27-1,3,-99,9999
139.708616,35.804648,11203,3,99999,03109,西スポーツセンター,川口6-9-29,3,-99,9999
139.708616,35.804561,11203,3,99999,03105,西スポーツセンター,川口6-9-29,3,-99,9999
139.708616,35.804479,11203,3,99999,03129,西スポーツセンター,川口6-9-29,3,-99,9999
139.708616,35.804402,11203,3,99999,03132,西スポーツセンター,川口6-9-29,3,-99,9999
139.708622,35.804325,11203,3,99999,03146,西スポーツセンター,川口6-9-29,3,-99,9999
139.714648,35.853506,11203,3,99999,03109,北スポーツセンター,大字道合390,3,-99,9999
139.714648,35.853419,11203,3,99999,03105,北スポーツセンター,大字道合390,3,-99,9999
139.714945,35.854243,11203,3,99999,03102,北スポーツセンター,大字道合390,3,-99,9999
139.76519,35.817819,11203,3,99999,03109,新郷スポーツセンター,大字東本郷80,3,-99,9999
139.76519,35.817718,11203,3,99999,03105,新郷スポーツセンター,大字東本郷80,3,-99,9999
139.766248,35.818181,11203,3,99999,03102,新郷スポーツセンター,大字東本郷80,3,-99,9999
139.765731,35.817294,11203,3,99999,03115,新郷スポーツセンター,大字東本郷80,3,-99,9999
139.697386,35.843891,11203,3,99999,03109,芝スポーツセンター,芝高木2-12-52,3,-99,9999
139.697392,35.843804,11203,3,99999,03110,芝スポーツセンター,芝高木2-12-52,3,-99,9999
139.697392,35.843713,11203,3,99999,03111,芝スポーツセンター,芝高木2-12-52,3,-99,9999
139.697386,35.843631,11203,3,99999,03129,芝スポーツセンター,芝高木2-12-52,3,-99,9999
139.6964,35.843987,11203,3,99999,03102,芝スポーツセンター,芝高木2-12-52,3,-99,9999
139.697386,35.843549,11203,3,99999,03146,芝スポーツセンター,芝高木2-12-52,3,-99,9999
139.765038,35.847783,11203,3,99999,03109,安行スポーツセンター,大字安行領家880,3,-99,9999
139.765436,35.847528,11203,3,99999,03105,安行スポーツセンター,大字安行領家880,3,-99,9999
139.764485,35.847056,11203,3,99999,03102,安行スポーツセンター,大字安行領家880,3,-99,9999
139.765436,35.84745,11203,3,99999,03129,安行スポーツセンター,大字安行領家880,3,-99,9999
139.765436,35.847369,11203,3,99999,03132,安行スポーツセンター,大字安行領家880,3,-99,9999
139.746296,35.863221,11203,3,99999,03109,戸塚スポーツセンター,大字戸塚4552,3,-99,9999
139.746302,35.863135,11203,3,99999,03129,戸塚スポーツセンター,大字戸塚4552,3,-99,9999
139.746308,35.863048,11203,3,99999,03132,戸塚スポーツセンター,大字戸塚4552,3,-99,9999
139.746076,35.86391,11203,3,99999,03121,戸塚スポーツセンター,大字戸塚4552,3,-99,9999
139.746302,35.862966,11203,3,99999,03105,戸塚スポーツセンター,大字戸塚4552,3,-99,9999
139.746302,35.862879,11203,3,99999,03146,戸塚スポーツセンター,大字戸塚4552,3,-99,9999
139.74342,35.821664,11203,3,99999,03109,鳩ケ谷スポーツセンター,三ツ和3-21-1,3,2,9999
139.731741,35.815305,11203,3,99999,03102,鳩ケ谷スポーツセンター,三ツ和3-21-1,3,2,9999
139.743423,35.821621,11203,3,99999,03116,鳩ケ谷スポーツセンター,三ツ和3-21-1,3,2,9999
139.743423,35.821573,11203,3,99999,03112,鳩ケ谷スポーツセンター,三ツ和3-21-1,3,2,9999
139.714551,35.821683,11203,3,99999,03109,体育武道センター,西青木5-3-4,3,3,9999
139.714551,35.821642,11203,3,99999,03111,体育武道センター,西青木5-3-4,3,3,9999
139.714551,35.821606,11203,3,99999,03110,体育武道センター,西青木5-3-4,3,3,9999
139.714548,35.821567,11203,3,99999,03132,体育武道センター,西青木5-3-4,3,3,9999
139.714548,35.821529,11203,3,99999,03129,体育武道センター,西青木5-3-4,3,3,9999
139.750509,35.863524,11203,3,99999,03109,戸塚体育館,大字戸塚4167,3,-99,9999
139.715346,35.842365,11203,3,99999,03109,根岸体育館,大字安行領根岸128,3,-99,9999
139.723917,35.7921,11203,3,99999,03102,舟戸運動場,舟戸町5,3,-99,9999
139.731728,35.815393,11203,3,99999,03102,前田西野球場,南鳩ヶ谷5-27-1,3,-99,9999
139.699168,35.799055,11203,3,99999,03102,三領運動場,荒川町4697,3,-99,9999
139.700059,35.798515,11203,3,99999,03103,三領運動場,荒川町4697,3,-99,9999
139.690312,35.843099,11203,3,99999,03104,芝第２グラウンド,大字芝6256,3,-99,9999
139.752962,35.82855,11203,3,99999,03103,赤井少年サッカー場,大字赤井525-1,3,-99,9999
139.747305,35.868603,11203,3,99999,03115,中台庭球場,戸塚3-16-72,3,-99,9999
139.747274,35.878888,11203,3,99999,03102,戸塚榎戸公園,東川口3-11,3,-99,9999
139.733137,35.856929,11203,3,99999,03104,稲荷丸運動広場,大字石神386,3,-99,9999
139.747995,35.822592,11203,3,99999,03115,毛長川庭球場,赤井1-34-5,3,-99,9999
139.743285,35.845536,11203,3,99999,03115,江川運動広場,大字赤山1143,3,-99,9999
139.742661,35.845623,11203,3,99999,03138,江川運動広場,大字赤山1143,3,-99,9999
139.744572,35.845218,11203,3,99999,03102,江川運動広場,大字赤山1143,3,-99,9999
139.68456,35.848244,11203,3,99999,03103,上谷沼運動広場,大字芝7184-1,3,-99,9999
139.717104,35.853637,11203,3,99999,03102,神根運動場,大字神戸767-1,3,-99,9999
139.717098,35.853488,11203,3,99999,03103,神根運動場,大字神戸767-1,3,-99,9999
139.741691,35.784002,11203,3,99999,03103,河原町フットサル場,河原町地内,3,-99,9999
139.726221,35.842227,11203,3,99999,03107,グリーンセンター流水プール場,新井宿700,3,-99,9999
139.745349,35.811657,11203,3,99999,03105,リサイクルプラザ,朝日4-21-33,3,-99,9999
139.074667,35.985962,11207,3,99999,03121,第２弓道場,上町3-13-48,3,-99,9999
139.079404,35.99517,11207,3,99999,03111,明信館剣道場,中町21-4,3,-99,9999
139.089942,35.9884,11207,3,99999,03102,羊山グラウンドＡ,大宮6208,3,-99,9999
139.087614,35.981901,11207,3,99999,03102,羊山グラウンドＢ,大宮6370,3,-99,9999
139.089602,35.985276,11207,3,99999,03115,羊山テニスコート,大宮6228,3,-99,9999
139.082693,35.986732,11207,3,99999,03110,柔道場,野坂町1-13-14,3,-99,9999
139.0673,35.990237,11207,3,99999,03102,別所運動公園競技場,別所1695,3,-99,9999
139.067974,35.991403,11207,3,99999,03101,別所運動公園競技場,別所1695,3,-99,9999
139.073187,35.981473,11207,3,99999,03109,スポーツ健康センター,下影森924-1,3,-99,9999
139.073187,35.981387,11207,3,99999,03120,スポーツ健康センター,下影森924-1,3,-99,9999
139.060847,35.971655,11207,3,99999,03104,影森グラウンド,上影森217-1,3,-99,9999
139.051101,35.968158,11207,3,99999,03102,荒川総合運動公園,荒川上田野250,3,-99,9999
139.052399,35.967593,11207,3,99999,03104,荒川総合運動公園,荒川上田野250,3,-99,9999
139.051127,35.967261,11207,3,99999,03115,荒川総合運動公園,荒川上田野250,3,-99,9999
139.052298,35.966472,11207,3,99999,03109,荒川総合運動公園,荒川上田野250,3,-99,9999
139.047714,35.990297,11207,3,99999,03115,秩父ミューズパークスポーツの森,長尾根の森,2,-99,9999
139.045373,35.987836,11207,3,99999,03107,秩父ミューズパークスポーツの森,長尾根の森,2,-99,9999
139.044873,35.99148,11207,3,99999,03147,秩父ミューズパークスポーツの森,長尾根の森,2,-99,9999
139.462333,35.809876,11208,3,99999,03109,所沢市民体育館,並木5-3,3,1,2004
139.483444,35.814538,11208,3,99999,03112,市民武道館,中富1614-2,3,-99,9999
139.483444,35.814442,11208,3,99999,03121,市民武道館,中富1614-2,3,-99,9999
139.463813,35.811967,11208,3,99999,03115,総合運動場,並木5-3,3,-99,9999
139.46465,35.810483,11208,3,99999,03102,総合運動場,並木5-3,3,-99,9999
139.474173,35.795181,11208,3,99999,03121,弓道場,西新井町17-14,3,-99,9999
139.421071,35.790283,11208,3,99999,03115,北野総合運動場,北野2-29-2,3,-99,9999
139.421992,35.792004,11208,3,99999,03104,北野総合運動場,北野2-29-2,3,-99,9999
139.436062,35.814423,11208,3,99999,03115,北中運動場,北中4-774-2,3,-99,9999
139.438735,35.816307,11208,3,99999,03104,北中運動場,北中4-774-2,3,-99,9999
139.416976,35.777247,11208,3,99999,03104,狭山湖運動場,上山口1233,3,-99,9999
139.533481,35.800211,11208,3,99999,03115,滝の城址公園運動場,城23-1,3,-99,9999
139.532857,35.799701,11208,3,99999,03102,滝の城址公園運動場,城23-1,3,-99,9999
139.433878,35.7981,11208,3,99999,03107,北野公園市民プール,小手指町4-3,3,-99,9999
139.472058,35.79592,11208,3,99999,03102,所沢航空記念公園野球場,並木1-13,3,-99,9999
139.449505,35.823848,11208,3,99999,03109,富岡地区体育館,北岩岡117-1,3,-99,9999
139.449505,35.823795,11208,3,99999,03120,富岡地区体育館,北岩岡117-1,3,-99,9999
139.451161,35.804252,11208,3,99999,03109,新所沢地区体育館,緑町1-8-3,3,-99,9999
139.451161,35.804206,11208,3,99999,03120,新所沢地区体育館,緑町1-8-3,3,-99,9999
139.426241,35.788266,11208,3,99999,03109,小手指地区体育館,北野南1-5-2,3,-99,9999
139.426244,35.788223,11208,3,99999,03120,小手指地区体育館,北野南1-5-2,3,-99,9999
139.522432,35.803291,11208,3,99999,03109,柳瀬地区体育館,城964-8,3,-99,9999
139.522429,35.803236,11208,3,99999,03120,柳瀬地区体育館,城964-8,3,-99,9999
139.404141,35.798091,11208,3,99999,03109,三ヶ島地区体育館,三ヶ島5-1639-1,3,-99,9999
139.404135,35.798004,11208,3,99999,03120,三ヶ島地区体育館,三ヶ島5-1639-1,3,-99,9999
139.470098,35.795363,11208,3,99999,03115,所沢航空記念公園,並木1-13,2,-99,9999
139.420572,35.768628,11208,3,99999,03102,西武ドーム,上山口2135,2,-99,9999
139.343734,35.83166,11209,3,99999,03109,市民体育館,阿須812-3,3,-99,9999
139.343734,35.831617,11209,3,99999,03120,市民体育館,阿須812-3,3,-99,9999
139.343734,35.831576,11209,3,99999,03121,市民体育館,阿須812-3,3,-99,9999
139.343734,35.831533,11209,3,99999,03129,市民体育館,阿須812-3,3,-99,9999
139.343734,35.831489,11209,3,99999,03112,市民体育館,阿須812-3,3,-99,9999
139.34475,35.832368,11209,3,99999,03102,市民球場,阿須812-3,3,-99,9999
139.342017,35.83139,11209,3,99999,03103,阿須運動公園ホッケー場,阿須812-3,3,-99,9999
139.305752,35.857764,11209,3,99999,03106,市民プール,飯能372,3,-99,9999
139.309506,35.849317,11209,3,99999,03102,美杉台公園,美杉台1-23-1,3,-99,9999
139.310688,35.848874,11209,3,99999,03115,美杉台公園,美杉台1-23-1,3,-99,9999
139.309447,35.848464,11209,3,99999,03104,美杉台公園,美杉台1-23-1,3,-99,9999
139.341379,35.834398,11209,3,99999,03101,岩沢運動公園,岩沢地内,3,-99,9999
139.341379,35.834317,11209,3,99999,03102,岩沢運動公園,岩沢地内,3,-99,9999
139.341379,35.834225,11209,3,99999,03103,岩沢運動公園,岩沢地内,3,-99,9999
139.181963,35.882973,11209,3,99999,03104,名栗スポーツ広場,上名栗3086,3,-99,9999
139.181995,35.883608,11209,3,99999,03115,名栗スポーツ広場,上名栗3086,3,-99,9999
139.403094,35.992129,11212,3,99999,03109,南地区体育館,宮鼻860-2,3,-99,9999
139.38331,35.990905,11212,3,99999,03102,千年谷公園野球場,旗立台1,3,-99,9999
139.42002,35.997249,11212,3,99999,03102,正代運動広場,正代298-1,3,-99,9999
139.384059,35.991626,11212,3,99999,03115,千年谷公園庭球場,旗立台1,3,-99,9999
139.402016,35.994612,11212,3,99999,03104,多目的広場（高坂駅東口第一土地区画整理事業地内）,宮鼻936,3,-99,9999
139.750602,35.950669,11214,3,99999,03109,総合体育館「ウイング・ハット春日部」,谷原新田1557-1,3,3,9999
139.750602,35.950582,11214,3,99999,03120,総合体育館「ウイング・ハット春日部」,谷原新田1557-1,3,3,9999
139.750608,35.9505,11214,3,99999,03129,総合体育館「ウイング・ハット春日部」,谷原新田1557-1,3,3,9999
139.750608,35.950419,11214,3,99999,03146,総合体育館「ウイング・ハット春日部」,谷原新田1557-1,3,3,9999
139.747185,35.965243,11214,3,99999,03109,市民体育館,大沼7-12,3,-99,9999
139.750266,35.966611,11214,3,99999,03110,市民武道館,大沼2-107,3,-99,9999
139.750272,35.966529,11214,3,99999,03111,市民武道館,大沼2-107,3,-99,9999
139.750272,35.966453,11214,3,99999,03121,市民武道館,大沼2-107,3,-99,9999
139.749176,35.964897,11214,3,99999,03101,大沼陸上競技場兼サッカー場兼ラグビー場,大沼7-12,3,-99,9999
139.748106,35.963415,11214,3,99999,03102,大沼野球場,大沼7-12,3,-99,9999
139.749039,35.963824,11214,3,99999,03115,大沼テニスコート,大沼7-12,3,-99,9999
139.737775,35.983385,11214,3,99999,03102,南栄町グラウンド,南栄町17,3,-99,9999
139.745704,35.972349,11214,3,99999,03102,谷原グラウンド,谷原1-3,3,-99,9999
139.754353,35.969802,11214,3,99999,03115,立沼テニス場,中央8-6,3,-99,9999
139.770919,35.985953,11214,3,99999,03102,牛島野球場,牛島626,3,-99,9999
139.803875,35.990034,11214,3,99999,03109,庄和体育館,金崎616,3,-99,9999
139.803878,35.989993,11214,3,99999,03110,庄和体育館,金崎616,3,-99,9999
139.803875,35.98995,11214,3,99999,03111,庄和体育館,金崎616,3,-99,9999
139.803875,35.989904,11214,3,99999,03120,庄和体育館,金崎616,3,-99,9999
139.803875,35.989861,11214,3,99999,03129,庄和体育館,金崎616,3,-99,9999
139.804627,35.98945,11214,3,99999,03115,庄和テニスコート,金崎616,3,-99,9999
139.800631,35.990862,11214,3,99999,03102,庄和球場,金崎759,3,-99,9999
139.770444,35.984965,11214,3,99999,03103,牛島多目的グラウンド,牛島626,3,-99,9999
139.746968,35.952122,11214,3,99999,03115,谷原中西側テニスコート,谷原新田1612-1,3,-99,9999
139.747444,35.951268,11214,3,99999,03103,谷原中西側グラウンド,谷原新田1612-1,3,-99,9999
139.747444,35.951172,11214,3,99999,03102,谷原中西側グラウンド,谷原新田1612-1,3,-99,9999
139.752422,35.952695,11214,3,99999,03103,中野グラウンド,武里中野560-1,3,-99,9999
139.752433,35.952575,11214,3,99999,03102,中野グラウンド,武里中野560-1,3,-99,9999
139.791547,35.962142,11214,3,99999,03115,豊野テニスコート,豊野町2-18,3,-99,9999
139.720119,35.99089,11214,3,99999,03102,内牧グラウンド,内牧2910,3,-99,9999
139.810685,35.996302,11214,3,99999,03104,首都圏外郭放水路多目的広場,上金崎720,3,-99,9999
139.417314,35.8794,11215,3,99999,03109,サンパーク奥富,下奥富2552-1,3,2,9999
139.392936,35.878991,11215,3,99999,03109,市民総合体育館,柏原555,3,-99,9999
139.392936,35.878919,11215,3,99999,03110,市民総合体育館,柏原555,3,-99,9999
139.392936,35.878841,11215,3,99999,03111,市民総合体育館,柏原555,3,-99,9999
139.39293,35.878769,11215,3,99999,03120,市民総合体育館,柏原555,3,-99,9999
139.39293,35.878697,11215,3,99999,03129,市民総合体育館,柏原555,3,-99,9999
139.392924,35.87862,11215,3,99999,03146,市民総合体育館,柏原555,3,-99,9999
139.392562,35.878317,11215,3,99999,03121,市民総合体育館,柏原555,3,-99,9999
139.435991,35.863418,11215,3,99999,03109,地域スポーツ施設,狭山台1-29-2,3,-99,9999
139.436505,35.863669,11215,3,99999,03106,地域スポーツ施設,狭山台1-29-2,3,-99,9999
139.399725,35.845258,11215,3,99999,03105,サピオ稲荷山,稲荷山1-12-3,3,-99,9999
139.399719,35.845171,11215,3,99999,03129,サピオ稲荷山,稲荷山1-12-3,3,-99,9999
139.391045,35.877849,11215,3,99999,03115,智光山公園テニスコート,柏原561,3,-99,9999
139.395575,35.883904,11215,3,99999,03142,智光山公園キャンプ場,柏原612-1,3,-99,9999
139.593597,35.991434,11219,3,99999,03102,上平公園,菅谷16,3,-99,9999
139.592023,35.992361,11219,3,99999,03104,上平公園,菅谷16,3,-99,9999
139.594492,35.991121,11219,3,99999,03146,上平公園,菅谷16,3,-99,9999
139.57619,35.962071,11219,3,99999,03109,市民体育館,向山4-3-10,3,-99,9999
139.555607,35.937378,11219,3,99999,03105,健康プラザわくわくランド,西貝塚17-1,4,2,9999
139.555607,35.937306,11219,3,99999,03129,健康プラザわくわくランド,西貝塚17-1,4,2,9999
139.55149,35.939245,11219,3,99999,03102,平方野球場,平方793,3,-99,9999
139.557156,35.943246,11219,3,99999,03102,平方スポーツ広場,平方1185,3,-99,9999
139.555915,35.941634,11219,3,99999,03104,平方スポーツ広場,平方1185,3,-99,9999
139.555374,35.94206,11219,3,99999,03138,平方スポーツ広場,平方1185,3,-99,9999
139.591137,35.993015,11219,3,99999,03115,上平公園テニスコート,菅谷16,3,-99,9999
139.61077,35.986467,11219,3,99999,03115,平塚公園テニスコート,平塚1212-1,3,-99,9999
139.616002,35.981564,11219,3,99999,03103,平塚サッカー場,平塚536,3,-99,9999
139.594878,35.995674,11219,3,99999,03138,平塚ゲートボール場,平塚1-97,3,-99,9999
139.639431,35.969201,11219,3,99999,03109,瓦葺ふれあい広場,大字瓦葺103-1,3,-99,9999
139.608464,35.971538,11219,3,99999,03109,スポーツ総合センター,東町3-1679,2,-99,9999
139.608458,35.971452,11219,3,99999,03112,スポーツ総合センター,東町3-1679,2,-99,9999
139.608458,35.97137,11219,3,99999,03129,スポーツ総合センター,東町3-1679,2,-99,9999
139.608238,35.971052,11219,3,99999,03115,スポーツ総合センター,東町3-1679,2,-99,9999
139.609222,35.970516,11219,3,99999,03110,武道館,日の出4-1877,4,2,9999
139.609222,35.970439,11219,3,99999,03111,武道館,日の出4-1877,4,2,9999
139.609228,35.970362,11219,3,99999,03121,武道館,日の出4-1877,4,2,9999
139.609097,35.969848,11219,3,99999,03118,武道館,日の出4-1877,4,2,9999
139.609222,35.970276,11219,3,99999,03119,武道館,日の出4-1877,4,2,9999
139.602936,35.967585,11219,3,99999,03109,上尾運動公園,愛宕3-28-30,4,-99,9999
139.601059,35.968893,11219,3,99999,03101,上尾運動公園,愛宕3-28-30,4,-99,9999
139.603424,35.967147,11219,3,99999,03115,上尾運動公園,愛宕3-28-30,4,-99,9999
139.602431,35.968705,11219,3,99999,03146,上尾運動公園,愛宕3-28-30,4,-99,9999
139.862953,35.927624,11243,3,99999,03102,江戸川広域運動公園野球場,下内川12-5,4,-99,9999
139.819049,35.812868,11221,3,99999,03109,スポーツ健康都市記念体育館,瀬崎6-31-1,3,-99,9999
139.819043,35.812791,11221,3,99999,03129,スポーツ健康都市記念体育館,瀬崎6-31-1,3,-99,9999
139.819043,35.812719,11221,3,99999,03110,スポーツ健康都市記念体育館,瀬崎6-31-1,3,-99,9999
139.819037,35.812555,11221,3,99999,03111,スポーツ健康都市記念体育館,瀬崎6-31-1,3,-99,9999
139.819037,35.812483,11221,3,99999,03119,スポーツ健康都市記念体育館,瀬崎6-31-1,3,-99,9999
139.819037,35.812637,11221,3,99999,03120,スポーツ健康都市記念体育館,瀬崎6-31-1,3,-99,9999
139.819459,35.81235,11221,3,99999,03121,スポーツ健康都市記念体育館,瀬崎6-31-1,3,-99,9999
139.82789,35.862206,11221,3,99999,03101,そうか公園テニスコート・多目的運動広場,柿木町272-1,3,-99,9999
139.828799,35.86078,11221,3,99999,03115,そうか公園テニスコート・多目的運動広場,柿木町272-1,3,-99,9999
139.811588,35.817185,11221,3,99999,03115,吉町テニスコート,吉町4-889,3,-99,9999
139.832261,35.858385,11221,3,99999,03105,市民温水プール,柿木町163-1,3,-99,9999
139.805732,35.84451,11221,3,99999,03109,市民体育館,松江1-1-8,3,-99,9999
139.820116,35.814174,11221,3,99999,03103,瀬崎グランド,瀬崎6-32,3,-99,9999
139.797395,35.816082,11221,3,99999,03109,青少年交流センター,谷塚町752,3,-99,9999
139.825192,35.858453,11221,3,99999,03102,総合運動場,青柳7-70-10,3,-99,9999
139.826309,35.858532,11221,3,99999,03104,総合運動場,青柳7-70-10,3,-99,9999
139.802394,35.833096,11221,3,99999,03110,草加中学校体育館,氷川町2179-4,3,-99,9999
139.802394,35.833018,11221,3,99999,03111,草加中学校体育館,氷川町2179-4,3,-99,9999
139.816602,35.901166,11222,3,99999,03105,越谷市民プール,増林3-2-2,3,-99,9999
139.816602,35.90108,11222,3,99999,03129,越谷市民プール,増林3-2-2,3,-99,9999
139.767501,35.874052,11222,3,99999,03109,越谷市立西体育館,七左町4-223,3,-99,9999
139.815295,35.864455,11222,3,99999,03109,越谷市立南体育館,川柳町4-20,3,-99,9999
139.79809,35.93262,11222,3,99999,03109,越谷市立北体育館,大字大杉510,3,-99,9999
139.783986,35.900372,11222,3,99999,03109,越谷市立第２体育館,大沢2-10-21,3,-99,9999
139.783505,35.90004,11222,3,99999,03109,越谷市立第１体育館,大沢2-10-21,3,-99,9999
139.813527,35.902835,11222,3,99999,03109,総合体育館,増林2-33,4,-99,9999
139.813527,35.902739,11222,3,99999,03112,総合体育館,増林2-33,4,-99,9999
139.754789,35.91327,11222,3,99999,03104,しらこばと運動公園第２競技場,大字砂原39,4,-99,9999
139.753048,35.913381,11222,3,99999,03101,しらこばと運動公園競技場,大字小曽川729-1,4,-99,9999
139.786228,35.950795,11222,3,99999,03102,平方公園野球場,大字平方2402,3,-99,9999
139.81463,35.863948,11222,3,99999,03102,川柳公園野球場,川柳町4-15-1,3,-99,9999
139.764365,35.934371,11222,3,99999,03102,千間台第四公園野球場,千間台西4-1,3,-99,9999
139.797298,35.932378,11222,3,99999,03102,大杉公園野球場,大字大杉518,3,-99,9999
139.777677,35.908495,11222,3,99999,03102,北越谷第五公園野球場,北越谷5-482,3,-99,9999
139.754527,35.911884,11222,3,99999,03102,しらこばと運動公園野球場,大字砂原39,4,-99,9999
139.755234,35.910782,11222,3,99999,03102,しらこばと運動公園ソフトボール場,大字砂原39,4,-99,9999
139.816601,35.902897,11222,3,99999,03102,越谷市民球場,増林3-1,4,-99,9999
139.786852,35.949982,11222,3,99999,03115,平方公園庭球場,大字平方2402,4,-99,9999
139.765642,35.874231,11222,3,99999,03115,出羽公園庭球場,新川町1-429-2,3,-99,9999
139.814618,35.864627,11222,3,99999,03115,川柳公園庭球場,川柳町4-15-1,3,-99,9999
139.798054,35.932177,11222,3,99999,03115,北体育館庭球場,大字大杉510,3,-99,9999
139.815526,35.901877,11222,3,99999,03115,越谷総合公園庭球場,増林3-1,4,-99,9999
139.795704,35.8959,11222,3,99999,03115,東越谷第２公園庭球場,東越谷3-14,3,-99,9999
139.753095,35.910965,11222,3,99999,03115,しらこばと運動公園庭球場,大字砂原39,4,-99,9999
139.789086,35.899974,11222,3,99999,03121,緑の森公園越谷市弓道場,越ヶ谷2579,4,-99,9999
139.776414,35.908432,11222,3,99999,03121,北越谷第五公園洋弓場,北越谷5-482,3,-99,9999
139.818467,35.902094,11222,3,99999,03104,総合公園多目的運動場,増林3-1,4,-99,9999
139.805392,35.879604,11222,3,99999,03103,流通公園サッカー場,流通団地3-4,3,-99,9999
139.757989,35.884375,11222,3,99999,03105,県民健康福祉村,北後谷82,3,-99,9999
139.757989,35.884289,11222,3,99999,03129,県民健康福祉村,北後谷82,3,-99,9999
139.759237,35.884106,11222,3,99999,03115,県民健康福祉村,北後谷82,3,-99,9999
139.757407,35.883263,11222,3,99999,03104,県民健康福祉村,北後谷82,3,-99,9999
139.7602,35.883831,11222,3,99999,03102,県民健康福祉村,北後谷82,3,-99,9999
139.672582,35.82283,11223,3,99999,03102,富士見公園内野球場,錦町2-11,3,-99,9999
139.700633,35.824817,11223,3,99999,03102,塚越公園内野球場,塚越3-19,3,-99,9999
139.673063,35.824266,11223,3,99999,03115,富士見公園内庭球場,錦町2-11,3,-99,9999
139.67463,35.824148,11223,3,99999,03104,錦町スポーツ広場,錦町2-6,3,-99,9999
139.698006,35.820834,11223,3,99999,03146,大荒田ランニングコース,南町1･2地内,3,-99,9999
139.672039,35.822377,11223,3,99999,03146,富士見ランニングコース,錦町2地内,3,-99,9999
139.701038,35.823427,11223,3,99999,03146,市民公園ランニングコース,塚越5地内,3,-99,9999
139.680631,35.830798,11223,3,99999,03109,市民体育館,北町1-27-15,4,4,1980
139.680628,35.830839,11223,3,99999,03120,市民体育館,北町1-27-15,4,4,1980
139.680631,35.83088,11223,3,99999,03112,市民体育館,北町1-27-15,4,4,1980
139.680631,35.830716,11223,3,99999,03121,市民体育館,北町1-27-15,4,4,1980
139.680628,35.830675,11223,3,99999,03146,市民体育館,北町1-27-15,4,4,1980
139.680625,35.830636,11223,3,99999,03119,市民体育館,北町1-27-15,4,4,1980
139.680625,35.830598,11223,3,99999,03129,市民体育館,北町1-27-15,4,4,1980
139.689852,35.821507,11223,3,99999,03106,蕨市民プール,中央2-18-29,4,-99,9999
139.628233,35.827559,11224,3,99999,03115,彩湖・道満グリーンパーク,大字重瀬745（戸田市西端の荒川河川敷）,4,-99,9999
139.629065,35.826249,11224,3,99999,03102,彩湖・道満グリーンパーク,大字重瀬745（戸田市西端の荒川河川敷）,4,-99,9999
139.632583,35.821874,11224,3,99999,03103,彩湖・道満グリーンパーク,大字重瀬745（戸田市西端の荒川河川敷）,4,-99,9999
139.629124,35.823223,11224,3,99999,03101,彩湖・道満グリーンパーク,大字重瀬745（戸田市西端の荒川河川敷）,4,-99,9999
139.676931,35.802548,11224,3,99999,03137,戸田公園,戸田公園5-27,2,-99,9999
139.644364,35.827062,11224,3,99999,03102,新田公園,美女木,3,-99,9999
139.652305,35.818909,11224,3,99999,03103,惣右衛門公園サッカー場,笹目,3,-99,9999
139.642898,35.812515,11224,3,99999,03102,笹目公園野球場,笹目7-1-1,3,-99,9999
139.655607,35.824683,11224,3,99999,03102,北部公園野球場,笹目北町9,3,-99,9999
139.665781,35.820607,11224,3,99999,03101,戸田市スポーツセンター,新曽1286,4,-99,9999
139.666441,35.821361,11224,3,99999,03115,戸田市スポーツセンター,新曽1286,4,-99,9999
139.665434,35.821489,11224,3,99999,03120,戸田市スポーツセンター,新曽1286,4,-99,9999
139.665428,35.821417,11224,3,99999,03110,戸田市スポーツセンター,新曽1286,4,-99,9999
139.665428,35.82134,11224,3,99999,03111,戸田市スポーツセンター,新曽1286,4,-99,9999
139.666102,35.821785,11224,3,99999,03121,戸田市スポーツセンター,新曽1286,4,-99,9999
139.665422,35.821258,11224,3,99999,03109,戸田市スポーツセンター,新曽1286,4,-99,9999
139.664507,35.821325,11224,3,99999,03105,戸田市スポーツセンター,新曽1286,4,-99,9999
139.664513,35.820641,11224,3,99999,03106,戸田市スポーツセンター,新曽1286,4,-99,9999
139.665428,35.821176,11224,3,99999,03129,戸田市スポーツセンター,新曽1286,4,-99,9999
139.390938,35.834052,11225,3,99999,03109,入間市市民体育館,豊岡4-2-1,4,-99,9999
139.390938,35.833966,11225,3,99999,03129,入間市市民体育館,豊岡4-2-1,4,-99,9999
139.390938,35.833884,11225,3,99999,03146,入間市市民体育館,豊岡4-2-1,4,-99,9999
139.391728,35.833696,11225,3,99999,03101,入間市運動公園,豊岡4-2-1,4,-99,9999
139.390563,35.83347,11225,3,99999,03115,入間市運動公園,豊岡4-2-1,4,-99,9999
139.391722,35.833604,11225,3,99999,03102,入間市運動公園,豊岡4-2-1,4,-99,9999
139.390338,35.834038,11225,3,99999,03106,入間市運動公園,豊岡4-2-1,4,-99,9999
139.374937,35.844844,11225,3,99999,03112,入間市武道館,鍵山3-10-20,4,-99,9999
139.382245,35.850161,11225,3,99999,03104,黒須市民運動場,春日町地区内,4,-99,9999
139.378507,35.84929,11225,3,99999,03115,黒須市民運動場,春日町地区内,4,-99,9999
139.380855,35.849713,11225,3,99999,03102,黒須市民運動場,春日町地区内,4,-99,9999
139.345581,35.821982,11225,3,99999,03109,入間市農村環境改善センター,大字下谷ケ貫915-3,4,2,9999
139.345702,35.821387,11225,3,99999,03115,入間市農村環境改善センター,大字下谷ケ貫915-3,4,2,9999
139.374782,35.844346,11225,3,99999,03109,黒須地区体育館,鍵山3-10-20,3,-99,9999
139.368971,35.82246,11225,3,99999,03109,東金子地区体育館,小谷田371,3,-99,9999
139.401579,35.819407,11225,3,99999,03109,藤沢地区体育館,下藤沢988-1,3,-99,9999
139.358473,35.849902,11225,3,99999,03109,西武地区体育館,野田1134-57,3,-99,9999
139.378947,35.793523,11225,3,99999,03109,宮寺地区体育館,宮寺567,3,-99,9999
139.354301,35.84118,11225,3,99999,03115,西武市民運動場,大字野田字丸山地内（河川敷）,3,-99,9999
139.352406,35.840479,11225,3,99999,03102,西武市民運動場,大字野田字丸山地内（河川敷）,3,-99,9999
139.366789,35.832681,11225,3,99999,03109,青少年活動センター,小谷田1681-1,3,2,9999
139.380399,35.815184,11225,3,99999,03115,中央公園,扇町屋1250-1,3,-99,9999
139.379395,35.81568,11225,3,99999,03102,中央公園,扇町屋1250-1,3,-99,9999
139.377951,35.816065,11225,3,99999,03106,中央公園,扇町屋1250-1,3,-99,9999
139.397274,35.831696,11225,3,99999,03102,富士見公園,東町1-16,3,-99,9999
139.397277,35.831621,11225,3,99999,03103,富士見公園,東町1-16,3,-99,9999
139.398597,35.835046,11225,3,99999,03104,彩の森入間公園,向陽台2地内,2,-99,9999
139.584951,35.806532,11227,3,99999,03107,溝沼子どもプール,大字溝沼1033,3,-99,9999
139.595594,35.792978,11227,3,99999,03109,総合体育館,青葉台1-8-1,3,-99,9999
139.595594,35.792901,11227,3,99999,03129,総合体育館,青葉台1-8-1,3,-99,9999
139.607234,35.824045,11227,3,99999,03121,内間木公園弓道場,大字上内間木518-3,3,-99,9999
139.595141,35.791767,11227,3,99999,03101,中央公園陸上競技場,青葉台1-9-1,3,-99,9999
139.591051,35.796217,11227,3,99999,03102,青葉台公園芝生広場,大字膝折2-30,3,-99,9999
139.606934,35.823833,11227,3,99999,03115,内間木公園テニスコート,大字上内間木518-3,3,-99,9999
139.593575,35.798945,11227,3,99999,03110,武道館,本町1-12-3,3,-99,9999
139.593575,35.798906,11227,3,99999,03111,武道館,本町1-12-3,3,-99,9999
139.593578,35.798865,11227,3,99999,03113,武道館,本町1-12-3,3,-99,9999
139.590388,35.794417,11227,3,99999,03115,青葉台公園テニスコート,大字膝折2-30,3,-99,9999
139.594281,35.789942,11227,3,99999,03102,中央公園野球場,青葉台1-9-2,3,-99,9999
139.589337,35.818242,11227,3,99999,03102,北朝霞公園野球場,北原1-3,3,-99,9999
139.607421,35.823429,11227,3,99999,03102,内間木公園ソフトボール場,大字上内間木518-3,3,-99,9999
139.606812,35.832613,11227,3,99999,03103,上野荒川運動公園サッカー場,大字上内間木651-1,3,-99,9999
139.591045,35.795265,11227,3,99999,03138,青葉台公園ゲートボール場,大字膝折2-30,3,-99,9999
139.583848,35.81166,11227,3,99999,03115,弁財公園テニスコート,東弁財3-4,3,-99,9999
139.608637,35.808154,11227,3,99999,03115,積水化学工業（株）東京工場テニスコート,根岸台3-15-1,3,-99,9999
139.607763,35.832069,11227,3,99999,03102,上野荒川運動公園野球場,大字上内間木651-1,3,-99,9999
139.588999,35.802513,11227,3,99999,03115,滝の根テニスコート,溝沼2-962,3,-99,9999
139.606687,35.824082,11227,3,99999,03138,内間木公園ゲートボール場,大字上内間木518-3,3,-99,9999
139.598694,35.816702,11227,3,99999,03105,わくわくどーむ（健康増進センター）,大字浜崎27,3,-99,9999
139.598694,35.816625,11227,3,99999,03129,わくわくどーむ（健康増進センター）,大字浜崎27,3,-99,9999
139.598694,35.816552,11227,3,99999,03132,わくわくどーむ（健康増進センター）,大字浜崎27,3,-99,9999
139.557099,35.825371,11228,3,99999,03109,志木市民体育館,館2-2-5,3,-99,9999
139.557093,35.825289,11228,3,99999,03120,志木市民体育館,館2-2-5,3,-99,9999
139.557087,35.825212,11228,3,99999,03129,志木市民体育館,館2-2-5,3,-99,9999
139.571517,35.831186,11228,3,99999,03110,志木市武道館,柏町3-6-19,3,-99,9999
139.571517,35.831148,11228,3,99999,03111,志木市武道館,柏町3-6-19,3,-99,9999
139.571514,35.831109,11228,3,99999,03121,志木市武道館,柏町3-6-19,3,-99,9999
139.571514,35.831073,11228,3,99999,03119,志木市武道館,柏町3-6-19,3,-99,9999
139.588627,35.848697,11228,3,99999,03120,秋ヶ瀬スポーツセンター,上宗岡4-25-46（秋ケ瀬スポーツセンター内）,3,-99,9999
139.589673,35.849776,11228,3,99999,03101,秋ケ瀬総合運動場,上宗岡4-25-46（秋ケ瀬スポーツセンター内）,3,-99,9999
139.589518,35.850503,11228,3,99999,03115,秋ケ瀬総合運動場,上宗岡4-25-46（秋ケ瀬スポーツセンター内）,3,-99,9999
139.596096,35.847811,11228,3,99999,03102,秋ケ瀬運動公園,上宗岡4-25-46（秋ケ瀬スポーツセンター内）,3,-99,9999
139.595852,35.846149,11228,3,99999,03103,秋ケ瀬運動公園,上宗岡4-25-46（秋ケ瀬スポーツセンター内）,3,-99,9999
139.595288,35.845268,11228,3,99999,03115,秋ケ瀬運動公園,上宗岡4-25-46（秋ケ瀬スポーツセンター内）,3,-99,9999
139.590891,35.851972,11228,3,99999,03104,秋ケ瀬運動公園,上宗岡4-25-46（秋ケ瀬スポーツセンター内）,3,-99,9999
139.606331,35.776875,11229,3,99999,03109,和光市総合体育館,広沢3-1,3,-99,9999
139.606331,35.776793,11229,3,99999,03129,和光市総合体育館,広沢3-1,3,-99,9999
139.606331,35.776716,11229,3,99999,03110,和光市総合体育館,広沢3-1,3,-99,9999
139.606331,35.776639,11229,3,99999,03111,和光市総合体育館,広沢3-1,3,-99,9999
139.606325,35.776561,11229,3,99999,03121,和光市総合体育館,広沢3-1,3,-99,9999
139.614805,35.774682,11229,3,99999,03102,和光市運動場,南2-2-2,3,-99,9999
139.613887,35.774445,11229,3,99999,03115,和光市運動場,南2-2-2,3,-99,9999
139.636358,35.802552,11229,3,99999,03102,荒川河川敷運動公園,荒川河川敷,3,-99,9999
139.634207,35.803372,11229,3,99999,03104,荒川河川敷運動公園,荒川河川敷,3,-99,9999
139.612145,35.784768,11229,3,99999,03112,武道館,武道館中央1-1-6,3,-99,9999
139.618239,35.798081,11229,3,99999,03138,外環花の木ゲートボール場,新倉2-3450,3,-99,9999
139.623372,35.803386,11229,3,99999,03109,アクシス,新倉7-10-7,4,3,9999
139.623372,35.803319,11229,3,99999,03129,アクシス,新倉7-10-7,4,3,9999
139.606031,35.783093,11229,3,99999,03105,温水プール（総合児童センター内）,広沢1-5,3,-99,9999
139.602015,35.774557,11229,3,99999,03115,司法研修所,南2-3-8,3,-99,9999
139.602751,35.774976,11229,3,99999,03104,司法研修所,南2-3-8,3,-99,9999
139.604881,35.773436,11229,3,99999,03115,税務大学校,南2-3-7,3,-99,9999
139.605737,35.77346,11229,3,99999,03104,税務大学校,南2-3-7,3,-99,9999
139.612225,35.77321,11229,3,99999,03115,裁判所職員研修所,南2-3-5,3,-99,9999
139.611185,35.773369,11229,3,99999,03104,裁判所職員研修所,南2-3-5,3,-99,9999
139.599172,35.77725,11229,3,99999,03104,和光樹林公園,広沢地内,3,-99,1945
139.598744,35.776637,11229,3,99999,03146,和光樹林公園,広沢地内,3,-99,1945
139.548761,35.778947,11230,3,99999,03115,西堀庭球場,本多2-5-15,3,-99,9999
139.563154,35.798007,11230,3,99999,03115,野火止庭球場,野火止4-2-5,3,-99,9999
139.553215,35.785401,11230,3,99999,03109,新座市民総合体育館,本多2-1-20,3,-99,9999
139.553215,35.785355,11230,3,99999,03110,新座市民総合体育館,本多2-1-20,3,-99,9999
139.553218,35.785302,11230,3,99999,03111,新座市民総合体育館,本多2-1-20,3,-99,9999
139.553215,35.785249,11230,3,99999,03113,新座市民総合体育館,本多2-1-20,3,-99,9999
139.55271,35.785061,11230,3,99999,03121,新座市民総合体育館,本多2-1-20,3,-99,9999
139.553212,35.785203,11230,3,99999,03119,新座市民総合体育館,本多2-1-20,3,-99,9999
139.553212,35.785155,11230,3,99999,03120,新座市民総合体育館,本多2-1-20,3,-99,9999
139.553209,35.785112,11230,3,99999,03129,新座市民総合体育館,本多2-1-20,3,-99,9999
139.553206,35.785064,11230,3,99999,03146,新座市民総合体育館,本多2-1-20,3,-99,9999
139.582415,35.778863,11230,3,99999,03109,福祉の里体育館,新塚1-4-5,3,-99,9999
139.582421,35.778786,11230,3,99999,03120,福祉の里体育館,新塚1-4-5,3,-99,9999
139.549974,35.784039,11230,3,99999,03101,総合運動公園,本多2-8-16,3,-99,9999
139.549642,35.785933,11230,3,99999,03102,総合運動公園,本多2-8-16,3,-99,9999
139.558104,35.775671,11230,3,99999,03102,殿山運動場,堀ノ内3-4-16,3,-99,9999
139.558098,35.775727,11230,3,99999,03103,殿山運動場,堀ノ内3-4-16,3,-99,9999
139.554534,35.777012,11230,3,99999,03102,堀ノ内少年運動場,堀ノ内3-9-44,3,-99,9999
139.568448,35.777384,11230,3,99999,03102,馬場運動場,馬場4-8-56,3,-99,9999
139.543166,35.80741,11230,3,99999,03102,大和田運動場,大和田3-8-9,3,-99,9999
139.562771,35.797426,11230,3,99999,03102,野火止運動場,野火止4-2-5,3,-99,9999
139.562771,35.797479,11230,3,99999,03103,野火止運動場,野火止4-2-5,3,-99,9999
139.544069,35.80802,11230,3,99999,03103,大和田少年サッカー場,大和田3-8-9,3,-99,9999
139.548053,35.786426,11230,3,99999,03115,本多庭球場,本多2-7-87,3,-99,9999
139.584675,35.779768,11230,3,99999,03115,栄庭球場,新塚5061-2,3,-99,9999
139.565133,35.774367,11230,3,99999,03106,片山ファミリープール,道場1-13-54,3,-99,9999
139.556026,35.812433,11230,3,99999,03107,大和田ファミリープール,大和田5-5-16,3,-99,9999
139.545345,35.993569,11231,3,99999,03109,桶川サンアリーナ,下日出谷西2-4-1,3,-99,9999
139.545348,35.993524,11231,3,99999,03129,桶川サンアリーナ,下日出谷西2-4-1,3,-99,9999
139.545348,35.993475,11231,3,99999,03110,桶川サンアリーナ,下日出谷西2-4-1,3,-99,9999
139.545348,35.993432,11231,3,99999,03111,桶川サンアリーナ,下日出谷西2-4-1,3,-99,9999
139.545348,35.99392,11231,3,99999,03121,桶川サンアリーナ,下日出谷西2-4-1,3,-99,9999
139.545342,35.993384,11231,3,99999,03120,桶川サンアリーナ,下日出谷西2-4-1,3,-99,9999
139.545339,35.993341,11231,3,99999,03146,桶川サンアリーナ,下日出谷西2-4-1,3,-99,9999
139.51459,35.989069,11231,3,99999,03102,総合運動場,川田谷,3,-99,9999
139.836575,35.812873,11234,3,99999,03109,文化スポーツセンター,八潮3-31,3,-99,9999
139.842249,35.825388,11234,3,99999,03109,エイトアリーナ（鶴ケ曽根体育館）,大字鶴ヶ曽根1535-1,3,-99,9999
139.857384,35.814693,11234,3,99999,03109,ゆまにて（勤労者体育センター）,大字南川崎523,3,-99,9999
139.833651,35.839753,11234,3,99999,03102,八潮北公園,大字新町30,3,-99,9999
139.833594,35.83897,11234,3,99999,03115,八潮北公園,大字新町30,3,-99,9999
139.836599,35.814144,11234,3,99999,03102,大原公園,八潮3-27,3,-99,9999
139.836664,35.813364,11234,3,99999,03115,大原公園,八潮3-27,3,-99,9999
139.8321,35.844899,11234,3,99999,03115,八条親水公園,大字八條1620-3,3,-99,9999
139.857246,35.80765,11234,3,99999,03102,大瀬運動公園,大字大瀬1305-1,3,-99,9999
139.858527,35.807592,11234,3,99999,03103,大瀬運動公園,大字大瀬1305-1,3,-99,9999
139.8305,35.826709,11234,3,99999,03115,松之木公園,緑町3-19,3,-99,9999
139.858114,35.794637,11234,3,99999,03102,八潮南公園運動広場,大字大瀬1847-8,3,-99,9999
139.842793,35.830731,11234,3,99999,03102,鶴ケ曽根下河原運動広場,大字鶴ヶ曽根2214,3,-99,9999
139.842626,35.826032,11234,3,99999,03103,鶴ケ曽根運動広場,大字鶴ヶ曽根1687-1,3,-99,9999
139.842626,35.825943,11234,3,99999,03104,鶴ケ曽根運動広場,大字鶴ヶ曽根1687-1,3,-99,9999
139.837185,35.840606,11234,3,99999,03102,八條幸ノ宮運動広場,大字八條2338-1,3,-99,9999
139.551558,35.856997,11235,3,99999,03109,市民総合体育館,鶴馬1887-1,3,3,1990
139.551558,35.856915,11235,3,99999,03110,市民総合体育館,鶴馬1887-1,3,3,1990
139.551558,35.856838,11235,3,99999,03111,市民総合体育館,鶴馬1887-1,3,3,1990
139.551558,35.856756,11235,3,99999,03121,市民総合体育館,鶴馬1887-1,3,3,1990
139.551552,35.856674,11235,3,99999,03129,市民総合体育館,鶴馬1887-1,3,3,1990
139.584184,35.854891,11235,3,99999,03102,富士見市運動公園,南畑新田1267-1,3,-99,9999
139.585515,35.854323,11235,3,99999,03115,富士見市運動公園,南畑新田1267-1,3,-99,9999
139.58605,35.854915,11235,3,99999,03103,富士見市運動公園,南畑新田1267-1,3,-99,9999
139.586044,35.855012,11235,3,99999,03101,富士見市運動公園,南畑新田1267-1,3,-99,9999
139.563841,35.865485,11235,3,99999,03102,富士見市第２運動公園,みどり野南4-1,3,-99,9999
139.565101,35.865384,11235,3,99999,03103,富士見市第２運動公園,みどり野南4-1,3,-99,9999
139.569997,35.872215,11235,3,99999,03102,びん沼公園,南畑新田1513,3,-99,9999
139.87326,35.835348,11237,3,99999,03109,総合体育館,茂田井2,3,-99,9999
139.87326,35.835271,11237,3,99999,03110,総合体育館,茂田井2,3,-99,9999
139.87326,35.835199,11237,3,99999,03111,総合体育館,茂田井2,3,-99,9999
139.873266,35.835122,11237,3,99999,03132,総合体育館,茂田井2,3,-99,9999
139.873254,35.835045,11237,3,99999,03146,総合体育館,茂田井2,3,-99,9999
139.871487,35.829372,11237,3,99999,03109,勤労者体育館,谷口571,3,-99,9999
139.871487,35.82929,11237,3,99999,03129,勤労者体育館,谷口571,3,-99,9999
139.874914,35.789956,11237,3,99999,03109,高州地区体育館,高州3-29,4,-99,9999
139.869686,35.851833,11237,3,99999,03109,瑞沼市民センター,上彦名870,3,4,9999
139.870937,35.851845,11237,3,99999,03104,瑞沼市民センター,上彦名870,3,4,9999
139.884172,35.797676,11237,3,99999,03109,鷹野文化センター,鷹野4-70,3,-99,9999
139.881511,35.814219,11237,3,99999,03109,東和東地区文化センター,新和3-261-2,3,-99,9999
139.849509,35.840853,11237,3,99999,03109,彦成地区文化センター,彦野1-161,3,-99,9999
139.873143,35.786477,11237,3,99999,03147,みさと公園,高州3,4,-99,9999
139.413926,35.977492,11239,3,99999,03109,坂戸市民総合運動公園,大字石井1550,3,-99,9999
139.412642,35.977315,11239,3,99999,03106,坂戸市民総合運動公園,大字石井1550,3,-99,9999
139.413932,35.977411,11239,3,99999,03120,坂戸市民総合運動公園,大字石井1550,3,-99,9999
139.413932,35.977329,11239,3,99999,03110,坂戸市民総合運動公園,大字石井1550,3,-99,9999
139.413932,35.977257,11239,3,99999,03111,坂戸市民総合運動公園,大字石井1550,3,-99,9999
139.414431,35.977007,11239,3,99999,03121,坂戸市民総合運動公園,大字石井1550,3,-99,9999
139.413724,35.976528,11239,3,99999,03118,坂戸市民総合運動公園,大字石井1550,3,-99,9999
139.413932,35.977175,11239,3,99999,03129,坂戸市民総合運動公園,大字石井1550,3,-99,9999
139.412892,35.978098,11239,3,99999,03115,坂戸市民総合運動公園,大字石井1550,3,-99,9999
139.413189,35.978824,11239,3,99999,03102,坂戸市民総合運動公園,大字石井1550,3,-99,9999
139.411329,35.978291,11239,3,99999,03104,坂戸市民総合運動公園,大字石井1550,3,-99,9999
139.413219,35.976406,11239,3,99999,03107,坂戸市民総合運動公園,大字石井1550,3,-99,9999
139.399184,35.921953,11241,3,99999,03104,鶴ヶ島市運動公園,大字太田ヶ谷,3,-99,9999
139.399585,35.922358,11241,3,99999,03146,鶴ヶ島市運動公園,大字太田ヶ谷,3,-99,9999
139.384468,35.922976,11241,3,99999,03115,市民テニス場,三ツ木935,3,-99,9999
139.391449,35.949782,11241,3,99999,03115,脚折近隣公園テニスコート,脚折町2-24,3,-99,9999
139.412389,35.925107,11241,3,99999,03115,南近隣公園テニスコート,松ヶ丘5-28,3,-99,9999
139.41422,35.953288,11241,3,99999,03115,富士見中央近隣公園テニスコート,富士見4-1,3,-99,9999
139.37286,35.927009,11241,3,99999,03103,西少年サッカー場,高倉612-1,3,-99,9999
139.400182,35.92181,11241,3,99999,03102,運動公園,太田ヶ谷201-8,3,-99,9999
139.391051,35.950102,11241,3,99999,03102,脚折近隣公園,脚折町2-24,3,-99,9999
139.416178,35.931748,11241,3,99999,03109,鶴ヶ島海洋センター,大字鶴ヶ丘54-4,4,-99,9999
139.416178,35.931704,11241,3,99999,03120,鶴ヶ島海洋センター,大字鶴ヶ丘54-4,4,-99,9999
139.416178,35.931663,11241,3,99999,03111,鶴ヶ島海洋センター,大字鶴ヶ丘54-4,4,-99,9999
139.416178,35.931618,11241,3,99999,03105,鶴ヶ島海洋センター,大字鶴ヶ丘54-4,4,-99,9999
139.337831,35.909102,11242,3,99999,03109,文化体育館「ひだかアリーナ」,大字南平沢1010,3,-99,9999
139.337231,35.908933,11242,3,99999,03121,文化体育館「ひだかアリーナ」,大字南平沢1010,3,-99,9999
139.337831,35.909025,11242,3,99999,03129,文化体育館「ひだかアリーナ」,大字南平沢1010,3,-99,9999
139.338466,35.905655,11242,3,99999,03106,市民プール,大字南平沢1121,3,-99,9999
139.38239,35.900095,11242,3,99999,03115,日高総合公園,大字高萩1500,3,-99,9999
139.383768,35.900635,11242,3,99999,03104,日高総合公園,大字高萩1500,3,-99,9999
139.326757,35.909925,11242,3,99999,03104,北平沢運動場,大字北平沢1009,3,-99,9999
139.312,35.882817,11242,3,99999,03104,巾着田運動場,大字高麗本郷25,3,-99,9999
139.314807,35.883934,11242,3,99999,03115,テニスコート,大字梅原5-3,3,-99,9999
139.373137,35.909787,11242,3,99999,03115,テニスコート（高萩北公民館内）,大字旭ヶ丘997-1,3,-99,9999
139.300134,35.873014,11242,3,99999,03115,テニスコート（武蔵台公民館内）,武蔵台5-1-2,3,-99,9999
139.857849,35.895554,11243,3,99999,03115,吉川運動公園テニスコート,きよみ野1-5,3,-99,9999
139.858298,35.903731,11243,3,99999,03109,総合体育館,上笹塚1-58-1,3,-99,9999
139.858298,35.903654,11243,3,99999,03110,総合体育館,上笹塚1-58-1,3,-99,9999
139.858298,35.903577,11243,3,99999,03111,総合体育館,上笹塚1-58-1,3,-99,9999
139.858298,35.9035,11243,3,99999,03129,総合体育館,上笹塚1-58-1,3,-99,9999
139.857585,35.892448,11243,3,99999,03115,沼辺公園テニスコート,吉川933,3,-99,9999
139.843389,35.928359,11243,3,99999,03103,東埼玉テクノポリス多目的グラウンド,旭4,3,-99,9999
139.869345,35.91556,11243,3,99999,03102,県営吉川公園,八子新田,3,-99,9999
139.867669,35.918784,11243,3,99999,03103,県営吉川公園,八子新田,3,-99,9999
139.843811,35.93011,11243,3,99999,03102,旭公園球場,旭2977,3,-99,9999
139.859173,35.902423,11243,3,99999,03105,屋内温水プール,上笹塚1-79-1,3,-99,9999
139.48736,35.843909,11245,3,99999,03109,ふじみ野市立大井総合体育館,大井武蔵野1392-1,4,-99,9999
139.486992,35.843976,11245,3,99999,03112,ふじみ野市立大井総合体育館,大井武蔵野1392-1,4,-99,9999
139.487259,35.845014,11245,3,99999,03121,ふじみ野市大井弓道場,大井武蔵野1395-1,4,-99,9999
139.487398,35.844635,11245,3,99999,03115,ふじみ野市武蔵野テニスコート,大井武蔵野1394-1,4,-99,9999
139.519292,35.878779,11245,3,99999,03109,ふじみ野市立上野台体育館,福岡1-1-3,4,-99,9999
139.539968,35.869771,11245,3,99999,03109,ふじみ野市立駒林体育館,駒林28,4,-99,9999
139.544543,35.873361,11245,3,99999,03102,ふじみ野市運動公園,福岡新田247-1,4,-99,9999
139.544852,35.872656,11245,3,99999,03115,ふじみ野市運動公園,福岡新田247-1,4,-99,9999
139.54326,35.872511,11245,3,99999,03121,ふじみ野市運動公園,福岡新田247-1,4,-99,9999
139.505782,35.857055,11245,3,99999,03115,聖路加テニスコート,大井中央1-18,3,-99,9999
139.639544,35.989903,11301,3,99999,03115,南テニスコート,栄6-1,3,-99,9999
139.637453,35.978368,11301,3,99999,03109,ふれあい活動センター,大字小室2450-1,3,-99,9999
139.637441,35.978282,11301,3,99999,03129,ふれあい活動センター,大字小室2450-1,3,-99,9999
139.527701,35.826816,11324,3,99999,03115,運動公園テニスコート,大字藤久保1120-1,3,-99,9999
139.539663,35.824946,11324,3,99999,03115,竹間沢テニスコート,大字竹間沢254-1,3,-99,9999
139.527959,35.826672,11324,3,99999,03121,弓道場,大字藤久保1120-1,3,-99,9999
139.527294,35.829085,11324,3,99999,03109,三芳町総合体育館,大字藤久保1100-1,3,-99,9999
139.527294,35.829008,11324,3,99999,03112,三芳町総合体育館,大字藤久保1100-1,3,-99,9999
139.527294,35.828926,11324,3,99999,03129,三芳町総合体育館,大字藤久保1100-1,3,-99,9999
139.5273,35.828844,11324,3,99999,03146,三芳町総合体育館,大字藤久保1100-1,3,-99,9999
139.28844,35.939368,11326,3,99999,03142,ゆずの里オートキャンプ場,大字滝ノ入585,3,-99,9999
139.309534,35.922731,11326,3,99999,03109,毛呂山総合公園,大字大谷木443,3,-99,9999
139.311299,35.923746,11326,3,99999,03103,毛呂山総合公園,大字大谷木443,3,-99,9999
139.308655,35.919892,11326,3,99999,03115,毛呂山総合公園,大字大谷木443,3,-99,9999
139.315045,35.94402,11326,3,99999,03104,岩井グラウンド,大字岩井西2-31-1,3,-99,9999
139.334324,35.953475,11326,3,99999,03104,西戸グラウンド,大字西戸125-1,3,-99,9999
139.337332,35.947288,11326,3,99999,03104,川角グラウンド,大字川角659-1,3,-99,9999
139.344536,35.958828,11326,3,99999,03102,大類グラウンド,大字大類717,3,-99,9999
139.346566,35.95898,11326,3,99999,03102,大類ソフトボールパーク,大字大類620-1,3,-99,9999
139.310217,35.942506,11326,3,99999,03121,弓道場,大字岩井2916-2,3,-99,9999
139.3327,35.951812,11326,3,99999,03115,川角公園,大字川角1833,3,-99,9999
139.292916,35.964926,11327,3,99999,03109,中央公民館,越生917,3,-99,1983
139.444584,35.982967,11346,3,99999,03104,八幡運動公園底面グラウンド,八幡5-10-38,3,-99,9999
139.445368,35.987679,11346,3,99999,03138,八幡運動公園ゲートボール場,八幡6-1-8,3,-99,9999
139.446046,35.987354,11346,3,99999,03115,八幡運動公園テニスコート,八幡6-8,3,-99,9999
139.486106,35.991846,11346,3,99999,03104,平成の森公園多目的広場,大字下八ツ林920,3,-99,9999
139.351387,35.982133,11348,3,99999,03109,鳩山町民体育館,鳩ヶ丘5-16-2,3,-99,9999
139.351381,35.982061,11348,3,99999,03120,鳩山町民体育館,鳩ヶ丘5-16-2,3,-99,9999
139.351381,35.981989,11348,3,99999,03110,鳩山町民体育館,鳩ヶ丘5-16-2,3,-99,9999
139.351381,35.981916,11348,3,99999,03111,鳩山町民体育館,鳩ヶ丘5-16-2,3,-99,9999
139.351061,35.991817,11348,3,99999,03102,多世代活動交流センター運動場,松ヶ丘4-1-1,3,-99,9999
139.351732,35.991351,11348,3,99999,03109,多世代活動交流センター体育館,松ヶ丘4-1-1,3,-99,9999
139.351356,35.983423,11348,3,99999,03104,梅沢運動場,鳩ヶ丘5-1455-3,3,-99,9999
139.325602,35.990586,11348,3,99999,03104,亀井運動場,大字泉井805-1,3,-99,9999
139.333915,35.985009,11348,3,99999,03115,中央庭球場,大字熊井19-1,3,-99,9999
139.337797,35.970008,11348,3,99999,03115,小用庭球場,大字小用1234-2,3,-99,9999
139.356927,35.979988,11348,3,99999,03115,テニスガーデン,大字石坂1234-1,3,-99,9999
139.138447,35.978091,11361,3,99999,03109,旧芦ヶ久保小学校,大字芦ヶ久保637,3,-99,9999
139.105033,35.972839,11361,3,99999,03104,１区コミュニティ広場,大字横瀬348-1,3,-99,9999
139.111201,35.975627,11361,3,99999,03104,３区コミュニティ広場,大字横瀬852-1,3,-99,9999
139.111392,35.981186,11361,3,99999,03104,苅米コミュニティ広場,大字横瀬1331-5,3,-99,9999
139.092201,35.980869,11361,3,99999,03104,上宇根コミュニティ広場,大字横瀬3305-1,3,-99,9999
139.102267,35.992784,11361,3,99999,03104,１２区コミュニティ広場,大字横瀬6500,3,-99,9999
139.10053,35.999382,11361,3,99999,03104,川西コミュニティ広場,大字横瀬5253-1,3,-99,9999
139.155188,35.97341,11361,3,99999,03104,赤谷コミュニティ広場,大字芦ヶ久保1139-1,3,-99,9999
139.049191,35.991681,11365,3,99999,03104,秩父ミューズパーク,長留,3,-99,9999
139.830685,35.921615,11465,3,99999,03115,松伏記念公園テニスコート,ゆめみ野東3-14,3,-99,9999
139.831001,35.920205,11465,3,99999,03103,松伏総合公園多目的競技場,ゆめみ野東4-1,3,-99,9999
139.831244,35.919584,11465,3,99999,03104,松伏総合公園多目的競技場,ゆめみ野東4-1,3,-99,9999
139.830049,35.922678,11465,3,99999,03102,松伏記念公園多目的広場,ゆめみ野東3-14,3,-99,9999
139.831519,35.922735,11465,3,99999,03109,松伏町Ｂ＆Ｇ海洋センター,ゆめみ野東3-14-8,3,-99,9999
139.831525,35.922653,11465,3,99999,03112,松伏町Ｂ＆Ｇ海洋センター,ゆめみ野東3-14-8,3,-99,9999
139.831828,35.922408,11465,3,99999,03105,松伏町Ｂ＆Ｇ海洋センター,ゆめみ野東3-14-8,3,-99,9999
139.974346,35.951036,08224,3,03003,03003,守谷中央図書館,大柏937-2,3,-99,9999
139.933499,35.996845,08211,3,99999,03109,菅野小学校,菅生町4711,3,-99,9999
139.933868,35.996744,08211,3,99999,03112,菅野小学校,菅生町4711,3,-99,9999
139.934011,35.99635,08211,3,99999,03104,菅野小学校,菅生町4711,3,-99,9999
139.975504,35.969775,08224,3,99999,03115,立沢公園テニスコート,久保ケ丘1付近,3,-99,9999
139.982885,35.940593,08224,3,99999,03115,松ケ丘公園テニスコート,松ケ丘4付近,3,-99,9999
139.961096,35.933811,08224,3,99999,03102,大利根運動公園野球場,野木崎,3,-99,9999
139.966063,35.962981,08224,3,99999,03102,板戸井公園野球場,薬師台4,3,-99,9999
139.961573,35.960003,08224,3,99999,03102,北守谷野球場,薬師台6,3,-99,9999
139.996848,35.931794,08224,3,99999,03102,南守谷野球場,けやき台2,3,-99,9999
139.947601,35.94763,08224,3,99999,03102,常総運動公園,野木崎4700,3,-99,9999
139.948332,35.951233,08224,3,99999,03115,常総運動公園,野木崎4700,3,-99,9999
139.949401,35.951743,08224,3,99999,03109,常総運動公園,野木崎4700,3,-99,9999
139.949051,35.95244,08224,3,99999,03105,常総運動公園,野木崎4700,3,-99,9999
139.948902,35.950175,08224,3,99999,03138,常総運動公園,野木崎4700,3,-99,9999
139.986454,35.929171,08224,3,99999,03109,高野小学校,高野1342,3,-99,9999
139.987764,35.928722,08224,3,99999,03104,高野小学校,高野1342,3,-99,9999
139.964695,35.945667,08224,3,99999,03109,大野小学校,野木崎492,3,-99,9999
139.965325,35.945672,08224,3,99999,03104,大野小学校,野木崎492,3,-99,9999
139.965201,35.962159,08224,3,99999,03109,大井沢小学校,薬師台4-12,3,-99,9999
139.965219,35.961408,08224,3,99999,03104,大井沢小学校,薬師台4-12,3,-99,9999
139.986694,35.953982,08224,3,99999,03109,黒内小学校,百合ケ丘2-2349,3,-99,9999
139.986516,35.953126,08224,3,99999,03104,黒内小学校,百合ケ丘2-2349,3,-99,9999
139.973522,35.964669,08224,3,99999,03109,御所ケ丘小学校,御所ケ丘5-15,3,-99,9999
139.97294,35.963885,08224,3,99999,03104,御所ケ丘小学校,御所ケ丘5-15,3,-99,9999
139.981936,35.942467,08224,3,99999,03109,松ケ丘小学校,松ケ丘4-12,3,-99,9999
139.982548,35.94203,08224,3,99999,03104,松ケ丘小学校,松ケ丘4-12,3,-99,9999
139.986472,35.948885,08224,3,99999,03109,守谷中学校,百合ケ丘2-2675,3,-99,9999
139.985771,35.948539,08224,3,99999,03104,守谷中学校,百合ケ丘2-2675,3,-99,9999
139.986472,35.948808,08224,3,99999,03120,守谷中学校,百合ケ丘2-2675,3,-99,9999
139.985112,35.948284,08224,3,99999,03112,守谷中学校,百合ケ丘2-2675,3,-99,9999
139.974864,35.963443,08224,3,99999,03120,御所ケ丘中学校,御所ケ丘4-16,3,-99,9999
139.975113,35.963755,08224,3,99999,03112,御所ケ丘中学校,御所ケ丘4-16,3,-99,9999
139.992977,35.939783,08224,3,99999,03120,けやき台中学校,けやき台5-21-1,3,-99,9999
139.992721,35.940043,08224,3,99999,03112,けやき台中学校,けやき台5-21-1,3,-99,9999
139.980318,35.976475,08235,3,99999,03115,絹の台桜公園,絹の台3,3,-99,9999
139.980466,35.97698,08235,3,99999,03104,絹の台桜公園,絹の台3,3,-99,9999
