X,Y,P27_001,P27_002,P27_003,P27_004,P27_005,P27_006,P27_007,P27_008,P27_009
138.192545,36.627654,20201,3,03001,03001,水野美術館,若里6-2-20,4,-99,9999
138.197076,36.564722,20201,3,03001,03001,池田満寿夫美術館,松代町殿町城跡10,4,-99,1997
138.19099,36.661475,20201,3,03001,03001,長野県信濃美術館・東山魁夷館,箱清水1-4-4,2,-99,1966
138.252427,36.617761,20201,3,03001,03001,北野美術館,若穂綿内7963-2,4,-99,1968
138.146,36.579584,20201,3,03001,03001,驥山館,篠ノ井布施高田380,4,2,1962
138.246241,36.404033,20203,3,03001,03001,上田市山本鼎記念館,二の丸3-4（上田公園内）,3,2,1962
138.154961,36.352986,20203,3,03001,03001,常楽寺美術館,別所温泉,4,-99,1970
138.198048,36.341655,20203,3,03001,03001,信濃デッサン館,東前山300,4,1,1979
138.247578,36.40282,20203,3,03001,03001,石井鶴三美術館,大手2-8-2,4,-99,1985
138.140452,36.230635,20203,3,03001,03001,美ヶ原高原美術館,武石上本入美ケ原高原,4,-99,1981
138.070737,36.064551,20204,3,03001,03001,小さな絵本美術館,長地権現4-6-13,4,-99,1990
138.048763,36.0601,20204,3,03001,03001,日本童画美術館（イルフ童画館）,中央町2-2-1,3,-99,1998
138.111823,36.055128,20206,3,03001,03001,サンリツ服部美術館,湖岸通り2-1-1,4,2,1995
138.098462,36.038963,20206,3,03001,03001,諏訪市原田泰治美術館,渋崎1792-375,3,2,1998
138.112767,36.047795,20206,3,03001,03001,諏訪市美術館,湖岸通り4-1-14,3,2,1943
138.111784,36.055858,20206,3,03001,03001,北澤美術館,湖岸通り1-13-28,4,3,1983
138.08033,36.028438,20206,3,03001,03001,北澤美術館新館,豊田2400-7（SUWAガラスの里2階）,4,3,2003
138.308457,36.654409,20207,3,03001,03001,岡信孝コレクション須坂クラシック美術館,大字須坂371-6,3,2,1995
138.31216,36.631267,20207,3,03001,03001,小池千枝コレクション世界の民俗人形博物館,大字野辺1367-1,3,2,1997
138.318699,36.637399,20207,3,03001,03001,須坂版画美術館・平塚運一版画美術館,大字野辺1386-8,3,-99,1991
138.419734,36.347003,20208,3,03001,03001,小諸高原美術館・白鳥映雪館,大字菱平2805-1,3,1,1998
138.414984,36.328291,20208,3,03001,03001,小諸市立小山敬三美術館,丁221,3,1,1975
138.375714,36.754297,20211,3,03001,03001,中野小学校旧校舎・信州中野銅石版画ミュージアム,大字一本木479-5,3,-99,1984
138.277319,36.054139,20214,3,03001,03001,蓼科高原美術館・矢崎虎夫記念館,北山4035,4,-99,1991
138.483755,36.255612,20217,3,03001,03001,佐久市立近代美術館,猿久保35-5,3,3,1983
138.361488,36.26508,20217,3,03001,03001,佐久市立天来記念館,望月305-2,3,2,1975
138.160162,36.520187,20218,3,03001,03001,杏の里板画館,森2154,4,2,9999
138.124592,36.53835,20218,3,03001,03001,千曲市アートまちかど,大字屋代2176-2,3,2,1996
138.322901,36.323073,20219,3,03001,03001,東御市梅野記念絵画館・ふれあい館,八重原935-1（芸術むら公園）,3,1,1998
138.439906,36.059689,20303,3,03001,03001,小海町高原美術館,大字豊里字池の沢5918-2,3,-99,1997
138.476666,36.134379,20309,3,03001,03001,奥村土牛記念美術館,大字穂積1429-1,3,2,9999
138.580852,36.369851,20321,3,03001,03001,セゾン現代美術館,長倉芹ケ沢2140,4,-99,1981
138.594329,36.329064,20321,3,03001,03001,ペイネ美術館,塩沢湖217,4,-99,1986
138.585085,36.327437,20321,3,03001,03001,ル・ヴァン美術館,長倉夫婦石957-10,4,-99,1997
138.59726,36.326598,20321,3,03001,03001,軽井沢絵本の森美術館,風越公園182,4,-99,1990
138.599605,36.321592,20321,3,03001,03001,軽井沢上野美術館,発地1166-15,4,-99,2002
138.635285,36.346579,20321,3,03001,03001,小さな美術館・軽井沢草花館,軽井沢東19-40,4,2,2006
138.597294,36.330904,20321,3,03001,03001,深沢紅子野の花美術館,塩沢湖217,4,-99,1911
138.583671,36.358589,20321,3,03001,03001,田崎美術館,千ヶ滝プリンス通り,4,-99,1986
138.633376,36.35091,20321,3,03001,03001,脇田美術館,旧道1570-4,4,2,1991
138.14885,36.381332,20349,3,03001,03001,青木村郷土美術館,大字当郷2051-1,3,1,1991
138.088075,36.065098,20361,3,03001,03001,ハーモ美術館,10616-540,4,3,1990
138.089129,36.074497,20361,3,03001,03001,諏訪湖オルゴール博物館奏鳴館,5805,3,2,1996
138.182935,36.46338,20521,3,03001,03001,坂城町鉄の展示館,大字坂城6313-2,3,-99,2009
138.319198,36.698697,20541,3,03001,03001,おぶせミュージアム・中島千波館,大字小布施595,3,-99,1992
138.316615,36.695337,20541,3,03001,03001,高井鴻山記念館,大字小布施805-1,3,-99,1983
138.294824,36.690928,20541,3,03001,03001,千曲川ハイウェイミュージアム,大島609-2,3,2,1996
138.317115,36.694309,20541,3,03001,03001,北斎館,大字小布施485,4,2,1976
138.444174,36.727927,20561,3,03001,03001,山ノ内町立志賀高原ロマン美術館,大字平穏1465,3,2,1997
138.199124,36.560837,20201,3,03002,03002,旧横田家住宅,松代町松代1434-1,3,-99,9999
138.233111,36.681033,20201,3,03002,03002,古代遺跡徳間博物館,大字徳間1067-2,4,-99,1996
138.19778,36.559042,20201,3,03002,03002,象山記念館,松代町松代1446-6,3,2,1966
138.183324,36.654865,20201,3,03002,03002,信濃教育博物館,旭町1098,4,4,1984
138.19767,36.563929,20201,3,03002,03002,真田宝物館,松代町松代4-1,3,2,9999
138.189293,36.580763,20201,3,03002,03002,川中島典厩寺記念館,篠ノ井杵渕1000,4,1,1966
138.186741,36.660253,20201,3,03002,03002,善光寺大勧進宝物館,元善町492,4,2,1918
138.240346,36.640562,20201,3,03002,03002,長野オリンピック記念展示コーナー,北長池195,3,-99,1999
138.086919,36.726815,20201,3,03002,03002,長野市そば博物館（とんくるりん）,戸隠3018,3,-99,1992
138.188659,36.591678,20201,3,03002,03002,長野市立博物館,小島田町1414,3,-99,1981
138.067993,36.678369,20201,3,03002,03002,長野市立博物館分館・戸隠地質化石館,戸隠栃原3400,3,-99,2008
138.001272,36.193469,20202,3,03002,03002,松本市立考古博物館,中山3738-1,3,2,1986
138.23283,36.312293,20203,3,03002,03002,丸子郷土博物館,東内2564-1,3,2,1982
138.269987,36.321203,20203,3,03002,03002,絹糸紡績資料館,上丸子1078シナノケンシ（株）内,4,-99,1998
138.293156,36.365622,20203,3,03002,03002,松山記念館,塩川2874-1,4,-99,9999
138.269824,36.381147,20203,3,03002,03002,上田市立信濃国分寺資料館,国分1125,3,2,1980
138.246491,36.4037,20203,3,03002,03002,上田市立博物館,二の丸3-3,3,2,1965
138.226018,36.386937,20203,3,03002,03002,上田創造館,大字上田原1640,3,-99,1986
138.318921,36.431471,20203,3,03002,03002,真田氏歴史館,真田町本原2984-1外,3,-99,1992
138.325368,36.527271,20203,3,03002,03002,菅平高原自然館,菅平高原,3,1,1971
138.186531,36.396566,20203,3,03002,03002,泉田博物館,大字小泉2075高仙寺内,4,-99,1951
138.253486,36.403057,20203,3,03002,03002,池波正太郎真田太平記館,中央3-7-3,3,-99,1998
138.229979,36.287585,20203,3,03002,03002,武石ともしび博物館,下武石1902,3,-99,1989
138.047273,36.065597,20204,3,03002,03002,岡谷蚕糸博物館・岡谷美術考古館,本町4-1-39,3,3,1964
138.118519,36.045992,20206,3,03002,03002,諏訪教育博物館,諏訪1-23-10（諏訪教育会館内）,4,1,1982
138.121324,36.000247,20206,3,03002,03002,諏訪市博物館,中洲171-2,3,2,1990
138.114632,36.017831,20206,3,03002,03002,諏訪大社上社宝物殿,中洲宮山1,4,1,9999
138.311383,36.655173,20207,3,03002,03002,笠鉾会館ドリームホール,大字須坂410-1,3,3,1995
138.313144,36.645398,20207,3,03002,03002,須坂市立博物館,臥竜2-4-1,3,3,1966
138.317338,36.648509,20207,3,03002,03002,田中本家博物館,穀町476,4,2,1993
138.421711,36.32849,20208,3,03002,03002,小諸市くらしかる浪漫館,大手1-5-4,3,-99,9999
138.415009,36.328602,20208,3,03002,03002,小諸市立郷土博物館,丁221,3,3,9999
138.417694,36.327262,20208,3,03002,03002,小諸市立藤村記念館,大字丁315,3,1,1958
138.420522,36.328542,20208,3,03002,03002,小諸市立歴史資料館小諸宿本陣主屋,大手1-6-14,3,-99,1995
138.31442,36.748247,20211,3,03002,03002,佐藤博物館,大字上今井291-11,4,-99,1995
138.370539,36.721013,20211,3,03002,03002,中野市中山晋平記念館,大字新野76,3,-99,1987
138.38198,36.741861,20211,3,03002,03002,日本土人形資料館,大字中野1150,3,1,1987
138.423234,36.904157,20213,3,03002,03002,文化学園北竜湖資料館,大字瑞穂北竜湖畔,4,2,1989
138.233369,36.01372,20214,3,03002,03002,茅野市尖石縄文考古館,豊平4734-132,3,-99,2000
138.179152,36.005969,20214,3,03002,03002,茅野市八ヶ岳総合博物館,豊平6983,3,2,1988
138.288744,36.050379,20214,3,03002,03002,柏木博物館,北山5513,4,-99,1993
138.003921,36.071076,20215,3,03002,03002,ミュージアム鉱研・地球の宝石箱,北小野4668,4,2,1997
138.360727,36.263987,20217,3,03002,03002,佐久市立望月歴史民俗資料館,望月274,3,2,1991
138.113668,36.50029,20218,3,03002,03002,千曲市さらしなの里歴史資料館,大字羽尾247-1,3,-99,1992
138.102616,36.536336,20218,3,03002,03002,千曲市ふる里漫画館,大字稲荷山2181-1,3,2,1990
138.104706,36.538671,20218,3,03002,03002,千曲市稲荷山宿・蔵し館,稲荷山字町屋敷931,3,-99,2000
138.137528,36.534516,20218,3,03002,03002,千曲市森将軍塚古墳館,大字屋代29-1（科野の里歴史公園内）,3,2,1997
138.13514,36.533932,20218,3,03002,03002,長野県立歴史館,大字屋代字清水260-6（科野の里歴史公園内）,2,2,1994
138.314826,36.361119,20219,3,03002,03002,海野宿歴史民俗資料館,本海野1098,3,2,1988
138.551151,36.059158,20307,3,03002,03002,北相木村考古博物館,2744,3,2,1992
138.635129,36.34289,20321,3,03002,03002,（旧）軽井沢駅舎記念館,大字軽井沢1178-1246,3,2,2000
138.596079,36.326219,20321,3,03002,03002,エルツおもちゃ博物館・軽井沢,塩沢風越公園193,4,-99,1998
138.597068,36.32714,20321,3,03002,03002,軽井沢高原文庫,塩沢202-3,4,-99,1985
138.547385,36.341547,20321,3,03002,03002,軽井沢町追分宿郷土館,大字追分1155-8,3,-99,1985
138.606601,36.345049,20321,3,03002,03002,軽井沢町歴史民俗資料館,大字長倉2112-101,3,2,1980
138.544379,36.338714,20321,3,03002,03002,堀辰雄文学記念館,大字追分字坂上662,3,1,1993
138.5066,36.321689,20323,3,03002,03002,浅間縄文ミュージアム,大字馬瀬口1901-1,3,-99,2003
138.250554,36.216808,20350,3,03002,03002,原始・古代ロマン体験館,大門1581,3,-99,1992
138.2032,36.149597,20350,3,03002,03002,星くずの里たかやま黒耀石体験ミュージアム,大門3670-3,3,-99,2004
138.100768,36.067209,20361,3,03002,03002,下諏訪町立諏訪湖博物館・赤彦記念館,西高木10616-111,3,-99,1993
138.089339,36.075651,20361,3,03002,03002,諏訪湖時の科学館儀象堂,3289,3,3,1997
138.09088,36.075285,20361,3,03002,03002,諏訪大社下社宝物殿,5828,4,-99,1987
138.070195,36.487783,20446,3,03002,03002,聖博物館,聖高原,3,2,1965
138.195384,36.451873,20521,3,03002,03002,坂城町格致学校歴史民俗資料館,大字中之条2426-1,3,2,9999
138.315004,36.695031,20541,3,03002,03002,日本のあかり博物館,973,4,-99,1982
138.384609,36.676396,20543,3,03002,03002,高山村歴史民俗資料館,大字牧1629,3,2,1984
138.359291,36.680311,20543,3,03002,03002,歴史公園信州高山一茶ゆかりの里・一茶館,大字高井5161-1,3,-99,1996
138.494653,36.710908,20561,3,03002,03002,信州大学教育学部附属志賀自然教育研究施設,志賀高原長池,0,-99,9999
138.447717,36.921767,20563,3,03002,03002,おぼろ月夜の館（斑山文庫）,大字豊郷9549-6,3,2,1990
138.453927,36.926475,20563,3,03002,03002,日本スキー博物館,大字豊郷8270,3,2,1976
138.020537,36.57198,20201,3,03002,03002,信州新町美術館・有島生馬記念館・信州新町化石博物館・信州新町美術館別館ミュゼ蔵,信州新町大字上条88-3,3,2,1982
138.200986,36.809153,20583,3,03002,03002,一茶記念館,柏原2437-2,3,-99,2003
138.16786,36.821536,20583,3,03002,03002,信濃町黒姫童話館,大字野尻黒姫高原3807-30,3,2,1991
138.206123,36.832345,20583,3,03002,03002,野尻湖ナウマンゾウ博物館,大字野尻287-5,3,3,1984
138.253725,36.762764,20590,3,03002,03002,いいづなアップルミュージアム,大字倉井5,3,-99,1997
138.239247,36.740581,20590,3,03002,03002,いいづな歴史ふれあい館,大字牟礼1188-1,3,3,1998
138.183442,36.642921,20201,3,03003,03003,ライブラリー82,岡田178-13,4,-99,9999
138.188147,36.636073,20201,3,03003,03003,長野図書館,若里1-1-4,2,-99,9999
138.184493,36.65502,20201,3,03003,03003,長野市立長野図書館,大字長野長門町1097-3,3,-99,9999
138.139259,36.573874,20201,3,03003,03003,長野市立南部図書館,篠ノ井御幣川1201,3,-99,9999
138.002224,36.197763,20202,3,03003,03003,松本市中山文庫,大字中山3533-1,3,-99,9999
138.260929,36.399933,20203,3,03003,03003,上田市立上田図書館,材木町1-2-47,3,-99,9999
138.250925,36.397268,20203,3,03003,03003,上田情報ライブラリー,天神1-8-1（上田駅前ビルパレオ4階）,3,-99,9999
138.046657,36.065943,20204,3,03003,03003,岡谷図書館,本町4-1-39,3,-99,9999
138.111365,36.044625,20206,3,03003,03003,諏訪市図書館,湖岸通り5-12-18,3,-99,9999
138.119142,36.045033,20206,3,03003,03003,諏訪市図書館分館,諏訪1-24-17,3,-99,9999
138.124847,36.008803,20206,3,03003,03003,諏訪市立信州風樹文庫,大字中洲3289-1,3,-99,9999
138.316997,36.654031,20207,3,03003,03003,須坂図書館,大字須坂803-1,3,-99,9999
138.426066,36.326788,20208,3,03003,03003,小諸図書館,相生町3-3-3,3,-99,9999
138.365078,36.74324,20211,3,03003,03003,中野市立図書館,大字西条1000,3,-99,9999
138.332109,36.74101,20211,3,03003,03003,中野市立図書館西部分館,大字安源寺666-1,3,-99,9999
138.324799,36.774155,20211,3,03003,03003,中野市立図書館豊田分館,大字豊津2509,3,-99,9999
138.362516,36.786164,20211,3,03003,03003,中野市立図書館北部分館,大字赤岩1447,3,-99,9999
138.357672,36.849537,20213,3,03003,03003,飯山図書館,大字飯山1421,3,-99,9999
138.477701,36.187424,20217,3,03003,03003,佐久市立臼田図書館,下小田切124-1,3,-99,9999
138.397382,36.267669,20217,3,03003,03003,佐久市立浅科図書館,八幡229,3,1,9999
138.484285,36.256533,20217,3,03003,03003,佐久市立中央図書館,猿久保44-1,3,-99,9999
138.35945,36.267042,20217,3,03003,03003,佐久市立望月図書館,望月409-1,3,-99,9999
138.148114,36.485885,20218,3,03003,03003,千曲市立戸倉図書館,大字戸倉2305-1,3,-99,9999
138.11771,36.530243,20218,3,03003,03003,千曲市立更埴図書館,杭瀬下1-64,3,-99,9999
138.331266,36.359123,20219,3,03003,03003,東御市立図書館,県282-2,3,-99,9999
138.550143,36.033947,20306,3,03003,03003,南相木村立ふれあい図書館,4435,3,-99,9999
138.489083,36.153185,20309,3,03003,03003,佐久穂町図書館,大字海瀬2570,3,-99,9999
138.607073,36.345688,20321,3,03003,03003,軽井沢町立図書館（離山図書館）,大字長倉2112-118,3,-99,9999
138.5066,36.321689,20323,3,03003,03003,御代田町立図書館,大字馬瀬口1901-1,3,-99,9999
138.124234,36.369713,20349,3,03003,03003,青木村図書館,田沢3273-1,3,-99,9999
138.078553,36.069966,20361,3,03003,03003,下諏訪町立図書館,4562-41,3,-99,9999
138.01514,36.427772,20452,3,03003,03003,坂北村図書館,4447,3,-99,9999
138.19531,36.452094,20521,3,03003,03003,坂城町立図書館,大字中之条2425-1,3,2,9999
138.312528,36.69812,20541,3,03003,03003,小布施町立図書館,大字小布施1491-2,3,-99,9999
138.413558,36.745502,20561,3,03003,03003,山ノ内町立蟻川図書館,大字平隠4009-1,3,2,1992
138.077241,36.751502,20201,3,03005,03005,戸隠森林植物園森林学習館,戸隠3510-35,2,-99,1998
138.115917,36.585704,20201,3,03005,03005,長野市茶臼山動物園,篠ノ井有旅570-1,3,-99,1983
138.311708,36.643176,20207,3,03005,03005,須坂市動物園,臥竜2-4-8,3,-99,1962
138.420159,36.327257,20208,3,03005,03005,小諸市動物園,丁311,3,-99,1989
138.599605,36.321592,20321,3,03005,03005,軽井沢町植物園,大字発地1166,3,-99,1975
138.235883,36.012471,20214,3,99999,03001,京都造形芸術大学附属康耀堂美術館,豊平4734-215,4,-99,2001
138.307777,36.795749,20211,3,99999,03002,高野辰之記念館,永江1809,3,-99,1991
138.168466,36.098307,20206,3,99999,03002,長野県霧ヶ峰自然保護センター,四賀霧ケ峰7718-9,2,-99,1973
138.342487,36.750154,20211,3,99999,03002,中野市立博物館,片塩1221,3,2,2009
138.269334,36.338421,20203,3,99999,03003,上田市立丸子図書館,中丸子1771-11,3,-99,9999
138.303615,36.440913,20203,3,99999,03003,上田市立真田図書館,真田町長7178-1,3,-99,2010
138.477214,36.229869,20217,3,99999,03003,サングリモ中込図書館,中込1-19-2,3,-99,2008
138.099597,36.528873,20218,3,99999,03003,千曲市立更埴西図書館,大字稲荷山134,3,-99,9999
138.015094,36.427915,20452,3,99999,03003,筑北村図書館,坂北4447-1,3,-99,9999
138.261155,36.400482,20203,3,99999,03003,長野県上田点字図書館,材木町1-2-5,3,-99,9999
138.195984,36.628635,20201,3,99999,03003,長野県社会福祉協議会,若里7-1-7,4,-99,1951
138.26093,36.392218,20203,3,99999,03003,信州大学附属図書館繊維学部図書館,常田3-15-1,0,-99,9999
138.223776,36.369633,20203,3,99999,03003,長野大学附属図書館,下之郷658-1,4,3,9999
138.183812,36.007927,20214,3,99999,03003,諏訪東京理科大学図書館,豊平5000-1,4,-99,9999
138.591501,36.348109,20321,3,99999,03003,軽井沢町立中軽井沢図書館,大字長倉3037-18（くつかけテラス内）,3,-99,9999
138.26827,36.257988,20350,3,99999,03003,長和町長門図書館,長久保457-1（長和町ふれあい館内）,3,-99,9999
138.182392,36.65738,20201,3,99999,03003,信州大学附属図書館教育学部図書館,西長野6のロ,0,-99,9999
138.236267,36.686204,20201,3,99999,03003,清泉女学院大学・短期大学図書館,上野2-120-8,4,-99,9999
138.189448,36.630876,20201,3,99999,03003,信州大学附属図書館工学部図書館,若里4-17-1,0,-99,9999
138.329647,36.687949,20541,3,99999,03001,おぶせ藤岡牧夫美術館,雁田1171,4,-99,2012
138.634644,36.349548,20321,3,99999,03001,KaruizawaNewArtMuseum,軽井沢1151-5,4,-99,2012
138.231342,36.657878,20201,3,99999,03102,長野運動公園野球場,東和田587,4,-99,1966
138.231157,36.660972,20201,3,99999,03109,長野運動公園総合運動場（総合体育館）,吉田5-1-19,4,2,9999
138.230753,36.660472,20201,3,99999,03111,長野運動公園総合運動場（総合体育館）,吉田5-1-19,4,2,9999
138.230765,36.660386,20201,3,99999,03110,長野運動公園総合運動場（総合体育館）,吉田5-1-19,4,2,9999
138.231157,36.660891,20201,3,99999,03120,長野運動公園総合運動場（総合体育館）,吉田5-1-19,4,2,9999
138.233106,36.660963,20201,3,99999,03105,長野運動公園総合市民プール（アクアウイング）,吉田5-1-19,4,-99,9999
138.233106,36.660863,20201,3,99999,03108,長野運動公園総合市民プール（アクアウイング）,吉田5-1-19,4,-99,9999
138.23086,36.661621,20201,3,99999,03121,長野運動公園総合運動場弓道場,吉田5-1-19,4,-99,9999
138.210066,36.399266,20203,3,99999,03102,県営上田野球場,下之条351-1,2,-99,1996
138.231197,36.656712,20201,3,99999,03115,長野運動公園総合運動場（テニスコート）,大字東和田700,4,-99,9999
138.233452,36.658692,20201,3,99999,03101,長野運動公園総合運動場（陸上競技場）,大字東和田632,4,-99,9999
138.234056,36.66062,20201,3,99999,03102,長野運動公園総合運動場（運動広場）,吉田5-1-19,4,-99,9999
138.234033,36.6602,20201,3,99999,03138,長野運動公園総合運動場（運動広場）,吉田5-1-19,4,-99,9999
138.23405,36.66071,20201,3,99999,03104,長野運動公園総合運動場（運動広場）,吉田5-1-19,4,-99,9999
138.315524,36.639874,20207,3,99999,03101,県民須坂運動広場,臥竜3-5-1,3,-99,1972
138.313801,36.640198,20207,3,99999,03102,県民須坂運動広場,臥竜3-5-1,3,-99,1972
138.315512,36.639712,20207,3,99999,03103,県民須坂運動広場,臥竜3-5-1,3,-99,1972
138.485799,36.255889,20217,3,99999,03116,駒場公園,猿久保字丸山55,4,2,1982
138.485799,36.255808,20217,3,99999,03109,駒場公園,猿久保字丸山55,4,2,9999
138.485799,36.255722,20217,3,99999,03132,駒場公園,猿久保字丸山55,4,2,9999
138.485692,36.254854,20217,3,99999,03105,駒場公園,猿久保字丸山55,4,2,1982
138.486672,36.254965,20217,3,99999,03107,駒場公園,猿久保字丸山55,4,2,1982
138.484967,36.254969,20217,3,99999,03115,駒場公園,猿久保字丸山55,4,2,1982
138.487112,36.254193,20217,3,99999,03121,駒場公園,猿久保字丸山55,4,2,1982
138.487177,36.255947,20217,3,99999,03102,駒場公園,猿久保字丸山55,4,2,9999
138.487189,36.255861,20217,3,99999,03104,駒場公園,猿久保字丸山55,4,2,1982
138.168302,36.579782,20201,3,99999,03129,長野市営南長野運動公園総合運動場,篠ノ井東福寺320,4,-99,9999
138.168296,36.579701,20201,3,99999,03105,長野市営南長野運動公園総合運動場,篠ノ井東福寺320,4,-99,9999
138.168296,36.57962,20201,3,99999,03132,長野市営南長野運動公園総合運動場,篠ノ井東福寺320,4,-99,9999
138.168302,36.579544,20201,3,99999,03109,長野市営南長野運動公園総合運動場,篠ノ井東福寺320,4,-99,9999
138.168308,36.579468,20201,3,99999,03120,長野市営南長野運動公園総合運動場,篠ノ井東福寺320,4,-99,9999
138.165735,36.57994,20201,3,99999,03102,長野市営南長野運動公園総合運動場,篠ノ井東福寺320,4,-99,9999
138.169859,36.578718,20201,3,99999,03115,長野市営南長野運動公園総合運動場,篠ノ井東福寺320,4,-99,9999
138.169906,36.580064,20201,3,99999,03103,長野市営南長野運動公園総合運動場,篠ノ井東福寺320,4,-99,9999
138.161944,36.579148,20201,3,99999,03118,長野市営南長野運動公園総合運動場,篠ノ井東福寺320,4,-99,9999
138.16324,36.579009,20201,3,99999,03138,長野市営南長野運動公園総合運動場,篠ノ井東福寺320,4,-99,9999
138.206264,36.60484,20201,3,99999,03109,長野市営真島総合スポーツアリーナ,真島町真島2268-1,4,3,9999
138.204618,36.605503,20201,3,99999,03115,長野市営真島総合スポーツアリーナ,真島町真島2268-1,4,3,9999
138.204315,36.605322,20201,3,99999,03138,長野市営真島総合スポーツアリーナ,真島町真島2268-1,4,3,9999
138.206264,36.604759,20201,3,99999,03129,長野市営真島総合スポーツアリーナ,真島町真島2268-1,4,3,9999
138.206264,36.604683,20201,3,99999,03132,長野市営真島総合スポーツアリーナ,真島町真島2268-1,4,3,9999
138.192308,36.664606,20201,3,99999,03115,長野市営城山テニスコート,箱清水1-10-41,4,-99,9999
138.247624,36.68025,20201,3,99999,03115,長野市営古里テニスコート,大字下駒沢23,3,-99,9999
138.208756,36.680086,20201,3,99999,03115,長野市営緑ケ丘テニスコート,神楽橋39-2,3,-99,9999
138.241583,36.628977,20201,3,99999,03115,長野市営大豆島テニスコート,大字大豆島4330,3,-99,9999
138.2341,36.688049,20201,3,99999,03115,長野市営昭和の森公園テニスコート,上野2-120-13,3,-99,9999
138.10665,36.559965,20201,3,99999,03115,長野市営篠ノ井テニスコート,篠ノ井塩崎4720,3,-99,9999
138.120025,36.568646,20201,3,99999,03115,長野市営川柳テニスコート,篠ノ井石川1523-2,3,-99,9999
138.250912,36.607862,20201,3,99999,03115,長野市営若穂中央公園テニスコート,若穂川田427-1,4,-99,9999
138.163965,36.593213,20201,3,99999,03115,長野市営御厨テニスコート,川中島町御厨562,3,-99,9999
138.281891,36.71295,20201,3,99999,03115,長野市営豊野テニスコート,豊野町豊野820-1,3,-99,9999
138.004515,36.678643,20201,3,99999,03115,長野市営鬼無里テニスコート,鬼無里147-2,3,-99,9999
138.008073,36.567849,20201,3,99999,03115,長野市営信州新町テニスコート,信州新町新町1000-1,3,-99,9999
138.215727,36.657486,20201,3,99999,03115,長野市営西和田テニスコート,西和田2-26-1,4,-99,9999
138.130689,36.585476,20201,3,99999,03115,長野市営茶臼山テニスコート,篠ノ井岡田2052-4,4,-99,9999
138.203147,36.554483,20201,3,99999,03115,長野市営青垣公園テニスコート,松代町西条3860,4,-99,9999
138.204618,36.605417,20201,3,99999,03115,長野市営真島テニスコート,真島町真島2268-1,4,-99,9999
138.205779,36.659314,20201,3,99999,03115,長野市営三輪テニスコート,三輪3-816,3,-99,9999
138.21043,36.623406,20201,3,99999,03109,長野市営川合新田体育館,大字稲葉940,3,-99,9999
138.21043,36.623354,20201,3,99999,03120,長野市営川合新田体育館,大字稲葉940,3,-99,9999
138.200421,36.641388,20201,3,99999,03109,長野市営芹田体育館,大字鶴賀380,3,-99,9999
138.200421,36.641345,20201,3,99999,03120,長野市営芹田体育館,大字鶴賀380,3,-99,9999
138.216614,36.648594,20201,3,99999,03109,長野市営古牧体育館,大字高田603-1,3,-99,9999
138.216614,36.648518,20201,3,99999,03120,長野市営古牧体育館,大字高田603-1,3,-99,9999
138.196858,36.664681,20201,3,99999,03109,長野市営三輪体育館,三輪8-43-17,3,-99,9999
138.196858,36.6646,20201,3,99999,03120,長野市営三輪体育館,三輪8-43-17,3,-99,9999
138.246331,36.681021,20201,3,99999,03109,長野市営古里体育館,大字上駒沢1222,3,-99,9999
138.246331,36.68095,20201,3,99999,03120,長野市営古里体育館,大字上駒沢1222,3,-99,9999
138.255068,36.663416,20201,3,99999,03109,長野市営柳原体育館,大字小島828,3,-99,9999
138.255068,36.663339,20201,3,99999,03120,長野市営柳原体育館,大字小島828,3,-99,9999
138.255068,36.663263,20201,3,99999,03116,長野市営柳原体育館,大字小島828,3,-99,9999
138.204686,36.681051,20201,3,99999,03109,長野市営浅川体育館,浅川東条327-1,3,-99,9999
138.20468,36.680974,20201,3,99999,03120,長野市営浅川体育館,浅川東条327-1,3,-99,9999
138.20468,36.680893,20201,3,99999,03116,長野市営浅川体育館,浅川東条327-1,3,-99,9999
138.172702,36.702631,20201,3,99999,03109,長野市営北郷体育館,大字北郷3065-2,3,-99,9999
138.172702,36.702593,20201,3,99999,03120,長野市営北郷体育館,大字北郷3065-2,3,-99,9999
138.239926,36.662795,20201,3,99999,03109,長野市営朝陽体育館,大字石渡8,3,-99,9999
138.239926,36.662752,20201,3,99999,03120,長野市営朝陽体育館,大字石渡8,3,-99,9999
138.239926,36.66271,20201,3,99999,03116,長野市営朝陽体育館,大字石渡8,3,-99,9999
138.275211,36.686696,20201,3,99999,03109,長野市営長沼体育館,大字穂保943-ｲ-1,3,-99,9999
138.275214,36.686655,20201,3,99999,03120,長野市営長沼体育館,大字穂保943-ｲ-1,3,-99,9999
138.275211,36.686614,20201,3,99999,03116,長野市営長沼体育館,大字穂保943-ｲ-1,3,-99,9999
138.172399,36.636901,20201,3,99999,03109,長野市営裾花体育館,大字安茂里1778-1,3,-99,9999
138.172399,36.63682,20201,3,99999,03120,長野市営裾花体育館,大字安茂里1778-1,3,-99,9999
138.172405,36.636739,20201,3,99999,03116,長野市営裾花体育館,大字安茂里1778-1,3,-99,9999
138.142652,36.622971,20201,3,99999,03109,長野市営安茂里体育館,安茂里小市3-27-11,3,-99,9999
138.142652,36.622885,20201,3,99999,03120,長野市営安茂里体育館,安茂里小市3-27-11,3,-99,9999
138.15014,36.675611,20201,3,99999,03109,長野市営芋井体育館,大字桜567,3,-99,9999
138.15014,36.675535,20201,3,99999,03120,長野市営芋井体育館,大字桜567,3,-99,9999
138.117616,36.557658,20201,3,99999,03109,長野市営塩崎体育館,篠ノ井塩崎5268,3,-99,9999
138.117616,36.557577,20201,3,99999,03120,長野市営塩崎体育館,篠ノ井塩崎5268,3,-99,9999
138.135754,36.614389,20201,3,99999,03109,長野市営小松原体育館,篠ノ井小松原1056-2,3,-99,9999
138.135754,36.614308,20201,3,99999,03120,長野市営小松原体育館,篠ノ井小松原1056-2,3,-99,9999
138.251713,36.613811,20201,3,99999,03109,長野市営若穂体育館,若穂綿内7598-2,3,-99,9999
138.251713,36.613764,20201,3,99999,03120,長野市営若穂体育館,若穂綿内7598-2,3,-99,9999
138.155564,36.604887,20201,3,99999,03109,長野市営川中島体育館,川中島町上氷鉋17-1,3,-99,9999
138.155564,36.604837,20201,3,99999,03120,長野市営川中島体育館,川中島町上氷鉋17-1,3,-99,9999
138.077201,36.628108,20201,3,99999,03109,長野市営七二会体育館,七二会丁2376-1,3,-99,9999
138.077201,36.62807,20201,3,99999,03120,長野市営七二会体育館,七二会丁2376-1,3,-99,9999
138.071199,36.570242,20201,3,99999,03109,長野市営信更体育館,信更町氷ノ田3148-1,3,-99,9999
138.071196,36.570199,20201,3,99999,03120,長野市営信更体育館,信更町氷ノ田3148-1,3,-99,9999
138.281661,36.712363,20201,3,99999,03109,長野市営豊野体育館,豊野町豊野624,3,-99,9999
138.281661,36.712287,20201,3,99999,03120,長野市営豊野体育館,豊野町豊野624,3,-99,9999
138.281661,36.71221,20201,3,99999,03116,長野市営豊野体育館,豊野町豊野624,3,-99,9999
138.068136,36.676491,20201,3,99999,03109,長野市営戸隠体育館,戸隠栃原4788-2,3,-99,9999
138.068136,36.676406,20201,3,99999,03120,長野市営戸隠体育館,戸隠栃原4788-2,3,-99,9999
138.006861,36.567799,20201,3,99999,03109,長野市営信州新町体育館,信州新町新町1000-1,3,-99,9999
138.006858,36.567761,20201,3,99999,03120,長野市営信州新町体育館,信州新町新町1000-1,3,-99,9999
138.006858,36.56772,20201,3,99999,03116,長野市営信州新町体育館,信州新町新町1000-1,3,-99,9999
138.006858,36.567682,20201,3,99999,03129,長野市営信州新町体育館,信州新町新町1000-1,3,-99,9999
138.033949,36.606786,20201,3,99999,03109,長野市営中条体育館,中条2328-2,3,-99,9999
138.033943,36.606705,20201,3,99999,03120,長野市営中条体育館,中条2328-2,3,-99,9999
138.130805,36.586049,20201,3,99999,03109,長野市営篠ノ井体育館,篠ノ井岡田2059-1,4,-99,9999
138.130799,36.585973,20201,3,99999,03120,長野市営篠ノ井体育館,篠ノ井岡田2059-1,4,-99,9999
138.202795,36.553185,20201,3,99999,03109,長野市営松代体育館,松代町西条3838,4,-99,9999
138.202795,36.553114,20201,3,99999,03120,長野市営松代体育館,松代町西条3838,4,-99,9999
138.234831,36.685393,20201,3,99999,03109,長野市営昭和の森公園フィットネスセンター,上野2-120-13,3,-99,9999
138.095599,36.615648,20201,3,99999,03109,長野市営篠ノ井村山健康スポーツセンター,篠ノ井山布施8282,3,-99,9999
138.021919,36.712087,20201,3,99999,03109,長野市営上里健康スポーツセンター,鬼無里7395,3,-99,9999
138.021657,36.712016,20201,3,99999,03138,長野市営上里健康スポーツセンター,鬼無里7395,3,-99,9999
138.193048,36.665378,20201,3,99999,03106,長野市営城山市民プール,上松2-4-10,4,-99,9999
138.20204,36.623032,20201,3,99999,03106,長野市営芹田市民プール,大字川合新田3427,4,-99,9999
138.234656,36.684639,20201,3,99999,03106,長野市営北部市民プール,上野2-137-3,4,-99,9999
138.164488,36.626112,20201,3,99999,03106,長野市営安茂里市民プール,大字安茂里7899-3,4,-99,9999
138.13014,36.585607,20201,3,99999,03106,長野市営茶臼山市民プール,篠ノ井岡田2060-2,4,-99,9999
138.203729,36.553132,20201,3,99999,03106,長野市営青垣公園市民プール,松代町西条3872-1,4,-99,9999
138.166937,36.596606,20201,3,99999,03106,長野市営犀南市民プール,稲里町田牧633,3,-99,9999
138.005195,36.67815,20201,3,99999,03106,長野市営鬼無里Ｂ＆Ｇ海洋センター市民プール,鬼無里147-2,4,-99,9999
138.007396,36.568049,20201,3,99999,03106,長野市営信州新町市民プール,信州新町新町1000-1,3,-99,9999
138.220518,36.622736,20201,3,99999,03105,サンマリーンながの,松岡2-27-19,4,-99,1985
138.220518,36.62265,20201,3,99999,03107,サンマリーンながの,松岡2-27-19,4,-99,1985
138.22201,36.622554,20201,3,99999,03138,サンマリーンながの,松岡2-27-19,4,-99,1985
138.22201,36.622483,20201,3,99999,03104,サンマリーンながの,松岡2-27-19,4,-99,1985
138.28148,36.712924,20201,3,99999,03138,長野市営豊野屋内運動場,豊野町豊野821-1,3,-99,9999
138.095765,36.70628,20201,3,99999,03138,長野市営戸隠屋内運動場,戸隠豊岡248,3,-99,9999
138.004748,36.67835,20201,3,99999,03138,長野市営鬼無里屋内運動場,鬼無里147-8,3,-99,9999
138.041346,36.611794,20201,3,99999,03138,長野市営中条屋内運動場,中条日高3958-1,3,-99,9999
138.041343,36.611749,20201,3,99999,03116,長野市営中条屋内運動場,中条日高3958-1,3,-99,9999
138.130785,36.585233,20201,3,99999,03138,長野市営茶臼山屋内運動場,篠ノ井布施五明514,4,-99,1988
138.130785,36.585161,20201,3,99999,03116,長野市営茶臼山屋内運動場,篠ノ井布施五明514,4,-99,1988
138.255085,36.639681,20201,3,99999,03102,長野市営屋島運動場,大字屋島1813-5（河川敷）,3,-99,9999
138.174169,36.624774,20201,3,99999,03102,長野市営犀川第一運動場,大字安茂里1605-2地先（河川敷）,3,-99,9999
138.172993,36.624522,20201,3,99999,03115,長野市営犀川第一運動場,大字安茂里1605-2地先（河川敷）,3,-99,9999
138.178822,36.625237,20201,3,99999,03103,長野市営犀川第一運動場,大字安茂里1605-2地先（河川敷）,3,-99,9999
138.158769,36.624145,20201,3,99999,03102,長野市営安茂里運動場,大字安茂里8934-1（河川敷）,3,-99,9999
138.158674,36.624603,20201,3,99999,03138,長野市営安茂里運動場,大字安茂里8934-1（河川敷）,3,-99,9999
138.119114,36.646083,20201,3,99999,03102,長野市営小田切運動場,大字山田中2429-1,3,-99,9999
138.132591,36.677663,20201,3,99999,03102,長野市営芋井運動場,大字広瀬885,3,-99,9999
138.14373,36.559835,20201,3,99999,03102,長野市営西横田運動場,篠ノ井横田947（河川敷）,3,-99,9999
138.107198,36.560809,20201,3,99999,03102,長野市営篠ノ井運動場,篠ノ井塩崎4733,3,-99,9999
138.119345,36.545967,20201,3,99999,03102,長野市営塩崎運動場,篠ノ井塩崎8282（河川敷）,3,-99,9999
138.13603,36.615185,20201,3,99999,03138,長野市営小松原運動場,篠ノ井小松原1398-2,3,-99,9999
138.13586,36.615316,20201,3,99999,03115,長野市営小松原運動場,篠ノ井小松原1398-2,3,-99,9999
138.194336,36.579119,20201,3,99999,03102,長野市営西寺尾運動場,松代町東寺尾1276（河川敷）,3,-99,9999
138.195293,36.579348,20201,3,99999,03115,長野市営西寺尾運動場,松代町東寺尾1276（河川敷）,3,-99,9999
138.238543,36.61915,20201,3,99999,03102,長野市営落合運動場,若穂牛島1010-7地先（河川敷）,3,-99,9999
138.163635,36.621409,20201,3,99999,03115,長野市営犀川南運動場,丹波島3-1052（河川敷）,3,-99,9999
138.16086,36.621357,20201,3,99999,03102,長野市営犀川南運動場,丹波島3-1052（河川敷）,3,-99,9999
138.187349,36.625614,20201,3,99999,03115,長野市営犀川第二運動場,青木島町青木島乙954-2（河川敷）,3,-99,9999
138.186541,36.624899,20201,3,99999,03102,長野市営犀川第二運動場,青木島町青木島乙954-2（河川敷）,3,-99,9999
138.191711,36.623583,20201,3,99999,03138,長野市営犀川第二運動場,青木島町青木島乙954-2（河川敷）,3,-99,9999
138.19423,36.623258,20201,3,99999,03103,長野市営犀川第二運動場,青木島町青木島乙954-2（河川敷）,3,-99,9999
138.19202,36.624412,20201,3,99999,03123,長野市営犀川第二運動場,青木島町青木島乙954-2（河川敷）,3,-99,9999
138.201085,36.616946,20201,3,99999,03102,長野市営更北運動場,青木島町綱島814-ﾛ（河川敷）,3,-99,9999
138.092666,36.619041,20201,3,99999,03102,長野市営七二会運動場,七二会己989-ﾅ,3,-99,9999
138.092229,36.618393,20201,3,99999,03115,長野市営七二会運動場,七二会己989-ﾅ,3,-99,9999
138.092868,36.619511,20201,3,99999,03138,長野市営七二会運動場,七二会己989-ﾅ,3,-99,9999
138.067716,36.578977,20201,3,99999,03102,長野市営信更運動場,信更町氷ノ田1516,3,-99,9999
138.292453,36.742172,20201,3,99999,03102,長野市営豊野東山第一運動場,豊野町大倉1609,3,-99,9999
138.293558,36.741325,20201,3,99999,03102,長野市営豊野東山第二運動場,豊野町大倉1450-1,3,-99,9999
138.095521,36.706962,20201,3,99999,03102,長野市営戸隠運動場,戸隠豊岡248,3,-99,9999
138.067888,36.677593,20201,3,99999,03102,長野市営柵運動場,戸隠栃原3391-2,3,-99,9999
138.004005,36.679644,20201,3,99999,03102,長野市営鬼無里運動場,鬼無里150,3,-99,9999
138.00764,36.567405,20201,3,99999,03102,長野市営信州新町運動場,信州新町新町1000-1,3,-99,9999
138.12808,36.586414,20201,3,99999,03102,長野市営茶臼山運動場,篠ノ井岡田2125,3,-99,9999
138.144843,36.592561,20201,3,99999,03102,長野市営今井運動広場,川中島町今井原11-1,3,-99,9999
138.255929,36.642973,20201,3,99999,03103,長野市営千曲川リバーフロントスポーツガーデン,大字屋島3572地先,4,-99,9999
138.256293,36.644973,20201,3,99999,03115,長野市営千曲川リバーフロントスポーツガーデン,大字屋島3572地先,4,-99,9999
138.256695,36.645752,20201,3,99999,03127,長野市営千曲川リバーフロントスポーツガーデン,大字屋島3572地先,4,-99,9999
138.247083,36.631191,20201,3,99999,03102,長野市営万年島運動場,大字屋島121-1,3,-99,9999
138.025447,36.229062,20202,3,99999,03102,松本市入山辺運動広場,入山辺1489-1,3,-99,9999
138.004548,36.231255,20202,3,99999,03102,松本市山辺運動広場,里山辺2836,3,-99,9999
138.004542,36.23114,20202,3,99999,03103,松本市山辺運動広場,里山辺2836,3,-99,9999
138.003286,36.332578,20202,3,99999,03105,四賀Ｂ＆Ｇ海洋センター（屋内プール）,穴沢779,4,-99,9999
138.004035,36.235547,20202,3,99999,03109,松本市里山辺体育館,里山辺2920-3,3,-99,9999
138.004035,36.235502,20202,3,99999,03120,松本市里山辺体育館,里山辺2920-3,3,-99,9999
138.004035,36.235456,20202,3,99999,03116,松本市里山辺体育館,里山辺2920-3,3,-99,9999
138.015162,36.259294,20202,3,99999,03115,美鈴湖庭球場,三才山1830,3,-99,9999
138.24088,36.404874,20203,3,99999,03109,上田城跡公園体育館,常磐城1-1-30,3,-99,1970
138.24088,36.404788,20203,3,99999,03103,上田城跡公園体育館,常磐城1-1-30,3,-99,1970
138.241718,36.403999,20203,3,99999,03109,上田城跡公園第二体育館,常磐城1-1-30,3,-99,1980
138.241715,36.40396,20203,3,99999,03103,上田城跡公園第二体育館,常磐城1-1-30,3,-99,1980
138.241718,36.403922,20203,3,99999,03146,上田城跡公園第二体育館,常磐城1-1-30,3,-99,1980
138.229452,36.36932,20203,3,99999,03109,自然運動公園総合体育館,下之郷乙935,3,-99,1970
138.229452,36.369238,20203,3,99999,03103,自然運動公園総合体育館,下之郷乙935,3,-99,1970
138.229446,36.369162,20203,3,99999,03104,自然運動公園総合体育館,下之郷乙935,3,-99,1970
138.332217,36.404513,20203,3,99999,03109,市民の森体育館,芳田3780-65,3,-99,1985
138.333358,36.403891,20203,3,99999,03103,市民の森体育館,芳田3780-65,3,-99,1985
138.333358,36.40381,20203,3,99999,03104,市民の森体育館,芳田3780-65,3,-99,1985
138.182708,36.383096,20203,3,99999,03109,川西社会体育館,小泉976-1,3,-99,1988
138.293051,36.405619,20203,3,99999,03109,上野が丘社会体育館,上野303-1,3,-99,1993
138.266456,36.32591,20203,3,99999,03109,丸子総合体育館,御嶽堂1-1,3,-99,1976
138.265844,36.326638,20203,3,99999,03103,丸子総合体育館,御嶽堂1-1,3,-99,1976
138.266456,36.325834,20203,3,99999,03110,丸子総合体育館,御嶽堂1-1,3,-99,1976
138.278382,36.350792,20203,3,99999,03109,丸子北部体育館,生田3559-1,3,-99,1985
138.152581,36.303046,20203,3,99999,03109,大塩体育館,西内272-1,3,-99,1982
138.304223,36.441552,20203,3,99999,03109,真田体育館,真田町長7193-1,3,-99,1978
138.231053,36.28106,20203,3,99999,03109,武石体育館,上武石2,3,-99,1978
138.17069,36.272231,20203,3,99999,03109,築地原トレーニングセンター,武石上本入1710-1,3,-99,1981
138.242593,36.405276,20203,3,99999,03102,上田城跡公園野球場,二の丸4-14,3,-99,1928
138.244402,36.405916,20203,3,99999,03101,上田城跡公園陸上競技場,二の丸4-58,3,-99,1928
138.270992,36.40161,20203,3,99999,03102,染屋台多目的グラウンド,古里2033-1,3,-99,9999
138.270992,36.401447,20203,3,99999,03103,染屋台多目的グラウンド,古里2033-1,3,-99,9999
138.263377,36.382499,20203,3,99999,03104,河川敷グラウンド（千曲川市民緑地グラウンド）,千曲川河川敷（小牧橋上流）,3,-99,9999
138.260348,36.385542,20203,3,99999,03104,河川敷グラウンド（上掘りグラウンド）,千曲川河川敷（小牧橋下流）,3,-99,9999
138.25075,36.389403,20203,3,99999,03104,諏訪形グラウンド,千曲川河川敷（常田新橋下流）,3,-99,9999
138.211723,36.400662,20203,3,99999,03102,古戦場公園多目的グラウンド,下之条330,3,-99,1995
138.211723,36.40047,20203,3,99999,03138,古戦場公園多目的グラウンド,下之条330,3,-99,1995
138.211723,36.400843,20203,3,99999,03103,古戦場公園多目的グラウンド,下之条330,3,-99,1995
138.228329,36.369195,20203,3,99999,03104,自然運動公園多目的グラウンド,下之郷乙935,3,-99,1979
138.33336,36.40405,20203,3,99999,03102,市民の森多目的グラウンド,芳田3780-85,3,-99,1984
138.333354,36.403974,20203,3,99999,03103,市民の森多目的グラウンド,芳田3780-85,3,-99,1984
138.265856,36.326983,20203,3,99999,03102,丸子総合グラウンド,御嶽堂1-1,3,-99,1971
138.265844,36.32681,20203,3,99999,03103,丸子総合グラウンド,御嶽堂1-1,3,-99,1971
138.292904,36.36729,20203,3,99999,03102,大石グラウンド,塩川2799,3,-99,1981
138.232597,36.312684,20203,3,99999,03104,東内グラウンド,東内2496,3,-99,1970
138.277605,36.350831,20203,3,99999,03102,丸子北部グラウンド,生田3526-1,3,-99,1982
138.345696,36.521335,20203,3,99999,03104,菅平高原スポーツランド菅平高原スポーツランド陸上競技場,菅平高原1278-244,3,-99,1982
138.344198,36.522739,20203,3,99999,03101,菅平高原スポーツランド菅平高原スポーツランド陸上競技場,菅平高原1278-244,3,-99,1982
138.307427,36.442329,20203,3,99999,03102,真田運動公園（グラウンド）,真田町長7220-1,3,-99,1983
138.307433,36.442253,20203,3,99999,03103,真田運動公園（グラウンド）,真田町長7220-1,3,-99,1983
138.300704,36.466422,20203,3,99999,03102,洗馬川運動公園グラウンド,真田町傍陽4430-1,3,-99,1990
138.332095,36.52812,20203,3,99999,03104,グリーンフィールド,菅平高原1223-1751,3,-99,9999
138.330351,36.525028,20203,3,99999,03104,菅平高原グラウンド,菅平高原1223-2050,3,-99,9999
138.228187,36.28017,20203,3,99999,03102,武石総合グラウンド,上武石476-9,3,-99,1975
138.228187,36.279985,20203,3,99999,03103,武石総合グラウンド,上武石476-9,3,-99,1975
138.246232,36.404347,20203,3,99999,03115,上田城跡公園東テニスコート,二の丸3-14,3,-99,1928
138.241195,36.403827,20203,3,99999,03115,上田城跡公園西テニスコート,常磐城1-1-30,3,-99,1972
138.158473,36.359018,20203,3,99999,03115,別所公園テニスコート,別所温泉2185,3,-99,1985
138.333934,36.402853,20203,3,99999,03115,市民の森テニスコート,芳田3780-95,3,-99,1984
138.207927,36.398381,20203,3,99999,03115,上田古戦場公園テニスコート,築地580,3,-99,1995
138.265571,36.328036,20203,3,99999,03115,丸子テニスコート,御嶽堂1-1,3,-99,2000
138.305817,36.441746,20203,3,99999,03115,真田運動公園（テニスコート）,真田町長7220-1,3,-99,1997
138.229815,36.280627,20203,3,99999,03115,武石テニスコート,上武石476-9,3,-99,1981
138.232719,36.367208,20203,3,99999,03116,自然運動公園室内多目的運動場,下之郷乙815,3,-99,1992
138.232719,36.367103,20203,3,99999,03138,自然運動公園室内多目的運動場,下之郷乙815,3,-99,1992
138.207986,36.399074,20203,3,99999,03116,上田古戦場公園室内多目的運動場,築地580,3,-99,1995
138.207992,36.398993,20203,3,99999,03138,上田古戦場公園室内多目的運動場,築地580,3,-99,1995
138.283785,36.351197,20203,3,99999,03138,長瀬屋内ゲートボール場,長瀬2467-1,3,-99,1990
138.232926,36.312393,20203,3,99999,03138,東内屋内ゲートボール場,東内2498-2,3,-99,1990
138.306298,36.442291,20203,3,99999,03138,真田運動公園屋内ゲートボール場,真田町長7220-1,3,-99,1988
138.227111,36.279502,20203,3,99999,03138,武石屋内ゲートボール場,上武石476-24,3,-99,1989
138.242762,36.405973,20203,3,99999,03118,上田城跡公園相撲場,二の丸4-58,3,-99,1979
138.240696,36.4042,20203,3,99999,03121,上田城跡公園弓道場,常磐城1-1-30,3,-99,1978
138.240874,36.404706,20203,3,99999,03110,上田市柔・剣道場（上田城跡公園体育館内）,常磐城1-1-30,3,-99,1970
138.240868,36.404625,20203,3,99999,03111,上田市柔・剣道場（上田城跡公園体育館内）,常磐城1-1-30,3,-99,1970
138.266996,36.32104,20203,3,99999,03121,丸子弓道場,上丸子1910-1,3,-99,1981
138.265196,36.327835,20203,3,99999,03118,丸子相撲場,御嶽堂1-1,3,-99,2000
138.278484,36.350991,20203,3,99999,03110,丸子柔道場,生田3560-3,3,-99,2002
138.221853,36.409932,20203,3,99999,03129,アクアプラザ上田（室内プール）,上塩尻623,4,-99,9999
138.221853,36.409788,20203,3,99999,03105,アクアプラザ上田（室内プール）,上塩尻623,4,-99,9999
138.13667,36.303368,20203,3,99999,03105,クアハウスかけゆ（温泉プール）,鹿教湯温泉1293,3,-99,9999
138.13667,36.303291,20203,3,99999,03129,クアハウスかけゆ（温泉プール）,鹿教湯温泉1293,3,-99,9999
138.307659,36.44301,20203,3,99999,03105,ふれあいさなだ館（温泉プール）,真田町長7369-1,4,-99,9999
138.307659,36.442943,20203,3,99999,03129,ふれあいさなだ館（温泉プール）,真田町長7369-1,4,-99,9999
138.246375,36.40495,20203,3,99999,03106,上田城跡公園プール,二の丸3-15,3,-99,1954
138.246738,36.40505,20203,3,99999,03107,上田城跡公園ちびっこプール,二の丸3-15,3,-99,9999
138.26222,36.397708,20203,3,99999,03107,材木町ちびっこプール,材木町1-14-1,3,-99,9999
138.233831,36.391938,20203,3,99999,03107,城下ちびっこプール,御所190-8,3,-99,9999
138.230557,36.36765,20203,3,99999,03106,自然運動公園プール,下之郷乙935,3,-99,1977
138.229606,36.367956,20203,3,99999,03107,自然運動公園プール,下之郷乙935,3,-99,1977
138.250559,36.303609,20203,3,99999,03106,依田窪プール,腰越418-3,3,-99,1982
138.250013,36.303633,20203,3,99999,03107,依田窪プール,腰越418-3,3,-99,1982
138.34831,36.535331,20203,3,99999,03141,菅平高原スキー場,菅平高原,3,-99,9999
138.11301,36.26034,20203,3,99999,03141,武石番所ケ原スキー場,武石上本入,3,-99,9999
138.228477,36.369812,20203,3,99999,03122,自然運動公園アーチェリー場,下之郷乙935,3,-99,2001
138.332217,36.404575,20203,3,99999,03109,市民の森公園,芳田3780-95,3,-99,9999
138.333358,36.404121,20203,3,99999,03104,市民の森公園,芳田3780-95,3,-99,9999
138.33394,36.402777,20203,3,99999,03115,市民の森公園,芳田3780-95,3,-99,9999
138.334713,36.403298,20203,3,99999,03125,市民の森公園,芳田3780-95,3,-99,9999
138.329662,36.402868,20203,3,99999,03142,市民の森公園,芳田3780-95,3,-99,9999
138.331269,36.401798,20203,3,99999,03123,市民の森馬術場,芳田3780-73,3,-99,9999
138.264581,36.324007,20203,3,99999,03138,丸子ゲートボール場,東内365,3,-99,1999
138.327609,36.53604,20203,3,99999,03145,菅平高原ジャンプ台,菅平高原1223-31529,3,-99,9999
138.134406,36.257784,20203,3,99999,03142,武石巣栗渓谷緑の広場,石上本入2384-65（美ケ原高原入口）,3,-99,9999
138.227121,36.279378,20203,3,99999,03138,武石ゲートボール場,上武石476-9,3,-99,1975
138.06571,36.059239,20204,3,99999,03129,西体育館（スワンドーム）,南宮3-2-1（岡谷市民総合体育館）,3,-99,9999
138.065692,36.059004,20204,3,99999,03110,西体育館（スワンドーム）,南宮3-2-1（岡谷市民総合体育館）,3,-99,9999
138.065698,36.05908,20204,3,99999,03111,西体育館（スワンドーム）,南宮3-2-1（岡谷市民総合体育館）,3,-99,9999
138.06678,36.059042,20204,3,99999,03121,西体育館（スワンドーム）,南宮3-2-1（岡谷市民総合体育館）,3,-99,9999
138.065698,36.059167,20204,3,99999,03109,西体育館（スワンドーム）,南宮3-2-1（岡谷市民総合体育館）,3,-99,9999
138.06656,36.058898,20204,3,99999,03109,東体育館,南宮3-2-1（岡谷市民総合体育館）,3,-99,9999
138.066634,36.059886,20204,3,99999,03115,市営庭球場,南宮3-9554-1,3,-99,9999
138.040726,36.075052,20204,3,99999,03102,岡谷球場,神明町1-1-1,3,-99,9999
138.02794,36.047725,20204,3,99999,03102,川岸スポーツ広場,川岸上3-1945-14,3,-99,9999
138.027952,36.047629,20204,3,99999,03103,川岸スポーツ広場,川岸上3-1945-14,3,-99,9999
138.041817,36.081425,20204,3,99999,03102,今井西広場,神明町4-33,3,-99,9999
138.067398,36.059109,20204,3,99999,03105,岡谷市民プール,南宮3-2-1（岡谷市民総合体育館）,3,-99,9999
138.040412,36.064963,20204,3,99999,03104,岡谷小学校,山手町2-1-1,3,-99,9999
138.042307,36.078234,20204,3,99999,03109,神明小学校,神明町1-9-40,3,-99,9999
138.042791,36.076704,20204,3,99999,03104,神明小学校,神明町1-9-40,3,-99,9999
138.056228,36.067354,20204,3,99999,03109,小井川小学校,東銀座1-1-4,3,-99,9999
138.05665,36.067642,20204,3,99999,03104,小井川小学校,東銀座1-1-4,3,-99,9999
138.057936,36.060649,20204,3,99999,03109,田中小学校,田中町3-5-17,3,-99,9999
138.058729,36.0602,20204,3,99999,03104,田中小学校,田中町3-5-17,3,-99,9999
138.062067,36.042645,20204,3,99999,03109,湊小学校,湊3-6-1,3,-99,9999
138.062661,36.041727,20204,3,99999,03104,湊小学校,湊3-6-1,3,-99,9999
138.026138,36.044644,20204,3,99999,03104,川岸小学校,川岸中1-1-2,3,-99,9999
138.066883,36.079238,20204,3,99999,03109,長地小学校,長地源1-1-3,3,-99,9999
138.067432,36.0787,20204,3,99999,03104,長地小学校,長地源1-1-3,3,-99,9999
138.05319,36.092101,20204,3,99999,03109,上の原小学校,長地出早2-6-1,3,-99,9999
138.052846,36.091001,20204,3,99999,03104,上の原小学校,長地出早2-6-1,3,-99,9999
138.049752,36.079746,20204,3,99999,03104,岡谷北部中学校,赤羽2-1-24,3,-99,9999
138.054599,36.048397,20204,3,99999,03104,岡谷南部中学校,湊2-1-8,3,-99,9999
138.025558,36.047127,20204,3,99999,03109,岡谷西部中学校,川岸中1-1-1,3,-99,9999
138.025867,36.046301,20204,3,99999,03104,岡谷西部中学校,川岸中1-1-1,3,-99,9999
138.06378,36.072791,20204,3,99999,03104,岡谷東部中学校,長地柴宮1-9-13,3,-99,9999
138.039762,36.064912,20204,3,99999,03109,岡谷小学校,山手町2-1-1,3,-99,9999
138.039818,36.066284,20204,3,99999,03109,岡谷小学校（小体育館）,山手町2-1-1,3,-99,9999
138.026111,36.045115,20204,3,99999,03109,川岸小学校,川岸中1-1-2,3,-99,9999
138.025502,36.044961,20204,3,99999,03109,川岸小学校（小体育館）,川岸中1-1-2,3,-99,9999
138.048228,36.079822,20204,3,99999,03109,北部中学校,赤羽2-1-24,3,-99,9999
138.048684,36.079897,20204,3,99999,03109,北部中学校（小体育館）,赤羽2-1-24,3,-99,9999
138.054409,36.049151,20204,3,99999,03109,南部中学校,湊2-1-8,3,-99,9999
138.054252,36.049413,20204,3,99999,03109,南部中学校（小体育館）,湊2-1-8,3,-99,9999
138.063474,36.072061,20204,3,99999,03109,東部中学校,長地柴宮1-9-13,3,-99,9999
138.062904,36.071873,20204,3,99999,03109,東部中学校（小体育館）,長地柴宮1-9-13,3,-99,9999
138.106334,36.042213,20206,3,99999,03109,諏訪市体育館,高島2-1202,3,-99,1976
138.106337,36.04217,20206,3,99999,03116,諏訪市体育館,高島2-1202,3,-99,1976
138.127176,36.041132,20206,3,99999,03109,元町体育館,元町19-1,3,-99,9999
138.12037,36.035548,20206,3,99999,03109,清水町体育館（旧諏訪湖スポーツセンター）,清水3-3663-4,3,-99,1971
138.12037,36.035471,20206,3,99999,03120,清水町体育館（旧諏訪湖スポーツセンター）,清水3-3663-4,3,-99,1971
138.12037,36.035394,20206,3,99999,03116,清水町体育館（旧諏訪湖スポーツセンター）,清水3-3663-4,3,-99,1971
138.11348,36.038333,20206,3,99999,03112,諏訪市武道館,高島1-29-1,3,-99,9999
138.106771,36.042153,20206,3,99999,03121,諏訪市弓道場,高島2-1202,3,-99,1988
138.110182,36.044584,20206,3,99999,03138,屋内ゲートボール場,湖岸通り5-12-18,3,-99,1995
138.093818,36.032641,20206,3,99999,03102,諏訪湖スタジアム,豊田811-1,3,-99,1995
138.119575,36.03509,20206,3,99999,03102,清水町野球場,清水3-3619-5,3,-99,1970
138.091313,36.034244,20206,3,99999,03102,スポーツ広場,豊田780-1,3,-99,1999
138.091318,36.034148,20206,3,99999,03103,スポーツ広場,豊田780-1,3,-99,1999
138.093926,36.019106,20206,3,99999,03102,西山運動場,湖南3873,3,-99,1980
138.102745,36.037882,20206,3,99999,03115,上川テニス場,上川1-1791-147,3,-99,1994
138.101876,36.040689,20206,3,99999,03102,諏訪湖ヨットハーバーグランド,高島3-1201-34先,3,-99,1975
138.101882,36.040588,20206,3,99999,03103,諏訪湖ヨットハーバーグランド,高島3-1201-34先,3,-99,1975
138.103047,36.041376,20206,3,99999,03137,諏訪湖ヨットハーバー陸置けい留施設,高島3-1201-34先,3,-99,1975
138.092464,36.031292,20206,3,99999,03102,クリーンレイクグラウンド,豊田1866-6(クリーンレイク諏訪施設内）,3,-99,9999
138.090711,36.030307,20206,3,99999,03115,クリーンレイクテニスコート,豊田1866-6(クリーンレイク諏訪施設内）,3,-99,9999
138.1585,36.09794,20206,3,99999,03109,霧ヶ峰体育館,上諏訪13338-1,3,-99,9999
138.15812,36.097421,20206,3,99999,03101,霧ヶ峰陸上競技場,上諏訪13338-1,3,-99,1961
138.156301,36.096154,20206,3,99999,03104,霧ヶ峰運動場,上諏訪13338-1,3,-99,1961
138.162077,36.097085,20206,3,99999,03141,霧ヶ峰高原クロスカントリーコース,上諏訪13338-1,3,-99,1997
138.318395,36.652847,20207,3,99999,03109,須坂市市民体育館,大字日滝1,3,-99,9999
138.318401,36.652766,20207,3,99999,03120,須坂市市民体育館,大字日滝1,3,-99,9999
138.309989,36.670582,20207,3,99999,03109,須坂市北部体育館,大字小河原1055-3,3,-99,9999
138.318917,36.638973,20207,3,99999,03109,須坂勤労青少年体育センター,臥竜6-25-2,3,-99,9999
138.316891,36.653756,20207,3,99999,03110,須坂市柔道場・剣道場,大字須坂777-1,3,-99,9999
138.316894,36.653716,20207,3,99999,03111,須坂市柔道場・剣道場,大字須坂777-1,3,-99,9999
138.327271,36.658602,20207,3,99999,03120,須坂市卓球場,大字日滝897-5,3,-99,9999
138.319578,36.638948,20207,3,99999,03121,須坂市弓道場,臥竜6-25-3,3,-99,9999
138.354472,36.548906,20207,3,99999,03146,峰の原高原クロスカントリー,仁礼3153-737,3,-99,9999
138.315467,36.67988,20207,3,99999,03104,旭ケ丘小学校,旭ヶ丘12-2,3,-99,9999
138.315954,36.679938,20207,3,99999,03109,旭ケ丘小学校,旭ヶ丘12-2,3,-99,9999
138.285234,36.640695,20207,3,99999,03104,井上小学校,幸高292,3,-99,9999
138.285603,36.640056,20207,3,99999,03109,井上小学校,幸高292,3,-99,9999
138.311263,36.630718,20207,3,99999,03104,高甫小学校,八町1916,3,-99,9999
138.312237,36.629955,20207,3,99999,03109,高甫小学校,八町1916,3,-99,9999
138.31164,36.64754,20207,3,99999,03104,小山小学校,臥竜1-3-1,3,-99,9999
138.31203,36.64724,20207,3,99999,03109,小山小学校,臥竜1-3-1,3,-99,9999
138.303163,36.651445,20207,3,99999,03104,森上小学校,墨坂3-1-1,3,-99,9999
138.303766,36.650868,20207,3,99999,03109,森上小学校,墨坂3-1-1,3,-99,9999
138.341595,36.610899,20207,3,99999,03104,仁礼小学校,仁礼96,3,-99,9999
138.340811,36.610761,20207,3,99999,03109,仁礼小学校,仁礼96,3,-99,9999
138.317185658467,36.6530395789812,20207,3,99999,03104,須坂小学校,須坂780,3,-99,9999
138.316502,36.65365,20207,3,99999,03109,須坂小学校,須坂780,3,-99,9999
138.323843,36.662266,20207,3,99999,03104,日滝小学校,日滝1648,3,-99,9999
138.324357,36.66291,20207,3,99999,03109,日滝小学校,日滝1648,3,-99,9999
138.291626,36.659701,20207,3,99999,03104,日野小学校,塩川151,3,-99,9999
138.292541,36.660052,20207,3,99999,03109,日野小学校,塩川151,3,-99,9999
138.350943,36.632802,20207,3,99999,03104,豊丘小学校,豊丘1070,3,-99,9999
138.351641,36.632467,20207,3,99999,03109,豊丘小学校,豊丘1070,3,-99,9999
138.292704,36.678038,20207,3,99999,03104,豊洲小学校,小島473,3,-99,9999
138.293548,36.677542,20207,3,99999,03109,豊洲小学校,小島473,3,-99,9999
138.318968,36.653518,20207,3,99999,03104,常盤中学校,日滝61,3,-99,9999
138.320046,36.653217,20207,3,99999,03109,常盤中学校,日滝61,3,-99,9999
138.320595,36.653331,20207,3,99999,03112,常盤中学校,日滝61,3,-99,9999
138.31271,36.663548,20207,3,99999,03104,相森中学校,日滝2082-1,3,-99,9999
138.313259,36.662591,20207,3,99999,03109,相森中学校,日滝2082-1,3,-99,9999
138.313119,36.662292,20207,3,99999,03112,相森中学校,日滝2082-1,3,-99,9999
138.331888,36.623862,20207,3,99999,03104,東中学校,亀倉6-6,3,-99,9999
138.332159,36.622868,20207,3,99999,03109,東中学校,亀倉6-6,3,-99,9999
138.332165,36.622818,20207,3,99999,03112,東中学校,亀倉6-6,3,-99,9999
138.295898,36.64542,20207,3,99999,03104,墨坂中学校,墨坂南2-19-1,3,-99,9999
138.296384,36.644663,20207,3,99999,03109,墨坂中学校,墨坂南2-19-1,3,-99,9999
138.296384,36.64461,20207,3,99999,03112,墨坂中学校,墨坂南2-19-1,3,-99,9999
138.455756,36.348492,20208,3,99999,03102,小諸市総合運動場,己2-173,3,-99,9999
138.454807,36.349203,20208,3,99999,03138,小諸市総合運動場,己2-173,3,-99,9999
138.455559,36.349794,20208,3,99999,03103,小諸市総合運動場,己2-173,3,-99,9999
138.455565,36.349698,20208,3,99999,03101,小諸市総合運動場,己2-173,3,-99,9999
138.42296,36.317146,20208,3,99999,03102,南城公園野球場,甲1856,3,-99,9999
138.434954,36.315159,20208,3,99999,03102,市営野球場,御幸町1-18,3,-99,9999
138.418949,36.321006,20208,3,99999,03109,総合体育館,乙1189-1,3,-99,9999
138.418949,36.320929,20208,3,99999,03120,総合体育館,乙1189-1,3,-99,9999
138.418949,36.320852,20208,3,99999,03122,総合体育館,乙1189-1,3,-99,9999
138.418943,36.320775,20208,3,99999,03129,総合体育館,乙1189-1,3,-99,9999
138.418943,36.320698,20208,3,99999,03116,総合体育館,乙1189-1,3,-99,9999
138.419612,36.320462,20208,3,99999,03112,武道館,乙1189-1,3,-99,9999
138.418949,36.320626,20208,3,99999,03122,小諸市アーチェリー場,乙1189-1,3,-99,9999
138.45267,36.287682,20208,3,99999,03109,和田体育館,大字和田556-1,3,-99,9999
138.437381,36.31077,20208,3,99999,03109,乙女湖体育館,甲1273,3,-99,9999
138.434693,36.310799,20208,3,99999,03115,乙女湖公園テニスコート,甲1273,3,-99,9999
138.422608,36.315652,20208,3,99999,03106,南城公園プール,甲1984,3,-99,9999
138.424138,36.315633,20208,3,99999,03107,南城公園プール,甲1984,3,-99,9999
138.435022,36.31127,20208,3,99999,03138,乙女湖ゲートボール場,甲1273,3,-99,9999
138.420727,36.32002,20208,3,99999,03116,屋内ゲートボール場（すぱーく小諸）,乙1189-1,3,-99,9999
138.420733,36.319938,20208,3,99999,03138,屋内ゲートボール場（すぱーく小諸）,乙1189-1,3,-99,9999
138.418654,36.327366,20208,3,99999,03121,小諸懐古射院,丁313-1,3,-99,9999
138.381233,36.757166,20211,3,99999,03102,中野市営野球場,大字一本木522,3,-99,9999
138.352455,36.741881,20211,3,99999,03106,中野市民プール,大字岩船51-8,3,-99,9999
138.351727,36.741888,20211,3,99999,03107,中野市民プール,大字岩船51-8,3,-99,9999
138.382876,36.757411,20211,3,99999,03104,中野市営運動場,大字一本木550-1,3,-99,9999
138.382888,36.757239,20211,3,99999,03103,中野市営運動場,大字一本木550-1,3,-99,9999
138.382888,36.757058,20211,3,99999,03138,中野市営運動場,大字一本木550-1,3,-99,9999
138.380132,36.75757,20211,3,99999,03109,中野市民体育館,大字一本木590-1,3,-99,9999
138.380712,36.757895,20211,3,99999,03110,中野市武道場,大字一本木590-1,3,-99,9999
138.380715,36.757855,20211,3,99999,03111,中野市武道場,大字一本木590-1,3,-99,9999
138.383562,36.756547,20211,3,99999,03115,中野市営テニス場,大字中野2517,3,-99,9999
138.383303,36.757811,20211,3,99999,03121,中野市弓道場,大字一本木556-1,3,-99,9999
138.365211,36.816297,20211,3,99999,03104,中野市北部運動場,大字田上1670-5,3,-99,9999
138.31393,36.723144,20211,3,99999,03104,中野市篠井川河川敷運動広場,大字立ヶ花917-11,3,-99,9999
138.379878,36.756611,20211,3,99999,03109,中野市コミュニティスポーツセンター,大字一本木522,3,-99,9999
138.379878,36.756573,20211,3,99999,03120,中野市コミュニティスポーツセンター,大字一本木522,3,-99,9999
138.379878,36.756535,20211,3,99999,03129,中野市コミュニティスポーツセンター,大字一本木522,3,-99,9999
138.337142,36.749926,20211,3,99999,03104,中野市屋内運動場,大字栗林857-10,3,-99,9999
138.322254,36.781023,20211,3,99999,03115,中野市営豊田テニス場,大字穴田3548,3,-99,9999
138.32345,36.781177,20211,3,99999,03102,中野市営豊田野球場,大字穴田3535,3,-99,9999
138.307433,36.795506,20211,3,99999,03115,中野市永田テニス場,大字永江1809,3,-99,9999
138.307587,36.795211,20211,3,99999,03138,中野市永田社会体育運動場,大字永江1809,3,-99,9999
138.359101,36.734562,20211,3,99999,03103,中野市多目的サッカー場,大字西条116,3,-99,9999
138.323644,36.779733,20211,3,99999,03109,中野市Ｂ＆Ｇ海洋センター,大字穴田3697-2,3,-99,9999
138.323644,36.779661,20211,3,99999,03110,中野市Ｂ＆Ｇ海洋センター,大字穴田3697-2,3,-99,9999
138.323638,36.77959,20211,3,99999,03111,中野市Ｂ＆Ｇ海洋センター,大字穴田3697-2,3,-99,9999
138.323549,36.780061,20211,3,99999,03105,中野市Ｂ＆Ｇ海洋センター,大字穴田3697-2,3,-99,9999
138.368039,36.886022,20213,3,99999,03129,飯山市民体育館,大字旭4722,4,-99,9999
138.368045,36.885937,20213,3,99999,03109,飯山市民体育館,大字旭4722,4,-99,9999
138.365091,36.882798,20213,3,99999,03101,飯山市多目的運動広場,大字旭4691,3,-99,9999
138.365103,36.882617,20213,3,99999,03102,飯山市多目的運動広場,大字旭4691,3,-99,9999
138.366072,36.880644,20213,3,99999,03106,飯山市民プール,大字旭4534-2,3,-99,9999
138.366268,36.880335,20213,3,99999,03107,飯山市民プール,大字旭4534-2,3,-99,9999
138.368039,36.880442,20213,3,99999,03102,飯山市営野球場,大字飯山5762,4,-99,9999
138.369235,36.881051,20213,3,99999,03115,飯山市営庭球場,大字飯山5725,4,-99,9999
138.376866,36.855289,20213,3,99999,03109,飯山市勤労者体育館,大字野坂田781-4,4,-99,9999
138.364508,36.855952,20213,3,99999,03110,飯山市武道館,大字飯山2742-1,4,-99,9999
138.364508,36.855909,20213,3,99999,03111,飯山市武道館,大字飯山2742-1,4,-99,9999
138.365819,36.856796,20213,3,99999,03121,飯山市弓道場,大字飯山2756ｲ,4,-99,9999
138.359053,36.851107,20213,3,99999,03104,飯山市屋内運動場,大字飯山1461,3,-99,9999
138.372735,36.855714,20213,3,99999,03103,河川敷グラウンドＡ・Ｂ,大字木島（千曲川河川敷）,3,-99,9999
138.368435,36.85206,20213,3,99999,03102,河川敷グラウンドＣ,大字飯山（千曲川河川敷）,3,-99,9999
138.354359,36.854113,20213,3,99999,03141,市営飯山シャンツェ,大字飯山9000,3,-99,9999
138.234804,36.015388,20214,3,99999,03142,青少年自然の森,豊平4734-2683ｲ,3,-99,9999
138.255827,36.019792,20214,3,99999,03104,岳麓公園,湖東,3,-99,9999
138.217525,36.032092,20214,3,99999,03104,花蒔公園,湖東,3,-99,9999
138.216575,36.031931,20214,3,99999,03115,花蒔公園,湖東,3,-99,9999
138.182695,36.030267,20214,3,99999,03109,米沢小学校,米沢4188,3,-99,1873
138.202894,36.01383,20214,3,99999,03109,豊平小学校,豊平2340,3,-99,1872
138.213788,36.023386,20214,3,99999,03109,湖東小学校,湖東4982,3,-99,1912
138.224477,36.0344,20214,3,99999,03109,北山小学校,北山4262,3,-99,1901
138.211772,36.025817,20214,3,99999,03109,北部中学校,湖東5643,3,-99,1960
138.480591,36.251676,20217,3,99999,03109,佐久市総合体育館（大体育館）,中込2939,3,-99,1978
138.481105,36.25158,20217,3,99999,03109,佐久市総合体育館（小体育館）,中込2939,3,-99,1978
138.471433,36.25495,20217,3,99999,03109,佐久市勤労者体育館,中込3384-1,3,-99,1976
138.496843,36.262446,20217,3,99999,03109,東地区社会体育館,新子田1382-1,3,-99,1978
138.52519,36.231892,20217,3,99999,03109,内山地区社会体育館,内山5201,3,-99,1984
138.45534,36.209942,20217,3,99999,03109,大沢地区社会体育館,大沢789-1,3,-99,1986
138.468024,36.272192,20217,3,99999,03109,浅間体育センター,岩村田1340-3,3,-99,1991
138.462748,36.226,20217,3,99999,03109,野沢体育センター,野沢339-1,3,-99,1997
138.484254,36.200103,20217,3,99999,03109,臼田体育センター,下越284,3,-99,1974
138.417879,36.263775,20217,3,99999,03104,浅科多目的屋内運動場,塩名田1155-1,3,-99,1995
138.366368,36.260469,20217,3,99999,03109,望月総合体育館,望月1630-2,3,-99,1984
138.349155,36.270624,20217,3,99999,03109,本牧体育館,望月775-1,3,-99,1976
138.373111,36.249745,20217,3,99999,03109,布施体育館,布施2151-3,3,-99,1987
138.35666,36.223047,20217,3,99999,03109,春日体育館,春日2823,3,-99,1978
138.489799,36.272053,20217,3,99999,03102,佐久市営グラウンド,安原1493-1,3,-99,1972
138.46986,36.219974,20217,3,99999,03102,県民佐久運動広場,取出町455,3,-99,1973
138.430131,36.250121,20217,3,99999,03102,千曲川スポーツ交流運動,鳴瀬505-1,3,-99,1990
138.428925,36.251117,20217,3,99999,03138,千曲川スポーツ交流運動,鳴瀬505-1,3,-99,1990
138.437188,36.194103,20217,3,99999,03102,臼田総合運動公園多目的広場,臼田3124,3,-99,1987
138.437176,36.19394,20217,3,99999,03138,臼田総合運動公園多目的広場,臼田3124,3,-99,1987
138.417172,36.264584,20217,3,99999,03102,浅科総合グラウンド,塩名田1151-1,3,-99,1975
138.386657,36.295386,20217,3,99999,03102,浅科御牧原台地グラウンド,八幡1110-1,3,-99,2000
138.367367,36.262881,20217,3,99999,03102,望月総合グラウンド,望月1669-2,3,-99,1977
138.48802,36.272421,20217,3,99999,03115,鼻顔公園テニスコート,岩村田4246-1,3,-99,1977
138.483358,36.219214,20217,3,99999,03115,千曲運動広場テニスコート,鍛冶屋477,3,-99,1986
138.469491,36.219398,20217,3,99999,03115,県民佐久運動広場テニスコート,取出町455,3,-99,1973
138.439495,36.195456,20217,3,99999,03115,臼田テニスコート,臼田3091,3,-99,1989
138.365789,36.258305,20217,3,99999,03115,望月テニスコート,望月1616,3,-99,1991
138.469984,36.219499,20217,3,99999,03138,県民佐久運動広場屋内ゲートボール場,取出町455,3,-99,1991
138.483939,36.197656,20217,3,99999,03138,臼田ふれあいゲートボール場,下越351-1,3,-99,1993
138.482659,36.195506,20217,3,99999,03138,臼田屋外ゲートボール場,臼田145-3先,3,-99,1991
138.396604,36.266724,20217,3,99999,03138,浅科御牧ゲートボール場,甲1071-1,3,-99,1993
138.365597,36.258483,20217,3,99999,03138,望月屋内ゲートボール場,望月1615-1,3,-99,1989
138.365047,36.258443,20217,3,99999,03138,望月屋外ゲートボール場,望月1626-1,3,-99,1982
138.480545,36.251071,20217,3,99999,03110,佐久市営武道館,中込2941,3,-99,1984
138.480545,36.250999,20217,3,99999,03111,佐久市営武道館,中込2941,3,-99,1984
138.484248,36.199822,20217,3,99999,03110,臼田武道館,下越284,3,-99,1984
138.484242,36.199774,20217,3,99999,03111,臼田武道館,下越284,3,-99,1984
138.485928,36.198553,20217,3,99999,03121,佐久市臼田弓道場,下越22-1,3,-99,2011
138.397022,36.266765,20217,3,99999,03112,浅科柔剣道場,甲1071-1,3,-99,1983
138.437202,36.19429,20217,3,99999,03103,臼田総合運動公園宿泊棟,臼田3110-1,3,-99,9999
138.114865,36.530843,20218,3,99999,03109,更埴体育館,杭瀬下2-1,3,-99,9999
138.114984,36.530214,20218,3,99999,03115,更埴体育館,杭瀬下2-1,3,-99,9999
138.114865,36.530762,20218,3,99999,03110,更埴体育館,杭瀬下2-1,3,-99,9999
138.114865,36.530676,20218,3,99999,03111,更埴体育館,杭瀬下2-1,3,-99,9999
138.10032,36.536917,20218,3,99999,03109,勤労者体育センター,稲荷山2086-2,3,-99,9999
138.150992,36.538771,20218,3,99999,03109,東部体育館,生萱120,3,-99,9999
138.153332,36.478221,20218,3,99999,03109,戸倉体育館,磯部1406-1,3,-99,9999
138.153332,36.47814,20218,3,99999,03110,戸倉体育館,磯部1406-1,3,-99,9999
138.153332,36.478063,20218,3,99999,03111,戸倉体育館,磯部1406-1,3,-99,9999
138.153326,36.477982,20218,3,99999,03129,戸倉体育館,磯部1406-1,3,-99,9999
138.15285,36.462186,20218,3,99999,03109,上山田農業者トレーニングセンター,新山512-4,3,-99,9999
138.110937,36.529668,20218,3,99999,03106,更埴中央公園市民プール,新田300,3,-99,9999
138.111347,36.529396,20218,3,99999,03107,更埴中央公園市民プール,新田300,3,-99,9999
138.122137,36.522494,20218,3,99999,03105,おおとりプラザ屋内プール,桜堂100,3,-99,9999
138.114979,36.530303,20218,3,99999,03115,更埴テニスコート第１コート,杭瀬下2-1,3,-99,9999
138.100471,36.536573,20218,3,99999,03115,更埴テニスコート第２コート,稲荷山2131-2,3,-99,9999
138.150364,36.538271,20218,3,99999,03115,更埴東部テニスコート,森86,3,-99,9999
138.153416,36.477366,20218,3,99999,03115,戸倉野外趣味活動センター庭球場,磯部1406-1,3,-99,9999
138.154735,36.477098,20218,3,99999,03116,戸倉インドアコート,磯部1406-1,3,-99,9999
138.142199,36.471074,20218,3,99999,03115,上山田多目的運動場,上山田3633,3,-99,9999
138.110964,36.527775,20218,3,99999,03102,更埴中央公園グラウンド,新田300,3,-99,9999
138.107013,36.530631,20218,3,99999,03102,千曲橋緑地グラウンド,野高場1850,3,-99,9999
138.112142,36.517999,20218,3,99999,03102,平和橋緑地グラウンド,中1000,3,-99,9999
138.154057,36.47683,20218,3,99999,03102,戸倉野外趣味活動センター野球場,磯部1406-1,3,-99,9999
138.153083,36.478708,20218,3,99999,03102,戸倉体育館Ａグラウンド,磯部1406-1,3,-99,9999
138.152388,36.47812,20218,3,99999,03102,戸倉体育館Ｂグラウンド,磯部1406-1,3,-99,9999
138.12592,36.503058,20218,3,99999,03102,千本柳運動場,千本柳1417-1先,3,-99,9999
138.140697,36.496524,20218,3,99999,03102,大西緑地公園,上徳間380先,3,-99,9999
138.150839,36.473214,20218,3,99999,03102,萬葉の里スポーツエリア野球場Ａ,上山田3813-27先,3,-99,9999
138.15198,36.472645,20218,3,99999,03102,萬葉の里スポーツエリア野球場Ｂ,上山田3813-27先,3,-99,9999
138.151838,36.473558,20218,3,99999,03102,萬葉の里スポーツエリア少年野球場,上山田3813-27先,3,-99,9999
138.155323,36.477332,20218,3,99999,03103,千曲市サッカー場,磯部1406-12,3,-99,9999
138.142159,36.495134,20218,3,99999,03103,大西緑地公園,上徳間380先,3,-99,9999
138.153585,36.472096,20218,3,99999,03103,萬葉の里スポーツエリアサッカー場,上山田3813-27先,3,-99,9999
138.142153,36.49522,20218,3,99999,03101,大西緑地公園,上徳間380先,3,-99,9999
138.153585,36.472191,20218,3,99999,03101,萬葉の里スポーツエリア陸上競技場,上山田3813-27先,3,-99,9999
138.109789,36.528748,20218,3,99999,03138,更埴ゲートボール場,杭瀬下1255-3,3,-99,9999
138.112923,36.517471,20218,3,99999,03138,平和橋緑地ゲートボール場,中1000,3,-99,9999
138.099397,36.517001,20218,3,99999,03138,八幡屋内ゲートボール場,八幡3311,3,-99,9999
138.133753,36.534187,20218,3,99999,03138,科野の里ゲートボール場,屋代260-3,3,-99,9999
138.113732,36.49069,20218,3,99999,03138,さらしなの里マレットパーク,羽尾2734,3,-99,9999
138.154747,36.477022,20218,3,99999,03138,戸倉インドアコート,磯部1406-1,3,-99,9999
138.142193,36.471027,20218,3,99999,03138,上山田多目的運動場,上山田3633,3,-99,9999
138.099917,36.536503,20218,3,99999,03121,弓道場,稲荷山2068-9,3,-99,9999
138.128529,36.525467,20218,3,99999,03146,東山ランニングコース,小島～寂蒔,3,-99,9999
138.155058,36.471943,20218,3,99999,03146,千曲川左岸ランニングコース,上山田3813-27先,3,-99,9999
138.150784,36.537301,20218,3,99999,03146,東部地区ランニングコース,森東小学校周辺,3,-99,9999
138.153311,36.473176,20218,3,99999,03146,萬葉の里スポーツエリアランニングコース（外周路）,上山田3813-27先,3,-99,9999
138.148497,36.472963,20218,3,99999,03144,長野・更埴・上田サイクリングコース,千曲川左岸,3,-99,9999
138.12477,36.535565,20218,3,99999,03109,屋代小学校,屋代2111,3,-99,9999
138.124241,36.536119,20218,3,99999,03104,屋代小学校,屋代2111,3,-99,9999
138.132723,36.542405,20218,3,99999,03109,屋代中学校,屋代810,3,-99,9999
138.132545,36.541483,20218,3,99999,03104,屋代中学校,屋代810,3,-99,9999
138.149505,36.537258,20218,3,99999,03109,東小学校,森100,3,-99,9999
138.148869,36.537227,20218,3,99999,03104,東小学校,森100,3,-99,9999
138.128491,36.522084,20218,3,99999,03109,埴生小学校,鋳物師屋72,3,-99,9999
138.128503,36.521532,20218,3,99999,03104,埴生小学校,鋳物師屋72,3,-99,9999
138.122886,36.522666,20218,3,99999,03109,埴生中学校,桜堂100,3,-99,9999
138.121938,36.52327,20218,3,99999,03104,埴生中学校,桜堂100,3,-99,9999
138.09362,36.528055,20218,3,99999,03109,治田小学校,稲荷山1360,3,-99,9999
138.093094,36.527945,20218,3,99999,03104,治田小学校,稲荷山1360,3,-99,9999
138.09993,36.529013,20218,3,99999,03109,更埴西中学校,稲荷山134,3,-99,9999
138.100967,36.528868,20218,3,99999,03104,更埴西中学校,稲荷山134,3,-99,9999
138.097921,36.519171,20218,3,99999,03109,八幡小学校,八幡3111,3,-99,9999
138.098821,36.518863,20218,3,99999,03104,八幡小学校,八幡3111,3,-99,9999
138.111067,36.47181,20218,3,99999,03142,坊城平いこいの森,羽尾,3,-99,9999
138.3457,36.361993,20219,3,99999,03115,東御中央公園（テニスコート）,常田740-2,3,-99,9999
138.349165,36.362394,20219,3,99999,03138,東御中央公園（屋内ゲートボール場）,鞍掛177-2,3,-99,9999
138.349409,36.361792,20219,3,99999,03109,東御中央公園（第２体育館）,鞍掛177-2,3,-99,9999
138.349409,36.361705,20219,3,99999,03120,東御中央公園（第２体育館）,鞍掛177-2,3,-99,9999
138.348302,36.363132,20219,3,99999,03121,東御中央公園（弓道場）,鞍掛167,3,-99,9999
138.34033,36.324594,20219,3,99999,03109,東御市北御牧体育館,下之城978-1,3,-99,9999
138.3407,36.324371,20219,3,99999,03109,東御市ふれあい体育館,下之城962-3,3,-99,9999
138.3407,36.3243,20219,3,99999,03120,東御市ふれあい体育館,下之城962-3,3,-99,9999
138.348262,36.361279,20219,3,99999,03104,東御中央公園（グラウンド）,鞍掛188,3,-99,9999
138.349342,36.360316,20219,3,99999,03106,東御中央公園（市民プール）,鞍掛205,3,-99,9999
138.349081,36.360087,20219,3,99999,03107,東御中央公園（市民プール）,鞍掛205,3,-99,9999
138.350057,36.361532,20219,3,99999,03138,東御中央公園（屋外ゲートボールコート）,鞍掛158-1,3,-99,9999
138.347525,36.362438,20219,3,99999,03109,東御中央公園（第１体育館）,鞍掛177-2,3,-99,9999
138.347525,36.362337,20219,3,99999,03120,東御中央公園（第１体育館）,鞍掛177-2,3,-99,9999
138.348816,36.362678,20219,3,99999,03110,東御中央公園（武道館）,鞍掛167,3,-99,9999
138.348816,36.362597,20219,3,99999,03111,東御中央公園（武道館）,鞍掛167,3,-99,9999
138.340143,36.323629,20219,3,99999,03104,東御市北御牧グラウンド,下之城965,3,-99,9999
138.338585,36.323893,20219,3,99999,03138,東御市北御牧屋外ゲートボール場,下之城962-3,3,-99,9999
138.324855,36.322339,20219,3,99999,03102,東御市八重原グラウンド,八重原1807,3,-99,9999
138.44692,36.054917,20303,3,99999,03102,小海町総合グラウンド,大字豊里5093-1,3,-99,9999
138.450103,36.054938,20303,3,99999,03115,小海町テニスコート,大字豊里5009-1,3,-99,9999
138.446964,36.053221,20303,3,99999,03125,松原湖高原スケートセンター,大字豊里5068-2,3,-99,9999
138.538443,36.043385,20306,3,99999,03109,南相木村社会体育館,2858-1,3,-99,9999
138.538449,36.043299,20306,3,99999,03120,南相木村社会体育館,2858-1,3,-99,9999
138.555812,36.028735,20306,3,99999,03104,南相木村総合グランド,5420,3,-99,9999
138.538345,36.063982,20307,3,99999,03109,グリーンドーム（北相木村民交流スポーツセンター）,宮ノ平2290-2,3,-99,9999
138.538351,36.063876,20307,3,99999,03129,グリーンドーム（北相木村民交流スポーツセンター）,宮ノ平2290-2,3,-99,9999
138.539808,36.063137,20307,3,99999,03102,サングリーン広場（北相木村グランド）,2759,3,-99,9999
138.481818,36.154561,20309,3,99999,03109,海瀬社会体育館,海瀬2754-1,3,-99,9999
138.477025,36.137158,20309,3,99999,03109,しらかば社会体育館,穂積1403,3,-99,9999
138.462176,36.130937,20309,3,99999,03102,千ケ日向総合グラウンド,畑1819-3,3,-99,9999
138.460803,36.130846,20309,3,99999,03115,千ケ日向総合グラウンド,畑1819-3,3,-99,9999
138.494906,36.147866,20309,3,99999,03104,海瀬総合運動場,海瀬1981-4,3,-99,9999
138.427707,36.13376,20309,3,99999,03104,松井グラウンド,八郡2049-662,3,-99,9999
138.476648,36.118403,20309,3,99999,03104,穂積グラウンド,穂積2365,3,-99,9999
138.410528,36.10861,20309,3,99999,03142,八千穂高原駒出池キャンプ場,八郡2556,3,-99,9999
138.38046,36.069975,20309,3,99999,03141,八千穂高原スキー場,千代里2093-15,4,-99,9999
138.495284,36.146965,20309,3,99999,03138,海瀬屋内ゲートボール場,海瀬5199-67,3,-99,9999
138.476975,36.118048,20309,3,99999,03138,穂積屋内ゲートボール場,穂積2365,3,-99,9999
138.470523,36.143566,20309,3,99999,03138,畑屋内ゲートボール場,畑660,3,-99,9999
138.602073,36.346586,20321,3,99999,03109,社会体育館,大字長倉2447-1,3,-99,9999
138.602073,36.346507,20321,3,99999,03110,社会体育館,大字長倉2447-1,3,-99,9999
138.602079,36.346426,20321,3,99999,03111,社会体育館,大字長倉2447-1,3,-99,9999
138.602079,36.346344,20321,3,99999,03120,社会体育館,大字長倉2447-1,3,-99,9999
138.602079,36.346268,20321,3,99999,03129,社会体育館,大字長倉2447-1,3,-99,9999
138.586029,36.343237,20321,3,99999,03109,軽井沢中部小学校,大字長倉3734,3,-99,9999
138.586805,36.342931,20321,3,99999,03104,軽井沢中部小学校,大字長倉3734,3,-99,9999
138.624392,36.347621,20321,3,99999,03109,軽井沢東部小学校,軽井沢1249,3,-99,9999
138.624104,36.346427,20321,3,99999,03104,軽井沢東部小学校,軽井沢1249,3,-99,9999
138.552088,36.342136,20321,3,99999,03109,軽井沢西部小学校,大字追分1136,3,-99,9999
138.552209,36.342712,20321,3,99999,03104,軽井沢西部小学校,大字追分1136,3,-99,9999
138.601531,36.345841,20321,3,99999,03104,軽井沢中学校,大字長倉2454,3,-99,9999
138.596813,36.322406,20321,3,99999,03115,軽井沢風越公園屋外テニスコート,大字発地1157-6,3,-99,9999
138.596605,36.321434,20321,3,99999,03104,軽井沢風越公園グラウンド,大字発地1157-6,3,-99,9999
138.598645,36.323871,20321,3,99999,03124,軽井沢風越公園アイスアリーナ,大字長倉182-3,3,-99,9999
138.598639,36.32378,20321,3,99999,03103,軽井沢風越公園アイスアリーナ,大字長倉182-3,3,-99,9999
138.594772,36.321882,20321,3,99999,03103,軽井沢風越公園スケートリンク,大字発地1154-1,3,-99,9999
138.535283,36.341559,20321,3,99999,03115,追分第２運動場,大字追分1550-4,3,-99,9999
138.617445,36.385487,20321,3,99999,03142,軽井沢野営場（軽井沢レクの森キャンプ場）,小瀬,3,-99,9999
138.122739,36.3694,20349,3,99999,03120,総合体育館,大字田沢3267,3,-99,9999
138.122736,36.369357,20349,3,99999,03109,総合体育館,大字田沢3267,3,-99,9999
138.122736,36.369309,20349,3,99999,03116,総合体育館,大字田沢3267,3,-99,9999
138.122736,36.369268,20349,3,99999,03129,総合体育館,大字田沢3267,3,-99,9999
138.122736,36.369225,20349,3,99999,03110,総合体育館,大字田沢3267,3,-99,9999
138.122736,36.369184,20349,3,99999,03111,総合体育館,大字田沢3267,3,-99,9999
138.267521,36.258331,20350,3,99999,03109,長門町民体育館,長久保455,3,-99,9999
138.267771,36.258,20350,3,99999,03110,長門柔剣道場,長久保455,3,-99,9999
138.267771,36.257919,20350,3,99999,03111,長門柔剣道場,長久保455,3,-99,9999
138.268116,36.258134,20350,3,99999,03138,長久保屋内ゲートボール場,長久保455,3,-99,9999
138.266361,36.25483,20350,3,99999,03102,長久保グラウンド,久保544,3,-99,9999
138.263928,36.275335,20350,3,99999,03138,古町屋内ゲートボール,古町2803,3,-99,9999
138.263673,36.274837,20350,3,99999,03103,古町グラウンド,古町2803,3,-99,9999
138.264362,36.274933,20350,3,99999,03115,古町テニスコート,古町2803,3,-99,9999
138.250882,36.21868,20350,3,99999,03102,大門屋内ゲートボール場,大門1519-1,3,-99,9999
138.250633,36.217927,20350,3,99999,03102,大門グラウンド,大門1581,3,-99,9999
138.215289,36.202364,20350,3,99999,03109,湯遊パーク（体育館）,和田4300-1,3,-99,9999
138.214374,36.201064,20350,3,99999,03104,湯遊パーク（多目的グラウンド）,和田4291-1,3,-99,9999
138.21527,36.201625,20350,3,99999,03138,湯遊パーク（屋内ゲートボール場）,和田4295-1,3,-99,9999
138.213761,36.200292,20350,3,99999,03138,湯遊パーク（屋外ゲートボール場）,和田4295-1,3,-99,9999
138.213344,36.200469,20350,3,99999,03115,湯遊パーク（テニスコート）,和田4186-1,3,-99,9999
138.219195,36.212811,20350,3,99999,03106,Ｂ＆Ｇ長和町和田海洋センター,和田1856-1,3,-99,9999
138.248818,36.287117,20203,3,99999,03109,依田窪南部中学校,下武石111,4,-99,9999
138.248818,36.28705,20203,3,99999,03110,依田窪南部中学校,下武石111,4,-99,9999
138.248818,36.286974,20203,3,99999,03111,依田窪南部中学校,下武石111,4,-99,9999
138.248283,36.286294,20203,3,99999,03104,依田窪南部中学校,下武石111,4,-99,9999
138.078949,36.070704,20361,3,99999,03109,下諏訪体育館,西鷹野町4611-11,3,-99,9999
138.078949,36.070632,20361,3,99999,03120,下諏訪体育館,西鷹野町4611-11,3,-99,9999
138.078949,36.070555,20361,3,99999,03110,下諏訪体育館,西鷹野町4611-11,3,-99,9999
138.078949,36.070483,20361,3,99999,03111,下諏訪体育館,西鷹野町4611-11,3,-99,9999
138.079506,36.067905,20361,3,99999,03102,下諏訪町総合運動場管理棟（野球場、テニスコート、弓道場、陸上競技場、ゲートボール場）,西鷹野町4679-1,3,-99,9999
138.079492,36.068978,20361,3,99999,03115,下諏訪町総合運動場管理棟（野球場、テニスコート、弓道場、陸上競技場、ゲートボール場）,西鷹野町4679-1,3,-99,9999
138.078784,36.068426,20361,3,99999,03121,下諏訪町総合運動場管理棟（野球場、テニスコート、弓道場、陸上競技場、ゲートボール場）,西鷹野町4679-1,3,-99,9999
138.079515,36.067115,20361,3,99999,03101,下諏訪町総合運動場管理棟（野球場、テニスコート、弓道場、陸上競技場、ゲートボール場）,西鷹野町4679-1,3,-99,9999
138.078781,36.068003,20361,3,99999,03138,下諏訪町総合運動場管理棟（野球場、テニスコート、弓道場、陸上競技場、ゲートボール場）,西鷹野町4679-1,3,-99,9999
138.078556,36.070786,20361,3,99999,03104,下諏訪町屋内運動場,清水町4590-5,3,-99,9999
138.079758,36.062554,20361,3,99999,03137,下諏訪町錬成の家（漕艇庫）,東赤砂10615-8,3,-99,9999
138.077816,36.084695,20361,3,99999,03104,下諏訪北小学校,東山田社7267,3,-99,9999
138.078392,36.084892,20361,3,99999,03109,下諏訪北小学校,東山田社7267,3,-99,9999
138.089151,36.069043,20361,3,99999,03104,下諏訪南小学校,南四王5188,3,-99,9999
138.088718,36.068385,20361,3,99999,03109,下諏訪南小学校,南四王5188,3,-99,9999
138.088901,36.072981,20361,3,99999,03104,下諏訪中学校,上久保5480,3,-99,9999
138.088188,36.073365,20361,3,99999,03109,下諏訪中学校,上久保5480,3,-99,9999
138.077291,36.08809,20361,3,99999,03104,下諏訪社中学校,星が丘社7173,3,-99,9999
138.078194,36.088431,20361,3,99999,03109,下諏訪社中学校,星が丘社7173,3,-99,9999
138.129653,36.084594,20361,3,99999,03115,いずみ湖公園（グラウンド・テニスコート・マレットゴルフ）,武居北8777-1,3,-99,9999
138.12746,36.08262,20361,3,99999,03104,いずみ湖公園（グラウンド・テニスコート・マレットゴルフ）,武居北8777-1,3,-99,9999
138.12853,36.082049,20361,3,99999,03142,いずみ湖公園研修の家,武居北8777-1,3,-99,9999
138.038606,36.454582,20446,3,99999,03102,総合運動場,麻8425,3,-99,9999
138.03799,36.45393,20446,3,99999,03109,体育館,麻8447,3,-99,9999
138.058593,36.457528,20446,3,99999,03138,ゲートボール場,宮本4645,3,-99,9999
138.006544,36.423404,20452,3,99999,03102,やすらぎスポーツ広場,坂北,3,-99,9999
138.005534,36.424427,20452,3,99999,03115,やすらぎスポーツ広場,坂北,3,-99,9999
138.00456,36.423079,20452,3,99999,03142,やすらぎスポーツ広場,坂北,3,-99,9999
138.073242,36.43764,20452,3,99999,03104,坂井グラウンド,坂井6486,3,-99,9999
138.004727,36.410999,20452,3,99999,03142,本城：とくら沢,詳細住所不明,3,-99,9999
138.006094,36.41353,20452,3,99999,03104,本城,詳細住所不明,3,-99,9999
138.006998,36.413741,20452,3,99999,03138,本城,詳細住所不明,3,-99,9999
138.007009,36.413406,20452,3,99999,03115,本城,詳細住所不明,3,-99,9999
138.173549,36.459558,20521,3,99999,03102,坂城町運動公園,大字上五明1533-1他,3,-99,9999
138.172955,36.459883,20521,3,99999,03103,坂城町運動公園,大字上五明1533-1他,3,-99,9999
138.185122,36.427151,20521,3,99999,03104,鼠橋運動公園,大字南条7669-2他,3,-99,9999
138.321667,36.696069,20541,3,99999,03109,総合体育館,小布施1-4,3,-99,9999
138.313913,36.697908,20541,3,99999,03109,文化体育館,小布施1448,3,-99,9999
138.322649,36.699966,20541,3,99999,03109,農業者トレーニングセンター,都住533,3,-99,9999
138.317012,36.705564,20541,3,99999,03109,北部体育館,小布施1293-2,3,-99,9999
138.324116,36.700525,20541,3,99999,03138,町営グラウンド,中松1336-1,3,-99,9999
138.324116,36.700353,20541,3,99999,03102,町営グラウンド,中松1336-1,3,-99,9999
138.328542,36.683276,20541,3,99999,03138,松川総合グラウンド,雁田1263-3,3,-99,9999
138.328554,36.683113,20541,3,99999,03102,松川総合グラウンド,雁田1263-3,3,-99,9999
138.308627,36.703834,20541,3,99999,03115,町営テニスコート,小布施1750-1,3,-99,9999
138.313914,36.697834,20541,3,99999,03109,栗ガ丘小学校,小布施1447-1,3,-99,9999
138.320885,36.697612,20541,3,99999,03109,小布施中学校,小布施65,3,-99,9999
138.313189,36.697501,20541,3,99999,03103,栗ガ丘小学校,小布施1447-1,3,-99,9999
138.321147,36.697083,20541,3,99999,03103,小布施中学校,小布施65,3,-99,9999
138.357743,36.674948,20543,3,99999,03109,高山小学校,大字高井3455,3,-99,1981
138.364122,36.677314,20543,3,99999,03109,高山中学校,大字高井4575,3,-99,1991
138.35291,36.667522,20543,3,99999,03109,高井農業者トレーニングセンター,大字高井689,3,-99,1981
138.366222,36.687177,20543,3,99999,03109,北部農業者トレーニングセンター,大字中山1990,3,-99,1982
138.399933,36.681597,20543,3,99999,03109,ふるさとセンター,大字奥山田1359,3,-99,1982
138.399921,36.681483,20543,3,99999,03129,ふるさとセンター,大字奥山田1359,3,-99,1982
138.352203,36.666865,20543,3,99999,03138,高井コミュニティーセンター（室内グランド）,大字高井689,3,-99,1996
138.490805,36.719709,20561,3,99999,03109,志賀高原総合会館９８,大字平穏7148-203,3,-99,9999
138.447077,36.724225,20561,3,99999,03104,上林総合グラウンド,平穏515,3,-99,9999
138.448242,36.72473,20561,3,99999,03115,上林総合グラウンド,平穏515,3,-99,9999
138.422965,36.735023,20561,3,99999,03138,やまびこ広場,平穏1065-1,3,-99,9999
138.424833,36.734359,20561,3,99999,03138,屋内ゲートボール場,大字平穏1088-1,3,-99,9999
138.403402,36.819859,20562,3,99999,03141,木島平スキーセンター,上木島3278-46,4,-99,9999
138.413004,36.817328,20562,3,99999,03142,望郷にこにこファーム,上木島3278-46,4,-99,9999
138.420321,36.85055,20562,3,99999,03115,ケヤキの森公園,往郷3630-10,4,-99,9999
138.408596,36.813004,20562,3,99999,03115,やまびこの丘テニスコート,上木島3278-73,4,-99,9999
138.420309,36.850398,20562,3,99999,03115,ケヤキの森公園テニスコート,往郷3490-1,4,-99,9999
138.407659,36.819164,20562,3,99999,03103,木島平三本松ジュニアサッカー場,詳細住所不明,3,-99,9999
138.413123,36.816482,20562,3,99999,03103,木島平ジュニアサッカー場,上木島3278-46,3,-99,9999
138.411519,36.816748,20562,3,99999,03141,木島平クロスカントリー競技場,上木島3278-46,3,-99,9999
138.406684,36.825312,20562,3,99999,03141,木島平ジャンプ競技場,上木島3042,3,-99,9999
138.406197,36.829616,20562,3,99999,03102,総合グラウンド,上木島3121-1,3,-99,9999
138.40628,36.852333,20562,3,99999,03121,弓道場,往郷839,3,-99,9999
138.417637,36.84975,20562,3,99999,03138,多目的屋内運動場,往郷3507-2,3,-99,9999
138.417815,36.850397,20562,3,99999,03102,中央グラウンド,往郷3507-2,3,-99,9999
138.406254,36.857624,20562,3,99999,03120,木島平村体育館,往郷991-5,3,-99,9999
138.406254,36.857548,20562,3,99999,03109,木島平村体育館,往郷991-5,3,-99,9999
138.441399,36.923055,20563,3,99999,03109,村営体育館,豊郷9167,3,-99,9999
138.178504,36.825321,20583,3,99999,03146,ＮＰＯ法人信濃スポーツ企画サービス,野尻3884-40,4,-99,9999
138.187455,36.749331,20590,3,99999,03102,霊仙寺湖総合グランド,大字川上2755-8,4,-99,9999
138.187455,36.749159,20590,3,99999,03104,霊仙寺湖総合グランド,大字川上2755-8,4,-99,9999
138.17123,36.738899,20590,3,99999,03141,いいづなリゾートスキー場,川上2755-209,4,-99,9999
138.239452,36.736276,20590,3,99999,03134,長野国際カントリークラブ,牟礼1313,4,-99,9999
138.200342,36.761399,20583,3,99999,03134,信濃ゴルフ倶楽部,大井高山2433,4,-99,9999
138.185821,36.742871,20590,3,99999,03134,飯綱高原ゴルフコース,大字川上2755-345,4,-99,9999
138.80554,36.938999,15461,3,03002,03002,湯沢町歴史民俗資料館「雪国館」,大字湯沢354-1,3,3,1982
138.668495,36.996428,15482,3,03002,03002,津南町歴史民俗資料館,大字中深見乙827（船山）,3,3,1975
138.235166,36.940685,15217,3,99999,03101,妙高ふれあいパーク,米島新田61,3,-99,9999
138.199894,36.867065,15217,3,99999,03101,妙高高原スポーツ公園,関川958,3,-99,9999
138.833258,36.933315,15461,3,99999,03101,湯沢中央公園,大字土樽151-1,3,-99,9999
138.197707,36.865543,15217,3,99999,03102,妙高高原スポーツ公園,関川958,3,-99,9999
138.827329,36.992957,15226,3,99999,03102,南魚沼市大原運動公園野球場,万条新田417,3,-99,9999
138.830097,36.932916,15461,3,99999,03102,湯沢中央公園少年野球場,大字土樽151-1,3,-99,9999
138.835635,36.930693,15461,3,99999,03102,湯沢中央公園野球場,大字土樽151-1,3,-99,9999
138.230581,36.984334,15222,3,99999,03103,中郷区庭球コート,中郷区藤沢964-5,3,-99,9999
138.235998,36.941483,15217,3,99999,03104,妙高ふれあいパーク,米島新田61,3,-99,9999
138.230949,36.985264,15222,3,99999,03104,中郷区屋外運動場,中郷区藤沢964-5,3,-99,9999
138.829902,36.993161,15226,3,99999,03104,大原運動公園多目的グラウンド,万条新田417,3,-99,9999
138.830572,36.932156,15461,3,99999,03104,湯沢中央公園運動広場,土樽151-1,3,-99,9999
138.835647,36.932108,15461,3,99999,03107,湯沢町レジャープールオーロラ,土樽151-1,3,-99,9999
138.268945,36.975864,15217,3,99999,03109,新井南体育館,小原新田581-4,3,-99,9999
138.163028,36.850081,15217,3,99999,03109,杉野沢トレーニングセンター,杉野沢1749,3,-99,9999
138.179073,36.88948,15217,3,99999,03109,赤倉体育センター,二俣字郷田切1516,3,-99,9999
138.236438,36.942138,15217,3,99999,03109,妙高ふれあいパーク,米島新田61,3,-99,9999
138.200771,36.867523,15217,3,99999,03109,妙高高原体育館,関川997,3,-99,9999
138.229796,36.984875,15222,3,99999,03109,中郷総合体育館,中郷区藤沢964-1,3,-99,9999
138.820636,36.93594,15461,3,99999,03109,湯沢カルチャーセンター,神立628-1,3,2,9999
138.179067,36.889399,15217,3,99999,03110,赤倉体育センター柔道場,二俣字郷田切1516,3,-99,9999
138.229796,36.984751,15222,3,99999,03110,中郷総合体育館,中郷区藤沢964-1,3,-99,9999
138.82063,36.935812,15461,3,99999,03112,湯沢カルチャーセンター,神立628-1,3,2,9999
138.229796,36.984751,15222,3,99999,03111,中郷総合体育館,中郷区藤沢964-1,3,-99,9999
138.236438,36.942281,15217,3,99999,03112,妙高ふれあいパーク,米島新田61,3,-99,9999
138.718194,36.990269,15210,3,99999,03115,清田山テニスコート,清田山己1742,3,-99,9999
138.18383,36.883061,15217,3,99999,03115,東赤倉テニスコート,田口1450,3,-99,9999
138.235594,36.941967,15217,3,99999,03115,妙高ふれあいパーク,米島新田61,3,-99,9999
138.199674,36.866041,15217,3,99999,03115,妙高高原スポーツ公園,関川958,3,-99,9999
138.828387,36.991087,15226,3,99999,03115,大原運動公園,万条新田417,3,-99,9999
138.833448,36.931681,15461,3,99999,03115,湯沢中央公園,土樽151-1,3,-99,9999
138.229731,36.984975,15222,3,99999,03138,ゲートボールコート,中郷区藤沢964-5,3,-99,9999
138.818391,36.937072,15461,3,99999,03138,湯沢中央公園ゲートボール場,大字土樽151-1,3,-99,9999
138.200541,36.870721,15217,3,99999,03141,オールシーズンシャンツェ,関川776-3,3,-99,9999
138.236557,36.94268,15217,3,99999,03141,妙高ふれあいパーク,米島新田61,3,-99,9999
138.792578,36.965669,15226,3,99999,03141,石打丸山シャンツェ,石打1039-3,3,-99,9999
138.79259,36.965754,15226,3,99999,03141,新潟県石打丸山シャンツェ,石打1039-3,3,-99,9999
138.718972,36.990112,15210,3,99999,03142,清田山自然運動公園,清田山己1742,3,-99,9999
138.88977,36.918019,15461,3,99999,03142,大源太キャニオン青少年旅行村,大字土樽3064-1,3,-99,9999
138.971442,36.011866,11365,3,03003,03003,小鹿野町立図書館,大字薄2713-1（ふるさと総合会館内）,3,-99,9999
138.978938,36.055588,11207,3,99999,03109,上吉田運動公園,上吉田3375-1,3,-99,9999
138.954305,36.052403,11365,3,99999,03109,日尾体育館,日尾1224,3,-99,9999
138.969072,36.027974,11365,3,99999,03102,飯田運動場,飯田2575,3,-99,9999
138.930416,36.032872,11365,3,99999,03102,間明平運動場,三山1147,3,-99,9999
138.954099,36.051152,11365,3,99999,03102,日尾第１グラウンド,日尾1487-1,3,-99,9999
138.954105,36.051066,11365,3,99999,03103,日尾第１グラウンド,日尾1487-1,3,-99,9999
138.953776,36.052312,11365,3,99999,03102,日尾第２グラウンド,日尾1224,3,-99,9999
138.97253,36.009457,11365,3,99999,03102,両神山村広場,両神薄2650,3,-99,9999
138.972542,36.009327,11365,3,99999,03103,両神山村広場,両神薄2650,3,-99,9999
138.973166,36.010882,11365,3,99999,03102,両神小グラウンド,両神薄2662,3,-99,9999
138.988636,36.027818,11365,3,99999,03102,総合運動公園,飯田334-1,3,-99,9999
138.985719,36.02838,11365,3,99999,03115,総合運動公園,飯田334-1,3,-99,9999
138.988606,36.305648,10202,3,03001,03001,山徳記念館,石原町2857,4,-99,1985
138.958267,36.389004,10202,3,03001,03001,関口コオきり絵美術館,箕郷町上芝867-1,4,-99,2010
138.945564,36.503176,10208,3,03001,03001,ハラミュージアムアーク,金井2844（伊香保グリーン牧場内）,4,-99,1988
138.922228,36.502727,10208,3,03001,03001,伊香保美術館（旧保科美術館）,伊香保町211-1,4,-99,1994
138.92689,36.500042,10208,3,03001,03001,竹久夢二伊香保記念館,伊香保町544-119,4,-99,1981
138.864886,36.268673,10210,3,03001,03001,富岡市立美術博物館・福沢一郎記念美術館,黒川351-1（もみじ平総合公園内）,3,2,1995
138.765613,36.297989,10210,3,03001,03001,富岡市立妙義ふるさと美術館,妙義町妙義1-5,3,3,1994
138.781781,36.307195,10211,3,03001,03001,妙義山麓美術館,松井田町行田822-1,4,1,1991
138.968475,36.447864,10344,3,03001,03001,福沢一郎記念館,山子田1997-2,4,1,1992
138.730907,36.185009,10383,3,03001,03001,南牧村立山の美術館,大字大塩沢85,3,-99,9999
138.99854,36.314027,10202,3,03002,03002,あかりの資料館,石原町1101（山口工業㈱内）,4,-99,1990
138.986148,36.378802,10202,3,03002,03002,かみつけの里博物館,井出町1514,3,1,1998
138.98537,36.382219,10202,3,03002,03002,群馬県立土屋文明記念文学館,保渡田町2000,2,2,1999
138.989766,36.407157,10202,3,03002,03002,群馬県立日本絹の里,金古町888-1,2,-99,1998
138.940141,36.340188,10202,3,03002,03002,高崎市観音塚考古資料館,八幡町800-144,3,1,1988
138.941309,36.347716,10202,3,03002,03002,高崎市水道記念館,若田町309-2,3,1,1991
138.916419,36.498536,10208,3,03002,03002,伊香保御関所,伊香保町伊香保甲34,3,1,1981
138.915858,36.499199,10208,3,03002,03002,徳冨蘆花記念文学館,伊香保町伊香保614-8,3,1,1989
138.867302,36.269534,10210,3,03002,03002,群馬県立自然史博物館,上黒岩1674-1,2,3,1996
138.816613,36.270227,10210,3,03002,03002,富岡市立岡部温故館,上丹生2395,3,-99,1983
138.896026,36.292401,10211,3,03002,03002,安中市学習の森ふるさと学習館,上間仁田951,3,-99,2001
138.860216,36.353226,10211,3,03002,03002,安中市資料館,東上秋間1533,3,-99,1978
138.848324,36.453013,10202,3,03002,03002,高崎市榛名歴史民俗資料館,榛名町138-1,3,2,1984
138.969837,36.45025,10344,3,03002,03002,榛東村耳飾り館,山子田1912,3,2,1992
138.959111,36.46971,10345,3,03002,03002,北群馬渋川郷土館,上野田2334,4,-99,1979
138.984993,36.253466,10202,3,03002,03002,吉井町郷土資料館,吉井町吉井285,3,2,1972
138.996959,36.265303,10202,3,03002,03002,多胡碑記念館,吉井町池1085,3,2,1996
138.820823,36.091996,10367,3,03002,03002,神流町恐竜センター,神ケ原51-2,3,1,1987
138.779633,36.218441,10382,3,03002,03002,下仁田町ふるさとセンター歴史民俗資料館,大字下小坂71-1,3,-99,1981
138.942284,36.247505,10384,3,03002,03002,甘楽古代館,大字白倉1326（甘楽ふれあいの丘内）,3,2,1996
138.918412,36.231751,10384,3,03002,03002,甘楽町歴史民俗資料館,大字小幡852-1,3,2,1987
138.842625,36.589247,10421,3,03002,03002,中之条町歴史と民俗の博物館「ミュゼ」,大字中之条町947-1,3,2,1885
138.535055,36.439737,10424,3,03002,03002,浅間火山博物館,北軽井沢,3,1,1993
138.548278,36.516713,10425,3,03002,03002,嬬恋郷土資料館,大字鎌原494,3,-99,1983
138.981165,36.69502,10449,3,03002,03002,みなかみ町月夜野郷土歴史資料館,月夜野1814-1,3,-99,1982
138.968316,36.770913,10449,3,03002,03002,みなかみ町水上歴史民俗資料館,湯原441,3,2,1974
138.894198,36.730359,10449,3,03002,03002,与謝野晶子紀行文学館,猿ケ京温泉1175,4,2,1984
138.998852,36.396215,10202,3,03003,03003,高崎市立群馬図書館,足門町1667-1,3,-99,9999
138.955741,36.395043,10202,3,03003,03003,高崎市立箕郷図書館,箕郷町西明屋299-1,3,-99,9999
138.879978,36.264315,10210,3,03003,03003,富岡市立図書館,七日市400-1,3,2,9999
138.895495,36.330642,10211,3,03003,03003,安中市図書館,安中3-9-63,3,-99,9999
138.789251,36.313972,10211,3,03003,03003,安中市松井田図書館,松井田町新堀530,3,-99,9999
138.881227,36.385302,10202,3,03003,03003,高崎市立榛名図書館,下室田町900-4,3,-99,9999
138.984993,36.253466,10202,3,03003,03003,高崎市立山種記念吉井図書館,吉井町吉井乙285,3,-99,9999
138.91732,36.116024,10367,3,03003,03003,神流町図書館,大字万場93,3,-99,9999
138.92783,36.251514,10384,3,03003,03003,甘楽町図書館,大字福島1258-2,3,-99,9999
138.850332,36.589103,10421,3,03003,03003,中之条町ツインプラザ図書館,大字伊勢町1005-1,3,-99,9999
138.596133,36.620627,10426,3,03003,03003,草津町立図書館,大字草津28,3,-99,9999
138.981403,36.305573,10202,3,03005,03005,高崎市染料植物園,寺尾町2302-11,3,-99,1994
138.886248,36.225455,10210,3,03005,03005,群馬サファリパーク,岡本1,4,-99,1979
138.725727,36.087853,10366,3,99999,03002,全国郷土玩具館,大字楢原309-1,3,-99,1997
138.99418,36.687021,10449,3,99999,03001,月夜野びーどろパークグラスアート美術館,後閑737-1,4,-99,1972
138.785769,36.085125,10366,3,99999,03003,上野村図書館,大字新羽32,3,-99,9999
138.97755,36.345319,10202,3,99999,03003,高崎経済大学附属図書館,上並榎町1300,0,-99,9999
138.954845,36.790256,10449,3,99999,03001,天一美術館,谷川,4,2,1997
138.905055,36.728844,10449,3,99999,03142,赤谷湖畔バンガロー,相俣1744-8,3,-99,9999
138.894236,36.291818,10211,3,99999,03142,安中市学習の森,上間仁田951,3,-99,9999
138.854842,36.311137,10211,3,99999,03109,安中市勤労者体育センター,原市1362-2,3,-99,9999
138.85489,36.31107,10211,3,99999,03120,安中市勤労者体育センター,原市1362-2,3,-99,9999
138.854925,36.310984,10211,3,99999,03129,安中市勤労者体育センター,原市1362-2,3,-99,9999
138.84066,36.304,10211,3,99999,03115,安中市郷原緑地公園テニスコート,郷原給人宿地先,3,-99,9999
138.839371,36.303535,10211,3,99999,03102,安中市郷原緑地公園野球場,郷原給人宿地内,3,-99,9999
138.825238,36.30367,10211,3,99999,03102,安中市さとのはらグラウンド,郷原3002,3,-99,9999
138.883492,36.334386,10211,3,99999,03105,安中市スポーツセンター,安中20-1,3,-99,9999
138.88348,36.334195,10211,3,99999,03120,安中市スポーツセンター,安中20-1,3,-99,9999
138.884014,36.334357,10211,3,99999,03109,安中市スポーツセンター,安中20-1,3,-99,9999
138.884003,36.334185,10211,3,99999,03122,安中市スポーツセンター,安中20-1,3,-99,9999
138.883967,36.333955,10211,3,99999,03129,安中市スポーツセンター,安中20-1,3,-99,9999
138.876877,36.287952,10211,3,99999,03102,安中市すみれヶ丘公園野球場,中野谷注連引原地内,3,-99,9999
138.935157,36.334935,10211,3,99999,03102,安中市碓東緑地広場,板鼻下町地先,3,-99,9999
138.934539,36.335126,10211,3,99999,03127,安中市碓東緑地広場,板鼻下町地先,3,-99,9999
138.855056,36.310783,10211,3,99999,03120,安中市卓球場,原市1362-2,3,-99,9999
138.893749,36.330195,10211,3,99999,03109,安中市中央体育館,安中3-9-63,3,-99,9999
138.89363,36.330166,10211,3,99999,03120,安中市中央体育館,安中3-9-63,3,-99,9999
138.893535,36.330137,10211,3,99999,03129,安中市中央体育館,安中3-9-63,3,-99,9999
138.855377,36.311089,10211,3,99999,03115,安中市原市テニスコート,原市1362-2,3,-99,9999
138.879809,36.296319,10211,3,99999,03102,安中市東横野グラウンド,鷺宮3100,3,-99,9999
138.879076,36.296884,10211,3,99999,03109,安中市東横野体育館,鷺宮3085-5,3,-99,9999
138.879195,36.296798,10211,3,99999,03120,安中市東横野体育館,鷺宮3085-5,3,-99,9999
138.910851,36.333647,10211,3,99999,03138,安中市ひさよしスポーツ広場,中宿二ツ橋地内,3,-99,9999
138.911718,36.334796,10211,3,99999,03102,安中市ひさよしスポーツ広場,中宿二ツ橋地内,3,-99,9999
138.821187,36.318437,10211,3,99999,03138,安中市松井田小日向農村広場,松井田町小日向553-1,3,-99,9999
138.821033,36.319461,10211,3,99999,03102,安中市松井田小日向農村広場,松井田町小日向553-1,3,-99,9999
138.734502,36.33665,10211,3,99999,03145,安中市松井田オリエンテーリングコース,松井田町,3,-99,9999
138.790061,36.315032,10211,3,99999,03109,安中市松井田勤労者体育センター,松井田町新堀237,3,-99,9999
138.789788,36.315023,10211,3,99999,03120,安中市松井田勤労者体育センター,松井田町新堀237,3,-99,9999
138.719244,36.344487,10211,3,99999,03138,安中市松井田坂本スポーツ広場,松井田町原529,3,-99,9999
138.719339,36.344142,10211,3,99999,03102,安中市松井田坂本スポーツ広場,松井田町原529,3,-99,9999
138.71928,36.344305,10211,3,99999,03103,安中市松井田坂本スポーツ広場,松井田町原529,3,-99,9999
138.745315,36.33245,10211,3,99999,03138,安中市松井田総合運動場,松井田町五料2426,3,-99,9999
138.744174,36.332565,10211,3,99999,03102,安中市松井田総合運動場,松井田町五料2426,3,-99,9999
138.743176,36.332775,10211,3,99999,03103,安中市松井田総合運動場,松井田町五料2426,3,-99,9999
138.742582,36.332871,10211,3,99999,03115,安中市松井田総合運動場,松井田町五料2426,3,-99,9999
138.821837,36.303752,10211,3,99999,03138,安中市松井田西横野多目的広場,松井田町二軒在家118,3,-99,9999
138.822598,36.30335,10211,3,99999,03102,安中市松井田西横野多目的広場,松井田町二軒在家118,3,-99,9999
138.734716,36.336391,10211,3,99999,03143,安中市松井田ハイキングコース,松井田町,3,-99,9999
138.666252,36.304302,10211,3,99999,03142,安中市松井田八風平キャンプ場,松井田町西野牧,3,-99,9999
138.829875,36.294634,10211,3,99999,03138,安中市松井田人見公園,松井田町人見1541-4,3,-99,9999
138.829851,36.294452,10211,3,99999,03102,安中市松井田人見公園,松井田町人見1541-4,3,-99,9999
138.795197,36.338221,10211,3,99999,03103,安中市松井田細野スポーツ広場,松井田町上増田3344,3,-99,9999
138.888837,36.331037,10211,3,99999,03109,安中市米山体育館,安中1717-1,3,-99,9999
138.888801,36.330951,10211,3,99999,03120,安中市米山体育館,安中1717-1,3,-99,9999
138.888801,36.330836,10211,3,99999,03129,安中市米山体育館,安中1717-1,3,-99,9999
138.776309,36.072066,10366,3,99999,03142,上野村川和自然公園,川和665,3,-99,9999
138.772714,36.083399,10366,3,99999,03106,上野村山村広場,川和,3,-99,9999
138.773285,36.083188,10366,3,99999,03115,上野村山村広場,川和,3,-99,9999
138.774022,36.08291,10366,3,99999,03142,上野村まほーばの森,川和,3,-99,9999
138.842533,36.325166,10211,3,99999,03144,碓氷川サイクリングロード,安中,3,-99,9999
138.62586,36.425588,10424,3,99999,03141,軽井沢スノーパーク,北軽井沢2032-16,3,-99,9999
138.999866,36.528741,10208,3,99999,03103,カルチェット・スポーツクラブ,北牧3-51,3,-99,9999
138.910278,36.143966,10367,3,99999,03109,神流町営みかぼ高原荘,生利2212-5,3,-99,9999
138.912607,36.144426,10367,3,99999,03104,神流町営みかぼ高原荘,生利2212-5,3,-99,9999
138.91256,36.143159,10367,3,99999,03115,神流町営みかぼ高原荘,生利2212-5,3,-99,9999
138.884416,36.098367,10367,3,99999,03109,神流町民体育館,相原36,3,-99,9999
138.884321,36.098319,10367,3,99999,03120,神流町民体育館,相原36,3,-99,9999
138.912308,36.113699,10367,3,99999,03106,神流町万場プール,森戸162-2,3,-99,9999
138.818444,36.091876,10367,3,99999,03142,神流町恐竜王国はこだたみキャンプ場,神ケ原63-1,3,-99,9999
138.933352,36.117822,10367,3,99999,03104,神流町総合グラウンド,麻生127,3,-99,9999
138.917999,36.152101,10367,3,99999,03143,神流町登山・ハイキングコース,詳細住所不明,3,-99,9999
138.821074,36.092166,10367,3,99999,03109,神流町ふるさと交流室（恐竜王国内施設）,神ケ原51-2,3,-99,9999
138.850896,36.088271,10367,3,99999,03104,神流町宮地グラウンド,神ケ原1571,3,-99,9999
138.913819,36.228973,10384,3,99999,03121,甘楽総合公園,小幡1343,3,-99,9999
138.917385,36.224449,10384,3,99999,03104,甘楽総合公園,小幡1343,3,-99,9999
138.913701,36.226788,10384,3,99999,03102,甘楽総合公園,小幡1343,3,-99,9999
138.912726,36.227248,10384,3,99999,03115,甘楽総合公園,小幡1343,3,-99,9999
138.912273,36.227097,10202,3,99999,03145,甘楽の里オリエンテーリングコース,吉井町岩井232吉田方,3,-99,9999
138.936893,36.242818,10384,3,99999,03109,甘楽町勤労者体育センター,白倉1355,3,-99,9999
138.936893,36.242722,10384,3,99999,03120,甘楽町勤労者体育センター,白倉1355,3,-99,9999
138.884131,36.193864,10384,3,99999,03104,甘楽町琴平山運動公園,秋畑1430,3,-99,9999
138.884107,36.193672,10384,3,99999,03138,甘楽町琴平山運動公園,秋畑1430,3,-99,9999
138.935766,36.242162,10384,3,99999,03101,甘楽町陸上競技場,白倉1365-1,3,-99,9999
138.929613,36.259829,10384,3,99999,03104,甘楽町鏑川河川緑地広場,福島鏑川河川敷,3,-99,9999
138.593828,36.638235,10426,3,99999,03134,草津音楽の森ゴルフ場,草津,3,-99,9999
138.58438,36.630163,10426,3,99999,03104,草津国際スキー場,草津白根国有林内,3,-99,9999
138.590583,36.629038,10426,3,99999,03115,草津国際スキー場,草津白根国有林内,3,-99,9999
138.580244,36.630163,10426,3,99999,03141,草津国際スキー場,草津白根国有林内,3,-99,9999
138.591091,36.620442,10426,3,99999,03105,草津町民屋内プール,草津464-28,3,-99,9999
138.589989,36.618749,10426,3,99999,03121,草津町弓道場,草津461,3,-99,9999
138.591237,36.618148,10426,3,99999,03109,草津町総合体育館,草津461,3,-99,9999
138.591237,36.618044,10426,3,99999,03110,草津町総合体育館,草津461,3,-99,9999
138.59126,36.617929,10426,3,99999,03111,草津町総合体育館,草津461,3,-99,9999
138.591296,36.617805,10426,3,99999,03120,草津町総合体育館,草津461,3,-99,9999
138.591225,36.618406,10426,3,99999,03138,草津町総合体育館,草津461,3,-99,9999
138.588515,36.628317,10426,3,99999,03144,草津町ハイキングコース・サイクリングロード,詳細住所不明,3,-99,9999
138.589038,36.628832,10426,3,99999,03143,草津町ハイキングコース・サイクリングロード,詳細住所不明,3,-99,9999
138.596196,36.609842,10426,3,99999,03104,草津町南本町グラウンド,草津933-1,3,-99,9999
138.589847,36.608772,10426,3,99999,03104,草津町本白根グラウンド,草津,3,-99,9999
138.599056,36.62898,10426,3,99999,03102,草津町レクの森グラウンド,草津白根国有林内,3,-99,9999
138.594909,36.629095,10426,3,99999,03115,草津町レクの森グラウンド,草津白根国有林内,3,-99,9999
138.639128,36.71626,10421,3,99999,03142,六合村営野反湖キャンプ場,入山国有林内,3,-99,9999
138.638177,36.604501,10421,3,99999,03109,六合村民体育館,生須534,3,-99,9999
138.648381,36.645782,10421,3,99999,03109,六合村入山体育館,入山1577-3,3,-99,9999
138.639238,36.604083,10421,3,99999,03121,六合村弓道場,生須337-1,3,-99,9999
138.639437,36.604393,10421,3,99999,03110,六合村柔剣道場,生須543,3,-99,9999
138.639288,36.604504,10421,3,99999,03111,六合村柔剣道場,生須543,3,-99,9999
138.638918,36.603435,10421,3,99999,03104,六合村総合グラウンド,生須535,3,-99,9999
138.630818,36.572084,10421,3,99999,03109,六合村南部体育館,赤岩481-1,3,-99,9999
138.649172,36.645158,10421,3,99999,03105,六合村ふれあい屋内プール,入山1602-1,3,-99,9999
138.63778,36.603672,10421,3,99999,03104,六合村ふれあい広場,生須550-2,3,-99,9999
138.772924,36.420781,10202,3,99999,03109,くらぶち相間川温泉クラインガルテン,倉渕町水沼27,3,-99,9999
138.771736,36.420599,10202,3,99999,03142,くらぶち相間川温泉クラインガルテン,倉渕町水沼27,3,-99,9999
138.663558,36.608632,10421,3,99999,03142,暮坂高原オートキャンプ場,小雨六合村入山4049-67,3,-99,9999
138.919748,36.338472,10211,3,99999,03133,群馬県クレー射撃場,中宿2004,2,-99,9999
138.94282,36.451266,10344,3,99999,03133,群馬県ライフル射撃場,上野原吾妻山2,3,-99,9999
138.915711,36.483145,10208,3,99999,03143,群馬県立伊香保森林公園,伊香保町伊香保,3,-99,9999
138.993563,36.290661,10202,3,99999,03104,群馬県立観音山ファミリーパーク,寺尾1064-30,3,-99,9999
138.874218,36.468656,10202,3,99999,03115,群馬県立榛名公園テニスコート,榛名湖町845,3,-99,9999
138.96158,36.589433,10428,3,99999,03109,群馬県立北毛青年の家,中山6853-13,3,-99,9999
138.963192,36.589461,10428,3,99999,03104,群馬県立北毛青年の家,中山6853-13,3,-99,9999
138.960092,36.591106,10428,3,99999,03142,群馬県立北毛青年の家,中山6853-13,3,-99,9999
138.960891,36.588999,10202,3,99999,03145,群馬県立北毛青年の家オリエンテーリングコース,吉井町岩井232,3,-99,9999
138.757612,36.291545,10210,3,99999,03109,群馬県立妙義少年自然の家,妙義町諸戸1106,3,-99,9999
138.757802,36.290913,10210,3,99999,03104,群馬県立妙義少年自然の家,妙義町諸戸1106,3,-99,9999
138.96658,36.47551,10208,3,99999,03105,群馬県立ゆうあいピック記念温水プール,行幸田3011,3,-99,9999
138.940776,36.712821,10449,3,99999,03103,群馬サイクルスポーツセンター,新巻大峰山,3,-99,9999
138.941883,36.303699,10210,3,99999,03133,ぐんまジャイアント総合クレー・ライフル射撃場,桑原604,3,-99,9999
138.966877,36.475386,10208,3,99999,03105,ゆうあいピック記念温水プール,行幸田3011,3,-99,9999
138.800079,36.565136,10429,3,99999,03109,コニファー岩櫃（いわびつ）,原町4399,3,-99,9999
138.802539,36.565995,10429,3,99999,03104,コニファー岩櫃（いわびつ）,原町4399,3,-99,9999
138.801613,36.565995,10429,3,99999,03115,コニファー岩櫃（いわびつ）,原町4399,3,-99,9999
138.802385,36.5663,10429,3,99999,03103,コニファー岩櫃（いわびつ）,原町4399,3,-99,9999
138.801078,36.564382,10429,3,99999,03142,コニファー岩櫃（いわびつ）,原町4399,3,-99,9999
138.802623,36.565737,10429,3,99999,03138,コニファー岩櫃（いわびつ）,原町4399,3,-99,9999
138.891826,36.73546,10449,3,99999,03115,猿ケ京温泉カッパ広場,相俣,3,-99,9999
138.893122,36.737045,10449,3,99999,03142,猿ケ京温泉湯島オートキャンプ場,相俣2004-31,3,-99,9999
138.750254,36.617323,10421,3,99999,03142,沢渡温泉アウトドアパーク,上沢渡,3,-99,9999
138.965179,36.389253,10202,3,99999,03109,さわやか交流館,箕郷町生原88,3,-99,9999
138.965203,36.38909,10202,3,99999,03120,さわやか交流館,箕郷町生原88,3,-99,9999
138.999124,36.518809,10208,3,99999,03138,渋川市吾妻川公園,金井226,3,-99,9999
138.997828,36.519406,10208,3,99999,03102,渋川市吾妻川公園,金井226,3,-99,9999
138.925313,36.504061,10208,3,99999,03109,渋川市伊香保児童屋内体育館,伊香保町伊香保322-1,3,-99,9999
138.935982,36.507372,10208,3,99999,03104,渋川市伊香保総合グラウンド,伊香保町伊香保528-27,3,-99,9999
138.923997,36.499059,10208,3,99999,03109,渋川市伊香保体育館,伊香保町伊香保322,3,-99,9999
138.923878,36.499044,10208,3,99999,03129,渋川市伊香保体育館,伊香保町伊香保322,3,-99,9999
138.923749,36.499052,10208,3,99999,03120,渋川市伊香保体育館,伊香保町伊香保322,3,-99,9999
138.948738,36.548496,10208,3,99999,03104,渋川市小野上運動公園,小野子1822-3,3,-99,9999
138.947752,36.548925,10208,3,99999,03138,渋川市小野上運動公園,小野子1822-3,3,-99,9999
138.938276,36.548369,10208,3,99999,03121,渋川市小野上弓道場,村上3762-3,3,-99,9999
138.934914,36.548545,10208,3,99999,03102,渋川市小野上山村広場,村上3791,3,-99,9999
138.908167,36.556505,10208,3,99999,03115,渋川市小野上塩川温泉公園,村上305-2,3,-99,9999
138.907062,36.556161,10208,3,99999,03138,渋川市小野上塩川温泉公園,村上305-2,3,-99,9999
138.904352,36.556912,10208,3,99999,03143,渋川市小野上ハイキングコース,村上376-1小野上温泉駅出発,3,-99,9999
138.979042,36.553701,10208,3,99999,03102,渋川市子持横堀運動広場,横堀1566-150,3,-99,9999
138.979173,36.553033,10208,3,99999,03115,渋川市子持横堀運動広場,横堀1566-150,3,-99,9999
138.979042,36.553376,10208,3,99999,03138,渋川市子持横堀運動広場,横堀1566-150,3,-99,9999
138.941231,36.490385,10208,3,99999,03101,渋川市総合公園,4230,3,-99,9999
138.943489,36.487538,10208,3,99999,03109,渋川市総合公園,4230,3,-99,9999
138.944713,36.48898,10208,3,99999,03104,渋川市総合公園,4230,3,-99,9999
138.947066,36.490098,10208,3,99999,03102,渋川市総合公園,4230,3,-99,9999
138.947541,36.488053,10208,3,99999,03142,渋川市総合公園,4230,3,-99,9999
138.945711,36.488206,10208,3,99999,03115,渋川市総合公園,4230,3,-99,9999
138.998696,36.49294,10208,3,99999,03109,渋川市民体育館,2566,3,-99,9999
138.979386,36.530044,10208,3,99999,03106,渋川地区広域圏プール,川島76,3,-99,9999
138.683476,36.238089,10382,3,99999,03115,下仁田町サンスポーツランド,南野牧7481,3,-99,9999
138.685223,36.238434,10382,3,99999,03104,下仁田町サンスポーツランド,南野牧7481,3,-99,9999
138.772463,36.22414,10382,3,99999,03104,下仁田町下小坂グラウンド,下小坂559,3,-99,9999
138.820045,36.227121,10382,3,99999,03104,下仁田町馬山多目的グラウンド,馬山1006,3,-99,9999
138.78633,36.20913,10382,3,99999,03115,下仁田町吉崎テニスコート,吉崎122-1,3,-99,9999
138.968724,36.446742,10344,3,99999,03109,榛東村総合グランド,山子田2027,3,-99,9999
138.967524,36.447297,10344,3,99999,03104,榛東村総合グランド,山子田2027,3,-99,9999
138.966573,36.446561,10344,3,99999,03115,榛東村総合グランド,山子田2027,3,-99,9999
138.942798,36.450825,10344,3,99999,03142,榛東村村営キャンプ場,上野原2,3,-99,9999
138.977891,36.43456,10344,3,99999,03115,榛東村村民テニスコート,新井1523-1,3,-99,9999
138.970913,36.437138,10344,3,99999,03106,榛東村村民プール,新井685-7,3,-99,9999
138.96631,36.42026,10344,3,99999,03109,榛東村広馬場社会体育館,広馬場1797,3,-99,9999
138.966381,36.420174,10344,3,99999,03120,榛東村広馬場社会体育館,広馬場1797,3,-99,9999
138.657058,36.607019,10421,3,99999,03142,十二みますオートキャンプ場,小雨六合村入山4049-28,3,-99,9999
138.912591,36.337087,10211,3,99999,03101,安中市西毛総合運動公園,中宿283,3,-99,9999
138.917689,36.338782,10211,3,99999,03104,安中市西毛総合運動公園,中宿283,3,-99,9999
138.916584,36.338351,10211,3,99999,03102,安中市西毛総合運動公園,中宿283,3,-99,9999
138.910512,36.33725,10211,3,99999,03115,安中市西毛総合運動公園,中宿283,3,-99,9999
138.914992,36.337614,10211,3,99999,03106,安中市西毛総合運動公園,中宿283,3,-99,9999
138.917491,36.382781,10202,3,99999,03104,高崎市金井原グラウンド,宮沢町1606,3,-99,9999
138.995918,36.411772,10202,3,99999,03104,高崎市金古中規模運動広場,金古町1989,3,-99,9999
138.984765,36.386129,10202,3,99999,03104,高崎市上郊中規模運動広場,保渡田町2077,3,-99,9999
138.976396,36.342369,10202,3,99999,03104,高崎市上豊岡運動広場,上豊岡町1087-1,3,-99,9999
138.987696,36.336384,10202,3,99999,03104,高崎市上並榎ソフトボール場,上並榎町1590,3,-99,9999
138.851174,36.399061,10202,3,99999,03104,高崎市上室田芝クラウンド,上室田町4707-1,3,-99,9999
138.986318,36.338241,10202,3,99999,03115,高崎市上並榎庭球場,上並榎町1590,3,-99,9999
138.885987,36.382182,10202,3,99999,03104,高崎市烏川公園グラウンド,下室田町1017-2,3,-99,9999
138.741545,36.46223,10202,3,99999,03125,高崎市川浦スケート場,倉渕町川浦烏川河川敷,3,-99,9999
138.955776,36.313054,10202,3,99999,03142,高崎市観音山キャンプパーク・ジョイナス,乗附町4045,3,-99,9999
138.98929,36.366201,10202,3,99999,03121,高崎市弓道場,浜川町1522,3,-99,9999
138.996694,36.337174,10202,3,99999,03109,高崎市勤労青少年ホーム,並榎町123,3,-99,9999
138.996979,36.336801,10202,3,99999,03115,高崎市勤労青少年ホーム,並榎町123,3,-99,9999
138.77514,36.43803,10202,3,99999,03104,高崎市倉渕グラウンド,倉渕町岩氷601,3,-99,9999
138.774735,36.438376,10202,3,99999,03109,高崎市倉渕体育館,倉渕町岩氷610,3,-99,9999
138.774557,36.438251,10202,3,99999,03120,高崎市倉渕体育館,倉渕町岩氷610,3,-99,9999
138.815067,36.399057,10202,3,99999,03104,高崎市倉渕第１区青少年広場,倉渕町三ノ倉烏川河川敷,3,-99,9999
138.7752,36.437676,10202,3,99999,03115,高崎市倉渕テニスコート,倉渕町岩氷601,3,-99,9999
138.991207,36.401638,10202,3,99999,03104,高崎市群馬総合運動場,足門町1464,3,-99,9999
138.990102,36.401256,10202,3,99999,03102,高崎市群馬総合運動場,足門町1464,3,-99,9999
138.99173,36.400223,10202,3,99999,03115,高崎市群馬総合運動場,足門町1464,3,-99,9999
138.993201,36.401147,10202,3,99999,03109,高崎市群馬体育館,足門町1449-1,3,-99,9999
138.993059,36.401042,10202,3,99999,03129,高崎市群馬体育館,足門町1449-1,3,-99,9999
138.992916,36.400918,10202,3,99999,03120,高崎市群馬体育館,足門町1449-1,3,-99,9999
138.988676,36.32857,10202,3,99999,03103,高崎市下豊岡運動広場,下豊岡町523,3,-99,9999
138.966715,36.388728,10202,3,99999,03138,高崎市箕郷総合運動公園,箕郷町生原91,3,-99,9999
138.966656,36.389264,10202,3,99999,03104,高崎市箕郷総合運動公園,箕郷町生原91,3,-99,9999
138.965836,36.388881,10202,3,99999,03115,高崎市箕郷総合運動公園,箕郷町生原91,3,-99,9999
138.927225,36.364417,10202,3,99999,03104,高崎市高浜グラウンド,高浜町180-1,3,-99,9999
138.927284,36.364695,10202,3,99999,03138,高崎市高浜ゲートボール場,高浜町180-1,3,-99,9999
138.926215,36.36525,10202,3,99999,03115,高崎市高浜テニスコート,高浜町180-1,3,-99,9999
138.915038,36.369984,10202,3,99999,03104,高崎市中河原グラウンド,中里見町1446-1,3,-99,9999
138.988848,36.326486,10202,3,99999,03104,高崎市乗附運動広場,八千代町4-42,3,-99,9999
138.974626,36.327495,10202,3,99999,03104,高崎市乗附緑地ゲートボール場,乗附町,3,-99,9999
138.974365,36.327706,10202,3,99999,03138,高崎市乗附緑地ゲートボール場,乗附町,3,-99,9999
138.987763,36.366232,10202,3,99999,03101,高崎市浜川競技場,浜川町1486,3,-99,9999
138.986967,36.367093,10202,3,99999,03104,高崎市浜川競技場,浜川町1486,3,-99,9999
138.989189,36.365323,10202,3,99999,03109,高崎市浜川体育館,浜川町1487,3,-99,9999
138.989202,36.363679,10202,3,99999,03105,高崎市浜川プール,浜川町1575-1,3,-99,9999
138.988905,36.362942,10202,3,99999,03106,高崎市浜川プール,浜川町1575-1,3,-99,9999
138.878264,36.38298,10202,3,99999,03138,高崎市榛名下之原ゲートボール場,下室田町360-1,3,-99,9999
138.891394,36.381042,10202,3,99999,03109,高崎市榛名体育館,上里見町453,3,-99,9999
138.891382,36.380908,10202,3,99999,03110,高崎市榛名体育館,上里見町453,3,-99,9999
138.891382,36.380764,10202,3,99999,03111,高崎市榛名体育館,上里見町453,3,-99,9999
138.891382,36.38063,10202,3,99999,03121,高崎市榛名体育館,上里見町453,3,-99,9999
138.891358,36.380516,10202,3,99999,03129,高崎市榛名体育館,上里見町453,3,-99,9999
138.889563,36.382171,10202,3,99999,03101,高崎市はるな中央グラウンド,上里見町582,3,-99,9999
138.887899,36.381655,10202,3,99999,03104,高崎市はるな中央グラウンド,上里見町582,3,-99,9999
138.891262,36.382066,10202,3,99999,03102,高崎市はるな中央グラウンド,上里見町582,3,-99,9999
138.887139,36.381301,10202,3,99999,03115,高崎市はるな中央グラウンド,上里見町582,3,-99,9999
138.887828,36.381837,10202,3,99999,03138,高崎市はるな中央グラウンド,上里見町582,3,-99,9999
138.953824,36.356072,10202,3,99999,03104,高崎市町屋橋運動広場,沖町925,3,-99,9999
138.962967,36.396094,10202,3,99999,03110,高崎市箕郷武道館,箕郷町生原654,3,-99,9999
138.963039,36.395884,10202,3,99999,03111,高崎市箕郷武道館,箕郷町生原654,3,-99,9999
138.951179,36.398535,10202,3,99999,03106,高崎市箕郷プール,箕郷町西明屋740,3,-99,9999
138.994436,36.324134,10202,3,99999,03104,高崎市八千代橋運動広場,八千代町1-5043,3,-99,9999
138.992401,36.323356,10202,3,99999,03102,高崎市和田橋野球場,八千代町1-7-1,3,-99,9999
138.999404,36.318558,10202,3,99999,03102,高崎市和田橋運動広場,片岡町1-17-1,3,-99,9999
138.957191,36.603874,10428,3,99999,03104,高山運動公園,中山6859-252,3,-99,9999
138.946071,36.627463,10428,3,99999,03121,高山村民弓道場,中山3750-1,3,-99,9999
138.944241,36.627243,10428,3,99999,03109,高山村民体育館,中山3750-1,3,-99,9999
138.944819,36.625499,10428,3,99999,03102,高山村民野球場,中山3750,3,-99,9999
138.946256,36.626977,10428,3,99999,03115,高山村テニスコート場,中山3750,3,-99,9999
138.906287,36.620928,10428,3,99999,03104,高山村西地区スポーツ広場,尻高2577,3,-99,9999
138.906252,36.621062,10428,3,99999,03138,高山村西地区スポーツ広場,尻高2577,3,-99,9999
138.958313,36.628285,10428,3,99999,03104,高山村東地区スポーツ広場,中山371,3,-99,9999
138.958313,36.628151,10428,3,99999,03138,高山村東地区スポーツ広場,中山371,3,-99,9999
138.958532,36.594659,10428,3,99999,03142,高山村みどりの村キャンプ場,中山6853,3,-99,9999
138.98455,36.255967,10202,3,99999,03145,たごのね吉井オリエンテーリングコース,吉井町吉井217吉田方,3,-99,9999
138.950197,36.816569,10449,3,99999,03141,谷川岳天神平スキー場,湯桧曽吹山国有林,4,-99,9999
138.557178,36.538213,10425,3,99999,03104,嬬恋村総合グランド,芦生田,3,-99,9999
138.558378,36.53911,10425,3,99999,03102,嬬恋村総合グランド,芦生田,3,-99,9999
138.559233,36.539616,10425,3,99999,03115,嬬恋村総合グランド,芦生田,3,-99,9999
138.516005,36.508115,10425,3,99999,03101,嬬恋村運動公園,大笹1-1,3,-99,9999
138.516266,36.506949,10425,3,99999,03104,嬬恋村運動公園,大笹1-1,3,-99,9999
138.517383,36.507484,10425,3,99999,03102,嬬恋村運動公園,大笹1-1,3,-99,9999
138.436446,36.458612,10425,3,99999,03142,嬬恋村休暇村鹿沢高原キャンプ場,鹿沢温泉,3,-99,9999
138.531462,36.513953,10425,3,99999,03109,嬬恋村農村環境改善センター,大前,3,-99,9999
138.530725,36.513848,10425,3,99999,03115,嬬恋村農村環境改善センター,大前,3,-99,9999
138.532092,36.514832,10425,3,99999,03127,嬬恋村ローラースケート場,大前,3,-99,9999
138.737905,36.33593,10202,3,99999,03145,峠の町・松井田オリエンテーリングコース,吉井町岩井232,3,-99,9999
138.920327,36.257016,10210,3,99999,03109,富岡勤労者体育センター,田篠1238-8,3,-99,9999
138.92016,36.256949,10210,3,99999,03120,富岡勤労者体育センター,田篠1238-8,3,-99,9999
138.858707,36.251467,10210,3,99999,03109,富岡市一ノ宮体育館,一ノ宮1702,3,-99,9999
138.923068,36.258902,10384,3,99999,03106,富岡市かぶらウォーターランド,福島852-1,3,-99,9999
138.884907,36.253639,10210,3,99999,03115,富岡市桐渕公園内運動場,中高瀬69,3,-99,9999
138.932674,36.267658,10210,3,99999,03104,富岡市東市民運動場,後賀738-1,3,-99,9999
138.864495,36.207232,10210,3,99999,03142,富岡市藤田峠森林公園キャンプ場,岩染870-1,3,-99,9999
138.798824,36.290939,10210,3,99999,03104,富岡市妙義運動場,妙義町古立244,3,-99,9999
138.795723,36.29434,10210,3,99999,03104,富岡市妙義総合運動公園,妙義町中里767,3,-99,9999
138.798284,36.29426,10210,3,99999,03109,富岡市妙義総合体育館（サンビレッジ妙義）,妙義町中里801,3,-99,9999
138.798248,36.294164,10210,3,99999,03129,富岡市妙義総合体育館（サンビレッジ妙義）,妙義町中里801,3,-99,9999
138.798213,36.294068,10210,3,99999,03112,富岡市妙義総合体育館（サンビレッジ妙義）,妙義町中里801,3,-99,9999
138.858624,36.250782,10210,3,99999,03102,富岡市民運動場,一ノ宮1702,3,-99,9999
138.859486,36.251275,10210,3,99999,03115,富岡市民運動場,一ノ宮1702,3,-99,9999
138.921288,36.258237,10210,3,99999,03121,富岡市民弓道場,田篠1238,3,-99,9999
138.879319,36.254207,10210,3,99999,03106,富岡市民プール,七日市1208,3,-99,9999
138.86659,36.252528,10210,3,99999,03104,富岡市和合公園内運動場,上高瀬889,3,-99,9999
138.865711,36.251397,10210,3,99999,03115,富岡市和合公園内運動場,上高瀬889,3,-99,9999
138.868227,36.271479,10210,3,99999,03109,富岡北部運動公園,上黒岩1377-1,3,-99,9999
138.868275,36.271335,10210,3,99999,03112,富岡北部運動公園,上黒岩1377-1,3,-99,9999
138.869202,36.271843,10210,3,99999,03101,富岡北部運動公園,上黒岩1377-1,3,-99,9999
138.8649,36.271115,10210,3,99999,03104,富岡北部運動公園,上黒岩1377-1,3,-99,9999
138.864199,36.269735,10210,3,99999,03102,富岡北部運動公園,上黒岩1377-1,3,-99,9999
138.868346,36.271182,10210,3,99999,03129,富岡北部運動公園,上黒岩1377-1,3,-99,9999
138.851398,36.580911,10421,3,99999,03104,中之条町民運動場,伊勢町,3,-99,9999
138.852824,36.580653,10421,3,99999,03115,中之条町民運動場,伊勢町,3,-99,9999
138.844308,36.594009,10421,3,99999,03106,中之条町ふれあい町民プール,中之条町2120-1,3,-99,9999
138.849322,36.589618,10421,3,99999,03109,中之条町伊勢町体育館,伊勢町1005,3,-99,9999
138.850301,36.598759,10421,3,99999,03121,中之条町弓道場,中之条町中之条1440,3,-99,9999
138.847886,36.599897,10421,3,99999,03115,中之条町山村広場小原崎テニスコート,中之条町1395-17,3,-99,9999
138.763156,36.68646,10421,3,99999,03104,中之条町四万野外スポーツ林,四万,3,-99,9999
138.762134,36.686165,10421,3,99999,03115,中之条町四万野外スポーツ林,四万,3,-99,9999
138.849629,36.59921,10421,3,99999,03109,中之条町総合運動場,中之条町1440,3,-99,9999
138.849605,36.599096,10421,3,99999,03110,中之条町総合運動場,中之条町1440,3,-99,9999
138.84957,36.598981,10421,3,99999,03111,中之条町総合運動場,中之条町1440,3,-99,9999
138.849106,36.598246,10421,3,99999,03101,中之条町総合運動場,中之条町1440,3,-99,9999
138.848132,36.599439,10421,3,99999,03102,中之条町総合運動場,中之条町1440,3,-99,9999
138.866245,36.60329,10421,3,99999,03138,中之条町名久田体育館,横尾320,3,-99,9999
138.86691,36.603185,10421,3,99999,03104,中之条町名久田ふれあい広場,横尾320,3,-99,9999
138.87281,36.608428,10421,3,99999,03115,中之条町間歩テニスコート,横尾88,3,-99,9999
138.872584,36.60816,10421,3,99999,03138,中之条町間歩テニスコート,横尾88,3,-99,9999
138.536181,36.441257,10424,3,99999,03142,長野原町浅間園キャンプ場,北軽井沢,3,-99,9999
138.623576,36.550299,10424,3,99999,03109,長野原町総合運動場,与喜屋282,3,-99,9999
138.623398,36.550241,10424,3,99999,03121,長野原町総合運動場,与喜屋282,3,-99,9999
138.625002,36.550967,10424,3,99999,03102,長野原町総合運動場,与喜屋282,3,-99,9999
138.623683,36.549716,10424,3,99999,03115,長野原町総合運動場,与喜屋282,3,-99,9999
138.994825,36.682146,10202,3,99999,03145,名胡桃郷オリエンテーリングコース,吉井町岩井232,3,-99,9999
138.708408,36.158294,10383,3,99999,03104,南牧中学校校庭,大日向1045(甘楽郡南牧中学校敷地内),3,-99,9999
138.70779,36.158418,10383,3,99999,03115,南牧中学校校庭,大日向1045(甘楽郡南牧中学校敷地内),3,-99,9999
138.735113,36.17372,10383,3,99999,03104,南牧村磐戸中学校校庭,千原412-2(磐戸中学校敷地内),3,-99,9999
138.734602,36.172953,10383,3,99999,03115,南牧村磐戸中学校校庭,千原412-2(磐戸中学校敷地内),3,-99,9999
138.710439,36.15854,10383,3,99999,03104,南牧村大日向山村広場,大日向1918（南牧川河川敷）,3,-99,9999
138.70969,36.158665,10383,3,99999,03115,南牧村大日向山村広場,大日向1918（南牧川河川敷）,3,-99,9999
138.60241,36.151819,10383,3,99999,03109,南牧村自然公園,熊倉丙981,3,-99,9999
138.600283,36.15133,10383,3,99999,03104,南牧村自然公園,熊倉丙981,3,-99,9999
138.602446,36.151704,10383,3,99999,03120,南牧村自然公園,熊倉丙981,3,-99,9999
138.601047,36.152015,10383,3,99999,03142,南牧村自然公園,熊倉981,3,-99,9999
138.602616,36.152783,10383,3,99999,03115,南牧村自然公園,熊倉981,3,-99,9999
138.658962,36.160988,10383,3,99999,03104,南牧村生涯学習センターグラウンド,羽沢43-1,3,-99,9999
138.724003,36.160127,10383,3,99999,03104,南牧村総合運動場,大日向1696,3,-99,9999
138.723527,36.159686,10383,3,99999,03102,南牧村総合運動場,大日向1696,3,-99,9999
138.702865,36.200789,10383,3,99999,03104,南牧村高原運動場,大塩沢2361-1,3,-99,9999
138.707048,36.158094,10383,3,99999,03109,南牧村農業者トレーニングセンター,大日向1041-1,3,-99,9999
138.70687,36.158017,10383,3,99999,03120,南牧村農業者トレーニングセンター,大日向1041-1,3,-99,9999
138.942256,36.74347,10449,3,99999,03141,ノルンみなかみスキー場,寺間479-139,4,-99,9999
138.686276,36.439255,10202,3,99999,03109,はまゆう山荘,倉渕町川浦27-80,4,-99,9999
138.685028,36.436903,10202,3,99999,03115,はまゆう山荘,倉渕町川浦27-80,4,-99,9999
138.68775,36.439589,10202,3,99999,03142,はまゆう山荘,倉渕町川浦27-80,4,-99,9999
138.992508,36.493937,10202,3,99999,03145,榛名東麓丘陵オリエンテーリングコース,吉井町岩井232,3,-99,9999
138.477054,36.541983,10425,3,99999,03142,バラギキャンプ場,干俣2401-107,3,-99,9999
138.995715,36.331583,10202,3,99999,03136,パークレーン高崎,歌川町8,4,-99,9999
138.833349,36.573268,10429,3,99999,03115,東吾妻町営テニスコート,原町,3,-99,9999
138.825221,36.567906,10429,3,99999,03109,東吾妻町民体育館,川戸235,3,-99,9999
138.82528,36.567753,10429,3,99999,03120,東吾妻町民体育館,川戸235,3,-99,9999
138.826853,36.568041,10429,3,99999,03106,東吾妻町民プール,川戸,3,-99,9999
138.904144,36.519529,10429,3,99999,03115,東吾妻町あづま森林公園,岡崎2094-2,3,-99,9999
138.902409,36.518421,10429,3,99999,03142,東吾妻町あづま森林公園,岡崎2094-2,3,-99,9999
138.779965,36.551977,10429,3,99999,03104,東吾妻町唐堀スポーツ広場,三島3473,3,-99,9999
138.780393,36.551786,10429,3,99999,03138,東吾妻町唐堀スポーツ広場,三島3473,3,-99,9999
138.835155,36.580466,10429,3,99999,03121,東吾妻町弓道場,原町752,3,-99,9999
138.94291,36.545551,10429,3,99999,03121,東吾妻町弓道場,岡崎柏原1197-2,3,-99,9999
138.921619,36.544345,10429,3,99999,03110,東吾妻町柔剣道場,箱島1569-1,3,-99,9999
138.921595,36.544221,10429,3,99999,03111,東吾妻町柔剣道場,箱島1569-1,3,-99,9999
138.834239,36.573811,10429,3,99999,03104,東吾妻町スポーツ広場,原町河川敷,3,-99,9999
138.895392,36.558993,10429,3,99999,03101,東吾妻町総合運動場,新巻1961,3,-99,9999
138.896675,36.55737,10429,3,99999,03102,東吾妻町総合運動場,新巻1961,3,-99,9999
138.895344,36.557981,10429,3,99999,03115,東吾妻町総合運動場,新巻1961,3,-99,9999
138.896188,36.558306,10429,3,99999,03138,東吾妻町総合運動場,新巻1961,3,-99,9999
138.901532,36.553097,10429,3,99999,03109,東吾妻町第一社会体育館,奥田39-1,3,-99,9999
138.901509,36.552915,10429,3,99999,03120,東吾妻町第一社会体育館,奥田39-1,3,-99,9999
138.925738,36.522951,10429,3,99999,03109,東吾妻町第二社会体育館,岡崎1501-3,3,-99,9999
138.740237,36.505762,10429,3,99999,03142,東吾妻町温川キャンプ場,本宿,3,-99,9999
138.823602,36.571739,10429,3,99999,03143,東吾妻町ハイキングコース,詳細住所不明,3,-99,9999
138.743089,36.507796,10429,3,99999,03104,東吾妻町本宿スポーツ広場,本宿,3,-99,9999
138.743565,36.507834,10429,3,99999,03138,東吾妻町本宿スポーツ広場,本宿,3,-99,9999
138.804961,36.44774,10202,3,99999,03134,響の森カントリークラブ,倉渕町権田,4,-99,9999
138.587896,36.619385,10426,3,99999,03115,ベルツの里テニスコート,草津464(ベルツの里内),3,-99,9999
138.958957,36.795913,10449,3,99999,03141,ホワイトバレースキー場,谷川温泉,4,-99,9999
138.984227,36.798207,10449,3,99999,03141,水上大穴スキー場,大穴,4,-99,9999
138.973588,36.781709,10449,3,99999,03141,水上鹿の沢スキー場,鹿野沢,4,-99,9999
138.982623,36.795809,10449,3,99999,03141,水上シャンツェ,大穴,4,-99,9999
138.830103,36.732977,10449,3,99999,03141,みなかみ町営赤沢スキー場,永井620,3,-99,9999
138.905569,36.705988,10449,3,99999,03106,みなかみ町Ｂ＆Ｇ海洋センター,須川1275-1,3,-99,9999
138.904962,36.706455,10449,3,99999,03109,みなかみ町Ｂ＆Ｇ海洋センター,須川1275-1,3,-99,9999
138.905153,36.706312,10449,3,99999,03137,みなかみ町Ｂ＆Ｇ海洋センター,須川1275-1,3,-99,9999
138.879353,36.676739,10449,3,99999,03109,みなかみ町入須川社会体育館,入須川1924,3,-99,9999
138.879163,36.676701,10449,3,99999,03120,みなかみ町入須川社会体育館,入須川1924,3,-99,9999
138.986299,36.797428,10449,3,99999,03104,みなかみ町大穴球場,大穴273,3,-99,9999
138.841438,36.678194,10449,3,99999,03142,みなかみ町川手山森林公園,入須川上須川地内,3,-99,9999
138.922793,36.690342,10449,3,99999,03121,みなかみ町弓道場,布施238,3,-99,9999
138.967887,36.771252,10449,3,99999,03109,みなかみ町社会体育館,湯原441,3,-99,9999
138.967947,36.771186,10449,3,99999,03110,みなかみ町社会体育館,湯原441,3,-99,9999
138.968006,36.771129,10449,3,99999,03111,みなかみ町社会体育館,湯原441,3,-99,9999
138.967792,36.771186,10449,3,99999,03121,みなかみ町社会体育館,湯原441,3,-99,9999
138.967852,36.7711,10449,3,99999,03129,みなかみ町社会体育館,湯原441,3,-99,9999
138.954857,36.791455,10449,3,99999,03115,みなかみ町谷川町営テニスコート,谷川,3,-99,9999
138.900564,36.707581,10449,3,99999,03104,みなかみ町中央運動公園,須川1362,3,-99,9999
138.901847,36.707419,10449,3,99999,03102,みなかみ町中央運動公園,須川1362,3,-99,9999
138.904284,36.707238,10449,3,99999,03115,みなかみ町中央運動公園,須川1362,3,-99,9999
138.991857,36.685138,10449,3,99999,03115,みなかみ町月夜野大中島公園テニスコート,月夜野大中島地内,3,-99,9999
138.93895,36.726848,10449,3,99999,03142,みなかみ町月夜野大峰沼キャンプ場,小川,3,-99,9999
138.995032,36.680242,10449,3,99999,03104,みなかみ町月夜野屋外運動広場,月夜野464,3,-99,9999
138.995076,36.681024,10449,3,99999,03121,みなかみ町月夜野弓道場,月夜野485-1,3,-99,9999
138.991735,36.677405,10449,3,99999,03102,みなかみ町月夜野総合グラウンド,下津1530地先,3,-99,9999
138.992828,36.677758,10449,3,99999,03115,みなかみ町月夜野総合グラウンド,下津1530地先,3,-99,9999
138.992983,36.677129,10449,3,99999,03138,みなかみ町月夜野総合グラウンド,下津1530地先,3,-99,9999
138.986869,36.680501,10449,3,99999,03109,みなかみ町月夜野総合体育館,月夜野170-1,3,-99,9999
138.987,36.680443,10449,3,99999,03110,みなかみ町月夜野総合体育館,月夜野170-1,3,-99,9999
138.987107,36.680377,10449,3,99999,03111,みなかみ町月夜野総合体育館,月夜野170-1,3,-99,9999
138.987297,36.680281,10449,3,99999,03129,みなかみ町月夜野総合体育館,月夜野170-1,3,-99,9999
138.977153,36.675543,10449,3,99999,03109,みなかみ町月夜野名胡桃体育館,上津1244,3,-99,9999
138.977153,36.675429,10449,3,99999,03120,みなかみ町月夜野名胡桃体育館,上津1244,3,-99,9999
138.981734,36.669043,10449,3,99999,03106,みなかみ町月夜野名胡桃プール,上津2379-3,3,-99,9999
138.981192,36.730389,10449,3,99999,03104,みなかみ町月夜野北部運動広場,上牧1821-1地先,3,-99,9999
138.987142,36.679301,10449,3,99999,03103,みなかみ町月夜野緑地施設内運動広場,月夜野143,3,-99,9999
138.947286,36.744797,10449,3,99999,03102,みなかみ町寺間運動公園,寺間,3,-99,9999
138.969301,36.756124,10449,3,99999,03109,みなかみ町農業者等健康増進施設,川上402-1,3,-99,9999
138.969373,36.756001,10449,3,99999,03120,みなかみ町農業者等健康増進施設,川上402-1,3,-99,9999
138.916644,36.694868,10449,3,99999,03109,みなかみ町農村環境改善センター,新巻2272-49,3,-99,9999
138.830001,36.74265,10449,3,99999,03143,みなかみ町ハイキングコース,詳細住所不明,3,-99,9999
138.924272,36.690499,10449,3,99999,03110,みなかみ町武道館,布施250-2,3,-99,9999
138.924296,36.690385,10449,3,99999,03111,みなかみ町武道館,布施250-2,3,-99,9999
138.985741,36.815082,10449,3,99999,03104,みなかみ町湯檜曽公園,湯桧曽,3,-99,9999
138.985414,36.815691,10449,3,99999,03115,みなかみ町湯檜曽公園,湯桧曽,3,-99,9999
138.985806,36.81474,10449,3,99999,03103,みなかみ町湯檜曽公園,湯桧曽,3,-99,9999
138.959906,36.263069,10202,3,99999,03138,吉井片山分校跡地運動場,吉井町片山578,3,-99,9999
138.998852,36.26515,10202,3,99999,03109,吉井勤労者体育センター,吉井町池1816,3,-99,9999
138.999799,36.26435,10202,3,99999,03101,吉井町運動公園,吉井町池1660,3,-99,9999
138.998634,36.266382,10202,3,99999,03104,吉井町運動公園,吉井町池1660,3,-99,9999
138.998967,36.26573,10202,3,99999,03115,吉井町運動公園,吉井町池1660,3,-99,9999
138.994274,36.23353,10202,3,99999,03138,吉井町屋内ゲートボール場,吉井町多比良4832-2,3,-99,9999
138.984867,36.253553,10202,3,99999,03109,吉井町体育館,吉井町吉井285-2,3,-99,9999
138.984879,36.253476,10202,3,99999,03110,吉井町体育館,吉井町吉井285-2,3,-99,9999
138.98476,36.253524,10202,3,99999,03111,吉井町体育館,吉井町吉井285-2,3,-99,9999
138.98476,36.253438,10202,3,99999,03120,吉井町体育館,吉井町吉井285-2,3,-99,9999
138.978305,36.264342,10202,3,99999,03104,吉井町西運動場,吉井町岩崎1058,3,-99,9999
138.976762,36.264561,10202,3,99999,03102,吉井町西運動場,吉井町岩崎1058,3,-99,9999
138.986341,36.255404,10202,3,99999,03138,吉井町吉井中跡地運動広場,吉井町吉井476,3,-99,9999
138.9995,36.446359,10345,3,99999,03109,吉岡町明治地区児童屋内体育施設,北下433,3,-99,9999
138.678649,36.448024,10202,3,99999,03142,わらび平森林公園キャンプ場,倉渕町川浦27-9,3,-99,9999
