X,Y,P27_001,P27_002,P27_003,P27_004,P27_005,P27_006,P27_007,P27_008,P27_009
137.097609,35.185816,23204,3,03001,03001,愛知県陶磁資料館,南山口町234,2,3,1978
137.151802,35.080358,23211,3,03001,03001,豊田市美術館,小坂本町8-5-1,3,3,1995
137.293635,35.237756,23211,3,03001,03001,豊田市和紙のふるさと,永太郎町洞216-1,3,2,1982
137.069153,35.1674,23238,3,03001,03001,愛知県立芸術大学・法隆寺金堂壁画模写展示館,大字岩作字三ケ峯1-1（愛知県立芸術大学内）,2,1,1989
137.069153,35.1674,23238,3,03001,03001,愛知県立芸術大学芸術資料館,大字岩作字三ケ峯1-114,2,-99,1973
137.038866,35.170843,23238,3,03001,03001,名都美術館,杁ケ池301,4,-99,1992
137.100694,35.225367,23204,3,03002,03002,瀬戸蔵ミュージアム,蔵所町1-1,3,4,2005
137.215176,35.099991,23211,3,03002,03002,トヨタ鞍ケ池記念館,池田町南250,4,-99,1974
137.158528,35.053718,23211,3,03002,03002,トヨタ会館,トヨタ町1,4,-99,1977
137.507874,35.214854,23211,3,03002,03002,古橋懐古館,稲武町タヒラ8,4,-99,1958
137.313924,35.129669,23211,3,03002,03002,三州足助屋敷,足助町飯盛36,3,-99,1980
137.159717,35.093996,23211,3,03002,03002,豊田市郷土資料館,陣中町1-21,3,3,1967
137.189387,35.122194,23211,3,03002,03002,豊田市民芸館・陶芸資料館,平戸橋町波岩86-100,3,-99,1983
137.018999,35.376124,23215,3,03002,03002,野外民族博物館リトルワールド,今井成沢90-48,4,-99,1983
137.038736,35.001491,23225,3,03002,03002,知立市歴史民俗資料館,南新地2-3-3,3,2,1987
137.042145,35.145336,23230,3,03002,03002,岩崎城歴史記念館,岩崎町市場67,3,2,1987
137.058097,35.172745,23238,3,03002,03002,トヨタ博物館,大字長湫字横道41-100,4,4,1989
137.069153,35.1674,23238,3,03002,03002,愛知県農業総合試験場・農業民俗館,大字岩作字三ケ峯1-1,2,1,1971
137.048641,35.173603,23238,3,03002,03002,長久手町郷土資料室,武蔵塚204,3,2,1985
137.073994,35.087718,23236,3,03002,03002,三好町立歴史民俗資料館,大字三好字陣取山44-1,3,2,1982
137.572141,35.092866,23561,3,03002,03002,設楽町奥三河郷土館,大字田口字アラコ14,3,2,1977
137.703754,35.067643,23562,3,03002,03002,東栄町立博物館,大字本郷字大森1,3,2,1969
137.004149,35.236895,23113,3,03003,03003,名古屋市志段味図書館,深沢1-101,3,-99,2004
137.082178,35.227487,23204,3,03003,03003,瀬戸市立図書館,東松山町1-2,3,-99,9999
137.036141,35.041915,23210,3,03003,03003,刈谷市富士松図書館,東境町神田32-2,3,2,9999
137.160272,35.094441,23211,3,03003,03003,豊田市中央図書館,西町1-200,3,-99,9999
137.038855,35.001355,23225,3,03003,03003,知立市図書館,南新地2-3-3,3,-99,9999
137.036162,35.213099,23226,3,03003,03003,尾張旭市立図書館,東大道町山の内2419-5,3,-99,9999
137.007206,35.060662,23229,3,03003,03003,豊明市立図書館,西川町横井4-11,3,-99,9999
137.040069,35.13253,23230,3,03003,03003,日進市立図書館,蟹甲町中島3,3,-99,9999
137.052632,35.09613,23302,3,03003,03003,東郷町立図書館,大字春木字北反田14,3,-99,9999
137.039004,35.181203,23238,3,03003,03003,長久手市中央図書館,坊の後114,3,-99,9999
137.077111,35.087394,23236,3,03003,03003,みよし市立中央図書館,西陣取山130,3,-99,9999
137.712381,35.120593,23562,3,99999,03002,御園高原自然学習村,大字御園字坂場119,4,-99,1972
137.002709,35.297106,23219,3,99999,03003,名古屋造形大学図書館,大草年上坂6004,4,-99,9999
137.030657,35.219759,23226,3,99999,03003,名古屋産業大学・名古屋経営短期大学図書館,新居町3255-5,4,-99,9999
137.035143,35.1529,23230,3,99999,03003,椙山女学園大学日進図書館,竹の山3-2005,4,-99,9999
137.046237,35.160946,23230,3,99999,03003,愛知学院大学図書館情報センター,岩崎町阿良池12,4,-99,9999
137.042608,35.157843,23230,3,99999,03003,名古屋外国語大学・名古屋学芸大学図書館,岩崎町竹の山57,4,-99,9999
137.012962,35.273642,23206,3,99999,03003,中部大学附属三浦記念図書館,松本町1200,4,-99,9999
137.097829,35.225477,23204,3,99999,03003,パルティせと市民交流センター情報ライブラリー,栄町45,3,-99,9999
137.145818,35.266928,23204,3,99999,03003,名古屋学院大学瀬戸キャンパス図書館,上品野町1350,4,-99,9999
137.107547,35.205192,23204,3,99999,03003,南山大学瀬戸図書館,せいれい町27,4,-99,9999
137.149309,35.139483,23211,3,99999,03003,中京大学豊田図書館,貝津町床立101,4,-99,9999
137.123823,35.104724,23211,3,99999,03003,愛知学泉大学豊田図書館,大池町汐取1,4,-99,9999
137.112893,35.183631,23211,3,99999,03003,愛知工業大学附属図書館,八草町八草1247,4,-99,9999
137.069492,35.16747,23238,3,99999,03003,愛知県立芸術大学芸術情報センター図書館,岩作三ケ峯1-114,0,-99,9999
137.049454,35.193003,23238,3,99999,03003,愛知医科大学医学情報センター図書館,岩作雁又1-1（大学本館5階）,4,-99,9999
137.086785,35.182052,23238,3,99999,03003,愛知県立大学学術情報センター長久手キャンパス図書館,茨ケ廻間1522-3,0,-99,9999
137.032094,35.156842,23238,3,99999,03003,愛知淑徳大学図書館,片平9,4,-99,9999
137.184096,35.023744,23202,3,99999,03115,花園体育センター庭球場,桑原町字大沢20-90,3,-99,1988
137.164145,35.00993,23202,3,99999,03104,仁木運動広場,仁木町地内（矢作川河川敷）,3,-99,1984
137.097567,35.225419,23204,3,99999,03129,パルティせとフィットネスジム,栄町45,4,6,9999
137.202378,35.080277,23211,3,99999,03102,古瀬間運動広場,古瀬間町鳥ヶ峰371-3,4,-99,9999
137.202426,35.079956,23211,3,99999,03138,古瀬間運動広場,古瀬間町鳥ヶ峰371-3,4,-99,9999
137.180367,35.093805,23211,3,99999,03115,高橋運動広場,高橋町3-100-1,4,-99,9999
137.180735,35.093825,23211,3,99999,03138,高橋運動広場,高橋町3-100-1,4,-99,9999
137.142174,35.072892,23211,3,99999,03102,新生公園,新生町2,3,-99,9999
137.720559,35.14678,23563,3,99999,03121,豊根村弓道場,下黒川区蕨平,3,-99,9999
137.675909,35.213767,23563,3,99999,03121,花の木弓道場,坂宇場区御所平,4,-99,9999
137.097179,35.130302,23236,3,99999,03109,黒笹小学校,黒笹いずみ3-26-1,3,-99,9999
137.096894,35.129641,23236,3,99999,03104,黒笹小学校,黒笹いずみ3-26-1,3,-99,9999
137.114094,35.122582,23236,3,99999,03115,三好丘公園,三好丘4,3,-99,9999
137.114343,35.12197,23236,3,99999,03104,三好丘公園,三好丘4,3,-99,9999
137.11084,35.113353,23236,3,99999,03115,三好丘桜公園,三好丘桜3,3,-99,9999
137.111707,35.112828,23236,3,99999,03104,三好丘桜公園,三好丘桜3,3,-99,9999
137.107346,35.112888,23236,3,99999,03109,北中学校,三好丘桜1-1-1,3,-99,9999
137.107512,35.112324,23236,3,99999,03104,北中学校,三好丘桜1-1-1,3,-99,9999
137.106941,35.112898,23236,3,99999,03112,北中学校,三好丘桜1-1-1,3,-99,9999
137.112282,35.120744,23236,3,99999,03109,三好丘小学校,三好丘7-1,3,-99,9999
137.112294,35.120637,23236,3,99999,03104,三好丘小学校,三好丘7-1,3,-99,9999
137.116584,35.126503,23236,3,99999,03109,三好丘中学校,三好丘2-14-10,3,-99,9999
137.117713,35.126231,23236,3,99999,03104,三好丘中学校,三好丘2-14-10,3,-99,9999
137.116703,35.126172,23236,3,99999,03112,三好丘中学校,三好丘2-14-10,3,-99,9999
137.11693,35.111536,23236,3,99999,03109,緑丘小学校,三好丘緑1-1-1,3,-99,9999
137.116906,35.1114,23236,3,99999,03104,緑丘小学校,三好丘緑1-1-1,3,-99,9999
137.053456,35.083692,23236,3,99999,03144,境川緑地,三好町、西一色町、福田町,3,-99,9999
137.072694,35.086356,23236,3,99999,03109,中部小学校,三好町宮ノ越31,3,-99,9999
137.073692,35.085442,23236,3,99999,03104,中部小学校,三好町宮ノ越31,3,-99,9999
137.070628,35.086796,23236,3,99999,03109,三好中学校,三好町宮ノ越42,3,-99,9999
137.070878,35.085989,23236,3,99999,03104,三好中学校,三好町宮ノ越42,3,-99,9999
137.06988,35.086426,23236,3,99999,03112,三好中学校,三好町宮ノ越42,3,-99,9999
137.074646,35.083408,23236,3,99999,03147,保田ヶ池公園,三好町大慈山,3,-99,9999
137.074622,35.083204,23236,3,99999,03137,保田ヶ池公園,三好町大慈山,3,-99,9999
137.087137,35.093208,23236,3,99999,03102,三好公園,三好町池ノ原,3,-99,9999
137.08646,35.093791,23236,3,99999,03115,三好公園,三好町池ノ原,3,-99,9999
137.088682,35.092731,23236,3,99999,03101,三好公園,三好町池ノ原,3,-99,9999
137.088813,35.091584,23236,3,99999,03109,三好公園,三好町池ノ原,3,-99,9999
137.086638,35.092138,23236,3,99999,03121,三好公園,三好町池ノ原,3,-99,9999
137.088821,35.091466,23236,3,99999,03109,総合体育館,三好町池の原1,3,-99,9999
137.088238,35.091204,23236,3,99999,03112,総合体育館,三好町池の原1,3,-99,9999
137.088809,35.091243,23236,3,99999,03120,総合体育館,三好町池の原1,3,-99,9999
137.088781,35.094086,23236,3,99999,03132,勤労青少年ホーム,三好町仲ヶ山43-11,3,-99,9999
137.085449,35.089602,23236,3,99999,03109,天王小学校,三好町天王51-75,3,-99,9999
137.086572,35.090025,23236,3,99999,03104,天王小学校,三好町天王51-75,3,-99,9999
137.06377,35.082063,23236,3,99999,03109,三吉小学校,三好町半野木1-27,3,-99,9999
137.062724,35.081052,23236,3,99999,03104,三吉小学校,三好町半野木1-27,3,-99,9999
137.088896,35.07684,23236,3,99999,03109,南中学校,打越町三百目3,3,-99,9999
137.089443,35.076013,23236,3,99999,03104,南中学校,打越町三百目3,3,-99,9999
137.089205,35.0772,23236,3,99999,03112,南中学校,打越町三百目3,3,-99,9999
137.095264,35.109132,23236,3,99999,03109,北部小学校,福谷町坂上12,3,-99,9999
137.095781,35.108782,23236,3,99999,03104,北部小学校,福谷町坂上12,3,-99,9999
137.088542,35.070186,23236,3,99999,03109,南部小学校,明知町上細口27,3,-99,9999
137.088934,35.069603,23236,3,99999,03104,南部小学校,明知町上細口27,3,-99,9999
137.201905,35.029814,23202,3,99999,03102,奥殿運動広場,奥殿町字仲西68-2,3,-99,1986
137.173147,35.003303,23202,3,99999,03102,岩津運動広場,岩津町字東山18-1,3,-99,1981
137.183763,35.023992,23202,3,99999,03109,花園体育センター,桑原町大沢20-90,3,-99,1987
137.183823,35.023865,23202,3,99999,03120,花園体育センター,桑原町大沢20-90,3,-99,1987
137.184548,35.024488,23202,3,99999,03102,花園体育センター,桑原町大沢20-90,3,-99,1987
137.184167,35.023641,23202,3,99999,03115,花園体育センター,桑原町大沢20-90,3,-99,1987
137.184607,35.024313,23202,3,99999,03138,花園体育センター,桑原町大沢20-90,3,-99,1987
137.184678,35.024148,23202,3,99999,03102,日名橋河川緑地運動場,桑原町大沢20-90,3,-99,1982
137.184768,35.023948,23202,3,99999,03103,日名橋河川緑地運動場,桑原町大沢20-90,3,-99,1982
137.039597,35.056223,23210,3,99999,03102,井ケ谷グラウンド,井ケ谷町稲葉崎42-4,4,-99,9999
137.039609,35.055844,23210,3,99999,03104,井ケ谷グラウンド,井ケ谷町稲葉崎42-4,4,-99,9999
137.057544,35.057007,23210,3,99999,03115,洲原テニスコート,井ケ谷町洲原,4,-99,9999
137.057691,35.055984,23210,3,99999,03105,洲原温水プール,井ケ谷町松ケ崎6-10,4,-99,9999
137.023625,35.00664,23210,3,99999,03102,狩野公園グラウンド,一ツ木町2,3,-99,9999
137.023756,35.006397,23210,3,99999,03104,狩野公園グラウンド,一ツ木町2,3,-99,9999
137.023126,35.007565,23210,3,99999,03115,狩野公園テニスコート,一ツ木町2,3,-99,9999
137.028371,35.008093,23210,3,99999,03102,平成小学校グラウンド,一ツ木町3-18,3,-99,9999
137.028323,35.007831,23210,3,99999,03103,平成小学校グラウンド,一ツ木町3-18,3,-99,9999
137.041621,35.030358,23210,3,99999,03102,金山運動広場,一里山町中本山152,3,-99,9999
137.041645,35.030192,23210,3,99999,03103,金山運動広場,一里山町中本山152,3,-99,9999
137.041704,35.029998,23210,3,99999,03104,金山運動広場,一里山町中本山152,3,-99,9999
137.001199,35.000421,23210,3,99999,03102,原崎公園グラウンド,原崎町2-600,3,-99,9999
137.00171,35.000226,23210,3,99999,03104,原崎公園グラウンド,原崎町2-600,3,-99,9999
137.027649,35.031982,23210,3,99999,03102,富士松中学校グラウンド,今川町花岡114,3,-99,9999
137.027186,35.031612,23210,3,99999,03103,富士松中学校グラウンド,今川町花岡114,3,-99,9999
137.011554,35.009903,23210,3,99999,03102,青山公園グラウンド,青山町2,3,-99,9999
137.011934,35.00965,23210,3,99999,03104,青山公園グラウンド,青山町2,3,-99,9999
137.012706,35.016313,23210,3,99999,03102,雁が音中学校グラウンド,築地町3-9-1,3,-99,9999
137.012718,35.015973,23210,3,99999,03103,雁が音中学校グラウンド,築地町3-9-1,3,-99,9999
137.01102,35.019579,23210,3,99999,03109,ウィングアリーナ刈谷,築地町荒田1,4,-99,9999
137.01102,35.019443,23210,3,99999,03129,ウィングアリーナ刈谷,築地町荒田1,4,-99,9999
137.01102,35.019277,23210,3,99999,03105,ウィングアリーナ刈谷,築地町荒田1,4,-99,9999
137.01266,35.01919,23210,3,99999,03101,ウェーブスタジアム刈谷,築地町荒田1,4,-99,9999
137.009665,35.018343,23210,3,99999,03103,グリーングラウンド刈谷,築地町荒田1,4,-99,9999
137.001436,35.367214,23215,3,99999,03109,今井小学校,大字今井字若宮8,3,-99,9999
137.000795,35.367146,23215,3,99999,03104,今井小学校,大字今井字若宮8,3,-99,9999
137.001401,35.367108,23215,3,99999,03111,今井小学校,大字今井字若宮8,3,-99,9999
137.001531,35.367117,23215,3,99999,03113,今井小学校,大字今井字若宮8,3,-99,9999
137.053795,35.303337,23206,3,99999,03142,春日井市少年自然の家,廻間町1102-1,3,-99,9999
137.055103,35.303143,23206,3,99999,03147,春日井市少年自然の家,廻間町1102-1,3,-99,9999
137.033264,35.267496,23206,3,99999,03102,繁田公園グラウンド,気噴町北2-312,3,-99,9999
137.033181,35.267234,23206,3,99999,03103,繁田公園グラウンド,気噴町北2-312,3,-99,9999
137.007176,35.242108,23206,3,99999,03102,熊野第１グラウンド河川敷,熊野町地内,3,-99,9999
137.006356,35.241681,23206,3,99999,03102,熊野第２グラウンド河川敷,熊野町地内,3,-99,9999
137.052633,35.29329,23206,3,99999,03115,高森山公園,高森台8-4-1外,3,-99,9999
137.054071,35.294182,23206,3,99999,03102,高森山公園,高森台8-4-1外,3,-99,9999
137.038693,35.259812,23206,3,99999,03102,高蔵寺運動広場河川敷,高蔵寺町地内,3,-99,9999
137.063246,35.299856,23206,3,99999,03142,細野キャンプ場,細野町2988-2,3,-99,9999
137.032365,35.272293,23206,3,99999,03102,白山運動広場,白山町6-4-2,3,-99,9999
137.039742,35.31132,23206,3,99999,03102,市民球場,明知町463-1,4,-99,9999
137.448982,35.025486,23221,3,99999,03142,半田市野外活動センター,作手キツ子サハ28,3,-99,9999
137.449041,35.025321,23221,3,99999,03147,半田市野外活動センター,作手キツ子サハ28,3,-99,9999
137.63938,35.035724,23221,3,99999,03142,しゃくなげの里,川合字八石7,3,-99,9999
137.072644,35.25906,23204,3,99999,03142,定光寺野外活動センター,鹿乗町1231,4,-99,9999
137.07268,35.259913,23204,3,99999,03147,定光寺野外活動センター,鹿乗町1231,4,-99,9999
137.074331,35.259069,23204,3,99999,03143,定光寺野外活動センター,鹿乗町1231,4,-99,9999
137.080498,35.239157,23204,3,99999,03102,市民公園野球場,小田妻町2-22,4,2,9999
137.079738,35.24004,23204,3,99999,03115,市民公園Ｂテニスコート,小田妻町2-22,4,-99,9999
137.080986,35.241483,23204,3,99999,03101,市民公園陸上競技場,小田妻町2-22･上本町1-1,4,2,9999
137.082425,35.237623,23204,3,99999,03121,市民公園武道館・弓道場,上松山町2-466,4,-99,9999
137.083079,35.237672,23204,3,99999,03110,市民公園武道館・弓道場,上松山町2-466,4,-99,9999
137.08315,35.237604,23204,3,99999,03111,市民公園武道館・弓道場,上松山町2-466,4,-99,9999
137.082271,35.237983,23204,3,99999,03115,市民公園Ａテニスコート,上松山町2-466,4,-99,9999
137.083422,35.239726,23204,3,99999,03106,市民公園プール,上本町1-1,4,-99,9999
137.082661,35.240008,23204,3,99999,03138,市民公園ゲートボールコート・ジョギングコース・ミニオリエンテーリングコース,上本町1-1・3・5・9,4,-99,9999
137.082103,35.240134,23204,3,99999,03146,市民公園ゲートボールコート・ジョギングコース・ミニオリエンテーリングコース,上本町1-1・3・5・9,4,-99,9999
137.084967,35.239056,23204,3,99999,03147,市民公園ゲートボールコート・ジョギングコース・ミニオリエンテーリングコース,上本町1-1・3・5・9,4,-99,9999
137.081686,35.239866,23204,3,99999,03109,瀬戸市体育館・第二体育館,上本町1-1・小田妻町2-22,4,2,9999
137.081781,35.239759,23204,3,99999,03120,瀬戸市体育館・第二体育館,上本町1-1・小田妻町2-22,4,2,9999
137.081888,35.239613,23204,3,99999,03129,瀬戸市体育館・第二体育館,上本町1-1・小田妻町2-22,4,2,9999
137.108489,35.230072,23204,3,99999,03102,陶祖（とうそ）グラウンド,須原町101-6（陶祖公園内）,4,-99,9999
137.108489,35.229791,23204,3,99999,03103,陶祖（とうそ）グラウンド,須原町101-6（陶祖公園内）,4,-99,9999
137.097259,35.217039,23204,3,99999,03102,南公園グラウンド,西茨町113-44（南公園内）,4,-99,9999
137.111187,35.219869,23204,3,99999,03102,東公園グラウンド,中山町1-57,4,-99,9999
137.111092,35.220073,23204,3,99999,03104,東公園運動広場,中山町1-57,4,-99,9999
137.111424,35.219645,23204,3,99999,03103,東公園運動広場,中山町1-57,4,-99,9999
137.110961,35.220189,23204,3,99999,03138,東公園運動広場,中山町1-57,4,-99,9999
137.112625,35.219636,23204,3,99999,03115,東公園テニスコート,中山町1-57,4,-99,9999
137.141821,35.2254,23204,3,99999,03142,ねむの森（自然児童遊園）,長谷口町69-4,4,-99,9999
137.096944,35.230217,23204,3,99999,03102,窯神（かまがみ）グラウンド,東安戸町30-1（磁祖公園内）,4,-99,9999
137.111447,35.251438,23204,3,99999,03102,北グラウンド,八床町107-1(北スポーツ施設内),4,-99,9999
137.110128,35.251117,23204,3,99999,03115,北テニスコート,八床町107-1(北スポーツ施設内),4,-99,9999
137.566745,35.090733,23561,3,99999,03115,設楽町田口テニスコート,清崎字下ノ沢3-2,4,-99,9999
137.622015,35.165618,23561,3,99999,03105,つぐグリーンプラザ,津具字下川原6-1,3,-99,9999
137.621836,35.165473,23561,3,99999,03129,つぐグリーンプラザ,津具字下川原6-1,3,-99,9999
137.625647,35.162236,23561,3,99999,03115,洲山運動広場,津具字洲山1-1,3,-99,9999
137.619711,35.175846,23561,3,99999,03104,津具スポーツ広場,津具字中大名地18-6,4,-99,9999
137.619842,35.175632,23561,3,99999,03102,津具スポーツ広場,津具字中大名地18-6,4,-99,9999
137.619949,35.175447,23561,3,99999,03138,津具スポーツ広場,津具字中大名地18-6,4,-99,9999
137.576514,35.100685,23561,3,99999,03105,設楽町ふれあい広場スイスイパーク,田口字後口4-4,4,-99,9999
137.576467,35.100569,23561,3,99999,03129,設楽町ふれあい広場スイスイパーク,田口字後口4-4,4,-99,9999
137.575956,35.100627,23561,3,99999,03115,設楽町ふれあい広場スイスイパーク,田口字後口4-4,4,-99,9999
137.576395,35.100452,23561,3,99999,03116,設楽町ふれあい広場スイスイパーク,田口字後口4-4,4,-99,9999
137.573785,35.096197,23561,3,99999,03121,田口弓道場,田口字向木屋41,4,-99,9999
137.531316,35.059273,23561,3,99999,03121,田峯弓道場,田峯字鍛冶沢14,4,-99,9999
137.481858,35.120167,23561,3,99999,03128,きららの里,田峯字段戸1-1,3,-99,9999
137.533634,35.154423,23561,3,99999,03109,名倉体育館,東納庫字ヲトシ山1-68,4,-99,9999
137.53369,35.154017,23561,3,99999,03106,名倉水泳プール,東納庫字ヲトシ山2-1,4,-99,9999
137.533184,35.153907,23561,3,99999,03121,名倉弓道場,東納庫字ヲトシ山2-1,4,-99,9999
137.532445,35.153704,23561,3,99999,03102,設楽町名倉スポーツ広場,東納庫字ヲトシ山3-2,4,-99,9999
137.53251,35.153578,23561,3,99999,03138,設楽町名倉スポーツ広場,東納庫字ヲトシ山3-2,4,-99,9999
137.048735,35.000814,23225,3,99999,03109,知立中学校,広見2-4,3,-99,9999
137.048782,35.000668,23225,3,99999,03112,知立中学校,広見2-4,3,-99,9999
137.049234,35.001223,23225,3,99999,03104,知立中学校,広見2-4,3,-99,9999
137.056966,35.007276,23225,3,99999,03109,竜北中学校,山屋敷町東山2-2,3,-99,9999
137.055789,35.006605,23225,3,99999,03104,竜北中学校,山屋敷町東山2-2,3,-99,9999
137.053185,35.001819,23225,3,99999,03102,御林公園グランド,新池1-19,3,-99,9999
137.053197,35.001673,23225,3,99999,03103,御林公園グランド,新池1-19,3,-99,9999
137.053174,35.001507,23225,3,99999,03138,御林公園グランド,新池1-19,3,-99,9999
137.052948,35.001799,23225,3,99999,03104,御林公園グランド,新池1-19,3,-99,9999
137.033589,35.010174,23225,3,99999,03102,草刈公園グランド,西町草刈,3,-99,9999
137.033601,35.010008,23225,3,99999,03103,草刈公園グランド,西町草刈,3,-99,9999
137.03366,35.009852,23225,3,99999,03138,草刈公園グランド,西町草刈,3,-99,9999
137.033684,35.009706,23225,3,99999,03104,草刈公園グランド,西町草刈,3,-99,9999
137.034518,35.009498,23225,3,99999,03121,知立市福祉体育館,西町草刈10-5,3,4,9999
137.034447,35.009382,23225,3,99999,03120,知立市福祉体育館,西町草刈10-5,3,4,9999
137.034328,35.009265,23225,3,99999,03109,知立市福祉体育館,西町草刈10-5,3,4,9999
137.034376,35.009566,23225,3,99999,03110,知立市福祉体育館,西町草刈10-5,3,4,9999
137.034292,35.00943,23225,3,99999,03111,知立市福祉体育館,西町草刈10-5,3,4,9999
137.034186,35.009313,23225,3,99999,03129,知立市福祉体育館,西町草刈10-5,3,4,9999
137.046272,35.00889,23225,3,99999,03109,知立小学校,中町花山70,3,-99,9999
137.04487,35.008763,23225,3,99999,03104,知立小学校,中町花山70,3,-99,9999
137.034571,35.002582,23225,3,99999,03109,知立西小学校,鳥居1-13-2,3,-99,9999
137.035272,35.002903,23225,3,99999,03104,知立西小学校,鳥居1-13-2,3,-99,9999
137.068875,35.002575,23225,3,99999,03109,来迎寺小学校,来迎寺町外山5-1,3,-99,9999
137.070741,35.003159,23225,3,99999,03104,来迎寺小学校,来迎寺町外山5-1,3,-99,9999
137.059143,35.188925,23238,3,99999,03102,スポーツの杜,岩廻間2726,3,-99,9999
137.060284,35.189352,23238,3,99999,03104,スポーツの杜,岩廻間2726,3,-99,9999
137.056586,35.177282,23238,3,99999,03115,市民テニスコート,岩作中権代47,3,-99,9999
137.061618,35.174543,23238,3,99999,03102,市民野球場,岩作琵琶ヶ池55-1,3,-99,9999
137.050612,35.179376,23238,3,99999,03109,長久手中学校,岩作平子38,3,-99,9999
137.051385,35.17891,23238,3,99999,03104,長久手中学校,岩作平子38,3,-99,9999
137.041751,35.16906,23238,3,99999,03109,南小学校,喜婦嶽702,3,-99,9999
137.041489,35.16805,23238,3,99999,03104,南小学校,喜婦嶽702,3,-99,9999
137.028933,35.164094,23238,3,99999,03109,市が洞小学校,市ケ洞44-21,3,-99,9999
137.029253,35.164541,23238,3,99999,03104,市が洞小学校,市ケ洞44-21,3,-99,9999
137.037372,35.164529,23238,3,99999,03115,菖蒲池テニスコート,菖蒲池202,3,-99,9999
137.066883,35.17833,23238,3,99999,03109,東小学校,前熊前山174,3,-99,9999
137.06699,35.177572,23238,3,99999,03104,東小学校,前熊前山174,3,-99,9999
137.031634,35.176066,23238,3,99999,03109,西小学校,打越901,3,-99,9999
137.03224,35.17557,23238,3,99999,03104,西小学校,打越901,3,-99,9999
137.033988,35.187485,23238,3,99999,03109,北小学校,池田77,3,-99,9999
137.034546,35.187,23238,3,99999,03104,北小学校,池田77,3,-99,9999
137.04734,35.181592,23238,3,99999,03109,長久手小学校,長久手岩作中縄手40-1,3,-99,9999
137.047756,35.181262,23238,3,99999,03104,長久手小学校,長久手岩作中縄手40-1,3,-99,9999
137.040715,35.16645,23238,3,99999,03109,南中学校,長配2-1901,3,-99,9999
137.040347,35.165489,23238,3,99999,03104,南中学校,長配2-1901,3,-99,9999
137.037739,35.189727,23238,3,99999,03109,北中学校,東原80-1,3,-99,9999
137.036563,35.18928,23238,3,99999,03104,北中学校,東原80-1,3,-99,9999
137.034754,35.167958,23238,3,99999,03109,長久手市杁ケ池体育館,杁ケ池1001,3,-99,9999
137.034778,35.167841,23238,3,99999,03112,長久手市杁ケ池体育館,杁ケ池1001,3,-99,9999
137.034647,35.167958,23238,3,99999,03129,長久手市杁ケ池体育館,杁ケ池1001,3,-99,9999
137.034659,35.167851,23238,3,99999,03120,長久手市杁ケ池体育館,杁ケ池1001,3,-99,9999
137.034528,35.16788,23238,3,99999,03132,長久手市杁ケ池体育館,杁ケ池1001,3,-99,9999
137.034979,35.16717,23238,3,99999,03115,杁ヶ池テニスコート,杁ヶ池1002,3,-99,9999
137.706626,35.066965,23562,3,99999,03115,東栄ドーム,大字本郷字大森1,3,-99,9999
137.706436,35.066848,23562,3,99999,03138,東栄ドーム,大字本郷字大森1,3,-99,9999
137.704457,35.068638,23562,3,99999,03109,グリーンハウス,大字本郷字大森1,3,2,9999
137.707214,35.067447,23562,3,99999,03102,野球場,大字本郷字大森1,3,-99,9999
137.705354,35.067461,23562,3,99999,03121,弓道場,大字本郷字大森1,3,-99,9999
137.706875,35.066245,23562,3,99999,03101,陸上競技場,大字本郷字大森1,3,-99,9999
137.705509,35.068259,23562,3,99999,03115,テニスコート,大字本郷字大森1,3,-99,9999
137.706233,35.06751,23562,3,99999,03105,Ｂ＆Ｇプール,大字本郷字大森1,4,-99,9999
137.705556,35.067675,23562,3,99999,03109,Ｂ＆Ｇ体育館,大字本郷字大森1,4,-99,9999
137.705722,35.067578,23562,3,99999,03120,Ｂ＆Ｇ体育館,大字本郷字大森1,4,-99,9999
137.030167,35.099839,23302,3,99999,03104,音貝小学校,春木音貝43-100,3,-99,9999
137.030773,35.100131,23302,3,99999,03109,音貝小学校,春木音貝43-100,3,-99,9999
137.038603,35.088622,23302,3,99999,03104,春木中学校,春木新池1,3,-99,9999
137.037962,35.089789,23302,3,99999,03109,春木中学校,春木新池1,3,-99,9999
137.038425,35.087834,23302,3,99999,03115,春木中学校,春木新池1,3,-99,9999
137.037985,35.089662,23302,3,99999,03112,春木中学校,春木新池1,3,-99,9999
137.041292,35.08736,23302,3,99999,03104,春木台小学校,春木台4-5-1,3,-99,9999
137.041553,35.088236,23302,3,99999,03109,春木台小学校,春木台4-5-1,3,-99,9999
137.066701,35.108678,23302,3,99999,03104,諸輪中学校,諸輪後山60-65,3,-99,9999
137.066748,35.109592,23302,3,99999,03109,諸輪中学校,諸輪後山60-65,3,-99,9999
137.067806,35.108737,23302,3,99999,03115,諸輪中学校,諸輪後山60-65,3,-99,9999
137.066748,35.109437,23302,3,99999,03112,諸輪中学校,諸輪後山60-65,3,-99,9999
137.065791,35.106811,23302,3,99999,03104,諸輪小学校,諸輪大坊池29-110,3,-99,9999
137.066172,35.10756,23302,3,99999,03109,諸輪小学校,諸輪大坊池29-110,3,-99,9999
137.057582,35.095564,23302,3,99999,03104,東郷小学校,諸輪北山112,3,-99,9999
137.056834,35.096342,23302,3,99999,03109,東郷小学校,諸輪北山112,3,-99,9999
137.057659,35.096788,23302,3,99999,03104,東郷中学校,諸輪北山126,3,-99,9999
137.05615,35.096798,23302,3,99999,03109,東郷中学校,諸輪北山126,3,-99,9999
137.058003,35.098072,23302,3,99999,03115,東郷中学校,諸輪北山126,3,-99,9999
137.05615,35.096662,23302,3,99999,03112,東郷中学校,諸輪北山126,3,-99,9999
137.034654,35.106403,23302,3,99999,03102,町民運動広場,大字春木字千子551-1,4,-99,9999
137.034773,35.106218,23302,3,99999,03104,町民運動広場,大字春木字千子551-1,4,-99,9999
137.053436,35.09609,23302,3,99999,03109,東郷町総合体育館,大字春木字北反田14,4,3,9999
137.053388,35.095973,23302,3,99999,03112,東郷町総合体育館,大字春木字北反田14,4,3,9999
137.053281,35.095662,23302,3,99999,03121,東郷町総合体育館,大字春木字北反田14,4,3,9999
137.053341,35.095856,23302,3,99999,03129,東郷町総合体育館,大字春木字北反田14,4,3,9999
137.053174,35.096031,23302,3,99999,03120,東郷町総合体育館,大字春木字北反田14,4,3,9999
137.038744,35.097429,23302,3,99999,03115,桝池テニスコート,大字春木字弥計511-1,4,-99,9999
137.082102,35.116682,23302,3,99999,03115,愛知池運動公園テニスコート,大字諸輪字篠木48-1,4,-99,9999
137.080343,35.116526,23302,3,99999,03137,東郷ボートハウス,大字諸輪字篠木78-89,3,-99,9999
137.080994,35.117648,23302,3,99999,03101,愛知池運動公園,大字諸輪字百々51-236,4,-99,9999
137.08204,35.118503,23302,3,99999,03102,愛知池運動公園,大字諸輪字百々51-236,4,-99,9999
137.080934,35.117404,23302,3,99999,03103,愛知池運動公園,大字諸輪字百々51-236,4,-99,9999
137.081065,35.11791,23302,3,99999,03104,愛知池運動公園,大字諸輪字百々51-236,4,-99,9999
137.055786,35.111161,23302,3,99999,03104,高嶺小学校,白鳥2-5,3,-99,9999
137.05657,35.111852,23302,3,99999,03109,高嶺小学校,白鳥2-5,3,-99,9999
137.022202,35.091901,23302,3,99999,03106,兵庫小学校,兵庫3-1,3,-99,9999
137.039118,35.129862,23230,3,99999,03109,日進スポーツセンター,蟹甲町家布58-1,4,2,1996
137.039166,35.129736,23230,3,99999,03120,日進スポーツセンター,蟹甲町家布58-1,4,2,1996
137.038916,35.129814,23230,3,99999,03111,日進スポーツセンター,蟹甲町家布58-1,4,2,1996
137.038976,35.129687,23230,3,99999,03113,日進スポーツセンター,蟹甲町家布58-1,4,2,1996
137.039308,35.129435,23230,3,99999,03132,日進スポーツセンター,蟹甲町家布58-1,4,2,1996
137.039368,35.129328,23230,3,99999,03110,日進スポーツセンター,蟹甲町家布58-1,4,2,1996
137.072132,35.146057,23230,3,99999,03115,総合運動公園,岩藤町大清水919-1,4,-99,9999
137.069208,35.147787,23230,3,99999,03102,総合運動公園,岩藤町大清水919-1,4,-99,9999
137.071894,35.14732,23230,3,99999,03101,総合運動公園,岩藤町大清水919-1,4,-99,9999
137.071942,35.147757,23230,3,99999,03138,総合運動公園,岩藤町大清水919-1,4,-99,9999
137.071859,35.147009,23230,3,99999,03104,総合運動公園,岩藤町大清水919-1,4,-99,9999
137.071906,35.148885,23230,3,99999,03121,総合運動公園,岩藤町大清水919-1,4,-99,9999
137.070896,35.147524,23230,3,99999,03142,総合運動公園,岩藤町大清水919-1,4,-99,9999
137.070017,35.146689,23230,3,99999,03106,総合運動公園,岩藤町大清水919-1,4,-99,9999
137.069517,35.146873,23230,3,99999,03107,総合運動公園,岩藤町大清水919-1,4,-99,9999
137.025381,35.13794,23230,3,99999,03115,香久山テニスコート,香久山2-2835,4,-99,9999
137.016372,35.125923,23230,3,99999,03109,上納池スポーツ公園,浅田町西田面155-1,4,-99,2006
137.016432,35.125855,23230,3,99999,03120,上納池スポーツ公園,浅田町西田面155-1,4,-99,2006
137.017465,35.12566,23230,3,99999,03115,上納池スポーツ公園,浅田町西田面155-1,4,-99,2006
137.016895,35.125709,23230,3,99999,03104,上納池スポーツ公園,浅田町西田面155-1,4,-99,2006
137.052944,35.123937,23230,3,99999,03102,東山グランド,東山5-2101,4,-99,9999
137.052861,35.123587,23230,3,99999,03138,東山グランド,東山5-2101,4,-99,9999
137.053586,35.123568,23230,3,99999,03104,東山グランド,東山5-2101,4,-99,9999
137.050142,35.142282,23230,3,99999,03115,藤島テニスコート,藤島町五反田92-1,4,-99,9999
137.012522,35.133102,23230,3,99999,03115,西山テニスコート,梅森台1-65,4,-99,9999
137.075835,35.140538,23230,3,99999,03102,米野木北山グランド,米野木町北山1-1,4,-99,9999
137.048988,35.164378,23230,3,99999,03115,愛知県口論義運動公園,北新町西口論義323-8,4,-99,9999
137.049606,35.166622,23230,3,99999,03102,愛知県口論義運動公園,北新町西口論義323-8,4,-99,9999
137.050568,35.164378,23230,3,99999,03103,愛知県口論義運動公園,北新町西口論義323-8,4,-99,9999
137.048085,35.165689,23230,3,99999,03105,愛知県口論義運動公園,北新町西口論義323-8,4,-99,9999
137.040652,35.229251,23226,3,99999,03102,尾張旭市旭ケ丘体育施設,旭ヶ丘町濁池地内,4,-99,9999
137.041199,35.228562,23226,3,99999,03115,尾張旭市旭ケ丘体育施設,旭ヶ丘町濁池地内,4,-99,9999
137.051945,35.20827,23226,3,99999,03115,尾張旭市井田テニスコート,井田町3-36,4,-99,9999
137.049238,35.207842,23226,3,99999,03115,尾張旭市井田第２テニスコート,井田町4-29,4,-99,9999
137.021944,35.205899,23226,3,99999,03104,西中学校運動場,渋川町3-2-9,3,-99,9999
137.038188,35.202506,23226,3,99999,03106,市民プール,上の山町間口2485,4,-99,9999
137.027017,35.219581,23226,3,99999,03102,尾張旭市城山体育施設,城山町長池下地内,4,-99,9999
137.028004,35.219154,23226,3,99999,03115,尾張旭市城山体育施設,城山町長池下地内,4,-99,9999
137.02823,35.219493,23226,3,99999,03121,尾張旭市城山体育施設,城山町長池下地内,4,-99,9999
137.05735,35.232357,23226,3,99999,03102,愛知県森林公園（公園施設）,大字新居5182-1,4,-99,9999
137.06096,35.234256,23226,3,99999,03115,愛知県森林公園（公園施設）,大字新居5182-1,4,-99,9999
137.058812,35.232931,23226,3,99999,03121,愛知県森林公園（公園施設）,大字新居5182-1,4,-99,9999
137.05416,35.231845,23226,3,99999,03104,愛知県森林公園（公園施設）,大字新居5182-1,4,-99,9999
137.060047,35.23124,23226,3,99999,03123,愛知県森林公園（公園施設）,大字新居5182-1,4,-99,9999
137.053951,35.236964,23226,3,99999,03135,愛知県森林公園（ゴルフ施設）,大字新居5182-1,4,-99,9999
137.054264,35.235979,23226,3,99999,03134,愛知県森林公園（ゴルフ施設）,大字新居5182-1,4,-99,9999
137.037275,35.216041,23226,3,99999,03109,尾張旭市総合体育館,東大道町原田2578,4,-99,9999
137.037227,35.215876,23226,3,99999,03120,尾張旭市総合体育館,東大道町原田2578,4,-99,9999
137.037097,35.216061,23226,3,99999,03110,尾張旭市総合体育館,東大道町原田2578,4,-99,9999
137.037037,35.215915,23226,3,99999,03111,尾張旭市総合体育館,東大道町原田2578,4,-99,9999
137.036919,35.216022,23226,3,99999,03129,尾張旭市総合体育館,東大道町原田2578,4,-99,9999
137.044517,35.198431,23226,3,99999,03102,尾張旭市晴丘体育施設,東本地ヶ原町2-112,4,-99,9999
137.044636,35.198198,23226,3,99999,03103,尾張旭市晴丘体育施設,東本地ヶ原町2-112,4,-99,9999
137.043923,35.198897,23226,3,99999,03115,尾張旭市晴丘体育施設,東本地ヶ原町2-112,4,-99,9999
137.035195,35.194149,23226,3,99999,03101,尾張旭市南グランド,南栄町旭ヶ丘地内,4,-99,9999
137.034981,35.193819,23226,3,99999,03102,尾張旭市南グランド,南栄町旭ヶ丘地内,4,-99,9999
137.034827,35.19345,23226,3,99999,03104,尾張旭市南グランド,南栄町旭ヶ丘地内,4,-99,9999
137.015734,35.226279,23226,3,99999,03104,平子北グランド,平子町北地内,3,-99,9999
137.667271,35.182476,23563,3,99999,03142,オートキャンプ場,坂宇場葦ノ平1-45-1,3,-99,9999
137.655549,35.220684,23563,3,99999,03141,茶臼山高原,坂宇場字御所平70-185,4,-99,9999
137.654729,35.220325,23563,3,99999,03142,茶臼山高原,坂宇場字御所平70-185,4,-99,9999
137.6595,35.221335,23563,3,99999,03104,グリーンステージ花の木,坂宇場字御所平70-198,4,-99,9999
137.659702,35.221947,23563,3,99999,03115,グリーンステージ花の木,坂宇場字御所平70-198,4,-99,9999
137.661116,35.221733,23563,3,99999,03142,野外教育センター,大字坂宇場字御所平70-17,3,-99,9999
137.727842,35.184596,23563,3,99999,03104,三沢高原いこいの里,大字三沢字新井6,4,-99,9999
137.726321,35.184198,23563,3,99999,03115,三沢高原いこいの里,大字三沢字新井6,4,-99,9999
137.781996,35.17278,23563,3,99999,03142,バンガロー村古里とみやま,富山,4,-99,9999
137.799255,35.183305,23563,3,99999,03105,森遊館,富山字湯野島28-6,3,2,9999
137.799314,35.183228,23563,3,99999,03109,森遊館,富山字湯野島28-6,3,2,9999
137.799421,35.183218,23563,3,99999,03129,森遊館,富山字湯野島28-6,3,2,9999
137.171004,35.125037,23211,3,99999,03102,井上公園,井上町11-8-6,4,-99,9999
137.172382,35.123783,23211,3,99999,03115,井上公園,井上町11-8-6,4,-99,9999
137.171681,35.124318,23211,3,99999,03105,井上公園,井上町11-8-6,4,-99,9999
137.171645,35.124201,23211,3,99999,03129,井上公園,井上町11-8-6,4,-99,9999
137.171087,35.124794,23211,3,99999,03103,井上公園,井上町11-8-6,4,-99,9999
137.171574,35.124094,23211,3,99999,03146,井上公園,井上町11-8-6,4,-99,9999
137.426703,35.05702,23211,3,99999,03133,愛知県総合射撃場,宇連野町ウネ畑12-95,4,-99,9999
137.191075,35.109193,23211,3,99999,03102,越戸公園,越戸町,3,-99,9999
137.182059,35.17706,23211,3,99999,03115,猿投棒の手ふれあい広場,猿投町別所23-1,4,-99,9999
137.181108,35.177662,23211,3,99999,03138,猿投棒の手ふれあい広場,猿投町別所23-1,4,-99,9999
137.182855,35.176623,23211,3,99999,03109,猿投棒の手ふれあい広場,猿投町別所23-1,4,-99,9999
137.18257,35.176438,23211,3,99999,03120,猿投棒の手ふれあい広場,猿投町別所23-1,4,-99,9999
137.18112,35.177284,23211,3,99999,03102,猿投棒の手ふれあい広場,猿投町別所23-1,4,-99,9999
137.362236,35.233408,23211,3,99999,03109,旭総合体育館,下切町平田3014,4,2,9999
137.362343,35.233185,23211,3,99999,03116,旭総合体育館,下切町平田3014,4,2,9999
137.362486,35.233412,23211,3,99999,03112,旭武道場,下切町平田3014（旭総合体育館内）,4,-99,9999
137.516755,35.218528,23211,3,99999,03102,稲武夏焼グラウンド,夏焼町クルミサワ131,4,-99,9999
137.148037,35.064357,23211,3,99999,03115,丸山公園,丸山町5,3,-99,9999
137.091137,35.015797,23211,3,99999,03102,若園運動広場,吉原町穴田1,3,-99,9999
137.090983,35.015417,23211,3,99999,03103,若園運動広場,吉原町穴田1,3,-99,9999
137.168995,35.076875,23211,3,99999,03103,御立公園,御立町,3,2,9999
137.178095,35.102724,23211,3,99999,03115,荒井公園,荒井町,3,-99,9999
137.084349,35.037121,23211,3,99999,03102,高岡運動広場,高岡町長根51,4,-99,9999
137.083719,35.037374,23211,3,99999,03115,高岡運動広場,高岡町長根51,4,-99,9999
137.181567,35.132319,23211,3,99999,03102,豊田市運動公園（猿投公園）,高町東山4-97,4,-99,9999
137.186392,35.136741,23211,3,99999,03104,豊田市運動公園（猿投公園）,高町東山4-97,4,-99,9999
137.169269,35.12396,23211,3,99999,03109,猿投コミュニティセンター,四郷町東畑70-1,4,2,9999
137.169269,35.123862,23211,3,99999,03120,猿投コミュニティセンター,四郷町東畑70-1,4,2,9999
137.169103,35.123979,23211,3,99999,03110,猿投コミュニティセンター,四郷町東畑70-1,4,2,9999
137.29574,35.232404,23211,3,99999,03116,小原トレーニングセンター,市場町陣出879,4,1,9999
137.295835,35.232326,23211,3,99999,03109,小原トレーニングセンター,市場町陣出879,4,1,9999
137.295954,35.232229,23211,3,99999,03120,小原トレーニングセンター,市場町陣出879,4,1,9999
137.296513,35.231715,23211,3,99999,03102,緑の公園,市場町陣出879,4,-99,9999
137.297463,35.232006,23211,3,99999,03115,緑の公園,市場町陣出879,4,-99,9999
137.146343,35.089394,23211,3,99999,03102,毘森公園,小坂町1-41,4,-99,9999
137.147389,35.089015,23211,3,99999,03115,毘森公園,小坂町1-41,4,-99,9999
137.406745,35.225432,23211,3,99999,03109,愛知県旭高原少年自然の家,小滝野町坂38-25,4,-99,9999
137.406733,35.225344,23211,3,99999,03116,愛知県旭高原少年自然の家,小滝野町坂38-25,4,-99,9999
137.40671,35.225247,23211,3,99999,03120,愛知県旭高原少年自然の家,小滝野町坂38-25,4,-99,9999
137.135775,35.015833,23211,3,99999,03102,上郷公園,上郷町5-1-1,4,-99,9999
137.155505,35.117247,23211,3,99999,03129,ボストンスポーツ教養身体施設（ボストン）,上原町西山105-1,4,-99,9999
137.155553,35.11716,23211,3,99999,03113,ボストンスポーツ教養身体施設（ボストン）,上原町西山105-1,4,-99,9999
137.114349,35.08118,23211,3,99999,03102,逢妻運動広場,西新町6-133,4,-99,9999
137.114099,35.080898,23211,3,99999,03103,逢妻運動広場,西新町6-133,4,-99,9999
137.113624,35.081763,23211,3,99999,03109,西部体育館,西新町6-143,4,2,9999
137.11354,35.081647,23211,3,99999,03120,西部体育館,西新町6-143,4,2,9999
137.113422,35.08152,23211,3,99999,03129,西部体育館,西新町6-143,4,2,9999
137.124055,35.026567,23211,3,99999,03109,豊田地域文化広場,西田町けやき1,4,-99,9999
137.124066,35.026431,23211,3,99999,03120,豊田地域文化広場,西田町けやき1,4,-99,9999
137.123223,35.025282,23211,3,99999,03115,豊田地域文化広場,西田町けやき1,4,-99,9999
137.12434,35.025672,23211,3,99999,03102,豊田地域文化広場,西田町けやき1,4,-99,9999
137.124066,35.026314,23211,3,99999,03105,豊田地域文化広場,西田町けやき1,4,-99,9999
137.124066,35.026197,23211,3,99999,03110,豊田地域文化広場,西田町けやき1,4,-99,9999
137.167513,35.098925,23211,3,99999,03103,川端公園,川端町,3,-99,9999
137.166764,35.097613,23211,3,99999,03146,川端公園,川端町,3,-99,9999
137.169788,35.097842,23211,3,99999,03102,川田公園,川田町,3,-99,9999
137.169051,35.097006,23211,3,99999,03103,川田公園,川田町,3,-99,9999
137.3335,35.137796,23211,3,99999,03115,足助テニスコート,足助町横枕14-1,4,-99,9999
137.322081,35.137129,23211,3,99999,03102,足助グラウンド,足助町真弓5-1,4,-99,9999
137.314713,35.135363,23211,3,99999,03109,足助トレーニングセンター,足助町蔵ノ前19,4,-99,9999
137.314737,35.135256,23211,3,99999,03120,足助トレーニングセンター,足助町蔵ノ前19,4,-99,9999
137.314595,35.135295,23211,3,99999,03129,足助トレーニングセンター,足助町蔵ノ前19,4,-99,9999
137.315835,35.03977,23211,3,99999,03102,下山運動場,大沼町船橋28-1,4,-99,9999
137.315835,35.040081,23211,3,99999,03115,下山運動場,大沼町船橋28-1,4,-99,9999
137.315835,35.039498,23211,3,99999,03104,下山運動場,大沼町船橋28-1,4,-99,9999
137.316899,35.03973,23211,3,99999,03109,下山トレーニングセンター,大沼町船橋35-1,4,-99,9999
137.316911,35.039642,23211,3,99999,03116,下山トレーニングセンター,大沼町船橋35-1,4,-99,9999
137.316899,35.039525,23211,3,99999,03120,下山トレーニングセンター,大沼町船橋35-1,4,-99,9999
137.316721,35.039506,23211,3,99999,03129,下山トレーニングセンター,大沼町船橋35-1,4,-99,9999
137.317459,35.164586,23211,3,99999,03102,足助農山村広場,大蔵町久上17-32,4,-99,9999
137.234548,35.051669,23211,3,99999,03102,松平運動広場,大内町滝坂1,4,-99,9999
137.234667,35.051387,23211,3,99999,03103,松平運動広場,大内町滝坂1,4,-99,9999
137.061521,35.030786,23211,3,99999,03109,高岡公園体育館,中田町川向8,3,-99,9999
137.06151,35.030689,23211,3,99999,03120,高岡公園体育館,中田町川向8,3,-99,9999
137.06151,35.030572,23211,3,99999,03115,高岡公園体育館,中田町川向8,3,-99,9999
137.060571,35.029122,23211,3,99999,03103,高岡公園グランド,中田町川向8,4,-99,9999
137.060131,35.028256,23211,3,99999,03102,高岡公園グランド,中田町川向8,4,-99,9999
137.124689,35.05996,23211,3,99999,03102,土橋公園,土橋町6,4,-99,9999
137.125972,35.060631,23211,3,99999,03115,土橋公園,土橋町6,4,-99,9999
137.124641,35.060271,23211,3,99999,03138,土橋公園,土橋町6,4,-99,9999
137.359085,35.226909,23211,3,99999,03115,矢作川島崎公園,島崎町川原3241先,4,-99,9999
137.224108,35.146371,23211,3,99999,03102,石野運動広場,東広瀬町舟木1-4,4,-99,9999
137.223929,35.146002,23211,3,99999,03103,石野運動広場,東広瀬町舟木1-4,4,-99,9999
137.185982,35.088548,23211,3,99999,03115,加茂川公園,東山町3-1,4,-99,9999
137.186505,35.088898,23211,3,99999,03106,加茂川公園,東山町3-1,4,-99,9999
137.208142,35.201141,23211,3,99999,03115,藤岡テニスコート,藤岡飯野町井ノ脇401,4,-99,9999
137.208354,35.199367,23211,3,99999,03109,藤岡体育センター,藤岡飯野町仲ノ下501,4,-99,9999
137.208331,35.199241,23211,3,99999,03120,藤岡体育センター,藤岡飯野町仲ノ下501,4,-99,9999
137.165557,35.085475,23211,3,99999,03102,白浜公園,白浜町,3,-99,9999
137.165237,35.08351,23211,3,99999,03138,白浜公園,白浜町,3,-99,9999
137.165308,35.083928,23211,3,99999,03146,白浜公園,白浜町,3,-99,9999
137.162983,35.082194,23211,3,99999,03109,スカイホール豊田（豊田市総合体育館・豊田市武道館）,八幡町1-20,4,-99,9999
137.162959,35.082039,23211,3,99999,03120,スカイホール豊田（豊田市総合体育館・豊田市武道館）,八幡町1-20,4,-99,9999
137.162947,35.081873,23211,3,99999,03116,スカイホール豊田（豊田市総合体育館・豊田市武道館）,八幡町1-20,4,-99,9999
137.162924,35.081698,23211,3,99999,03129,スカイホール豊田（豊田市総合体育館・豊田市武道館）,八幡町1-20,4,-99,9999
137.16372,35.081163,23211,3,99999,03110,スカイホール豊田（豊田市総合体育館・豊田市武道館）,八幡町1-20,4,-99,9999
137.163708,35.081047,23211,3,99999,03111,スカイホール豊田（豊田市総合体育館・豊田市武道館）,八幡町1-20,4,-99,9999
137.163696,35.08091,23211,3,99999,03112,スカイホール豊田（豊田市総合体育館・豊田市武道館）,八幡町1-20,4,-99,9999
137.186785,35.104208,23211,3,99999,03102,平井公園,平井町,3,-99,9999
137.187771,35.104752,23211,3,99999,03115,平井公園,平井町,3,-99,9999
137.188415,35.119422,23211,3,99999,03115,平戸橋いこいの広場,平戸橋町波岩10,4,-99,9999
137.188569,35.1188,23211,3,99999,03146,平戸橋いこいの広場,平戸橋町波岩10,4,-99,9999
137.173274,35.055341,23211,3,99999,03102,平山公園,平山町4-6-1,3,-99,9999
137.174021,35.055089,23211,3,99999,03138,平山公園,平山町4-6-1,3,-99,9999
137.173388,35.055089,23211,3,99999,03104,平山公園,平山町4-6-1,3,-99,9999
137.133309,35.146155,23211,3,99999,03102,保見運動広場,保見ヶ丘1-152,4,2,9999
137.133167,35.146622,23211,3,99999,03115,保見運動広場,保見ヶ丘1-152,4,2,9999
137.191156,35.082703,23211,3,99999,03102,東山運動広場,宝来町4-758-10,4,-99,9999
137.190169,35.083004,23211,3,99999,03115,東山運動広場,宝来町4-758-10,4,-99,9999
137.190669,35.081973,23211,3,99999,03109,東山体育センター,宝来町4-758-10,4,1,9999
137.190775,35.081837,23211,3,99999,03120,東山体育センター,宝来町4-758-10,4,1,9999
137.146359,35.041772,23211,3,99999,03102,末野原運動広場,豊栄町11-25,4,2,9999
137.146538,35.041441,23211,3,99999,03103,末野原運動広場,豊栄町11-25,4,2,9999
137.002515,35.049877,23229,3,99999,03102,椎池グラウンド,阿野町北上ノ山30,3,-99,9999
137.033226,35.054428,23229,3,99999,03115,浄化センター,沓掛町下山152,3,-99,9999
137.019624,35.079725,23229,3,99999,03104,山田グラウンド,沓掛町山田40-1,3,-99,9999
137.034138,35.074424,23229,3,99999,03115,農村改善センター,沓掛町石畑141,3,-99,9999
137.016414,35.079102,23229,3,99999,03102,勅使グラウンド,沓掛町勅使1-1,3,-99,9999
137.016734,35.078732,23229,3,99999,03103,勅使グラウンド,沓掛町勅使1-1,3,-99,9999
137.015344,35.079588,23229,3,99999,03115,勅使テニスコート,沓掛町勅使1-1,3,-99,9999
137.015451,35.080152,23229,3,99999,03121,勅使弓道場,沓掛町勅使1-1,3,-99,9999
137.016461,35.055105,23229,3,99999,03102,中央公園,新田町字吉池3,3,-99,9999
137.016425,35.054697,23229,3,99999,03103,中央公園,新田町字吉池3,3,-99,9999
137.008503,35.059616,23229,3,99999,03102,豊中ナイター,西川町横井4の1,3,-99,9999
137.008515,35.059266,23229,3,99999,03103,豊中ナイター,西川町横井4の1,3,-99,9999
137.012158,35.059454,23229,3,99999,03109,福祉体育館,西川町笹原26-1,3,3,9999
137.01211,35.059318,23229,3,99999,03129,福祉体育館,西川町笹原26-1,3,3,9999
137.012324,35.059405,23229,3,99999,03120,福祉体育館,西川町笹原26-1,3,3,9999
137.012277,35.059259,23229,3,99999,03110,福祉体育館,西川町笹原26-1,3,3,9999
137.012443,35.059279,23229,3,99999,03111,福祉体育館,西川町笹原26-1,3,3,9999
137.00949,35.06274,23229,3,99999,03115,西川公園,西川町善波4-1,3,-99,9999
137.009918,35.062468,23229,3,99999,03102,西川公園,西川町善波4-1,3,-99,9999
137.005326,35.064838,23229,3,99999,03102,唐竹公園,二村台3-1,3,-99,9999
137.016401,35.235302,23113,3,99999,03116,志段味スポーツランド,大字下志段味字生下り2287-1,4,2,1985
137.016424,35.235195,23113,3,99999,03109,志段味スポーツランド,大字下志段味字生下り2287-1,4,2,1985
137.016424,35.235079,23113,3,99999,03120,志段味スポーツランド,大字下志段味字生下り2287-1,4,2,1985
137.016448,35.234982,23113,3,99999,03129,志段味スポーツランド,大字下志段味字生下り2287-1,4,2,1985
137.017197,35.236438,23113,3,99999,03102,志段味スポーツランド,大字下志段味字生下り2287-1,4,2,1985
137.016555,35.23371,23113,3,99999,03115,志段味スポーツランド,大字下志段味字生下り2287-1,4,2,1985
137.016448,35.234836,23113,3,99999,03109,志段味スポーツランド,大字下志段味字生下り2287-1,4,2,1985
137.016436,35.234739,23113,3,99999,03120,志段味スポーツランド,大字下志段味字生下り2287-1,4,2,1985
137.01646,35.234671,23113,3,99999,03116,志段味スポーツランド,大字下志段味字生下り2287-1,4,2,1985
137.01646,35.234574,23113,3,99999,03129,志段味スポーツランド,大字下志段味字生下り2287-1,4,2,1985
137.017304,35.235875,23113,3,99999,03102,志段味スポーツランド,大字下志段味字生下り2287-1,4,2,1985
137.017161,35.23237,23113,3,99999,03115,志段味スポーツランド,大字下志段味字生下り2287-1,4,2,1985
137.006191,35.173556,23115,3,99999,03132,上社レクリエーションルーム,上社1-802,4,-99,9999
137.006478,35.173778,23115,3,99999,03132,上社レクリエーションルーム,上社1-802（上社ターミナルビル3階）,4,-99,9999
137.021088,35.162814,23115,3,99999,03109,名東スポーツセンター,猪高町大字高針字勢子坊307-12,3,-99,1997
137.021171,35.162688,23115,3,99999,03116,名東スポーツセンター,猪高町大字高針字勢子坊307-12,3,-99,1997
137.021278,35.162542,23115,3,99999,03120,名東スポーツセンター,猪高町大字高針字勢子坊307-12,3,-99,1997
137.020197,35.162552,23115,3,99999,03110,名東スポーツセンター,猪高町大字高針字勢子坊307-12,3,-99,1997
137.020232,35.162416,23115,3,99999,03111,名東スポーツセンター,猪高町大字高針字勢子坊307-12,3,-99,1997
137.020232,35.16229,23115,3,99999,03113,名東スポーツセンター,猪高町大字高針字勢子坊307-12,3,-99,1997
137.019959,35.162523,23115,3,99999,03132,名東スポーツセンター,猪高町大字高針字勢子坊307-12,3,-99,1997
137.019959,35.162387,23115,3,99999,03129,名東スポーツセンター,猪高町大字高針字勢子坊307-12,3,-99,1997
137.019983,35.162241,23115,3,99999,03105,名東スポーツセンター,猪高町大字高針字勢子坊307-12,3,-99,1997
137.013515,35.142657,23115,3,99999,03104,牧野ヶ池緑地,猪高町大字高針字梅森坂52-175,4,-99,9999
137.013504,35.142531,23115,3,99999,03102,牧野ヶ池緑地,猪高町大字高針字梅森坂52-175,4,-99,9999
137.013492,35.142405,23115,3,99999,03138,牧野ヶ池緑地,猪高町大字高針字梅森坂52-175,4,-99,9999
137.020304,35.100366,23114,3,99999,03109,神の倉中学校,白土1201,3,-99,9999
137.021314,35.100347,23114,3,99999,03104,神の倉中学校,白土1201,3,-99,9999
137.000107962243,35.0704323472534,23229,3,99999,03003,藤田学園医学・保健衛生学図書館,沓掛町田楽ケ窪1-98,4,-99,9999
137.795992,35.098959,22137,3,03002,03002,佐久間電力館,佐久間町佐久間2552-3,4,2,1977
137.810131,35.092041,22137,3,03003,03003,浜松市立佐久間図書館,佐久間町佐久間2431-3,3,-99,1989
137.869246,35.166429,22137,3,99999,03003,浜松市立水窪図書館,水窪町奥領家3274-1,3,-99,1996
137.840008,35.023164,22137,3,99999,03003,浜松市立龍山図書館,龍山町瀬尻982-2,3,-99,9999
137.96132,35.034722,22137,3,99999,03109,静岡県立春野山の村多目的ホール,春野町杉943-1,2,-99,1981
137.961326,35.034668,22137,3,99999,03120,静岡県立春野山の村多目的ホール,春野町杉943-1,2,-99,1981
137.757171,35.05051,22137,3,99999,03115,浜松市さくま自然休養村テニスコート,佐久間町浦川2330-1,4,-99,1980
137.862099,35.143666,22137,3,99999,03115,浜松市佐久間城西（テニスコート）,佐久間町奥領家1601,3,-99,1982
137.811468,35.093945,22137,3,99999,03116,浜松市佐久間（テニスコート）,佐久間町佐久間2212-5,3,-99,1976
137.870596,35.17085,22137,3,99999,03115,浜松市水窪テニスコート,水窪町奥領家3401-1,3,-99,1972
137.870615,35.171551,22137,3,99999,03106,浜松市水窪小畑プール,水窪町奥領家3412-1,3,-99,2000
137.873589,35.182379,22137,3,99999,03106,浜松市水窪長尾プール,水窪町奥領家3865-3,3,-99,1983
137.868973,35.154928,22137,3,99999,03109,浜松市水窪総合体育館,水窪町地頭方241-3,3,-99,2002
137.836766,35.019206,22137,3,99999,03106,浜松市龍山瀬尻プール,龍山町瀬尻833-1,3,-99,1959
137.771309,35.055235,22137,3,99999,03104,佐久間ふれあい運動公園,佐久間町浦川3544,3,-99,2003
137.870473,35.170246,22137,3,99999,03104,浜松市水窪グラウンド,水窪町3386-1,3,-99,1971
137.910881,35.004617,22137,3,99999,03102,春野気田スポーツ広場,春野町気田850-1,3,-99,1980
137.756292,35.049889,22137,3,99999,03121,佐久間瞑想館,佐久間町浦川2329-2,3,-99,1991
137.865496,35.164449,22137,3,99999,03121,浜松市水窪弓道場,水窪町奥領家2856-1,3,-99,1973
137.75791,35.050569,22137,3,99999,03122,佐久間アーチェリーガーデン,佐久間町浦川2321,3,-99,1993
137.868787,35.164657,22137,3,99999,03129,水窪町山村開発センター,水窪町奥領家2965-1,3,-99,1980
137.877744,35.190635,22137,3,99999,03133,浜松市水窪射撃技術訓練センター,水窪町奥領家4181,3,-99,1982
137.929285,35.274549,22137,3,99999,03143,兵越峠国境コース,水窪町奥領家地内,3,-99,1995
137.96969,35.195868,22137,3,99999,03143,麻布山健脚コース,水窪町地頭方地内,3,-99,1995
137.954748,35.163079,22137,3,99999,03143,野鳥の森散策コース,水窪町山住地内,3,-99,1995
137.914592,35.158083,22137,3,99999,03143,常光寺山冒険コース,水窪町山住地内,3,-99,1995
137.867519,35.156707,22137,3,99999,03143,高根城歴史コース,水窪町地頭方地内,3,-99,1995
137.766783,35.055452,22137,3,99999,03142,浦川キャンプ村,佐久間町浦川3454-12,4,-99,1979
137.74432,35.042478,22137,3,99999,03142,せせらぎ荘,佐久間町浦川2121,4,-99,1979
137.798051,35.078219,22137,3,99999,03142,上島キャンプ場,佐久間町中部678-2,4,-99,1986
137.874144,35.092402,22137,3,99999,03142,福沢オートキャンプ場,佐久間町大井1019,4,-99,2000
137.875842,35.189362,22137,3,99999,03142,みさくぼオートキャンプ場マロニエの里,水窪町奥領家4192-2,4,-99,1996
137.154792,35.331061,21204,3,03001,03001,岐阜県現代陶芸美術館,東町4-2-5（セラミックパークMINO敷地内）,2,-99,2002
137.127135,35.300044,21204,3,03001,03001,市之倉さかづき美術館,市之倉町6-30-1,4,-99,2002
137.428563,35.660815,21206,3,03001,03001,熊谷守一記念館,付知町4956-52,4,-99,1996
137.48056,35.511792,21206,3,03001,03001,中津川市青邨記念館,苗木2871-12,3,1,1966
137.550864,35.586754,21206,3,03001,03001,中津川市東山魁夷心の旅路館,山口1-15,3,1,1995
137.234267,35.366609,21208,3,03001,03001,ミュージアム中仙道,明世町戸狩331,4,-99,1992
137.409982,35.452938,21210,3,03001,03001,中山道広重美術館,大井町176-1,3,-99,2001
137.401557,35.98603,21203,3,03002,03002,秋神温泉山村資料室,朝日町胡桃島,4,-99,9999
137.110863,35.361261,21204,3,03002,03002,こども陶器博物館,旭ケ丘10-6-67,4,-99,2000
137.566298,35.525785,21206,3,03002,03002,清水屋資料館,馬籠4284,4,-99,1970
137.476009,35.543869,21206,3,03002,03002,中津川市鉱物博物館,苗木639-15,3,-99,1998
137.497619,35.499912,21206,3,03002,03002,中津川市子ども科学館,駒場1657-1,3,-99,1992
137.502466,35.495648,21206,3,03002,03002,中津川市中山道歴史資料館,本町2-2-21,3,2,2004
137.481568,35.514859,21206,3,03002,03002,中津川市苗木遠山史料館,苗木2897-2,3,3,1990
137.567364,35.526736,21206,3,03002,03002,藤村記念館,馬籠4256-1,4,-99,1947
137.567646,35.527131,21206,3,03002,03002,馬籠脇本陣史料館,馬籠4253,4,1,1975
137.398819,35.496989,21206,3,03002,03002,博石館,蛭川5263-7,4,1,1986
137.382467,35.523539,21206,3,03002,03002,蛭川郷土館,蛭川2240-5,3,-99,9999
137.23695,35.376161,21208,3,03002,03002,岐阜県先端科学技術体験センター（サイエンスワールド）,明世町戸狩54,2,-99,1999
137.23559,35.373077,21208,3,03002,03002,瑞浪市化石博物館,明世町山野内1-13,3,1,1974
137.235778,35.374155,21208,3,03002,03002,瑞浪市陶磁資料館,明世町山野内1-6,3,2,1980
137.446597,35.363751,21210,3,03002,03002,岩村歴史資料館,岩村町98,3,2,1972
137.44852,35.236987,21210,3,03002,03002,串原郷土館,串原1268,3,-99,9999
137.395607,35.302072,21210,3,03002,03002,日本大正村資料館,明智町1184-3（大正村役場）,3,4,1909
137.179143,35.364997,21212,3,03002,03002,土岐市美濃陶磁歴史館,泉町久尻1263,3,1,1979
137.111212,35.403625,21214,3,03002,03002,可児郷土歴史館,久々利1644-1,3,1,1973
137.093104,35.457487,21214,3,03002,03002,兼山歴史民俗資料館,兼山675-1,3,3,1885
137.053698,35.441599,21214,3,03002,03002,川合考古資料館,川合北2-14,3,1,1998
137.050839,35.442128,21214,3,03002,03002,名鉄資料館,川合北2-158,4,-99,1994
137.02995,35.857079,21219,3,03002,03002,明宝歴史民俗資料館,明宝気良154,3,2,1937
137.249736,35.808311,21220,3,03002,03002,下呂温泉合掌村,森2369,3,-99,1963
137.310527,35.916605,21220,3,03002,03002,下呂市小坂郷土館,小坂町湯屋217,3,2,1973
137.24144,35.810145,21220,3,03002,03002,下呂発温泉博物館,湯之島543-2,4,-99,2004
137.253768,35.802471,21220,3,03002,03002,縄文公園・下呂ふるさと歴史記念館,森1808-37,3,2,1972
137.114692,35.53323,21504,3,03002,03002,日本最古の石博物館,中麻生1160,3,1,1996
137.130167,35.430256,21521,3,03002,03002,中山道みたけ館,御嵩1389-1,3,3,1996
137.124213,35.33391,21204,3,03003,03003,多治見市図書館,豊岡町1-55,3,-99,9999
137.132935,35.33402,21204,3,03003,03003,多治見市図書館子ども情報センター,常盤町1,3,-99,9999
137.013645,35.583544,21205,3,03003,03003,関市立図書館武儀分館,富之保2001-1,3,-99,9999
137.503242,35.495096,21206,3,03003,03003,中津川市立図書館,本町2-3-25,3,-99,9999
137.381969,35.522846,21206,3,03003,03003,中津川市立蛭川済美図書館,蛭川2178-2,3,-99,9999
137.255867,35.364134,21208,3,03003,03003,瑞浪市民図書館,土岐町7267-4,3,-99,9999
137.410874,35.448142,21210,3,03003,03003,恵那市中央図書館,長島町中野2-2-5,3,2,2007
137.014054,35.442771,21211,3,03003,03003,美濃加茂市中央図書館,太田町1921-1,3,-99,9999
137.040081,35.451252,21211,3,03003,03003,美濃加茂市東図書館,本郷町9-2-22,3,-99,9999
137.185236,35.355169,21212,3,03003,03003,土岐市図書館,土岐津町土岐口2154-9,3,-99,9999
137.059609,35.423019,21214,3,03003,03003,可児市立図書館,広見570-5,3,-99,9999
137.104908,35.386127,21214,3,03003,03003,可児市立図書館桜ケ丘分館,皐ヶ丘6-1-1,3,-99,9999
137.006888,35.403204,21214,3,03003,03003,可児市立図書館帷子分館,東帷子1011,3,-99,9999
137.210034,35.879128,21220,3,03003,03003,下呂市立はぎわら図書館,萩原町萩原1166-8,3,-99,9999
137.130167,35.430256,21521,3,03003,03003,中山道みたけ館,御嵩1389-1,3,-99,9999
137.173652,35.870842,21220,3,99999,03002,馬瀬歴史民俗資料館,馬瀬名丸432,3,1,1982
137.21814,35.456057,21208,3,99999,03002,美濃歌舞伎博物館・相生座,日吉町8004-25,4,2,1894
137.021641,35.456941,21211,3,99999,03002,美濃加茂市民ミュージアム,蜂屋町上蜂屋3299-1,3,-99,2000
137.245078,35.802955,21220,3,99999,03003,下呂市立下呂図書館,森801-10,3,-99,9999
137.159834,35.658112,21220,3,99999,03003,下呂市立金山図書館,金山町金山2294,3,-99,9999
137.191292,35.580432,21506,3,99999,03003,美濃白川楽集館,河岐1728,4,-99,9999
137.489613,35.467503,21206,3,99999,03003,中京学院大学図書メディアセンター,千旦林1-104,4,-99,9999
137.012765,35.411735,21214,3,99999,03003,名城大学附属図書館都市情報学部分館,虹ヶ丘4-3-3,4,-99,9999
137.168652,35.325963,21212,3,99999,03003,核融合科学研究所図書館,下石町322-6,4,-99,9999
137.160373,35.298869,21204,3,99999,03003,多治見市図書館笠原分館,笠原町2081-1,3,-99,9999
137.148914,35.340907,21204,3,99999,03001,多治見市美濃焼ミュージアム,東町1-9-27,4,1,1988
137.149802,35.393699,21214,3,99999,03134,富士カントリー可児クラブ可児ゴルフ場,久々利向平221-2,4,-99,9999
137.137578,35.389158,21214,3,99999,03134,富士カントリー可児クラブ美濃ゴルフ場,久々利柿下3-88,4,-99,9999
137.121938,35.41092,21214,3,99999,03134,小萱チェリークリークカントリークラブ,久々利奥小栗431-5,4,-99,9999
137.043739,35.36872,21214,3,99999,03134,東建塩河カントリー倶楽部,塩河字深山846-1,4,-99,9999
137.016135,35.589046,21205,3,99999,03101,関市富之保グラウンド,富之保2929-1,3,-99,9999
137.016129,35.588973,21205,3,99999,03103,関市富之保グラウンド,富之保2929-1,3,-99,9999
137.041571,35.577909,21205,3,99999,03101,関市中之保グラウンド,中之保2760,3,-99,9999
137.041577,35.577846,21205,3,99999,03103,関市中之保グラウンド,中之保2760,3,-99,9999
137.041583,35.577788,21205,3,99999,03104,関市中之保グラウンド,中之保2760,3,-99,9999
137.068028,35.74282,21219,3,99999,03138,和良運動公園,和良町宮地1155,3,-99,9999
137.067612,35.743312,21219,3,99999,03115,和良運動公園,和良町宮地1155,3,-99,9999
137.063287,35.672187,21205,3,99999,03142,ネイチャーランドかみのほ（奥山キャンプ場）,上之保24660-2,4,-99,9999
137.017246,35.793973,21219,3,99999,03142,郡上八幡リバーウッドオートキャンプ場,八幡町市島2426,4,-99,9999
137.030085,35.845466,21219,3,99999,03142,大谷森林キャンプ村,明宝町大谷,4,-99,9999
137.456193,35.241417,21210,3,99999,03109,奥矢作レクリエーションセンター,串原1149-2,4,-99,9999
137.455724,35.241407,21210,3,99999,03115,奥矢作レクリエーションセンター,串原1149-2,4,-99,9999
137.456657,35.241077,21210,3,99999,03102,奥矢作レクリエーションセンター,串原1149-2,4,-99,9999
137.457304,35.240737,21210,3,99999,03142,奥矢作レクリエーションセンター,串原1149-2,4,-99,9999
137.456651,35.241019,21210,3,99999,03104,奥矢作レクリエーションセンター,串原1149-2,4,-99,9999
137.009694,35.784559,21219,3,99999,03144,せせらぎ街道の宿「たかお」,八幡町市島945-1,4,-99,9999
137.040417,35.94277,21219,3,99999,03141,めいほうスキー場,宝名奥住水沢上,4,-99,9999
137.013612,35.583442,21205,3,99999,03109,関市武儀生涯学習センター,富之保2001-1,3,-99,9999
137.013612,35.583403,21205,3,99999,03120,関市武儀生涯学習センター,富之保2001-1,3,-99,9999
137.013612,35.583359,21205,3,99999,03103,関市武儀生涯学習センター,富之保2001-1,3,-99,9999
137.013612,35.583321,21205,3,99999,03111,関市武儀生涯学習センター,富之保2001-1,3,-99,9999
137.013612,35.583369,21205,3,99999,03132,関市武儀生涯学習センター,富之保2001-1,3,-99,9999
137.07745,35.739228,21219,3,99999,03142,和良川公園オートキャンプ場,和良町沢192-1,4,-99,9999
137.044568,35.939024,21219,3,99999,03149,めいほう高原自然体験センターもりっこはうす,明宝奥住水沢上,4,-99,9999
137.040727,35.577822,21205,3,99999,03115,関市中之保テニスコート,中之保2760,3,-99,9999
137.039907,35.614482,21205,3,99999,03109,関市上之保体育館,上之保14792-1,3,-99,9999
137.03991,35.614451,21205,3,99999,03120,関市上之保体育館,上之保14792-1,3,-99,9999
137.022364,35.606513,21205,3,99999,03104,関市上之保ふるさと広場,上之保315-6,3,-99,9999
137.022364,35.606441,21205,3,99999,03102,関市上之保ふるさと広場,上之保315-6,3,-99,9999
137.022364,35.606364,21205,3,99999,03103,関市上之保ふるさと広場,上之保315-6,3,-99,9999
137.02237,35.606296,21205,3,99999,03138,関市上之保ふるさと広場,上之保315-6,3,-99,9999
137.033717,35.638093,21205,3,99999,03102,関市上之保明ヶ島運動公園,上之保9908,3,-99,9999
137.033711,35.638016,21205,3,99999,03104,関市上之保明ヶ島運動公園,上之保9908,3,-99,9999
137.013189,35.442336,21211,3,99999,03109,中央体育館プラザちゅうたい,太田町1916-1,3,-99,9999
137.013189,35.442269,21211,3,99999,03120,中央体育館プラザちゅうたい,太田町1916-1,3,-99,9999
137.003358,35.454814,21211,3,99999,03104,前平総合運動場,前平町3-1,3,-99,9999
137.002342,35.454277,21211,3,99999,03102,前平総合運動場,前平町3-1,3,-99,9999
137.135897,35.474058,21505,3,99999,03102,蘇水公園,伊岐津志2731-5,4,-99,9999
137.135184,35.474774,21505,3,99999,03103,蘇水公園,伊岐津志2731-5,4,-99,9999
137.13648,35.47338,21505,3,99999,03115,蘇水公園,伊岐津志2731-5,4,-99,9999
137.001036,35.4442,21211,3,99999,03109,美濃加茂市西体育館,西町3-232,3,-99,9999
137.001036,35.444161,21211,3,99999,03120,美濃加茂市西体育館,西町3-232,3,-99,9999
137.001036,35.444113,21211,3,99999,03111,美濃加茂市西体育館,西町3-232,3,-99,9999
137.001101,35.444079,21211,3,99999,03113,美濃加茂市西体育館,西町3-232,3,-99,9999
137.001101,35.444035,21211,3,99999,03132,美濃加茂市西体育館,西町3-232,3,-99,9999
137.051335,35.406866,21214,3,99999,03109,可児市勤労者総合福祉センター,姫ヶ丘1-37,3,-99,9999
137.051335,35.406808,21214,3,99999,03120,可児市勤労者総合福祉センター,姫ヶ丘1-37,3,-99,9999
137.110049,35.556066,21504,3,99999,03109,七宗町体育館,上麻生3566-1,3,3,9999
137.110037,35.555969,21504,3,99999,03120,七宗町体育館,上麻生3566-1,3,3,9999
137.110037,35.555872,21504,3,99999,03112,七宗町体育館,上麻生3566-1,3,3,9999
137.144719,35.476415,21505,3,99999,03109,八百津町Ｂ＆Ｇ海洋センター体育館,八百津3389-1,3,-99,9999
137.144719,35.476352,21505,3,99999,03120,八百津町Ｂ＆Ｇ海洋センター体育館,八百津3389-1,3,-99,9999
137.127033,35.423487,21521,3,99999,03109,御嵩町Ｂ＆Ｇ海洋センター,中2777-28,3,-99,9999
137.127033,35.423433,21521,3,99999,03120,御嵩町Ｂ＆Ｇ海洋センター,中2777-28,3,-99,9999
137.127033,35.423385,21521,3,99999,03111,御嵩町Ｂ＆Ｇ海洋センター,中2777-28,3,-99,9999
137.127039,35.423337,21521,3,99999,03113,御嵩町Ｂ＆Ｇ海洋センター,中2777-28,3,-99,9999
137.000378,35.454105,21211,3,99999,03115,前平テニスコート,西町7-1-1,4,-99,9999
137.03675,35.449753,21211,3,99999,03115,美濃加茂市東総合テニスコート,本郷町2-1915-1,3,-99,9999
137.036209,35.413797,21214,3,99999,03115,坂戸市民テニス場,坂戸979-1,3,-99,9999
137.129124,35.422015,21521,3,99999,03115,南山公園テニスコート,中2777-28,3,-99,9999
137.072519,35.425377,21214,3,99999,03103,広見市民運動場,石井227-2,3,-99,9999
137.072519,35.425314,21214,3,99999,03104,広見市民運動場,石井227-2,3,-99,9999
137.058616,35.396452,21214,3,99999,03104,姫治市民運動場,下切1530,3,-99,9999
137.11082,35.556038,21504,3,99999,03102,七宗町町民運動場,上麻生3556,3,-99,9999
137.110808,35.555975,21504,3,99999,03101,七宗町町民運動場,上麻生3556,3,-99,9999
137.110814,35.555902,21504,3,99999,03138,七宗町町民運動場,上麻生3556,3,-99,9999
137.321846,35.643926,21507,3,99999,03101,東白川総合運動場,神土501,4,-99,9999
137.321852,35.643863,21507,3,99999,03138,東白川総合運動場,神土501,4,-99,9999
137.321852,35.6438,21507,3,99999,03102,東白川総合運動場,神土501,4,-99,9999
137.321995,35.643047,21507,3,99999,03115,東白川総合運動場,神土501,4,-99,9999
137.000312,35.455006,21211,3,99999,03106,前平市民プール,西町7-1-1,3,-99,9999
137.162247,35.47222,21505,3,99999,03105,八百津町Ｂ＆Ｇ海洋センター室内温水プール,八百津1763-1,3,-99,9999
137.013248,35.442535,21211,3,99999,03121,中央体育館弓道場,太田町1916-1,3,-99,9999
137.040285,35.411298,21214,3,99999,03121,可児市第１弓道場,谷迫間138-2,3,-99,9999
137.2201,35.595626,21506,3,99999,03142,美濃白川クオーレふれあいの里,和泉181-1,4,-99,9999
137.218044,35.595457,21506,3,99999,03104,美濃白川クオーレふれあいの里,和泉181-1,4,-99,9999
137.073739,35.497077,21503,3,99999,03140,川辺町Ｂ＆Ｇ海洋センター艇庫,比久見725-5,3,-99,9999
137.073734,35.497044,21503,3,99999,03137,川辺町Ｂ＆Ｇ海洋センター艇庫,比久見725-5,3,-99,9999
137.13395,35.474582,21505,3,99999,03140,八百津町Ｂ＆Ｇ海洋センター艇庫,伊岐津志2597-79,3,-99,9999
137.133928,35.47464,21505,3,99999,03137,八百津町Ｂ＆Ｇ海洋センター艇庫,伊岐津志2597-79,3,-99,9999
137.120103,35.388351,21214,3,99999,03134,中部国際ゴルフクラブ,柿下126-2,4,-99,9999
137.047231,35.487602,21211,3,99999,03134,明智ゴルフ倶楽部／賑済寺ゴルフ場,山之上町宮洞3300-1,4,-99,9999
137.012809,35.488989,21211,3,99999,03134,法仙坊ゴルフ倶楽部,蜂屋町中蜂屋1617,4,-99,9999
137.195437,35.613658,21506,3,99999,03134,美濃白川ゴルフ倶楽部,白山1033,4,-99,9999
137.071382,35.489423,21503,3,99999,03137,岐阜県川辺漕艇場,中川辺1675-3,3,-99,9999
137.054956,35.507832,21503,3,99999,03134,明智ゴルフ倶楽部／かしおゴルフ場,鹿塩字白砂1168,4,-99,9999
137.067946,35.422476,21214,3,99999,03109,広見公民館ゆとりピア,広見7-77,3,-99,9999
137.067952,35.422418,21214,3,99999,03120,広見公民館ゆとりピア,広見7-77,3,-99,9999
137.006388,35.403494,21214,3,99999,03109,帷子公民館,東帷子1011,3,-99,9999
137.006382,35.403436,21214,3,99999,03120,帷子公民館,東帷子1011,3,-99,9999
137.006388,35.403378,21214,3,99999,03113,帷子公民館,東帷子1011,3,-99,9999
137.047937,35.421732,21214,3,99999,03109,下恵土公民館,下恵土1673,3,-99,9999
137.047934,35.421686,21214,3,99999,03120,下恵土公民館,下恵土1673,3,-99,9999
137.058675,35.395365,21214,3,99999,03109,姫治公民館,下切1530,3,-99,9999
137.058678,35.395336,21214,3,99999,03120,姫治公民館,下切1530,3,-99,9999
137.104801,35.386213,21214,3,99999,03109,桜ヶ丘公民館,皐ヶ丘6-1-1,3,-99,9999
137.104801,35.386155,21214,3,99999,03120,桜ヶ丘公民館,皐ヶ丘6-1-1,3,-99,9999
137.104801,35.386102,21214,3,99999,03111,桜ヶ丘公民館,皐ヶ丘6-1-1,3,-99,9999
137.104801,35.386053,21214,3,99999,03113,桜ヶ丘公民館,皐ヶ丘6-1-1,3,-99,9999
137.039519,35.411384,21214,3,99999,03112,可児青少年育成センター（錬成館）,谷迫間806-2,4,2,9999
137.074372,35.49699,21503,3,99999,03109,川辺町Ｂ＆Ｇ海洋センター,比久見725-5,4,-99,9999
137.074372,35.496952,21503,3,99999,03113,川辺町Ｂ＆Ｇ海洋センター,比久見725-5,4,-99,9999
137.074372,35.496908,21503,3,99999,03112,川辺町Ｂ＆Ｇ海洋センター,比久見725-5,4,-99,9999
137.074372,35.496855,21503,3,99999,03120,川辺町Ｂ＆Ｇ海洋センター,比久見725-5,4,-99,9999
137.039219,35.411586,21214,3,99999,03109,可児市Ｂ＆Ｇ海洋センター,坂戸987-4,4,-99,9999
137.038667,35.411272,21214,3,99999,03105,可児市Ｂ＆Ｇ海洋センター,坂戸987-4,4,-99,9999
137.039219,35.411533,21214,3,99999,03120,可児市Ｂ＆Ｇ海洋センター,坂戸987-4,4,-99,9999
137.082374,35.40963,21214,3,99999,03109,平牧公民館,二野2547-4,3,-99,9999
137.082374,35.409586,21214,3,99999,03120,平牧公民館,二野2547-4,3,-99,9999
137.082374,35.409538,21214,3,99999,03112,平牧公民館,二野2547-4,3,-99,9999
137.08238,35.40948,21214,3,99999,03132,平牧公民館,二野2547-4,3,-99,9999
137.012545,35.425255,21214,3,99999,03109,土田公民館,土田2352-2,3,-99,9999
137.012545,35.425204,21214,3,99999,03120,土田公民館,土田2352-2,3,-99,9999
137.22881,35.646512,21506,3,99999,03142,せせらぎの里美濃白川ふるさと体験村,下佐見3672-9,3,-99,9999
137.205426,35.523768,21505,3,99999,03134,むらさき野カントリークラブ,久田見3115-1,4,-99,9999
137.002531,35.512466,21211,3,99999,03134,正眼寺カントリークラブ,伊深町2345,4,-99,9999
137.14314,35.476712,21505,3,99999,03112,八百津町武道館,八百津3833-2,3,-99,9999
137.14314,35.476654,21505,3,99999,03113,八百津町武道館,八百津3833-2,3,-99,9999
137.035728,35.426321,21214,3,99999,03115,今渡市民テニス場,今渡2121,3,-99,9999
137.102552,35.458622,21214,3,99999,03102,坊主山市民運動場,兼山1400-1,3,-99,9999
137.03558,35.384159,21214,3,99999,03102,塩河市民運動場,塩河600,3,-99,9999
137.035586,35.384091,21214,3,99999,03103,塩河市民運動場,塩河600,3,-99,9999
137.04049,35.41123,21214,3,99999,03121,可児市第２弓道場,谷迫間138-3,3,-99,9999
137.130515,35.421671,21521,3,99999,03102,南山公園野球場,中2777-28,3,-99,9999
137.039885,35.412458,21214,3,99999,03102,可児市総合運動場,坂戸987-1,3,-99,9999
137.039885,35.4124,21214,3,99999,03101,可児市総合運動場,坂戸987-1,3,-99,9999
137.039885,35.412337,21214,3,99999,03103,可児市総合運動場,坂戸987-1,3,-99,9999
137.005326,35.484146,21211,3,99999,03134,クレセントバレーカントリークラブ美濃加茂,蜂屋町中蜂屋1173,4,-99,9999
137.022626,35.40343,21214,3,99999,03109,春里公民館,矢戸407,3,-99,9999
137.022626,35.403382,21214,3,99999,03120,春里公民館,矢戸407,3,-99,9999
137.11093,35.403474,21214,3,99999,03109,久々利公民館,久々利1644-1,3,-99,9999
137.070516,35.429131,21505,3,99999,03120,中恵土公民館,上飯田字大屋1488,3,-99,9999
137.091152,35.479115,21505,3,99999,03134,さくらカントリークラブ,上飯田字大屋1488,4,-99,9999
137.038762,35.411562,21214,3,99999,03129,可児市ウエイトリフティング場,坂戸987-4,3,-99,9999
137.036573,35.435731,21214,3,99999,03109,今渡公民館,今渡1521-4,3,-99,9999
137.08752,35.429134,21214,3,99999,03113,広見東公民館,瀬田1736,3,-99,9999
137.08752,35.429076,21214,3,99999,03120,広見東公民館,瀬田1736,3,-99,9999
137.05368,35.441621,21214,3,99999,03132,川合公民館,川合北2-14,3,-99,9999
137.092441,35.457556,21214,3,99999,03132,兼山公民館,兼山701-1,3,-99,9999
137.092435,35.457498,21214,3,99999,03113,兼山公民館,兼山701-1,3,-99,9999
137.241959,35.375022,21208,3,99999,03101,瑞浪市民競技場,明世町戸狩143,3,-99,9999
137.385634,35.444095,21210,3,99999,03104,恵那市まきがね公園体育施設,長島町中野1269-389,3,-99,9999
137.144131,35.325612,21204,3,99999,03101,星ケ台競技場,星ケ台3-19,3,-99,9999
137.144148,35.329862,21204,3,99999,03102,多治見市営球場,美坂町4-1,3,-99,9999
137.240524,35.373706,21208,3,99999,03102,瑞浪市民野球場,明世町戸狩138,3,-99,9999
137.129658,35.317859,21204,3,99999,03109,多治見市総合体育館,大畑町2-150,3,-99,9999
137.129658,35.317801,21204,3,99999,03120,多治見市総合体育館,大畑町2-150,3,-99,9999
137.129652,35.317743,21204,3,99999,03112,多治見市総合体育館,大畑町2-150,3,-99,9999
137.129652,35.317685,21204,3,99999,03129,多治見市総合体育館,大畑町2-150,3,-99,9999
137.238964,35.372584,21208,3,99999,03109,瑞浪市民体育館,明世町戸狩191,3,-99,9999
137.412524,35.448376,21210,3,99999,03120,恵那市市民会館,長島町正家1-3-21,3,-99,9999
137.412518,35.448318,21210,3,99999,03109,恵那市市民会館,長島町正家1-3-21,3,-99,9999
137.160679,35.298628,21204,3,99999,03120,笠原体育館,笠原町2072-5,3,-99,9999
137.160679,35.29857,21204,3,99999,03129,笠原体育館,笠原町2072-5,3,-99,9999
137.160685,35.298521,21204,3,99999,03113,笠原体育館,笠原町2072-5,3,-99,9999
137.160685,35.298463,21204,3,99999,03112,笠原体育館,笠原町2072-5,3,-99,9999
137.425954,35.657088,21206,3,99999,03109,付知Ｂ＆Ｇ海洋センター,付知町5692,4,-99,9999
137.425954,35.657025,21206,3,99999,03112,付知Ｂ＆Ｇ海洋センター,付知町5692,4,-99,9999
137.425954,35.656967,21206,3,99999,03113,付知Ｂ＆Ｇ海洋センター,付知町5692,4,-99,9999
137.425954,35.656904,21206,3,99999,03132,付知Ｂ＆Ｇ海洋センター,付知町5692,4,-99,9999
137.452133,35.573054,21206,3,99999,03109,福岡Ｂ＆Ｇ海洋センター,福岡2-9,4,-99,9999
137.452133,35.573006,21206,3,99999,03112,福岡Ｂ＆Ｇ海洋センター,福岡2-9,4,-99,9999
137.452139,35.572957,21206,3,99999,03120,福岡Ｂ＆Ｇ海洋センター,福岡2-9,4,-99,9999
137.452216,35.57332,21206,3,99999,03105,福岡Ｂ＆Ｇ海洋センター,福岡2-9,4,-99,9999
137.144538,35.322634,21204,3,99999,03115,星ケ台第１テニスコート,星ケ台3-3,3,-99,9999
137.14345,35.322876,21204,3,99999,03115,星ケ台第２テニスコート,星ケ台3-16,3,-99,9999
137.239781,35.371843,21208,3,99999,03115,瑞浪市民テニスコート,明世町戸狩189-1,3,-99,9999
137.16162,35.303847,21204,3,99999,03115,笠原向島テニスコート,笠原町1651-1,3,-99,9999
137.43364,35.649249,21206,3,99999,03115,付知中央河川公園テニスコート,付知町中央河川公園内,3,-99,9999
137.111757,35.365959,21204,3,99999,03104,旭ケ丘運動広場,旭ケ丘10-6-83,3,-99,9999
137.14483,35.296648,21204,3,99999,03102,笠原梅平運動広場,笠原町4164-1,3,-99,9999
137.144842,35.296585,21204,3,99999,03103,笠原梅平運動広場,笠原町4164-1,3,-99,9999
137.144842,35.296512,21204,3,99999,03138,笠原梅平運動広場,笠原町4164-1,3,-99,9999
137.432945,35.650997,21206,3,99999,03102,付知中央河川公園グラウンド,付知中央河川公園内,3,-99,9999
137.432951,35.650934,21206,3,99999,03103,付知中央河川公園グラウンド,付知中央河川公園内,3,-99,9999
137.425364,35.664107,21206,3,99999,03102,付知グラウンド,付知町尾ヶ平地内,3,-99,9999
137.462732,35.617213,21206,3,99999,03102,福岡北運動場,田瀬1816,3,-99,9999
137.462732,35.617155,21206,3,99999,03103,福岡北運動場,田瀬1816,3,-99,9999
137.462102,35.616605,21206,3,99999,03138,福岡北運動場,田瀬1816,3,-99,9999
137.438594,35.376437,21210,3,99999,03101,恵那市岩村グラウンド,岩村町飯羽間2981-1,3,-99,9999
137.4386,35.376374,21210,3,99999,03102,恵那市岩村グラウンド,岩村町飯羽間2981-1,3,-99,9999
137.4386,35.376312,21210,3,99999,03104,恵那市岩村グラウンド,岩村町飯羽間2981-1,3,-99,9999
137.376513,35.354094,21210,3,99999,03102,恵那市山岡グラウンド,山岡町上手向1161-1,3,-99,9999
137.376513,35.354036,21210,3,99999,03104,恵那市山岡グラウンド,山岡町上手向1161-1,3,-99,9999
137.376513,35.353973,21210,3,99999,03103,恵那市山岡グラウンド,山岡町上手向1161-1,3,-99,9999
137.110497,35.3664,21204,3,99999,03121,旭ケ丘弓道場,旭ケ丘10-6-83,3,-99,9999
137.375115,35.347628,21210,3,99999,03121,恵那市山岡弓道場,山岡町下手向1636-1,3,-99,9999
137.238466,35.371912,21208,3,99999,03122,瑞浪市民アーチェリー場,明世町戸狩205,3,-99,9999
137.191618,35.255128,21212,3,99999,03142,三国山キャンプ場,鶴里町柿野3512-4,3,-99,9999
137.498007,35.583508,21206,3,99999,03142,椛の湖オートキャンプ場,坂下町上野589-17,4,-99,9999
137.42292,35.703038,21206,3,99999,03142,付知峡北恵那キャンプ場,付知町島畑,4,-99,9999
137.424484,35.701671,21206,3,99999,03142,森林キャンプ場,付知町字島畑,4,-99,9999
137.424262,35.701912,21206,3,99999,03115,森林キャンプ場,付知町字島畑,4,-99,9999
137.427488,35.697906,21206,3,99999,03142,宮島キャンプ場,付知町下浦,3,-99,9999
137.42545,35.695823,21206,3,99999,03142,アオミキャンプ場,付知町宮の上,4,-99,9999
137.420041,35.671788,21206,3,99999,03142,塔の岩オートキャンプ場,付知町字端小屋,4,-99,9999
137.497176,35.427338,21206,3,99999,03134,フォーティーンヒルズカントリークラブ,飯沼,4,-99,9999
137.192791,35.453801,21521,3,99999,03134,こぶしゴルフ倶楽部,前沢8075-6,4,-99,9999
137.306732,35.425428,21208,3,99999,03134,デイリー瑞浪カントリー倶楽部,釜戸町1069,4,-99,9999
137.310152,35.377359,21208,3,99999,03134,瑞陵ゴルフ倶楽部,土岐町8263-31,4,-99,9999
137.308456,35.316058,21208,3,99999,03134,東濃カントリー倶楽部,陶町水上830,4,-99,9999
137.209204,35.434458,21208,3,99999,03134,花の木ゴルフクラブ,日吉町8675,4,-99,9999
137.332305,35.394004,21208,3,99999,03134,みずなみカントリー倶楽部,釜戸町字大洞2383-1,4,-99,9999
137.228743,35.286906,21212,3,99999,03134,新陽カントリー倶楽部,鶴里町細野1378-3,4,-99,9999
137.462171,35.314593,21210,3,99999,03134,アドニスゴルフクラブ,上矢作町湊原572-210,4,-99,9999
137.338245,35.299256,21210,3,99999,03134,富士カントリー明智ゴルフ倶楽部明智ゴルフ場,明智町吉良見字西山980-2,4,-99,9999
137.502323,35.443958,21210,3,99999,03145,根の上高原ＯＬパーマネントコース,東野2390-1,3,-99,9999
137.238891,35.373057,21208,3,99999,03145,瑞浪化石ＯＬパーマネントコース,明世町日吉町,3,-99,9999
137.329409,35.751411,21220,3,99999,03109,加子母Ｂ＆Ｇ海洋センター,御厩野3015-102,4,-99,9999
137.329415,35.751358,21220,3,99999,03120,加子母Ｂ＆Ｇ海洋センター,御厩野3015-102,4,-99,9999
137.329421,35.75131,21220,3,99999,03112,加子母Ｂ＆Ｇ海洋センター,御厩野3015-102,4,-99,9999
137.329427,35.751257,21220,3,99999,03116,加子母Ｂ＆Ｇ海洋センター,御厩野3015-102,4,-99,9999
137.483768,35.295152,21210,3,99999,03109,恵那市上矢作体育館,上矢作町漆原33-2,3,-99,9999
137.483774,35.295089,21210,3,99999,03120,恵那市上矢作体育館,上矢作町漆原33-2,3,-99,9999
137.37608,35.353386,21210,3,99999,03109,恵那市山岡Ｂ＆Ｇ海洋センター,山岡町上手向1161,4,-99,9999
137.37608,35.353338,21210,3,99999,03120,恵那市山岡Ｂ＆Ｇ海洋センター,山岡町上手向1161,4,-99,9999
137.37608,35.35329,21210,3,99999,03112,恵那市山岡Ｂ＆Ｇ海洋センター,山岡町上手向1161,4,-99,9999
137.376418,35.353081,21210,3,99999,03105,恵那市山岡Ｂ＆Ｇ海洋センター,山岡町上手向1161,4,-99,9999
137.339804,35.508327,21210,3,99999,03142,県民休養林「望郷の森」,中野方町4443-1,3,-99,9999
137.506595,35.640111,21206,3,99999,03142,夕森キャンプ場,川上1057-4,3,-99,9999
137.447384,35.694574,21206,3,99999,03142,Ｂｅ-Ｇｒｅｅｎ日和立,付知町字日和立,4,-99,9999
137.354444,35.771909,21206,3,99999,03142,乙女渓谷キャンプ場,加子母小郷,4,-99,9999
137.157306,35.404112,21521,3,99999,03134,ワールドレイクゴルフ倶楽部,中切天王洞1715,4,-99,9999
137.47416,35.453187,21206,3,99999,03134,ユーグリーン中津川ゴルフ倶楽部,茄子川字中垣外1688-154,4,-99,9999
137.385351,35.439954,21210,3,99999,03134,恵那峡カントリークラブ,長島町中野1269-51,3,-99,9999
137.497708,35.609925,21206,3,99999,03115,川上運動公園,川上1427-6,3,-99,9999
137.497839,35.609036,21206,3,99999,03102,川上運動公園,川上1427-6,3,-99,9999
137.497168,35.610017,21206,3,99999,03121,川上運動公園,川上1427-6,3,-99,9999
137.497839,35.608978,21206,3,99999,03103,川上運動公園,川上1427-6,3,-99,9999
137.485126,35.294755,21210,3,99999,03121,恵那市上矢作弓道場,上矢作町漆原48-1,3,-99,9999
137.381742,35.523769,21206,3,99999,03138,蛭川ひとつばたご広場,蛭川2189-1,3,-99,9999
137.32931,35.75161,21220,3,99999,03105,加子母Ｂ＆Ｇ海洋センタープール,御厩野3015-102,4,-99,9999
137.368573,35.708121,21206,3,99999,03121,加子母弓道場,加子母3885-1,3,-99,9999
137.45221,35.572503,21206,3,99999,03121,福岡弓道場,福岡2-9,3,-99,9999
137.425327,35.656676,21206,3,99999,03121,付知弓道場,付知町小栗山,3,-99,9999
137.179081,35.350086,21212,3,99999,03109,土岐市土岐津体育館,土岐津町土岐口2046-1,3,-99,9999
137.189188,35.320786,21212,3,99999,03109,土岐市西部体育館,下石町1015-1,3,-99,9999
137.215347,35.352736,21212,3,99999,03109,土岐市肥田体育館,肥田町肥田1740,3,-99,9999
137.20528,35.291401,21212,3,99999,03133,土岐市総合射撃場,妻木町3022-33,3,-99,9999
137.305169,35.476781,21210,3,99999,03142,飯地高原自然テント村,飯地町702-1,4,-99,9999
137.497981,35.4409,21210,3,99999,03142,恵那山高原国民休養地,東野保古の湖畔,3,-99,9999
137.497749,35.441805,21210,3,99999,03115,恵那山高原国民休養地,東野保古の湖畔,3,-99,9999
137.328934,35.752289,21220,3,99999,03116,舞台峠ドーム,御厩野3015-66,3,-99,9999
137.32894,35.752231,21220,3,99999,03138,舞台峠ドーム,御厩野3015-66,3,-99,9999
137.229993,35.330645,21212,3,99999,03109,土岐市駄知体育館,駄知町1340-1,3,-99,9999
137.311394,35.520629,21210,3,99999,03102,恵那市中野方グラウンド,中野方町2551-5,3,-99,9999
137.311394,35.520561,21210,3,99999,03103,恵那市中野方グラウンド,中野方町2551-5,3,-99,9999
137.418459,35.462389,21210,3,99999,03138,恵那市大井運動広場,大井町1959-1,3,-99,9999
137.418465,35.462335,21210,3,99999,03104,恵那市大井運動広場,大井町1959-1,3,-99,9999
137.437894,35.439198,21210,3,99999,03138,恵那市東野運動広場,東野2164,3,-99,9999
137.437882,35.43914,21210,3,99999,03104,恵那市東野運動広場,東野2164,3,-99,9999
137.383877,35.424242,21210,3,99999,03129,恵那市南部農業者トレーニングセンター,三郷町野井1355-3,4,-99,9999
137.383758,35.423734,21210,3,99999,03104,恵那市南部農業者トレーニングセンター,三郷町野井1355-3,4,-99,9999
137.420352,35.703729,21206,3,99999,03142,本谷オートキャンプ場,付知町字島畑,4,-99,9999
137.377153,35.352172,21210,3,99999,03115,恵那市山岡テニスコート,山岡町下手向33-1,3,-99,9999
137.487112,35.477453,21206,3,99999,03109,サンライフ中津川,手賀野172-1,3,-99,9999
137.487112,35.477385,21206,3,99999,03120,サンライフ中津川,手賀野172-1,3,-99,9999
137.487118,35.477313,21206,3,99999,03129,サンライフ中津川,手賀野172-1,3,-99,9999
137.487756,35.478425,21206,3,99999,03102,中津川市民運動場,手賀野169-1,3,-99,9999
137.487762,35.478357,21206,3,99999,03103,中津川市民運動場,手賀野169-1,3,-99,9999
137.486496,35.478226,21206,3,99999,03121,中津川市弓道場,手賀野169-1,3,-99,9999
137.445779,35.494928,21206,3,99999,03109,中津川市北部体育館,千旦林1573-45,3,-99,9999
137.498008,35.50073,21206,3,99999,03106,中津川市民プール,駒場1658-23,3,-99,9999
137.46061,35.528409,21206,3,99999,03129,中津川市トレーニングセンター,苗木4610-63,3,-99,9999
137.46061,35.528351,21206,3,99999,03109,中津川市トレーニングセンター,苗木4610-63,3,-99,9999
137.470718,35.454331,21206,3,99999,03102,中津川公園多目的広場,茄子川1683-1031,4,-99,9999
137.461613,35.526547,21206,3,99999,03102,苗木公園野球場,苗木4597,3,-99,9999
137.461625,35.527427,21206,3,99999,03115,苗木公園テニスコート,苗木4597,3,-99,9999
137.469346,35.45557,21206,3,99999,03101,中津川公園競技場,茄子川1683-1031,4,-99,9999
137.46609,35.455715,21206,3,99999,03115,中津川公園テニスコート,茄子川1683-1031,4,-99,9999
137.181981,35.368035,21212,3,99999,03102,土岐市営大徳原球場,泉町久尻1374,3,-99,9999
137.210464,35.319337,21212,3,99999,03102,土岐市総合公園,下石町2183-1,3,-99,9999
137.210981,35.317922,21212,3,99999,03115,土岐市総合公園,下石町2183-1,3,-99,9999
137.208509,35.320166,21212,3,99999,03138,土岐市総合公園,下石町2183-1,3,-99,9999
137.212235,35.318445,21212,3,99999,03104,土岐市総合公園,下石町2183-1,3,-99,9999
137.122315,35.301232,21204,3,99999,03102,市之倉運動広場,市之倉町7-1,3,-99,9999
137.122315,35.301166,21204,3,99999,03104,市之倉運動広場,市之倉町7-1,3,-99,9999
137.11688,35.319347,21204,3,99999,03102,脇之島運動広場,脇之島町4-10,3,-99,9999
137.116886,35.319279,21204,3,99999,03103,脇之島運動広場,脇之島町4-10,3,-99,9999
137.116125,35.319788,21204,3,99999,03115,脇之島テニスコート,脇之島町4-10,3,-99,9999
137.136882,35.357886,21204,3,99999,03115,共栄テニスコート,高田町10-17-9,3,-99,9999
137.073225,35.365008,21204,3,99999,03102,北丘運動広場,北丘町7-13-2,3,-99,9999
137.073219,35.364945,21204,3,99999,03103,北丘運動広場,北丘町7-13-2,3,-99,9999
137.073219,35.364887,21204,3,99999,03104,北丘運動広場,北丘町7-13-2,3,-99,9999
137.153683,35.310998,21204,3,99999,03102,滝呂球場,滝呂町14,3,-99,9999
137.153172,35.310368,21204,3,99999,03115,滝呂テニスコート,滝呂町14,3,-99,9999
137.448022,35.563171,21206,3,99999,03142,福岡ローマン渓谷オートキャンプ場,福岡1017-1,3,-99,9999
137.21329,35.454889,21208,3,99999,03134,日吉ハイランド倶楽部,日吉町8004-35,4,-99,9999
137.298384,35.377458,21208,3,99999,03134,瑞浪高原ゴルフ倶楽部,土岐町4858-4,4,-99,9999
137.211171,35.443612,21208,3,99999,03134,ベルフラワーカントリー倶楽部,日吉町8671-1,4,-99,9999
137.331905,35.422085,21208,3,99999,03134,瑞浪トーカイカントリークラブ,釜戸町4605,4,-99,9999
137.390567,35.516458,21206,3,99999,03102,蛭川運動公園,蛭川4903-1,3,-99,9999
137.390561,35.516405,21206,3,99999,03103,蛭川運動公園,蛭川4903-1,3,-99,9999
137.389435,35.516394,21206,3,99999,03115,蛭川運動公園テニス場,蛭川4903-1,3,-99,9999
137.385646,35.444294,21210,3,99999,03101,恵那市まきがね公園多目的広場,長島町中野1269-389,3,-99,9999
137.38564,35.444231,21210,3,99999,03102,恵那市まきがね公園多目的広場,長島町中野1269-389,3,-99,9999
137.385634,35.444173,21210,3,99999,03103,恵那市まきがね公園多目的広場,長島町中野1269-389,3,-99,9999
137.384844,35.443142,21210,3,99999,03109,恵那市まきがね公園体育館,長島町中野1269-389,3,-99,9999
137.384849,35.443093,21210,3,99999,03120,恵那市まきがね公園体育館,長島町中野1269-389,3,-99,9999
137.384849,35.44304,21210,3,99999,03116,恵那市まきがね公園体育館,長島町中野1269-389,3,-99,9999
137.386501,35.445262,21210,3,99999,03115,恵那市まきがね公園テニスコート,長島町中野1269-389,3,-99,9999
137.384184,35.444226,21210,3,99999,03102,恵那市まきがね公園野球場,長島町中野1269-389,3,-99,9999
137.38763,35.445794,21210,3,99999,03121,恵那市まきがね公園弓道場,長島町中野1269-389,3,-99,9999
137.378716,35.489154,21210,3,99999,03102,恵那市毛呂窪グラウンド,笠置町姫栗,4,-99,9999
137.385638,35.298863,21210,3,99999,03102,恵那市明智グラウンド,明智町947-9,3,-99,9999
137.385638,35.298781,21210,3,99999,03104,恵那市明智グラウンド,明智町947-9,3,-99,9999
137.390333,35.300219,21210,3,99999,03109,明智Ｂ＆Ｇ海洋センター,明智町1138-1,4,-99,9999
137.390333,35.30017,21210,3,99999,03120,明智Ｂ＆Ｇ海洋センター,明智町1138-1,4,-99,9999
137.390255,35.299802,21210,3,99999,03105,明智Ｂ＆Ｇ海洋センター,明智町1138-1,4,-99,9999
137.392281,35.311293,21210,3,99999,03121,恵那市明智弓道場,明智町138-1,3,-99,9999
137.391792,35.309315,21210,3,99999,03112,恵那市明智武道館,明智町60-3,3,-99,9999
137.391798,35.309252,21210,3,99999,03113,恵那市明智武道館,明智町60-3,3,-99,9999
137.160996,35.304116,21204,3,99999,03102,笠原向島運動広場,笠原町1651-1,3,-99,9999
137.161002,35.304053,21204,3,99999,03138,笠原向島運動広場,笠原町1651-1,3,-99,9999
137.50136,35.30035,21210,3,99999,03105,恵那市上矢作プール,上矢作町1827-1,3,-99,9999
137.559526,35.529248,21206,3,99999,03102,中津川市馬籠総合グラウンド,馬籠5729-37,3,-99,9999
137.559526,35.52918,21206,3,99999,03103,中津川市馬籠総合グラウンド,馬籠5729-37,3,-99,9999
137.521775,35.578975,21206,3,99999,03109,坂下総合体育館,坂下1512-1,3,3,9999
137.521775,35.578917,21206,3,99999,03112,坂下総合体育館,坂下1512-1,3,3,9999
137.521775,35.578859,21206,3,99999,03120,坂下総合体育館,坂下1512-1,3,3,9999
137.508785,35.580668,21206,3,99999,03101,椛の湖総合グラウンド,坂下5178,3,-99,9999
137.50878,35.580596,21206,3,99999,03102,椛の湖総合グラウンド,坂下5178,3,-99,9999
137.194142,35.385098,21212,3,99999,03101,土岐市総合活動センター,泉町定林寺959-7,3,-99,9999
137.192223,35.386091,21212,3,99999,03102,土岐市総合活動センター,泉町定林寺959-7,3,-99,9999
137.192122,35.386861,21212,3,99999,03115,土岐市総合活動センター,泉町定林寺959-7,3,-99,9999
137.194427,35.383857,21212,3,99999,03103,土岐市総合活動センター,泉町定林寺959-7,3,-99,9999
137.194882,35.301334,21212,3,99999,03102,敷島公園（野球場）,妻木町3047-1,3,-99,9999
137.465115,35.457602,21206,3,99999,03102,中津川公園野球場／夜明け前スタジアム,茄子川1683-1031,3,-99,9999
137.088667,35.315498,21204,3,99999,03115,多治見市三の倉市民の里「地球村」,三の倉町猪場37,4,-99,9999
137.089136,35.313641,21204,3,99999,03142,多治見市三の倉市民の里「地球村」,三の倉町猪場37,4,-99,9999
137.143558,35.327115,21204,3,99999,03102,星ケ台運動広場,星ケ台3-20,3,-99,9999
137.143558,35.327042,21204,3,99999,03103,星ケ台運動広場,星ケ台3-20,3,-99,9999
137.143564,35.326974,21204,3,99999,03104,星ケ台運動広場,星ケ台3-20,3,-99,9999
137.173256,35.348947,21212,3,99999,03109,土岐市スポーツセンター,御幸町1-49,3,-99,9999
137.173262,35.348889,21212,3,99999,03116,土岐市スポーツセンター,御幸町1-49,3,-99,9999
137.147102,35.669374,21220,3,99999,03109,市金山リバーサイドスポーツセンター,金山町金山911-1,3,-99,9999
137.147108,35.669312,21220,3,99999,03129,市金山リバーサイドスポーツセンター,金山町金山911-1,3,-99,9999
137.147114,35.669254,21220,3,99999,03120,市金山リバーサイドスポーツセンター,金山町金山911-1,3,-99,9999
137.147126,35.669196,21220,3,99999,03132,市金山リバーサイドスポーツセンター,金山町金山911-1,3,-99,9999
137.147137,35.669133,21220,3,99999,03112,市金山リバーサイドスポーツセンター,金山町金山911-1,3,-99,9999
137.147137,35.669075,21220,3,99999,03105,市金山リバーサイドスポーツセンター,金山町金山911-1,3,-99,9999
137.147167,35.669012,21220,3,99999,03116,市金山リバーサイドスポーツセンター,金山町金山911-1,3,-99,9999
137.281631,35.995506,21203,3,99999,03109,久々野渚体育館,久々野町渚748,3,-99,9999
137.281631,35.995458,21203,3,99999,03120,久々野渚体育館,久々野町渚748,3,-99,9999
137.281625,35.995415,21203,3,99999,03116,久々野渚体育館,久々野町渚748,3,-99,9999
137.281625,35.995366,21203,3,99999,03138,久々野渚体育館,久々野町渚748,3,-99,9999
137.535169,35.975126,21203,3,99999,03109,飛騨日和田体育館,高根町小日和田2-1,3,-99,9999
137.250524,35.800225,21220,3,99999,03115,下呂テニスコート,森547-1,3,-99,9999
137.204588,35.718647,21220,3,99999,03102,下呂和佐グラウンド,和佐2394,3,-99,9999
137.251019,35.788544,21220,3,99999,03102,つつじが丘公園野球場,少ヶ野1827-111,3,-99,9999
137.186281,35.83978,21220,3,99999,03102,馬瀬憩いの広場,馬瀬惣島1700,3,-99,9999
137.186275,35.839713,21220,3,99999,03101,馬瀬憩いの広場,馬瀬惣島1700,3,-99,9999
137.186281,35.839655,21220,3,99999,03103,馬瀬憩いの広場,馬瀬惣島1700,3,-99,9999
137.535229,35.974222,21203,3,99999,03101,高根総合グラウンド,高根町小日和田2-1,3,-99,9999
137.53524,35.974029,21203,3,99999,03103,高根総合グラウンド,高根町小日和田2-1,3,-99,9999
137.535235,35.974154,21203,3,99999,03102,高根総合グラウンド,高根町小日和田2-1,3,-99,9999
137.53524,35.974097,21203,3,99999,03104,高根総合グラウンド,高根町小日和田2-1,3,-99,9999
137.163667,35.89422,21220,3,99999,03111,馬瀬武道館,馬瀬村中切1843,3,-99,9999
137.163667,35.894167,21220,3,99999,03109,馬瀬武道館,馬瀬村中切1843,3,-99,9999
137.303139,35.809617,21220,3,99999,03142,下呂温泉乗政キャンプ場,乗政2625-1,3,-99,9999
137.162886,35.816994,21220,3,99999,03142,飛騨金山の森キャンプ場,金山町弓掛515,3,-99,9999
137.459124,35.938869,21203,3,99999,03142,胡桃島キャンプ場,朝日町胡桃島,4,-99,9999
137.522794,35.967253,21203,3,99999,03142,日和田高原ロッジ・キャンプ場,高根町日和田1742-1,4,-99,9999
137.312086,35.915478,21220,3,99999,03142,ウッディランド飛騨小坂ふれあいの森,小坂町湯屋273-1,4,-99,9999
137.27984,35.936248,21220,3,99999,03116,きこちゃんスタジアム,小坂町長瀬1064,3,-99,9999
137.27984,35.936305,21220,3,99999,03138,きこちゃんスタジアム,小坂町長瀬1064,3,-99,9999
137.272305,35.9418,21220,3,99999,03109,小坂体育館,尾小坂町長瀬382,3,-99,9999
137.272305,35.941743,21220,3,99999,03120,小坂体育館,尾小坂町長瀬382,3,-99,9999
137.314333,35.92458,21220,3,99999,03142,中川原キャンプ場,小坂町落合1965,3,-99,9999
137.280114,35.935781,21220,3,99999,03102,小坂ふれあいグラウンド,小坂町長瀬1064,3,-99,9999
137.280114,35.935689,21220,3,99999,03104,小坂ふれあいグラウンド,小坂町長瀬1064,3,-99,9999
137.228397,35.837069,21220,3,99999,03109,南部体育館,萩原町西上田635-1,3,-99,9999
137.228403,35.837001,21220,3,99999,03120,南部体育館,萩原町西上田635-1,3,-99,9999
137.251667,35.800282,21220,3,99999,03109,下呂体育館,森539,3,-99,9999
137.251667,35.800229,21220,3,99999,03120,下呂体育館,森539,3,-99,9999
137.08223,35.940245,21203,3,99999,03142,パスカル清見オートキャンプ場,清見町大原,4,-99,9999
137.117903,35.958835,21220,3,99999,03142,老谷ささやき自然公園,馬瀬村川上,3,-99,9999
137.117787,35.959595,21220,3,99999,03109,老谷ささやき自然公園,馬瀬村川上,3,-99,9999
137.147321,35.905645,21220,3,99999,03138,神原ふれあいの広場,馬瀬村数河1262-2,3,-99,9999
137.206644,35.888629,21220,3,99999,03115,あさぎりスポーツ公園,萩原町羽根1696-1,4,-99,9999
137.206305,35.889428,21220,3,99999,03102,あさぎりスポーツ公園,萩原町羽根1696-1,4,-99,9999
137.206798,35.887999,21220,3,99999,03101,あさぎりスポーツ公園,萩原町羽根1696-1,4,-99,9999
137.207285,35.887199,21220,3,99999,03121,あさぎりスポーツ公園,萩原町羽根1696-1,4,-99,9999
137.20681,35.887869,21220,3,99999,03138,あさぎりスポーツ公園,萩原町羽根1696-1,4,-99,9999
137.20681,35.887926,21220,3,99999,03104,あさぎりスポーツ公園,萩原町羽根1696-1,4,-99,9999
137.209743,35.888557,21220,3,99999,03115,飛騨川公園,萩原町上呂2250-1,3,-99,9999
137.208308,35.891414,21220,3,99999,03138,飛騨川公園,萩原町上呂2250-1,3,-99,9999
137.209968,35.888023,21220,3,99999,03103,飛騨川公園,萩原町上呂2250-1,3,-99,9999
137.20865,35.890671,21220,3,99999,03144,飛騨川公園,萩原町上呂2250-1,3,-99,9999
137.132365,35.958391,21220,3,99999,03142,カオレオートキャンプ場,馬瀬村川上555,3,-99,9999
137.251715,35.806041,21220,3,99999,03129,上ヶ平サンビレッジ,森539,3,-99,9999
137.251816,35.805993,21220,3,99999,03105,上ヶ平サンビレッジ,森539,3,-99,9999
137.484592,35.946092,21203,3,99999,03141,チャオ御岳スノーリゾート,高根町日和田1739-1,3,-99,9999
137.235229,35.81441,21220,3,99999,03103,湯之島グラウンド,湯之島97-1,3,-99,9999
137.235229,35.814338,21220,3,99999,03102,湯之島グラウンド,湯之島97-1,3,-99,9999
137.235235,35.814261,21220,3,99999,03104,湯之島グラウンド,湯之島97-1,3,-99,9999
137.289035,35.718128,21220,3,99999,03102,上原グラウンド,門和佐3943-1,3,-99,9999
137.288702,35.717723,21220,3,99999,03115,上原グラウンド,門和佐3943-1,3,-99,9999
137.195364,35.979086,21220,3,99999,03109,山之口体育館,萩原町山之口1034,4,-99,9999
137.533094,35.972021,21203,3,99999,03101,日和田ハイランド陸上競技場,高根町日和田1753-3,4,-99,9999
137.08368,35.948012,21203,3,99999,03109,おっぱら自然体験センター,清美町大原600,4,-99,9999
137.083674,35.947973,21203,3,99999,03120,おっぱら自然体験センター,清美町大原600,4,-99,9999
137.083763,35.947973,21203,3,99999,03111,おっぱら自然体験センター,清美町大原600,4,-99,9999
137.083757,35.94793,21203,3,99999,03138,おっぱら自然体験センター,清美町大原600,4,-99,9999
137.159138,35.659796,21220,3,99999,03102,金山グラウンド,金山町金山2195,3,-99,9999
137.159138,35.659729,21220,3,99999,03103,金山グラウンド,金山町金山2195,3,-99,9999
137.158444,35.659767,21220,3,99999,03115,金山テニスコート,金山町金山2151,3,-99,9999
137.186936,35.833739,21220,3,99999,03115,栃尾ふれあいの広場,馬瀬惣島789,3,-99,9999
137.251912,35.806586,21220,3,99999,03109,下呂交流会館,森2270-3,3,-99,9999
137.251906,35.806528,21220,3,99999,03116,下呂交流会館,森2270-3,3,-99,9999
137.251912,35.806461,21220,3,99999,03120,下呂交流会館,森2270-3,3,-99,9999
137.853794,35.533141,20205,3,03001,03001,竹田扇之助記念国際糸操リ人形館,座光寺2535,3,-99,1999
137.897574,35.735495,20210,3,03001,03001,駒ヶ根高原美術館,赤穂88,4,-99,1993
137.834408,35.984018,20215,3,03001,03001,木曾漆器館,大字木曾平沢2324-150,3,2,1970
137.992558,35.963915,20382,3,03001,03001,辰野美術館,樋口2407-1（荒神山スポーツ公園内）,3,3,1978
137.936267,35.912713,20383,3,03001,03001,伊那アルプス美術館,大字中箕輪14800-55,4,2,1997
137.954906,35.646951,20386,3,03001,03001,アンフォルメル中川村美術館,大草2124,3,-99,1993
137.838928,35.351013,20414,3,03001,03001,泰阜村立学校美術館,6221-5,3,-99,2010
137.815775,35.461778,20205,3,03002,03002,飯田市考古資料館,上川路1004-1,3,1,1974
137.837058,35.516578,20205,3,03002,03002,飯田市上郷考古博物館,上郷別府2428-1,3,1,1993
137.830559,35.511967,20205,3,03002,03002,飯田市美術博物館,追手町2-655-7,3,2,1989
137.916225,35.888123,20209,3,03002,03002,伊那市考古資料館,西箕輪3054-4,3,1,1976
137.956343,35.838762,20209,3,03002,03002,伊那市創造館,伊那3520,4,-99,9999
137.953321,35.895272,20209,3,03002,03002,登内時計記念博物館,大字西箕輪1938-88,4,-99,1998
137.989126,35.744312,20210,3,03002,03002,駒ヶ根シルクミュージアム,東伊那482,3,-99,2002
137.929772,35.736272,20210,3,03002,03002,駒ヶ根市立博物館,上穂栄町23-1,3,-99,1986
137.807872,35.961639,20215,3,03002,03002,楢川歴史民俗資料館,大字奈良井68,3,-99,1973
137.992437,35.963913,20382,3,03002,03002,辰野町博物館世界昆虫王国,樋口2409-1（荒神山公園内）,3,-99,2000
137.982116,35.91392,20383,3,03002,03002,箕輪町郷土博物館,大字中箕輪10286-3,3,2,1974
137.925042,35.680253,20384,3,03002,03002,飯島町歴史民俗資料館,飯島2309-1,3,-99,9999
137.93547,35.632757,20386,3,03002,03002,中川村歴史民俗資料館,片桐4725,3,2,1982
137.907126,35.596018,20402,3,03002,03002,松川町資料館,元大島3720,3,-99,9999
137.87348,35.551578,20403,3,03002,03002,高森町歴史民俗資料館（時の駅）,下市田2243,3,-99,1979
137.801474,35.355743,20404,3,03002,03002,阿南町化石館,富草3905,3,-99,1977
137.743261,35.259149,20404,3,03002,03002,阿南町歴史民俗資料館,新野2069-2,3,-99,1987
137.875448,35.515779,20415,3,03002,03002,喬木村椋鳩十記念館,1459-2,3,1,1992
137.874118,35.513339,20415,3,03002,03002,喬木村歴史民俗資料館,6698-2,3,2,1979
137.896139,35.550306,20416,3,03002,03002,豊丘村歴史民俗資料館,神稲370-1,3,2,1980
137.604965,35.598393,20423,3,03002,03002,南木曽町山の歴史館・福沢桃介記念館,読書2941-1,3,-99,9999
137.595332,35.57673,20423,3,03002,03002,南木曽町博物館,吾妻2190,3,2,1995
137.631613,35.937885,20432,3,03002,03002,開田郷土館,開田高原末川1899-4,3,1,1976
137.583192,35.95829,20432,3,03002,03002,開田考古博物館,開田高原西野2733,3,-99,1991
137.761035,35.889471,20432,3,03002,03002,義仲館,日義290-1,3,-99,1992
137.69783,35.851701,20432,3,03002,03002,山村代官屋敷,福島5808-1,3,-99,1971
137.760717,35.890991,20432,3,03002,03002,宣公郷土館,日義124-1,4,2,1967
137.7022,35.850552,20432,3,03002,03002,福島関所資料館,関町4748-1,3,-99,1977
137.697841,35.851168,20432,3,03002,03002,木曾郷土館,福島5814-1,4,2,9999
137.702102,35.854144,20432,3,03002,03002,木曾福島郷土館,福島5823-8,3,-99,1969
137.842146,35.517646,20205,3,03003,03003,飯田市立上郷図書館,上郷黒田442-1,3,-99,9999
137.829559,35.513217,20205,3,03003,03003,飯田市立中央図書館,追手町2-677-3,3,-99,9999
137.791381,35.498655,20205,3,03003,03003,飯田市立中央図書館伊賀良分館,大瀬木570-1,3,-99,9999
137.807543,35.518478,20205,3,03003,03003,飯田市立中央図書館羽場分館,羽場2-14-9,3,-99,9999
137.851049,35.475137,20205,3,03003,03003,飯田市立中央図書館下久堅分館,下久堅知久平118-1,3,-99,9999
137.816039,35.525624,20205,3,03003,03003,飯田市立中央図書館丸山分館,今宮町4-5160-2,3,-99,9999
137.853794,35.533141,20205,3,03003,03003,飯田市立中央図書館座光寺分館,座光寺2535,3,-99,9999
137.793482,35.438605,20205,3,03003,03003,飯田市立中央図書館三穂分館,伊豆木5451-2,3,-99,9999
137.760706,35.471997,20205,3,03003,03003,飯田市立中央図書館山本分館,山本3378,3,-99,9999
137.844486,35.493672,20205,3,03003,03003,飯田市立中央図書館松尾分館,松尾城4012-1,3,-99,9999
137.882524,35.460944,20205,3,03003,03003,飯田市立中央図書館上久堅分館,上久堅3769,3,-99,9999
137.868025,35.417149,20205,3,03003,03003,飯田市立中央図書館千代分館,千代1170-1,3,-99,9999
137.811991,35.451815,20205,3,03003,03003,飯田市立中央図書館川路分館,川路2366,3,-99,9999
137.825692,35.522674,20205,3,03003,03003,飯田市立中央図書館東野分館,宮の前4398-2,3,-99,9999
137.827779,35.469046,20205,3,03003,03003,飯田市立中央図書館竜丘分館,桐林505,3,-99,9999
137.828395,35.446436,20205,3,03003,03003,飯田市立中央図書館龍江分館,龍江4517,3,-99,9999
137.82713,35.508739,20205,3,03003,03003,飯田市立鼎図書館,鼎中平2246,3,-99,9999
137.960853,35.8378,20209,3,03003,03003,伊那市立伊那図書館,荒井3417-2,3,-99,9999
137.929772,35.736272,20210,3,03003,03003,駒ケ根市立図書館,上穂栄町23-1,3,-99,9999
137.985776,35.725533,20210,3,03003,03003,駒ケ根市立図書館中沢分館,中沢4036-1,3,-99,9999
137.977734,35.752113,20210,3,03003,03003,駒ケ根市立図書館東伊那分館,東伊那2398-20,3,-99,9999
137.835312,35.983918,20215,3,03003,03003,塩尻市立図書館楢川分館,木曽平沢2221-1,3,-99,9999
137.987723,35.982208,20382,3,03003,03003,辰野町立辰野図書館,中央1,3,-99,9999
137.9826,35.91472,20383,3,03003,03003,箕輪町図書館,大字中箕輪10295-1,3,-99,9999
137.919188,35.675318,20384,3,03003,03003,飯島町図書館,飯島2489,3,-99,9999
137.974366,35.872752,20385,3,03003,03003,南箕輪村図書館,4840-1,3,-99,9999
137.933936,35.63187,20386,3,03003,03003,中川村図書館,片桐4757,3,-99,1998
137.94506,35.765237,20388,3,03003,03003,宮田村図書館,7021,3,-99,9999
137.907126,35.596018,20402,3,03003,03003,松川町図書館,元大島3720,3,-99,9999
137.878588,35.551466,20403,3,03003,03003,高森町立図書館,下市田2183-1,3,-99,9999
137.816222,35.323417,20404,3,03003,03003,阿南町立図書館,東条58-1,3,-99,9999
137.581203,35.25306,20410,3,03003,03003,根羽村立図書館,1762,3,-99,1969
137.789353,35.394686,20411,3,03003,03003,下條村立図書館,睦沢8413-1,3,-99,9999
137.853854,35.275129,20413,3,03003,03003,天龍村図書館,平岡1234-1,3,-99,9999
137.875499,35.515773,20415,3,03003,03003,喬木村立椋鳩十記念図書館,1459-2,3,-99,9999
137.895547,35.550495,20416,3,03003,03003,豊丘村図書館,神稲3033-1,3,-99,9999
137.824051,35.514057,20205,3,03005,03005,飯田市立動物園,扇町33,3,-99,1953
137.977378,35.874355,20385,3,99999,03002,南箕輪村郷土館,4807-1,3,-99,1971
137.934735,35.86511,20385,3,99999,03003,信州大学附属図書館農学部図書館,8304,0,-99,9999
137.875321,35.515743,20415,3,99999,03003,喬木村椋鳩十記念館・図書館,1459-2,3,-99,1992
137.761311,35.835656,20432,3,99999,03102,県民木曽運動広場,福島新開水沢129-ｲ,3,-99,1971
137.761305,35.83556,20432,3,99999,03103,県民木曽運動広場,福島新開水沢129-ｲ,3,-99,1971
137.813442,35.537737,20205,3,99999,03102,県民飯田運動広場,丸山町4-5518-1,3,-99,1972
137.799346,35.485059,20205,3,99999,03102,飯田運動公園,三日市場1986,4,-99,1988
137.79934,35.484972,20205,3,99999,03103,飯田運動公園,三日市場1986,4,-99,9999
137.669891,35.248838,20412,3,99999,03142,南信州広域公園,2653-3,4,-99,1998
137.826673,35.504812,20205,3,99999,03109,飯田市鼎体育館,鼎中平1339-5,3,-99,9999
137.826664,35.504728,20205,3,99999,03129,飯田市鼎体育館,鼎中平1339-5,3,-99,9999
137.805673,35.511843,20205,3,99999,03109,飯田市切石体育館,鼎切石4633-1,3,-99,9999
137.842912,35.522817,20205,3,99999,03109,飯田市上郷体育館,上郷黒田1614-1,3,-99,9999
137.827745,35.53964,20205,3,99999,03109,飯田市山田体育館,上郷黒田3840-312,3,-99,9999
137.924822,35.316646,20205,3,99999,03109,飯田市南信濃Ｂ＆Ｇ海洋センター（体育館）,南信濃八重河内204-1,3,-99,9999
137.924691,35.315928,20205,3,99999,03103,飯田市南信濃Ｂ＆Ｇ海洋センター（体育館）,南信濃八重河内204-1,3,-99,9999
137.925327,35.317009,20205,3,99999,03115,飯田市南信濃Ｂ＆Ｇ海洋センター（体育館）,南信濃八重河内204-1,3,-99,9999
137.853518,35.492788,20205,3,99999,03109,飯田勤労者体育センター第１体育館,松尾明7443-1,3,-99,9999
137.853518,35.492716,20205,3,99999,03116,飯田勤労者体育センター第１体育館,松尾明7443-1,3,-99,9999
137.853233,35.492963,20205,3,99999,03109,飯田勤労者体育センター第２体育館,松尾明7443-1,3,-99,9999
137.816855,35.525157,20205,3,99999,03102,飯田市営今宮野球場,今宮町4-8183,3,-99,9999
137.799684,35.486772,20205,3,99999,03102,県営飯田野球場,三日市場1986,3,-99,9999
137.852769,35.493749,20205,3,99999,03101,飯田市総合運動場第１グラウンド,松尾明7445,3,-99,9999
137.852763,35.493657,20205,3,99999,03103,飯田市総合運動場第１グラウンド,松尾明7445,3,-99,9999
137.854022,35.493459,20205,3,99999,03103,飯田市総合運動場第２グラウンド,松尾明7445,3,-99,9999
137.814514,35.473376,20205,3,99999,03102,飯田市桐林運動場,桐林2254-109,3,-99,9999
137.815232,35.473309,20205,3,99999,03138,飯田市桐林屋根付多目的グラウンド（ドームサンヒルズ）,桐林2254-25,3,-99,9999
137.815262,35.473633,20205,3,99999,03115,飯田市桐林屋根付多目的グラウンド（ドームサンヒルズ）,桐林2254-25,3,-99,9999
137.831452,35.503222,20205,3,99999,03102,飯田市矢高運動場,鼎下山1429,3,-99,9999
137.831452,35.503125,20205,3,99999,03103,飯田市矢高運動場,鼎下山1429,3,-99,9999
137.826684,35.540134,20205,3,99999,03102,飯田市山田運動場,上郷黒田3840-312,3,-99,9999
137.826684,35.540051,20205,3,99999,03103,飯田市山田運動場,上郷黒田3840-312,3,-99,9999
137.866459,35.519679,20205,3,99999,03103,飯田市座光寺河川敷運動場,座光寺6565-ﾊ-6,3,-99,9999
137.816601,35.452676,20205,3,99999,03103,飯田市川路多目的広場,川路2500,3,-99,9999
137.833346,35.50998,20205,3,99999,03102,城下グラウンド,水の手町,3,-99,9999
137.799346,35.48488,20205,3,99999,03102,県営多目的グラウンド（飯田運動公園）,三日市場1986,3,-99,9999
137.799334,35.484793,20205,3,99999,03103,県営多目的グラウンド（飯田運動公園）,三日市場1986,3,-99,9999
137.867505,35.478208,20205,3,99999,03102,飯田市下久堅運動場,虎岩528,3,-99,9999
137.867508,35.478164,20205,3,99999,03103,飯田市下久堅運動場,虎岩528,3,-99,9999
137.884572,35.449893,20205,3,99999,03102,飯田市上久堅運動場,上久堅4510,3,-99,9999
137.884572,35.449801,20205,3,99999,03103,飯田市上久堅運動場,上久堅4510,3,-99,9999
137.868874,35.419729,20205,3,99999,03102,飯田市千代運動場,千代952,3,-99,9999
137.766414,35.467185,20205,3,99999,03102,飯田市山本運動場,竹佐377,3,-99,9999
137.841229,35.52245,20205,3,99999,03102,飯田市上郷運動場,上郷黒田579-1,3,-99,9999
137.924719,35.315823,20205,3,99999,03102,飯田市南信濃運動場,南信濃八重河内160,3,-99,9999
137.814025,35.535,20205,3,99999,03115,県民飯田運動広場テニスコート,丸山町4-5518,3,-99,9999
137.822383,35.521078,20205,3,99999,03115,飯田市高羽町テニスコート,高羽町2-6-1,3,-99,9999
137.830401,35.502963,20205,3,99999,03115,飯田市矢高テニスコート,鼎下山1440,3,-99,9999
137.815263,35.473714,20205,3,99999,03115,飯田市桐林テニスコート,桐林2254-109,3,-99,9999
137.825918,35.540632,20205,3,99999,03115,飯田市山田テニスコート,上郷黒田3840-312,3,-99,9999
137.815328,35.438248,20205,3,99999,03115,飯田市天龍峡テニスコート,川路5093-5,3,-99,9999
137.925312,35.317096,20205,3,99999,03115,飯田市南信濃テニスコート,南信濃八重河内202-イ-1,3,-99,9999
137.824914,35.523208,20205,3,99999,03110,飯田市武道館,宮の前4439-2,3,-99,9999
137.824914,35.523126,20205,3,99999,03111,飯田市武道館,宮の前4439-2,3,-99,9999
137.842539,35.522894,20205,3,99999,03110,飯田市上郷柔剣道場,上郷黒田1271-3,3,-99,9999
137.842542,35.522853,20205,3,99999,03111,飯田市上郷柔剣道場,上郷黒田1271-3,3,-99,9999
137.825457,35.468823,20205,3,99999,03110,飯田市竜丘柔道場,桐林245-1,3,-99,9999
137.825057,35.522865,20205,3,99999,03121,飯田市営弓道場,宮の前4439-2,3,-99,9999
137.830064,35.501559,20205,3,99999,03121,飯田市鼎弓道場,鼎名古熊2423-6,3,-99,9999
137.933694,35.322139,20205,3,99999,03121,飯田市和田弓道場,南信濃和田2596,3,-99,9999
137.952694,35.342773,20205,3,99999,03121,飯田市木沢弓道場,南信濃木沢1008-1,3,-99,9999
137.80032,35.484062,20205,3,99999,03121,県営飯田弓道場（三日市場運動公園）,三日市場1986,3,-99,9999
137.82568,35.51788,20205,3,99999,03106,飯田市営市民プール,中央通り2-26-1,3,-99,9999
137.801318,35.486196,20205,3,99999,03106,飯田運動公園プール（アクアパークＩＩＤＡ）,三日市場1986,3,-99,9999
137.925244,35.31684,20205,3,99999,03106,飯田市南信濃Ｂ＆Ｇ海洋センター（プール）,南信濃八重河内204-1,3,-99,9999
137.926308,35.298672,20205,3,99999,03138,飯田市八重河内屋内ゲートボール場,南信濃八重河内575-2,3,-99,9999
137.814851,35.474008,20205,3,99999,03105,飯田市動労者福祉センター（サンヒルズいいだ）,桐林2254-148,3,-99,9999
137.855594,35.492589,20205,3,99999,03105,飯田市健康増進施設（ほっ湯アップル）,松尾明7513-3,3,-99,9999
137.815794,35.521079,20205,3,99999,03109,飯田市立丸山小学校,今宮町2-113-1,3,-99,9999
137.815749,35.520607,20205,3,99999,03104,飯田市立丸山小学校,今宮町2-113-1,3,-99,9999
137.829099,35.512319,20205,3,99999,03109,飯田市立追手町小学校,追手町2-673-1,3,-99,9999
137.828989,35.512759,20205,3,99999,03104,飯田市立追手町小学校,追手町2-673-1,3,-99,9999
137.831693,35.51909,20205,3,99999,03109,飯田市立浜井場小学校,小伝馬町1-3503-2,3,-99,9999
137.83243,35.518534,20205,3,99999,03104,飯田市立浜井場小学校,小伝馬町1-3503-2,3,-99,9999
137.855123,35.537508,20205,3,99999,03109,飯田市立座光寺小学校,座光寺1717-3,3,-99,9999
137.855928,35.537528,20205,3,99999,03104,飯田市立座光寺小学校,座光寺1717-3,3,-99,9999
137.84434,35.495577,20205,3,99999,03109,飯田市立松尾小学校,松尾城3800-1,3,-99,9999
137.84361,35.495113,20205,3,99999,03104,飯田市立松尾小学校,松尾城3800-1,3,-99,9999
137.850802,35.476425,20205,3,99999,03109,飯田市立下久堅小学校,知久平940-1,3,-99,9999
137.850273,35.475483,20205,3,99999,03104,飯田市立下久堅小学校,知久平940-1,3,-99,9999
137.883289,35.461571,20205,3,99999,03109,飯田市立上久堅小学校,上久堅1995-4,3,-99,9999
137.883158,35.460821,20205,3,99999,03104,飯田市立上久堅小学校,上久堅1995-4,3,-99,9999
137.863163,35.419175,20205,3,99999,03109,飯田市立千代小学校,千代3166-2,3,-99,9999
137.864304,35.418732,20205,3,99999,03104,飯田市立千代小学校,千代3166-2,3,-99,9999
137.83085,35.424026,20205,3,99999,03109,飯田市立千栄小学校,千栄1530-1,3,-99,9999
137.831631,35.423416,20205,3,99999,03104,飯田市立千栄小学校,千栄1530-1,3,-99,9999
137.827383,35.450534,20205,3,99999,03109,飯田市立龍江小学校,龍江3591-1,3,-99,9999
137.827169,35.449883,20205,3,99999,03104,飯田市立龍江小学校,龍江3591-1,3,-99,9999
137.826432,35.468897,20205,3,99999,03109,飯田市立竜丘小学校,桐林336,3,-99,9999
137.826783,35.46935,20205,3,99999,03104,飯田市立竜丘小学校,桐林336,3,-99,9999
137.808763,35.448761,20205,3,99999,03109,飯田市立川路小学校,川路3477-1,3,-99,9999
137.809295,35.448355,20205,3,99999,03104,飯田市立川路小学校,川路3477-1,3,-99,9999
137.795698,35.443008,20205,3,99999,03109,飯田市立三穂小学校,伊豆木3778,3,-99,9999
137.796459,35.442645,20205,3,99999,03104,飯田市立三穂小学校,伊豆木3778,3,-99,9999
137.767581,35.471669,20205,3,99999,03109,飯田市立山本小学校,竹佐819-6,3,-99,9999
137.768291,35.470984,20205,3,99999,03104,飯田市立山本小学校,竹佐819-6,3,-99,9999
137.79158,35.499525,20205,3,99999,03109,飯田市立伊賀良小学校,北方3872-1,3,-99,9999
137.792088,35.499453,20205,3,99999,03104,飯田市立伊賀良小学校,北方3872-1,3,-99,9999
137.822441,35.507402,20205,3,99999,03109,飯田市立鼎小学校,鼎中平2472,3,-99,9999
137.823151,35.507346,20205,3,99999,03104,飯田市立鼎小学校,鼎中平2472,3,-99,9999
137.843461,35.519138,20205,3,99999,03109,飯田市立上郷小学校,上郷飯沼3118,3,-99,9999
137.842894,35.519378,20205,3,99999,03104,飯田市立上郷小学校,上郷飯沼3118,3,-99,9999
137.968857,35.384016,20205,3,99999,03109,飯田市立上村小学校,上村838,3,-99,9999
137.968655,35.38357,20205,3,99999,03104,飯田市立上村小学校,上村838,3,-99,9999
137.822673,35.522475,20205,3,99999,03109,飯田市立飯田東中学校,高羽町3-16,3,-99,9999
137.824242,35.522794,20205,3,99999,03104,飯田市立飯田東中学校,高羽町3-16,3,-99,9999
137.822703,35.522806,20205,3,99999,03112,飯田市立飯田東中学校,高羽町3-16,3,-99,9999
137.805904,35.52465,20205,3,99999,03109,飯田市立飯田西中学校,正永町1-1215,3,-99,9999
137.806118,35.523891,20205,3,99999,03104,飯田市立飯田西中学校,正永町1-1215,3,-99,9999
137.804647,35.523731,20205,3,99999,03112,飯田市立飯田西中学校,正永町1-1215,3,-99,9999
137.841335,35.487624,20205,3,99999,03109,飯田市立緑ケ丘中学校,毛賀426,3,-99,9999
137.841157,35.488294,20205,3,99999,03104,飯田市立緑ケ丘中学校,毛賀426,3,-99,9999
137.841332,35.487552,20205,3,99999,03112,飯田市立緑ケ丘中学校,毛賀426,3,-99,9999
137.851625,35.440037,20205,3,99999,03109,飯田市立竜東中学校,龍江9205,3,-99,9999
137.850865,35.440528,20205,3,99999,03104,飯田市立竜東中学校,龍江9205,3,-99,9999
137.852632,35.439826,20205,3,99999,03112,飯田市立竜東中学校,龍江9205,3,-99,9999
137.809922,35.442132,20205,3,99999,03109,飯田市立竜峡中学校,川路4370,3,-99,9999
137.810578,35.441692,20205,3,99999,03104,飯田市立竜峡中学校,川路4370,3,-99,9999
137.809526,35.441992,20205,3,99999,03112,飯田市立竜峡中学校,川路4370,3,-99,9999
137.780688,35.491556,20205,3,99999,03109,飯田市立旭ケ丘中学校,大瀬木3530,3,-99,9999
137.781164,35.490707,20205,3,99999,03104,飯田市立旭ケ丘中学校,大瀬木3530,3,-99,9999
137.78026,35.491415,20205,3,99999,03112,飯田市立旭ケ丘中学校,大瀬木3530,3,-99,9999
137.822691,35.5042,20205,3,99999,03109,飯田市立鼎中学校,鼎上山2582,3,-99,9999
137.823767,35.504916,20205,3,99999,03104,飯田市立鼎中学校,鼎上山2582,3,-99,9999
137.823193,35.504826,20205,3,99999,03112,飯田市立鼎中学校,鼎上山2582,3,-99,9999
137.8443,35.522441,20205,3,99999,03109,飯田市立高陵中学校,黒田5484,3,-99,9999
137.84403,35.521725,20205,3,99999,03104,飯田市立高陵中学校,黒田5484,3,-99,9999
137.844303,35.522395,20205,3,99999,03112,飯田市立高陵中学校,黒田5484,3,-99,9999
137.971128,35.840422,20209,3,99999,03102,伊那市営野球場,中央5563-1,3,-99,9999
137.901695,35.844836,20209,3,99999,03103,伊那西運動場,ますみヶ丘6990-1,3,-99,9999
137.901695,35.844739,20209,3,99999,03125,伊那西運動場,ますみヶ丘6990-1,3,-99,9999
137.972351,35.841495,20209,3,99999,03102,長野県伊那運動公園野球場,中央5488-4,3,-99,9999
137.939339,35.842395,20209,3,99999,03102,富士塚スポーツ公園運動場,荒井4558-1,3,-99,9999
137.921822,35.876819,20209,3,99999,03115,サンビレッジ庭球場,西箕輪2543,3,-99,9999
137.974996,35.84174,20209,3,99999,03115,センターテニスコート,中央5947,3,-99,9999
137.972386,35.840619,20209,3,99999,03115,第２庭球場,中央5526-2,3,-99,9999
137.922249,35.87646,20209,3,99999,03109,サンビレッジ体育館,西箕輪3940-2,3,-99,9999
137.943642,35.839279,20209,3,99999,03109,市民体育館,西町5837-1,3,-99,9999
137.943636,35.839192,20209,3,99999,03120,市民体育館,西町5837-1,3,-99,9999
137.943611,35.839822,20209,3,99999,03109,長野県伊那勤労者福祉センター体育館,西町5834-8,3,-99,9999
137.943605,35.839725,20209,3,99999,03120,長野県伊那勤労者福祉センター体育館,西町5834-8,3,-99,9999
137.974087,35.841111,20209,3,99999,03106,伊那市民プール,中央5950,3,-99,9999
137.973558,35.840331,20209,3,99999,03107,伊那市民プール,中央5950,3,-99,9999
137.942379,35.841197,20209,3,99999,03101,２種公認陸上競技場,西町5810,3,-99,9999
137.898837,35.839014,20209,3,99999,03146,平地林ウッドチップクロスカントリーコース,ますみヶ丘平地林（鳩吹公園南）,3,-99,9999
137.970262,35.825538,20209,3,99999,03144,１０ｋｍ周回舗装サイクリング・ジョギングロード,東春近,3,-99,9999
137.971837,35.825494,20209,3,99999,03146,１０ｋｍ周回舗装サイクリング・ジョギングロード,東春近,3,-99,9999
137.973718,35.841837,20209,3,99999,03138,伊那公園屋内運動場,中央5488,3,-99,9999
137.973718,35.841745,20209,3,99999,03122,伊那公園屋内運動場,中央5488,3,-99,9999
137.942802,35.840036,20209,3,99999,03112,武道館,西町5824,3,-99,9999
137.942802,35.839959,20209,3,99999,03121,武道館,西町5824,3,-99,9999
137.934788,35.728576,20210,3,99999,03109,駒ヶ根市民体育館,赤須町20-2,3,-99,9999
137.929317,35.726101,20210,3,99999,03109,駒ヶ根市社会体育館,赤穂4704,3,-99,9999
137.930543,35.727777,20210,3,99999,03109,駒ヶ根市第２社会体育館,赤穂北割二区4605,3,-99,9999
137.951256,35.736919,20210,3,99999,03109,駒ヶ根市飯坂体育館（旧勤労者体育センター）,飯坂2-8-46,3,-99,9999
137.963061,35.748448,20210,3,99999,03109,駒ヶ根下平体育館,下平2901-28,3,-99,9999
137.948329,35.746538,20210,3,99999,03109,駒ヶ根市農業者トレーニングセンター,赤穂14616-52,3,-99,9999
137.934552,35.730711,20210,3,99999,03110,駒ヶ根市武道館,赤須町13-11,3,-99,9999
137.934555,35.730629,20210,3,99999,03111,駒ヶ根市武道館,赤須町13-11,3,-99,9999
137.940199,35.747059,20210,3,99999,03121,駒ヶ根市弓道場,赤穂14616-395,3,-99,9999
137.938986,35.746151,20210,3,99999,03106,駒ヶ根市民プール,赤穂14688-2,3,-99,9999
137.934489,35.729385,20210,3,99999,03104,駒ヶ根市営運動場（グラウンド）,赤須町15895-1,3,-99,9999
137.929445,35.704976,20210,3,99999,03104,駒ヶ根市馬住ヶ原運動場（グラウンド）,赤穂14-288,3,-99,9999
137.905616,35.715449,20210,3,99999,03102,駒ヶ根市南割公園アルプス球場,赤穂7722-65,3,-99,9999
137.966873,35.718566,20210,3,99999,03104,駒ヶ根市丸塚運動場（グラウンド）,下平4517,3,-99,9999
137.904223,35.733706,20210,3,99999,03102,早稲田実業グラウンド,赤穂24-275,3,-99,9999
137.938219,35.746882,20210,3,99999,03115,北の原公園（共楽園）,赤穂14616-1,3,-99,9999
137.929228,35.725679,20210,3,99999,03109,駒ヶ根市立赤穂中学校,赤穂4704,3,-99,9999
137.930078,35.725317,20210,3,99999,03104,駒ヶ根市立赤穂中学校,赤穂4704,3,-99,9999
137.931109,35.726988,20210,3,99999,03109,駒ヶ根市立赤穂小学校,赤穂4605-1,3,-99,9999
137.930039,35.728146,20210,3,99999,03104,駒ヶ根市立赤穂小学校,赤穂4605-1,3,-99,9999
137.943635,35.737443,20210,3,99999,03109,赤穂東小学校,飯坂1-19-1,3,-99,9999
137.944633,35.73683,20210,3,99999,03104,赤穂東小学校,飯坂1-19-1,3,-99,9999
137.93315,35.716719,20210,3,99999,03109,駒ヶ根市立赤穂南小学校,赤穂8915-1,3,-99,9999
137.933281,35.717329,20210,3,99999,03104,駒ヶ根市立赤穂南小学校,赤穂8915-1,3,-99,9999
137.894685,35.737688,20210,3,99999,03115,駒ヶ根高原庭球場,赤穂25-1,3,-99,9999
137.984351,35.723347,20210,3,99999,03115,中沢農村広場,中沢2404,3,-99,9999
137.82491,35.973874,20215,3,99999,03104,塩尻市立楢川屋内運動場,大字木曽平沢1451,3,-99,9999
137.821937,35.972934,20215,3,99999,03109,塩尻市立楢川体育館,大字奈良井1064,3,-99,9999
137.994137,35.968936,20382,3,99999,03102,荒神山野球場,大字赤羽1817,3,-99,1970
137.990952,35.967176,20382,3,99999,03101,荒神山陸上競技場,大字樋口2396,3,-99,1973
137.989289,35.963627,20382,3,99999,03115,荒神山テニスコート,大字樋口2283,3,-99,1994
137.990204,35.965878,20382,3,99999,03109,町民体育館（荒神山体育館）,大字樋口2396,3,-99,1975
137.994945,35.96984,20382,3,99999,03104,荒神山ほたるドーム,大字赤羽1817,3,-99,1997
137.99321,35.968629,20382,3,99999,03112,荒神山武道館,大字赤羽1817,3,-99,1971
137.99321,35.968547,20382,3,99999,03113,荒神山武道館,大字赤羽1817,3,-99,1971
137.993276,35.968811,20382,3,99999,03121,荒神山弓道場,大字赤羽1817,3,-99,1971
137.99383,35.98516,20382,3,99999,03102,辰野（丸山）球場,大字辰野1425-2,3,-99,1951
137.978231,35.955028,20382,3,99999,03109,社会（羽北）体育館,大字伊那富8583,3,-99,1988
137.989985,35.977565,20382,3,99999,03109,辰野西小学校,大字伊那富2812,3,-99,9999
137.988325,35.977606,20382,3,99999,03104,辰野西小学校,大字伊那富2812,3,-99,9999
137.974004,35.949842,20382,3,99999,03109,辰野南小学校,南平7920,3,-99,9999
137.974667,35.949438,20382,3,99999,03104,辰野南小学校,南平7920,3,-99,9999
137.996965,35.976094,20382,3,99999,03109,辰野中学校（第一体育館）,大字平出1888,3,-99,9999
137.99698,35.974762,20382,3,99999,03109,辰野中学校（第二体育館）,大字平出1888,3,-99,9999
137.99698,35.974882,20382,3,99999,03110,辰野中学校（第二体育館）,大字平出1888,3,-99,9999
137.99698,35.974842,20382,3,99999,03111,辰野中学校（第二体育館）,大字平出1888,3,-99,9999
137.99698,35.974801,20382,3,99999,03120,辰野中学校（第二体育館）,大字平出1888,3,-99,9999
137.983936,35.913692,20383,3,99999,03109,箕輪町民体育館,大字中箕輪松島10225-1,3,-99,9999
137.923293,35.678969,20384,3,99999,03104,飯島運動場,飯島2436-1,3,-99,9999
137.942564,35.667575,20384,3,99999,03104,本郷運動場,本郷1136-1,3,-99,9999
137.916277,35.66457,20384,3,99999,03104,柏木運動場,七久保2589-14,3,-99,9999
137.939177,35.699808,20384,3,99999,03102,田切野球場,田切1212-381,3,-99,9999
137.923404,35.676986,20384,3,99999,03109,飯島体育館,飯島2442-4,3,-99,9999
137.937419,35.693573,20384,3,99999,03109,田切体育館,田切2817,3,-99,9999
137.938576,35.662121,20384,3,99999,03109,本郷体育館,本郷53-1,3,-99,9999
137.920774,35.675569,20384,3,99999,03121,飯島町弓道場,飯島2481,3,-99,9999
137.916347,35.665483,20384,3,99999,03105,飯島町Ｂ＆Ｇ海洋センター,七久保2589-10,3,-99,9999
137.978361,35.874848,20385,3,99999,03109,村民体育館,北殿4802-1,3,-99,9999
137.944233,35.88931,20385,3,99999,03104,大芝総合運動場,大芝2358-5,3,-99,9999
137.931297,35.857229,20385,3,99999,03104,南原運動場,（南原保育園東隣）,3,-99,9999
137.952973,35.876733,20385,3,99999,03104,富士塚運動場,2380-1079,3,-99,9999
137.94633,35.886719,20385,3,99999,03104,屋内運動場,大芝2358-5,3,-99,9999
137.946231,35.889693,20385,3,99999,03142,キャンプ場,2362-1,3,-99,9999
137.943341,35.888173,20385,3,99999,03106,プール,大芝2358-5,3,-99,9999
137.945682,35.888814,20385,3,99999,03115,テニスコート,大芝2358-5,3,-99,9999
137.934161,35.631337,20386,3,99999,03109,社会体育館,片桐4748,3,-99,9999
137.934161,35.631255,20386,3,99999,03110,社会体育館,片桐4748,3,-99,9999
137.935522,35.632457,20386,3,99999,03110,武道館,片桐4724,3,-99,9999
137.935528,35.632409,20386,3,99999,03111,武道館,片桐4724,3,-99,9999
137.935468,35.632071,20386,3,99999,03115,テニスコート,片桐4724,3,-99,9999
137.935183,35.63101,20386,3,99999,03104,村民グラウンド,片桐4686,3,-99,9999
137.934302,35.630764,20386,3,99999,03104,サンアリーナ,片桐4711,3,-99,9999
137.935361,35.632288,20386,3,99999,03121,弓道場,片桐4724,3,-99,9999
137.944139,35.764916,20388,3,99999,03109,宮田村体育センター,6771-2,3,-99,9999
137.91517,35.752117,20388,3,99999,03129,農業者トレーニングセンター,新田1926-10,3,-99,9999
137.939847,35.766446,20388,3,99999,03109,宮田小学校,3220,3,-99,9999
137.937013,35.761481,20388,3,99999,03109,宮田中学校,3474,3,-99,9999
137.915408,35.751272,20388,3,99999,03102,宮田球場,新田1882-14,3,-99,9999
137.945344,35.769121,20388,3,99999,03102,中央グランド,7516,3,-99,9999
137.945344,35.769034,20388,3,99999,03103,中央グランド,7516,3,-99,9999
137.952864,35.762942,20388,3,99999,03102,つつじが丘グランド,6138-18,3,-99,9999
137.939241,35.766233,20388,3,99999,03104,宮田小学校,3220,3,-99,9999
137.937649,35.762161,20388,3,99999,03104,宮田中学校,3474,3,-99,9999
137.957554,35.76825,20388,3,99999,03104,屋内運動場（グランド）,中越6884,3,-99,9999
137.915865,35.752209,20388,3,99999,03115,テニスコート,新田1926-10,3,-99,9999
137.943764,35.768255,20388,3,99999,03110,宮田村武道館,町二区103-6,3,-99,9999
137.943764,35.768214,20388,3,99999,03111,宮田村武道館,町二区103-6,3,-99,9999
137.906946,35.595579,20402,3,99999,03109,町民体育館,元大島3592-2,3,-99,9999
137.913989,35.603529,20402,3,99999,03109,名子原体育館,元大島2930-1,3,-99,9999
137.922473,35.58299,20402,3,99999,03109,福与体育館,生田893-1,3,-99,9999
137.878693,35.552537,20403,3,99999,03109,町民体育館,下市田2183-1,3,-99,9999
137.811254,35.316256,20404,3,99999,03107,阿南町Ｂ＆Ｇ海洋センター,西条2368-1,3,-99,9999
137.812458,35.315959,20404,3,99999,03109,町民体育館,西條2360,3,-99,9999
137.812791,35.315697,20404,3,99999,03110,武道館・弓道場,西條2360,3,-99,9999
137.812791,35.31566,20404,3,99999,03111,武道館・弓道場,西條2360,3,-99,9999
137.812791,35.315622,20404,3,99999,03121,武道館・弓道場,西條2360,3,-99,9999
137.813759,35.314559,20404,3,99999,03115,テニスコート・ゲートボール場,南條71-2,3,-99,9999
137.813901,35.314249,20404,3,99999,03138,テニスコート・ゲートボール場,南條71-2,3,-99,9999
137.658705,35.442694,20407,3,99999,03104,智里グラウンド,智里4034-2,3,-99,9999
137.692029,35.373099,20407,3,99999,03104,浪合グラウンド,中下町（浪合）,3,-99,9999
137.664891,35.448113,20407,3,99999,03104,智里西グラウンド,本谷中央（智里西）,3,-99,9999
137.665224,35.448481,20407,3,99999,03109,智里西体育館,本谷中央（智里西）,3,-99,9999
137.752127,35.440681,20407,3,99999,03104,運動公園わい・Ｗａｉ,伍和,3,-99,9999
137.746683,35.447306,20407,3,99999,03104,第一小学校,駒場143,3,-99,9999
137.746392,35.447693,20407,3,99999,03109,第一小学校,駒場143,3,-99,9999
137.746368,35.425791,20407,3,99999,03104,第二小学校,伍和4500,3,-99,9999
137.745477,35.425815,20407,3,99999,03109,第二小学校,伍和4500,3,-99,9999
137.719083,35.447279,20407,3,99999,03104,第三小学校,智里747,3,-99,9999
137.718518,35.447623,20407,3,99999,03109,第三小学校,智里747,3,-99,9999
137.692214,35.375574,20407,3,99999,03104,浪合小学校,浪合510-1,3,-99,9999
137.692445,35.376044,20407,3,99999,03109,浪合小学校,浪合510-1,3,-99,9999
137.703904,35.492403,20407,3,99999,03104,清内路小学校,清内路700-1,3,-99,9999
137.703886,35.492853,20407,3,99999,03109,清内路小学校,清内路700-1,3,-99,9999
137.746708,35.438439,20407,3,99999,03104,阿智中学校,伍和173,3,-99,9999
137.745437,35.439223,20407,3,99999,03109,阿智中学校,伍和173,3,-99,9999
137.624315,35.307921,20409,3,99999,03141,平谷高原スキー場,新町1511,4,-99,9999
137.588341,35.247452,20410,3,99999,03104,山村広場,森沢,3,-99,9999
137.587771,35.247734,20410,3,99999,03109,トレーニングセンター,田島104-1,3,-99,9999
137.587087,35.248134,20410,3,99999,03105,やまあいプール,田島149,3,-99,9999
137.589114,35.24704,20410,3,99999,03115,森沢多目的広場,4918-1,3,-99,9999
137.589285,35.247433,20410,3,99999,03138,屋内ゲートボール場,田島211-1,3,-99,9999
137.787365,35.392631,20411,3,99999,03109,Ｂ＆Ｇ海洋センター体育館,睦沢8537,3,-99,9999
137.787394,35.392224,20411,3,99999,03105,Ｂ＆Ｇ海洋センター体育館,睦沢8537,3,-99,9999
137.789194,35.397922,20411,3,99999,03109,下條小学校,睦沢8844-1,3,-99,9999
137.790863,35.395872,20411,3,99999,03109,下條中学校,睦沢8690-1,3,-99,9999
137.787737,35.393739,20411,3,99999,03104,下條村民グラウンド,睦沢8524,3,-99,9999
137.788481,35.397758,20411,3,99999,03104,下條小学校,睦沢8844-1,3,-99,9999
137.790209,35.395586,20411,3,99999,03104,下條中学校,睦沢8690-1,3,-99,9999
137.78661,35.393092,20411,3,99999,03115,テニスコート,睦沢8537,3,-99,9999
137.786243,35.392858,20411,3,99999,03121,弓道場,睦沢8532-1,3,-99,9999
137.71468,35.270384,20412,3,99999,03104,ささゆり荘（グラウンド・テニスコート）,旭1-92,4,-99,9999
137.71572,35.269282,20412,3,99999,03115,ささゆり荘（グラウンド・テニスコート）,旭1-92,4,-99,9999
137.668192,35.255669,20412,3,99999,03134,ブナの嶺ゴルフ倶楽部,2653-3,4,-99,9999
137.692245,35.23911,20412,3,99999,03134,茶臼山ゴルフ倶楽部,軒川2653-1,4,-99,9999
137.884757,35.515724,20415,3,99999,03104,多目的グラウンド,1459,3,-99,9999
137.883973,35.516236,20415,3,99999,03115,テニスコート,1459,3,-99,9999
137.884222,35.516536,20415,3,99999,03103,バスケットコート,1459,3,-99,9999
137.883857,35.51569,20415,3,99999,03146,ランニングコース,1459,3,-99,9999
137.910036,35.537101,20416,3,99999,03104,村民グランド,大字神稲5081-1,3,-99,9999
137.908533,35.537633,20416,3,99999,03109,村民体育館,神稲5081-1,3,-99,9999
137.908536,35.537587,20416,3,99999,03110,村民体育館,神稲5081-1,3,-99,9999
137.908536,35.537543,20416,3,99999,03129,村民体育館,神稲5081-1,3,-99,9999
137.894157,35.544786,20416,3,99999,03109,スポーツ館,神稲3468,3,-99,9999
137.909884,35.538514,20416,3,99999,03115,林原テニスコート,神稲林原,3,-99,9999
137.695396,35.780473,20422,3,99999,03109,上松町社会体育館,大字小川1706,3,-99,9999
137.712986,35.748021,20422,3,99999,03104,上松町下河原町民運動場,大字荻原1531,3,-99,9999
137.712612,35.748812,20422,3,99999,03138,上松町下河原町民運動場,大字荻原1531,3,-99,9999
137.694739,35.779374,20422,3,99999,03104,上松小学校,大字上松717,3,-99,9999
137.708394,35.773094,20422,3,99999,03115,上松町寝覚町民運動場,大字小川2439-1,3,-99,9999
137.603749,35.597185,20423,3,99999,03109,南木曽町社会体育館,読書2970-1,3,-99,9999
137.542916,35.79907,20429,3,99999,03104,松原スポーツ公園,詳細住所不明,3,-99,9999
137.54452,35.800342,20429,3,99999,03102,松原スポーツ公園,詳細住所不明,3,-99,9999
137.549844,35.811002,20429,3,99999,03109,松原スポーツ公園,詳細住所不明,3,-99,9999
137.549844,35.81091,20429,3,99999,03129,松原スポーツ公園,詳細住所不明,3,-99,9999
137.542387,35.806607,20429,3,99999,03115,松原スポーツ公園,詳細住所不明,3,-99,9999
137.690257,35.699542,20430,3,99999,03104,スポーツ公園,殿1-58,3,-99,9999
137.690952,35.69888,20430,3,99999,03138,スポーツ公園,殿1-58,3,-99,9999
137.692657,35.699672,20430,3,99999,03115,スポーツ公園,殿1-58,3,-99,9999
137.692033,35.700164,20430,3,99999,03109,スポーツ公園,殿1-58,3,-99,9999
137.700497,35.859601,20432,3,99999,03109,木曽福島体育館,新開4373,3,-99,9999
137.747423,35.876038,20432,3,99999,03109,日義体育館,日義3623,3,-99,9999
137.572145,35.938713,20432,3,99999,03109,開田高原体育館,開田高原5227-65,3,-99,9999
137.708056,35.855288,20432,3,99999,03110,武道場（福島中学校）,新開4110,3,-99,9999
137.708056,35.855143,20432,3,99999,03111,武道場（福島中学校）,新開4110,3,-99,9999
137.572151,35.938631,20432,3,99999,03110,開田高原柔剣道場,開田高原5227-65,3,-99,9999
137.572151,35.938549,20432,3,99999,03111,開田高原柔剣道場,開田高原5227-65,3,-99,9999
137.759878,35.889579,20432,3,99999,03121,日義弓道場,日義125,3,-99,9999
137.911447,35.605832,20402,3,99999,03115,総合公園テニスコート,大島211-1,3,-99,9999
137.919509,35.812325,20209,3,99999,03142,知立市野外センター,西春近3390-384,3,-99,9999
137.917964,35.811872,20209,3,99999,03143,知立市野外センター,西春近3390-384,3,-99,9999
137.651897,35.230425,20410,3,99999,03142,茶臼山高原野外センター,小戸名3370-42,3,-99,9999
137.650412,35.229518,20410,3,99999,03104,茶臼山高原野外センター,小戸名3370-42,3,-99,9999
